
textColors.elf:	file format elf32-mos

SYMBOL TABLE:
00000000 l    df *ABS*	00000000 zero-bss.c
00000000 l    df *ABS*	00000000 zero-zp-bss.c
00000000 l    df *ABS*	00000000 copy-zp-data.c
00000000 l    df *ABS*	00000000 ld-temp.o
00000356 l     F .text	000000a1 textClear
00000030 l     O .zp.data	00000001 _ccolor
00000038 l     O .zp.bss	00000001 _col
00000039 l     O .zp.bss	00000001 _row
00000031 l     O .zp.bss	00000007 kernelEventData
00001dda l     O .rodata	00000030 textColors
00001e66 l     O .bss	00000001 kernelError
00000b42 l     F .text	000000de oldText
00000c20 l     F .text	000001ce textPrint
00000fe1 l     F .text	00000d72 printf
00000df3 l     F .text	000000df _ZN12_GLOBAL__N_13putEcP6Status
0000003a l     O .zp.bss	00000002 __putchar.s
00000ed2 l     F .text	0000010f _ZN12_GLOBAL__N_112print_stringEPKcP6Status
000003f7 g     F .text	0000074b main
00000315 g       .text	00000000 __after_main
00000301 g       .text	00000000 __do_init_stack
0000030f g       .text	00000000 __do_copy_zp_data
0000033f g     F .text	00000017 __copy_zp_data
00000309 g       .text	00000000 __do_zero_bss
00000319 g     F .text	00000013 __zero_bss
0000030c g       .text	00000000 __do_zero_zp_bss
0000032c g     F .text	00000013 __zero_zp_bss
00000dee g     F .text	00000005 exit
00000318 g       .text	00000000 _fini
00001d9f g       .rodata	00000000 __set_v
00001d7f  w    F .text	00000020 __memset
00001000  w      *ABS*	00000000 __heap_default_limit
00001e68 g       .noinit	00000000 __heap_start
00001d53  w    F .text	0000002c memcpy
00000010 g       *ABS*	00000000 __rc0
00000012 g       *ABS*	00000000 __rc2
00000014 g       *ABS*	00000000 __rc4
00000016 g       *ABS*	00000000 __rc6
00000018 g       *ABS*	00000000 __rc8
0000001a g       *ABS*	00000000 __rc10
0000001c g       *ABS*	00000000 __rc12
0000001e g       *ABS*	00000000 __rc14
00000020 g       *ABS*	00000000 __rc16
00000022 g       *ABS*	00000000 __rc18
00000024 g       *ABS*	00000000 __rc20
00000026 g       *ABS*	00000000 __rc22
00000028 g       *ABS*	00000000 __rc24
0000002a g       *ABS*	00000000 __rc26
0000002c g       *ABS*	00000000 __rc28
0000002e g       *ABS*	00000000 __rc30
0000002f g       *ABS*	00000000 __rc31
00000300 g       *ABS*	00000000 __f256_start
0000a000 g       *ABS*	00000000 __stack
0000a000 g       *ABS*	00000000 __SLOT_ADDR
0800a000 g       *ABS*	00000000 __block8_lma
00002000 g       *ABS*	00000000 __BLOCK_SIZE
0900a000 g       *ABS*	00000000 __block9_lma
0a00a000 g       *ABS*	00000000 __block10_lma
0b00a000 g       *ABS*	00000000 __block11_lma
0c00a000 g       *ABS*	00000000 __block12_lma
0d00a000 g       *ABS*	00000000 __block13_lma
0e00a000 g       *ABS*	00000000 __block14_lma
0f00a000 g       *ABS*	00000000 __block15_lma
1000a000 g       *ABS*	00000000 __block16_lma
1100a000 g       *ABS*	00000000 __block17_lma
1200a000 g       *ABS*	00000000 __block18_lma
1300a000 g       *ABS*	00000000 __block19_lma
1400a000 g       *ABS*	00000000 __block20_lma
1500a000 g       *ABS*	00000000 __block21_lma
1600a000 g       *ABS*	00000000 __block22_lma
1700a000 g       *ABS*	00000000 __block23_lma
00001e66 g       .bss	00000000 __bss_start
00000301 g       .text	00000000 _start
0000002d g       *ABS*	00000000 __rc29
0000002b g       *ABS*	00000000 __rc27
00000029 g       *ABS*	00000000 __rc25
00000027 g       *ABS*	00000000 __rc23
00000025 g       *ABS*	00000000 __rc21
00000023 g       *ABS*	00000000 __rc19
00000021 g       *ABS*	00000000 __rc17
0000001f g       *ABS*	00000000 __rc15
0000001d g       *ABS*	00000000 __rc13
0000001b g       *ABS*	00000000 __rc11
00000019 g       *ABS*	00000000 __rc9
00000017 g       *ABS*	00000000 __rc7
00000015 g       *ABS*	00000000 __rc5
00000013 g       *ABS*	00000000 __rc3
00000011 g       *ABS*	00000000 __rc1
00000030 g       .zp.data	00000000 __zp_data_start
00000300 g       *ABS*	00000000 __zp_data_load_start
00000001 g       *ABS*	00000000 __zp_data_size
00000031 g       .zp.bss	00000000 __zp_bss_start
0000000b g       *ABS*	00000000 __zp_bss_size
00000301 g       .text	00000000 _init
00001d9f g       .text	00000000 __init_array_start
00001d9f g       .text	00000000 __init_array_end
00001d9f g       .text	00000000 __fini_array_start
00001d9f g       .text	00000000 __fini_array_end
00001e66 g       .data	00000000 __data_start
00001e66 g       .data	00000000 __data_end
00001e66 g       *ABS*	00000000 __data_load_start
00000000 g       *ABS*	00000000 __data_size
00001e67 g       .bss	00000000 __bss_end
00000001 g       *ABS*	00000000 __bss_size
00001e67 g       .noinit	00000000 end_block8
00001e67 g       .noinit	00000000 end_block9
00001e67 g       .noinit	00000000 end_block10
00001e67 g       .noinit	00000000 end_block11
00001e67 g       .noinit	00000000 end_block12
00001e67 g       .noinit	00000000 end_block13
00001e67 g       .noinit	00000000 end_block14
00001e67 g       .noinit	00000000 end_block15
00001e67 g       .noinit	00000000 end_block16
00001e67 g       .noinit	00000000 end_block17
00001e67 g       .noinit	00000000 end_block18
00001e67 g       .noinit	00000000 end_block19
00001e67 g       .noinit	00000000 end_block20
00001e67 g       .noinit	00000000 end_block21
00001e67 g       .noinit	00000000 end_block22
00001e67 g       .noinit	00000000 end_block23

Disassembly of section .text:

00000301 <_start>:
     301: a9 00        	lda	#$0
     303: 85 10        	sta	$10                     ; 0x10 <__rc0>
     305: a9 a0        	lda	#$a0
     307: 85 11        	sta	$11                     ; 0x11 <__rc1>

00000309 <__do_zero_bss>:
     309: 20 19 03     	jsr	$319 <__zero_bss>

0000030c <__do_zero_zp_bss>:
     30c: 20 2c 03     	jsr	$32c <__zero_zp_bss>

0000030f <__do_copy_zp_data>:
     30f: 20 3f 03     	jsr	$33f <__copy_zp_data>
     312: 20 f7 03     	jsr	$3f7 <main>

00000315 <__after_main>:
     315: 4c ee 0d     	jmp	$dee <exit>

00000318 <_fini>:
     318: 60           	rts

00000319 <__zero_bss>:
     319: a2 01        	ldx	#$1
     31b: a0 00        	ldy	#$0
     31d: a9 66        	lda	#$66
     31f: 85 12        	sta	$12                     ; 0x12 <__rc2>
     321: a9 1e        	lda	#$1e
     323: 85 13        	sta	$13                     ; 0x13 <__rc3>
     325: a9 00        	lda	#$0
     327: 84 14        	sty	$14                     ; 0x14 <__rc4>
     329: 4c 7f 1d     	jmp	$1d7f <__memset>

0000032c <__zero_zp_bss>:
     32c: a2 0b        	ldx	#$b
     32e: a0 00        	ldy	#$0
     330: a9 31        	lda	#$31
     332: 85 12        	sta	$12                     ; 0x12 <__rc2>
     334: a9 00        	lda	#$0
     336: 85 13        	sta	$13                     ; 0x13 <__rc3>
     338: a9 00        	lda	#$0
     33a: 84 14        	sty	$14                     ; 0x14 <__rc4>
     33c: 4c 7f 1d     	jmp	$1d7f <__memset>

0000033f <__copy_zp_data>:
     33f: a9 01        	lda	#$1
     341: a2 00        	ldx	#$0
     343: a0 30        	ldy	#$30
     345: 84 12        	sty	$12                     ; 0x12 <__rc2>
     347: a0 00        	ldy	#$0
     349: 84 13        	sty	$13                     ; 0x13 <__rc3>
     34b: a0 00        	ldy	#$0
     34d: 84 14        	sty	$14                     ; 0x14 <__rc4>
     34f: a0 03        	ldy	#$3
     351: 84 15        	sty	$15                     ; 0x15 <__rc5>
     353: 4c 53 1d     	jmp	$1d53 <memcpy>

00000356 <textClear>:
     356: a6 01        	ldx	$1                      ; 0x1 <__zp_data_size>
     358: 86 18        	stx	$18                     ; 0x18 <__rc8>
     35a: a2 50        	ldx	#$50
     35c: 8e 00 de     	stx	$de00                   ; 0xde00 <__heap_start+0xbf98>
     35f: 9c 01 de     	stz	$de01                   ; 0xde01 <__heap_start+0xbf99>
     362: a2 1e        	ldx	#$1e
     364: 8e 02 de     	stx	$de02                   ; 0xde02 <__heap_start+0xbf9a>
     367: 9c 03 de     	stz	$de03                   ; 0xde03 <__heap_start+0xbf9b>
     36a: ae 10 de     	ldx	$de10                   ; 0xde10 <__heap_start+0xbfa8>
     36d: ac 11 de     	ldy	$de11                   ; 0xde11 <__heap_start+0xbfa9>
     370: ad 12 de     	lda	$de12                   ; 0xde12 <__heap_start+0xbfaa>
     373: ad 13 de     	lda	$de13                   ; 0xde13 <__heap_start+0xbfab>
     376: a9 02        	lda	#$2
     378: 85 01        	sta	$1                      ; 0x1 <__zp_data_size>
     37a: e0 01        	cpx	#$1
     37c: 98           	tya
     37d: e9 00        	sbc	#$0
     37f: 50 02        	bvc	$383 <textClear+0x2d>
     381: 49 80        	eor	#$80
     383: c9 00        	cmp	#$0
     385: 10 03        	bpl	$38a <textClear+0x34>
     387: 4c de 03     	jmp	$3de <textClear+0x88>
     38a: a9 00        	lda	#$0
     38c: 85 12        	sta	$12                     ; 0x12 <__rc2>
     38e: a9 c0        	lda	#$c0
     390: 85 13        	sta	$13                     ; 0x13 <__rc3>
     392: a9 20        	lda	#$20
     394: 86 19        	stx	$19                     ; 0x19 <__rc9>
     396: 86 14        	stx	$14                     ; 0x14 <__rc4>
     398: 84 15        	sty	$15                     ; 0x15 <__rc5>
     39a: a2 00        	ldx	#$0
     39c: 86 16        	stx	$16                     ; 0x16 <__rc6>
     39e: a2 c0        	ldx	#$c0
     3a0: 86 17        	stx	$17                     ; 0x17 <__rc7>
     3a2: 92 16        	sta	($16)                   ; 0x16 <__rc6>
     3a4: e6 16        	inc	$16                     ; 0x16 <__rc6>
     3a6: d0 02        	bne	$3aa <textClear+0x54>
     3a8: e6 17        	inc	$17                     ; 0x17 <__rc7>
     3aa: a2 ff        	ldx	#$ff
     3ac: c6 14        	dec	$14                     ; 0x14 <__rc4>
     3ae: e4 14        	cpx	$14                     ; 0x14 <__rc4>
     3b0: d0 02        	bne	$3b4 <textClear+0x5e>
     3b2: c6 15        	dec	$15                     ; 0x15 <__rc5>
     3b4: a6 15        	ldx	$15                     ; 0x15 <__rc5>
     3b6: d0 ea        	bne	$3a2 <textClear+0x4c>
     3b8: a6 14        	ldx	$14                     ; 0x14 <__rc4>
     3ba: d0 e6        	bne	$3a2 <textClear+0x4c>
     3bc: a2 03        	ldx	#$3
     3be: 86 01        	stx	$1                      ; 0x1 <__zp_data_size>
     3c0: a6 30        	ldx	$30                     ; 0x30 <_ccolor>
     3c2: 86 14        	stx	$14                     ; 0x14 <__rc4>
     3c4: a6 19        	ldx	$19                     ; 0x19 <__rc9>
     3c6: a5 14        	lda	$14                     ; 0x14 <__rc4>
     3c8: 92 12        	sta	($12)                   ; 0x12 <__rc2>
     3ca: e6 12        	inc	$12                     ; 0x12 <__rc2>
     3cc: d0 02        	bne	$3d0 <textClear+0x7a>
     3ce: e6 13        	inc	$13                     ; 0x13 <__rc3>
     3d0: ca           	dex
     3d1: e0 ff        	cpx	#$ff
     3d3: d0 01        	bne	$3d6 <textClear+0x80>
     3d5: 88           	dey
     3d6: 98           	tya
     3d7: d0 ed        	bne	$3c6 <textClear+0x70>
     3d9: 8a           	txa
     3da: d0 ea        	bne	$3c6 <textClear+0x70>
     3dc: 80 04        	bra	$3e2 <textClear+0x8c>
     3de: a2 03        	ldx	#$3
     3e0: 86 01        	stx	$1                      ; 0x1 <__zp_data_size>
     3e2: a6 18        	ldx	$18                     ; 0x18 <__rc8>
     3e4: 86 01        	stx	$1                      ; 0x1 <__zp_data_size>
     3e6: 64 38        	stz	$38                     ; 0x38 <_col>
     3e8: 9c 14 d0     	stz	$d014                   ; 0xd014 <__heap_start+0xb1ac>
     3eb: 9c 15 d0     	stz	$d015                   ; 0xd015 <__heap_start+0xb1ad>
     3ee: 64 39        	stz	$39                     ; 0x39 <_row>
     3f0: 9c 16 d0     	stz	$d016                   ; 0xd016 <__heap_start+0xb1ae>
     3f3: 9c 17 d0     	stz	$d017                   ; 0xd017 <__heap_start+0xb1af>
     3f6: 60           	rts

000003f7 <main>:
     3f7: 18           	clc
     3f8: a5 10        	lda	$10                     ; 0x10 <__rc0>
     3fa: 69 e7        	adc	#$e7
     3fc: 85 10        	sta	$10                     ; 0x10 <__rc0>
     3fe: a5 11        	lda	$11                     ; 0x11 <__rc1>
     400: 69 ff        	adc	#$ff
     402: 85 11        	sta	$11                     ; 0x11 <__rc1>
     404: a6 24        	ldx	$24                     ; 0x24 <__rc20>
     406: da           	phx
     407: a6 25        	ldx	$25                     ; 0x25 <__rc21>
     409: da           	phx
     40a: a6 26        	ldx	$26                     ; 0x26 <__rc22>
     40c: da           	phx
     40d: a6 27        	ldx	$27                     ; 0x27 <__rc23>
     40f: da           	phx
     410: a5 28        	lda	$28                     ; 0x28 <__rc24>
     412: a0 07        	ldy	#$7
     414: 91 10        	sta	($10),y                 ; 0x10 <__rc0>
     416: a5 29        	lda	$29                     ; 0x29 <__rc25>
     418: 88           	dey
     419: 91 10        	sta	($10),y                 ; 0x10 <__rc0>
     41b: a5 2a        	lda	$2a                     ; 0x2a <__rc26>
     41d: 88           	dey
     41e: 91 10        	sta	($10),y                 ; 0x10 <__rc0>
     420: a5 2b        	lda	$2b                     ; 0x2b <__rc27>
     422: 88           	dey
     423: 91 10        	sta	($10),y                 ; 0x10 <__rc0>
     425: a5 2c        	lda	$2c                     ; 0x2c <__rc28>
     427: 88           	dey
     428: 91 10        	sta	($10),y                 ; 0x10 <__rc0>
     42a: a5 2d        	lda	$2d                     ; 0x2d <__rc29>
     42c: 88           	dey
     42d: 91 10        	sta	($10),y                 ; 0x10 <__rc0>
     42f: a5 2e        	lda	$2e                     ; 0x2e <__rc30>
     431: 88           	dey
     432: 91 10        	sta	($10),y                 ; 0x10 <__rc0>
     434: a5 2f        	lda	$2f                     ; 0x2f <__rc31>
     436: 88           	dey
     437: 91 10        	sta	($10),y                 ; 0x10 <__rc0>
     439: 64 12        	stz	$12                     ; 0x12 <__rc2>
     43b: 64 01        	stz	$1                      ; 0x1 <__zp_data_size>
     43d: a2 3f        	ldx	#$3f
     43f: 8e 00 d0     	stx	$d000                   ; 0xd000 <__heap_start+0xb198>
     442: a2 b3        	ldx	#$b3
     444: 86 00        	stx	$0                      ; 0x0 <__data_size>
     446: 64 08        	stz	$8                      ; 0x8 <__zp_data_size+0x7>
     448: a2 01        	ldx	#$1
     44a: 86 09        	stx	$9                      ; 0x9 <__zp_data_size+0x8>
     44c: e8           	inx
     44d: 86 0a        	stx	$a                      ; 0xa <__zp_data_size+0x9>
     44f: e8           	inx
     450: 86 0b        	stx	$b                      ; 0xb <__zp_bss_size>
     452: e8           	inx
     453: 86 0c        	stx	$c                      ; 0xc <__zp_bss_size+0x1>
     455: e8           	inx
     456: 86 0d        	stx	$d                      ; 0xd <__zp_bss_size+0x2>
     458: a2 31        	ldx	#$31
     45a: a0 00        	ldy	#$0
     45c: 86 f0        	stx	$f0                     ; 0xf0 <__rc31+0xc1>
     45e: 84 f1        	sty	$f1                     ; 0xf1 <__rc31+0xc2>
     460: a2 00        	ldx	#$0
     462: 86 16        	stx	$16                     ; 0x16 <__rc6>
     464: ca           	dex
     465: 86 17        	stx	$17                     ; 0x17 <__rc7>
     467: 8a           	txa
     468: 0a           	asl
     469: 0a           	asl
     46a: 18           	clc
     46b: 69 d4        	adc	#$d4
     46d: 85 18        	sta	$18                     ; 0x18 <__rc8>
     46f: a0 00        	ldy	#$0
     471: 64 15        	stz	$15                     ; 0x15 <__rc5>
     473: 64 14        	stz	$14                     ; 0x14 <__rc4>
     475: a6 17        	ldx	$17                     ; 0x17 <__rc7>
     477: e0 03        	cpx	#$3
     479: a6 01        	ldx	$1                      ; 0x1 <__zp_data_size>
     47b: 86 1a        	stx	$1a                     ; 0x1a <__rc10>
     47d: a2 d0        	ldx	#$d0
     47f: 84 19        	sty	$19                     ; 0x19 <__rc9>
     481: b0 02        	bcs	$485 <main+0x8e>
     483: a6 18        	ldx	$18                     ; 0x18 <__rc8>
     485: 86 13        	stx	$13                     ; 0x13 <__rc3>
     487: a5 15        	lda	$15                     ; 0x15 <__rc5>
     489: 18           	clc
     48a: 65 12        	adc	$12                     ; 0x12 <__rc2>
     48c: a8           	tay
     48d: a6 15        	ldx	$15                     ; 0x15 <__rc5>
     48f: a5 14        	lda	$14                     ; 0x14 <__rc4>
     491: 85 1b        	sta	$1b                     ; 0x1b <__rc11>
     493: a5 14        	lda	$14                     ; 0x14 <__rc4>
     495: 65 13        	adc	$13                     ; 0x13 <__rc3>
     497: 84 14        	sty	$14                     ; 0x14 <__rc4>
     499: a0 01        	ldy	#$1
     49b: 84 01        	sty	$1                      ; 0x1 <__zp_data_size>
     49d: 85 15        	sta	$15                     ; 0x15 <__rc5>
     49f: a5 19        	lda	$19                     ; 0x19 <__rc9>
     4a1: 92 14        	sta	($14)                   ; 0x14 <__rc4>
     4a3: 91 14        	sta	($14),y                 ; 0x14 <__rc4>
     4a5: c8           	iny
     4a6: 91 14        	sta	($14),y                 ; 0x14 <__rc4>
     4a8: 85 13        	sta	$13                     ; 0x13 <__rc3>
     4aa: c8           	iny
     4ab: a9 ff        	lda	#$ff
     4ad: 91 14        	sta	($14),y                 ; 0x14 <__rc4>
     4af: 8a           	txa
     4b0: a6 1a        	ldx	$1a                     ; 0x1a <__rc10>
     4b2: 86 01        	stx	$1                      ; 0x1 <__zp_data_size>
     4b4: 18           	clc
     4b5: 69 04        	adc	#$4
     4b7: 85 15        	sta	$15                     ; 0x15 <__rc5>
     4b9: a5 1b        	lda	$1b                     ; 0x1b <__rc11>
     4bb: 69 00        	adc	#$0
     4bd: e6 13        	inc	$13                     ; 0x13 <__rc3>
     4bf: a4 13        	ldy	$13                     ; 0x13 <__rc3>
     4c1: 85 14        	sta	$14                     ; 0x14 <__rc4>
     4c3: c9 04        	cmp	#$4
     4c5: f0 03        	beq	$4ca <main+0xd3>
     4c7: 4c 75 04     	jmp	$475 <main+0x7e>
     4ca: a5 15        	lda	$15                     ; 0x15 <__rc5>
     4cc: f0 03        	beq	$4d1 <main+0xda>
     4ce: 4c 75 04     	jmp	$475 <main+0x7e>
     4d1: a6 16        	ldx	$16                     ; 0x16 <__rc6>
     4d3: e8           	inx
     4d4: e0 04        	cpx	#$4
     4d6: f0 03        	beq	$4db <main+0xe4>
     4d8: 4c 62 04     	jmp	$462 <main+0x6b>
     4db: ad 02 d0     	lda	$d002                   ; 0xd002 <__heap_start+0xb19a>
     4de: a2 f0        	ldx	#$f0
     4e0: 29 f0        	and	#$f0
     4e2: 8d 02 d0     	sta	$d002                   ; 0xd002 <__heap_start+0xb19a>
     4e5: ad 02 d0     	lda	$d002                   ; 0xd002 <__heap_start+0xb19a>
     4e8: 29 0f        	and	#$f
     4ea: 09 10        	ora	#$10
     4ec: 8d 02 d0     	sta	$d002                   ; 0xd002 <__heap_start+0xb19a>
     4ef: a0 02        	ldy	#$2
     4f1: 8c 03 d0     	sty	$d003                   ; 0xd003 <__heap_start+0xb19b>
     4f4: 86 30        	stx	$30                     ; 0x30 <_ccolor>
     4f6: ad 01 d0     	lda	$d001                   ; 0xd001 <__heap_start+0xb199>
     4f9: 29 f9        	and	#$f9
     4fb: 09 04        	ora	#$4
     4fd: 8d 01 d0     	sta	$d001                   ; 0xd001 <__heap_start+0xb199>
     500: 64 12        	stz	$12                     ; 0x12 <__rc2>
     502: 9c 10 d0     	stz	$d010                   ; 0xd010 <__heap_start+0xb1a8>
     505: a2 00        	ldx	#$0
     507: 64 13        	stz	$13                     ; 0x13 <__rc3>
     509: 86 16        	stx	$16                     ; 0x16 <__rc6>
     50b: a4 16        	ldy	$16                     ; 0x16 <__rc6>
     50d: be da 1d     	ldx	$1dda,y                 ; 0x1dda <textColors>
     510: 86 17        	stx	$17                     ; 0x17 <__rc7>
     512: be db 1d     	ldx	$1ddb,y                 ; 0x1ddb <textColors+0x1>
     515: 86 18        	stx	$18                     ; 0x18 <__rc8>
     517: be dc 1d     	ldx	$1ddc,y                 ; 0x1ddc <textColors+0x2>
     51a: 86 19        	stx	$19                     ; 0x19 <__rc9>
     51c: a6 13        	ldx	$13                     ; 0x13 <__rc3>
     51e: 8e 00 de     	stx	$de00                   ; 0xde00 <__heap_start+0xbf98>
     521: 86 15        	stx	$15                     ; 0x15 <__rc5>
     523: 9c 01 de     	stz	$de01                   ; 0xde01 <__heap_start+0xbf99>
     526: a2 04        	ldx	#$4
     528: 8e 02 de     	stx	$de02                   ; 0xde02 <__heap_start+0xbf9a>
     52b: 86 1b        	stx	$1b                     ; 0x1b <__rc11>
     52d: 9c 03 de     	stz	$de03                   ; 0xde03 <__heap_start+0xbf9b>
     530: ad 10 de     	lda	$de10                   ; 0xde10 <__heap_start+0xbfa8>
     533: ac 11 de     	ldy	$de11                   ; 0xde11 <__heap_start+0xbfa9>
     536: 84 13        	sty	$13                     ; 0x13 <__rc3>
     538: ac 12 de     	ldy	$de12                   ; 0xde12 <__heap_start+0xbfaa>
     53b: ac 13 de     	ldy	$de13                   ; 0xde13 <__heap_start+0xbfab>
     53e: a2 00        	ldx	#$0
     540: 18           	clc
     541: 65 12        	adc	$12                     ; 0x12 <__rc2>
     543: a8           	tay
     544: 86 1d        	stx	$1d                     ; 0x1d <__rc13>
     546: a6 15        	ldx	$15                     ; 0x15 <__rc5>
     548: a9 d8        	lda	#$d8
     54a: 65 13        	adc	$13                     ; 0x13 <__rc3>
     54c: 84 14        	sty	$14                     ; 0x14 <__rc4>
     54e: 85 15        	sta	$15                     ; 0x15 <__rc5>
     550: a5 19        	lda	$19                     ; 0x19 <__rc9>
     552: 92 14        	sta	($14)                   ; 0x14 <__rc4>
     554: a0 01        	ldy	#$1
     556: a5 18        	lda	$18                     ; 0x18 <__rc8>
     558: 91 14        	sta	($14),y                 ; 0x14 <__rc4>
     55a: 84 1a        	sty	$1a                     ; 0x1a <__rc10>
     55c: c8           	iny
     55d: a5 17        	lda	$17                     ; 0x17 <__rc7>
     55f: 91 14        	sta	($14),y                 ; 0x14 <__rc4>
     561: 84 1c        	sty	$1c                     ; 0x1c <__rc12>
     563: c8           	iny
     564: a9 ff        	lda	#$ff
     566: 91 14        	sta	($14),y                 ; 0x14 <__rc4>
     568: 85 1f        	sta	$1f                     ; 0x1f <__rc15>
     56a: 84 1e        	sty	$1e                     ; 0x1e <__rc14>
     56c: 8e 00 de     	stx	$de00                   ; 0xde00 <__heap_start+0xbf98>
     56f: 9c 01 de     	stz	$de01                   ; 0xde01 <__heap_start+0xbf99>
     572: a4 1b        	ldy	$1b                     ; 0x1b <__rc11>
     574: 8c 02 de     	sty	$de02                   ; 0xde02 <__heap_start+0xbf9a>
     577: 9c 03 de     	stz	$de03                   ; 0xde03 <__heap_start+0xbf9b>
     57a: ad 10 de     	lda	$de10                   ; 0xde10 <__heap_start+0xbfa8>
     57d: 85 13        	sta	$13                     ; 0x13 <__rc3>
     57f: ad 11 de     	lda	$de11                   ; 0xde11 <__heap_start+0xbfa9>
     582: 85 14        	sta	$14                     ; 0x14 <__rc4>
     584: a9 40        	lda	#$40
     586: a4 1d        	ldy	$1d                     ; 0x1d <__rc13>
     588: c0 01        	cpy	#$1
     58a: 65 13        	adc	$13                     ; 0x13 <__rc3>
     58c: a8           	tay
     58d: a9 d8        	lda	#$d8
     58f: 65 14        	adc	$14                     ; 0x14 <__rc4>
     591: 85 15        	sta	$15                     ; 0x15 <__rc5>
     593: 84 14        	sty	$14                     ; 0x14 <__rc4>
     595: ad 12 de     	lda	$de12                   ; 0xde12 <__heap_start+0xbfaa>
     598: ad 13 de     	lda	$de13                   ; 0xde13 <__heap_start+0xbfab>
     59b: a5 19        	lda	$19                     ; 0x19 <__rc9>
     59d: 92 14        	sta	($14)                   ; 0x14 <__rc4>
     59f: a5 18        	lda	$18                     ; 0x18 <__rc8>
     5a1: a4 1a        	ldy	$1a                     ; 0x1a <__rc10>
     5a3: 91 14        	sta	($14),y                 ; 0x14 <__rc4>
     5a5: a5 17        	lda	$17                     ; 0x17 <__rc7>
     5a7: a4 1c        	ldy	$1c                     ; 0x1c <__rc12>
     5a9: 91 14        	sta	($14),y                 ; 0x14 <__rc4>
     5ab: a4 1e        	ldy	$1e                     ; 0x1e <__rc14>
     5ad: a5 1f        	lda	$1f                     ; 0x1f <__rc15>
     5af: 91 14        	sta	($14),y                 ; 0x14 <__rc4>
     5b1: e8           	inx
     5b2: 86 13        	stx	$13                     ; 0x13 <__rc3>
     5b4: 18           	clc
     5b5: a5 16        	lda	$16                     ; 0x16 <__rc6>
     5b7: 69 03        	adc	#$3
     5b9: aa           	tax
     5ba: c9 30        	cmp	#$30
     5bc: f0 03        	beq	$5c1 <main+0x1ca>
     5be: 4c 09 05     	jmp	$509 <main+0x112>
     5c1: 20 56 03     	jsr	$356 <textClear>
     5c4: a2 40        	ldx	#$40
     5c6: 8e 00 de     	stx	$de00                   ; 0xde00 <__heap_start+0xbf98>
     5c9: a2 01        	ldx	#$1
     5cb: 8e 01 de     	stx	$de01                   ; 0xde01 <__heap_start+0xbf99>
     5ce: a2 f0        	ldx	#$f0
     5d0: 8e 02 de     	stx	$de02                   ; 0xde02 <__heap_start+0xbf9a>
     5d3: 9c 03 de     	stz	$de03                   ; 0xde03 <__heap_start+0xbf9b>
     5d6: ae 10 de     	ldx	$de10                   ; 0xde10 <__heap_start+0xbfa8>
     5d9: 86 17        	stx	$17                     ; 0x17 <__rc7>
     5db: ae 11 de     	ldx	$de11                   ; 0xde11 <__heap_start+0xbfa9>
     5de: 86 12        	stx	$12                     ; 0x12 <__rc2>
     5e0: ae 12 de     	ldx	$de12                   ; 0xde12 <__heap_start+0xbfaa>
     5e3: 86 13        	stx	$13                     ; 0x13 <__rc3>
     5e5: ae 13 de     	ldx	$de13                   ; 0xde13 <__heap_start+0xbfab>
     5e8: 86 14        	stx	$14                     ; 0x14 <__rc4>
     5ea: a4 12        	ldy	$12                     ; 0x12 <__rc2>
     5ec: 84 15        	sty	$15                     ; 0x15 <__rc5>
     5ee: 06 15        	asl	$15                     ; 0x15 <__rc5>
     5f0: a5 13        	lda	$13                     ; 0x13 <__rc3>
     5f2: 2a           	rol
     5f3: 86 16        	stx	$16                     ; 0x16 <__rc6>
     5f5: 26 16        	rol	$16                     ; 0x16 <__rc6>
     5f7: 06 15        	asl	$15                     ; 0x15 <__rc5>
     5f9: 2a           	rol
     5fa: 26 16        	rol	$16                     ; 0x16 <__rc6>
     5fc: 06 15        	asl	$15                     ; 0x15 <__rc5>
     5fe: 2a           	rol
     5ff: 26 16        	rol	$16                     ; 0x16 <__rc6>
     601: 85 15        	sta	$15                     ; 0x15 <__rc5>
     603: 8d 00 de     	sta	$de00                   ; 0xde00 <__heap_start+0xbf98>
     606: a5 16        	lda	$16                     ; 0x16 <__rc6>
     608: 8d 01 de     	sta	$de01                   ; 0xde01 <__heap_start+0xbf99>
     60b: 9c 02 de     	stz	$de02                   ; 0xde02 <__heap_start+0xbf9a>
     60e: a2 20        	ldx	#$20
     610: 8e 03 de     	stx	$de03                   ; 0xde03 <__heap_start+0xbf9b>
     613: ae 10 de     	ldx	$de10                   ; 0xde10 <__heap_start+0xbfa8>
     616: 86 16        	stx	$16                     ; 0x16 <__rc6>
     618: ae 11 de     	ldx	$de11                   ; 0xde11 <__heap_start+0xbfa9>
     61b: 86 18        	stx	$18                     ; 0x18 <__rc8>
     61d: ac 12 de     	ldy	$de12                   ; 0xde12 <__heap_start+0xbfaa>
     620: ae 13 de     	ldx	$de13                   ; 0xde13 <__heap_start+0xbfab>
     623: e4 14        	cpx	$14                     ; 0x14 <__rc4>
     625: d0 14        	bne	$63b <main+0x244>
     627: c4 13        	cpy	$13                     ; 0x13 <__rc3>
     629: d0 10        	bne	$63b <main+0x244>
     62b: a6 18        	ldx	$18                     ; 0x18 <__rc8>
     62d: e4 12        	cpx	$12                     ; 0x12 <__rc2>
     62f: d0 0a        	bne	$63b <main+0x244>
     631: a6 16        	ldx	$16                     ; 0x16 <__rc6>
     633: e4 17        	cpx	$17                     ; 0x17 <__rc7>
     635: d0 04        	bne	$63b <main+0x244>
     637: a6 15        	ldx	$15                     ; 0x15 <__rc5>
     639: 80 06        	bra	$641 <main+0x24a>
     63b: a6 15        	ldx	$15                     ; 0x15 <__rc5>
     63d: e8           	inx
     63e: d0 01        	bne	$641 <main+0x24a>
     640: 1a           	inc
     641: 8e 00 de     	stx	$de00                   ; 0xde00 <__heap_start+0xbf98>
     644: 8d 01 de     	sta	$de01                   ; 0xde01 <__heap_start+0xbf99>
     647: 9c 02 de     	stz	$de02                   ; 0xde02 <__heap_start+0xbf9a>
     64a: a2 20        	ldx	#$20
     64c: 8e 03 de     	stx	$de03                   ; 0xde03 <__heap_start+0xbf9b>
     64f: ae 10 de     	ldx	$de10                   ; 0xde10 <__heap_start+0xbfa8>
     652: 86 12        	stx	$12                     ; 0x12 <__rc2>
     654: ae 11 de     	ldx	$de11                   ; 0xde11 <__heap_start+0xbfa9>
     657: 86 13        	stx	$13                     ; 0x13 <__rc3>
     659: ae 12 de     	ldx	$de12                   ; 0xde12 <__heap_start+0xbfaa>
     65c: 86 14        	stx	$14                     ; 0x14 <__rc4>
     65e: 38           	sec
     65f: a9 00        	lda	#$0
     661: e5 12        	sbc	$12                     ; 0x12 <__rc2>
     663: a8           	tay
     664: a9 00        	lda	#$0
     666: e5 13        	sbc	$13                     ; 0x13 <__rc3>
     668: 85 15        	sta	$15                     ; 0x15 <__rc5>
     66a: a9 08        	lda	#$8
     66c: e5 14        	sbc	$14                     ; 0x14 <__rc4>
     66e: aa           	tax
     66f: 98           	tya
     670: 84 17        	sty	$17                     ; 0x17 <__rc7>
     672: 38           	sec
     673: e5 12        	sbc	$12                     ; 0x12 <__rc2>
     675: 85 16        	sta	$16                     ; 0x16 <__rc6>
     677: a5 15        	lda	$15                     ; 0x15 <__rc5>
     679: e5 13        	sbc	$13                     ; 0x13 <__rc3>
     67b: 85 18        	sta	$18                     ; 0x18 <__rc8>
     67d: 8a           	txa
     67e: 86 19        	stx	$19                     ; 0x19 <__rc9>
     680: e5 14        	sbc	$14                     ; 0x14 <__rc4>
     682: a8           	tay
     683: 38           	sec
     684: a5 16        	lda	$16                     ; 0x16 <__rc6>
     686: e5 12        	sbc	$12                     ; 0x12 <__rc2>
     688: 85 12        	sta	$12                     ; 0x12 <__rc2>
     68a: a5 18        	lda	$18                     ; 0x18 <__rc8>
     68c: e5 13        	sbc	$13                     ; 0x13 <__rc3>
     68e: 85 13        	sta	$13                     ; 0x13 <__rc3>
     690: 98           	tya
     691: e5 14        	sbc	$14                     ; 0x14 <__rc4>
     693: ae 13 de     	ldx	$de13                   ; 0xde13 <__heap_start+0xbfab>
     696: a6 17        	ldx	$17                     ; 0x17 <__rc7>
     698: 8e 01 d1     	stx	$d101                   ; 0xd101 <__heap_start+0xb299>
     69b: a6 15        	ldx	$15                     ; 0x15 <__rc5>
     69d: 8e 02 d1     	stx	$d102                   ; 0xd102 <__heap_start+0xb29a>
     6a0: a6 19        	ldx	$19                     ; 0x19 <__rc9>
     6a2: 8e 03 d1     	stx	$d103                   ; 0xd103 <__heap_start+0xb29b>
     6a5: a6 16        	ldx	$16                     ; 0x16 <__rc6>
     6a7: 8e 09 d1     	stx	$d109                   ; 0xd109 <__heap_start+0xb2a1>
     6aa: a6 18        	ldx	$18                     ; 0x18 <__rc8>
     6ac: 8e 0a d1     	stx	$d10a                   ; 0xd10a <__heap_start+0xb2a2>
     6af: 8c 0b d1     	sty	$d10b                   ; 0xd10b <__heap_start+0xb2a3>
     6b2: a6 12        	ldx	$12                     ; 0x12 <__rc2>
     6b4: 8e 11 d1     	stx	$d111                   ; 0xd111 <__heap_start+0xb2a9>
     6b7: a6 13        	ldx	$13                     ; 0x13 <__rc3>
     6b9: 8e 12 d1     	stx	$d112                   ; 0xd112 <__heap_start+0xb2aa>
     6bc: 8d 13 d1     	sta	$d113                   ; 0xd113 <__heap_start+0xb2ab>
     6bf: 9c 00 d1     	stz	$d100                   ; 0xd100 <__heap_start+0xb298>
     6c2: 9c 08 d1     	stz	$d108                   ; 0xd108 <__heap_start+0xb2a0>
     6c5: 9c 10 d1     	stz	$d110                   ; 0xd110 <__heap_start+0xb2a8>
     6c8: a2 10        	ldx	#$10
     6ca: 8e 00 d2     	stx	$d200                   ; 0xd200 <__heap_start+0xb398>
     6cd: 8e 0c d2     	stx	$d20c                   ; 0xd20c <__heap_start+0xb3a4>
     6d0: 8e 18 d2     	stx	$d218                   ; 0xd218 <__heap_start+0xb3b0>
     6d3: a0 d9        	ldy	#$d9
     6d5: a2 40        	ldx	#$40
     6d7: 64 12        	stz	$12                     ; 0x12 <__rc2>
     6d9: 84 13        	sty	$13                     ; 0x13 <__rc3>
     6db: a9 00        	lda	#$0
     6dd: 92 12        	sta	($12)                   ; 0x12 <__rc2>
     6df: ca           	dex
     6e0: 18           	clc
     6e1: a5 12        	lda	$12                     ; 0x12 <__rc2>
     6e3: 69 08        	adc	#$8
     6e5: 85 12        	sta	$12                     ; 0x12 <__rc2>
     6e7: 98           	tya
     6e8: 69 00        	adc	#$0
     6ea: a8           	tay
     6eb: 8a           	txa
     6ec: d0 eb        	bne	$6d9 <main+0x2e2>
     6ee: 18           	clc
     6ef: a5 10        	lda	$10                     ; 0x10 <__rc0>
     6f1: 69 10        	adc	#$10
     6f3: 85 12        	sta	$12                     ; 0x12 <__rc2>
     6f5: a5 11        	lda	$11                     ; 0x11 <__rc1>
     6f7: 69 00        	adc	#$0
     6f9: 85 13        	sta	$13                     ; 0x13 <__rc3>
     6fb: a6 12        	ldx	$12                     ; 0x12 <__rc2>
     6fd: 86 fb        	stx	$fb                     ; 0xfb <__rc31+0xcc>
     6ff: 85 fc        	sta	$fc                     ; 0xfc <__rc31+0xcd>
     701: a2 08        	ldx	#$8
     703: 86 fd        	stx	$fd                     ; 0xfd <__rc31+0xce>
     705: 18           	clc
     706: a5 10        	lda	$10                     ; 0x10 <__rc0>
     708: 69 0f        	adc	#$f
     70a: 85 14        	sta	$14                     ; 0x14 <__rc4>
     70c: a5 11        	lda	$11                     ; 0x11 <__rc1>
     70e: 69 00        	adc	#$0
     710: 85 15        	sta	$15                     ; 0x15 <__rc5>
     712: a2 66        	ldx	#$66
     714: 86 16        	stx	$16                     ; 0x16 <__rc6>
     716: a2 1e        	ldx	#$1e
     718: 86 17        	stx	$17                     ; 0x17 <__rc7>
     71a: a0 06        	ldy	#$6
     71c: 20 dc ff     	jsr	$ffdc <__heap_start+0xe174>
     71f: 92 14        	sta	($14)                   ; 0x14 <__rc4>
     721: a9 00        	lda	#$0
     723: 6a           	ror
     724: 85 16        	sta	$16                     ; 0x16 <__rc6>
     726: b1 12        	lda	($12),y                 ; 0x12 <__rc2>
     728: 85 14        	sta	$14                     ; 0x14 <__rc4>
     72a: c8           	iny
     72b: b1 12        	lda	($12),y                 ; 0x12 <__rc2>
     72d: a6 14        	ldx	$14                     ; 0x14 <__rc4>
     72f: 8e 00 de     	stx	$de00                   ; 0xde00 <__heap_start+0xbf98>
     732: 9c 01 de     	stz	$de01                   ; 0xde01 <__heap_start+0xbf99>
     735: 8d 02 de     	sta	$de02                   ; 0xde02 <__heap_start+0xbf9a>
     738: 9c 03 de     	stz	$de03                   ; 0xde03 <__heap_start+0xbf9b>
     73b: ae 10 de     	ldx	$de10                   ; 0xde10 <__heap_start+0xbfa8>
     73e: ac 11 de     	ldy	$de11                   ; 0xde11 <__heap_start+0xbfa9>
     741: ad 12 de     	lda	$de12                   ; 0xde12 <__heap_start+0xbfaa>
     744: ad 13 de     	lda	$de13                   ; 0xde13 <__heap_start+0xbfab>
     747: 8e a4 d6     	stx	$d6a4                   ; 0xd6a4 <__heap_start+0xb83c>
     74a: 8c a5 d6     	sty	$d6a5                   ; 0xd6a5 <__heap_start+0xb83d>
     74d: a2 03        	ldx	#$3
     74f: 8e a6 d6     	stx	$d6a6                   ; 0xd6a6 <__heap_start+0xb83e>
     752: a2 27        	ldx	#$27
     754: 8e 00 d0     	stx	$d000                   ; 0xd000 <__heap_start+0xb198>
     757: a2 10        	ldx	#$10
     759: 8e 01 d0     	stx	$d001                   ; 0xd001 <__heap_start+0xb199>
     75c: 9c 0d d0     	stz	$d00d                   ; 0xd00d <__heap_start+0xb1a5>
     75f: 9c 0e d0     	stz	$d00e                   ; 0xd00e <__heap_start+0xb1a6>
     762: 9c 0f d0     	stz	$d00f                   ; 0xd00f <__heap_start+0xb1a7>
     765: ad 01 d0     	lda	$d001                   ; 0xd001 <__heap_start+0xb199>
     768: 09 10        	ora	#$10
     76a: 8d 01 d0     	sta	$d001                   ; 0xd001 <__heap_start+0xb199>
     76d: 20 42 0b     	jsr	$b42 <oldText>
     770: a2 01        	ldx	#$1
     772: 8a           	txa
     773: a0 0d        	ldy	#$d
     775: 91 10        	sta	($10),y                 ; 0x10 <__rc0>
     777: 64 31        	stz	$31                     ; 0x31 <kernelEventData>
     779: 18           	clc
     77a: a5 10        	lda	$10                     ; 0x10 <__rc0>
     77c: 69 18        	adc	#$18
     77e: 85 12        	sta	$12                     ; 0x12 <__rc2>
     780: a5 11        	lda	$11                     ; 0x11 <__rc1>
     782: 69 00        	adc	#$0
     784: 85 13        	sta	$13                     ; 0x13 <__rc3>
     786: a0 66        	ldy	#$66
     788: 84 14        	sty	$14                     ; 0x14 <__rc4>
     78a: a0 1e        	ldy	#$1e
     78c: 84 15        	sty	$15                     ; 0x15 <__rc5>
     78e: 20 00 ff     	jsr	$ff00 <__heap_start+0xe098>
     791: 92 12        	sta	($12)                   ; 0x12 <__rc2>
     793: a9 00        	lda	#$0
     795: 6a           	ror
     796: 85 14        	sta	$14                     ; 0x14 <__rc4>
     798: a4 31        	ldy	$31                     ; 0x31 <kernelEventData>
     79a: c0 08        	cpy	#$8
     79c: d0 d9        	bne	$777 <main+0x380>
     79e: a4 35        	ldy	$35                     ; 0x35 <kernelEventData+0x4>
     7a0: c0 92        	cpy	#$92
     7a2: d0 03        	bne	$7a7 <main+0x3b0>
     7a4: 4c df 0a     	jmp	$adf <main+0x6e8>
     7a7: c0 83        	cpy	#$83
     7a9: d0 03        	bne	$7ae <main+0x3b7>
     7ab: 4c b7 0a     	jmp	$ab7 <main+0x6c0>
     7ae: c0 81        	cpy	#$81
     7b0: d0 c5        	bne	$777 <main+0x380>
     7b2: 8a           	txa
     7b3: d0 03        	bne	$7b8 <main+0x3c1>
     7b5: 4c c5 0a     	jmp	$ac5 <main+0x6ce>
     7b8: a2 34        	ldx	#$34
     7ba: 86 30        	stx	$30                     ; 0x30 <_ccolor>
     7bc: 20 56 03     	jsr	$356 <textClear>
     7bf: a2 40        	ldx	#$40
     7c1: 86 01        	stx	$1                      ; 0x1 <__zp_data_size>
     7c3: a2 07        	ldx	#$7
     7c5: 8e 00 d0     	stx	$d000                   ; 0xd000 <__heap_start+0xb198>
     7c8: a2 d0        	ldx	#$d0
     7ca: 8e 01 d0     	stx	$d001                   ; 0xd001 <__heap_start+0xb199>
     7cd: a2 01        	ldx	#$1
     7cf: 8e 00 d3     	stx	$d300                   ; 0xd300 <__heap_start+0xb498>
     7d2: 64 14        	stz	$14                     ; 0x14 <__rc4>
     7d4: 9c 04 d3     	stz	$d304                   ; 0xd304 <__heap_start+0xb49c>
     7d7: 9c 05 d3     	stz	$d305                   ; 0xd305 <__heap_start+0xb49d>
     7da: 8e 06 d3     	stx	$d306                   ; 0xd306 <__heap_start+0xb49e>
     7dd: a0 fe        	ldy	#$fe
     7df: a2 ff        	ldx	#$ff
     7e1: 18           	clc
     7e2: 98           	tya
     7e3: 69 02        	adc	#$2
     7e5: a8           	tay
     7e6: 8a           	txa
     7e7: 69 00        	adc	#$0
     7e9: 85 15        	sta	$15                     ; 0x15 <__rc5>
     7eb: 85 12        	sta	$12                     ; 0x12 <__rc2>
     7ed: 06 12        	asl	$12                     ; 0x12 <__rc2>
     7ef: 2c 9f 1d     	bit	$1d9f                   ; 0x1d9f <__set_v>
     7f2: b0 01        	bcs	$7f5 <main+0x3fe>
     7f4: b8           	clv
     7f5: a9 00        	lda	#$0
     7f7: 2a           	rol
     7f8: 06 12        	asl	$12                     ; 0x12 <__rc2>
     7fa: a2 01        	ldx	#$1
     7fc: b0 02        	bcs	$800 <main+0x409>
     7fe: a2 00        	ldx	#$0
     800: 86 16        	stx	$16                     ; 0x16 <__rc6>
     802: 2a           	rol
     803: 06 12        	asl	$12                     ; 0x12 <__rc2>
     805: a2 01        	ldx	#$1
     807: b0 02        	bcs	$80b <main+0x414>
     809: a2 00        	ldx	#$0
     80b: 86 17        	stx	$17                     ; 0x17 <__rc7>
     80d: 2a           	rol
     80e: a6 0f        	ldx	$f                      ; 0xf <__zp_bss_size+0x4>
     810: 78           	sei
     811: 09 08        	ora	#$8
     813: 85 0f        	sta	$f                      ; 0xf <__zp_bss_size+0x4>
     815: a5 15        	lda	$15                     ; 0x15 <__rc5>
     817: 09 e0        	ora	#$e0
     819: 84 12        	sty	$12                     ; 0x12 <__rc2>
     81b: 85 13        	sta	$13                     ; 0x13 <__rc3>
     81d: 85 18        	sta	$18                     ; 0x18 <__rc8>
     81f: a5 14        	lda	$14                     ; 0x14 <__rc4>
     821: 92 12        	sta	($12)                   ; 0x12 <__rc2>
     823: 86 0f        	stx	$f                      ; 0xf <__zp_bss_size+0x4>
     825: a9 01        	lda	#$1
     827: 38           	sec
     828: 70 01        	bvs	$82b <main+0x434>
     82a: 18           	clc
     82b: 2a           	rol
     82c: a6 16        	ldx	$16                     ; 0x16 <__rc6>
     82e: e0 01        	cpx	#$1
     830: 2a           	rol
     831: 58           	cli
     832: a6 17        	ldx	$17                     ; 0x17 <__rc7>
     834: e0 01        	cpx	#$1
     836: 2a           	rol
     837: a6 0f        	ldx	$f                      ; 0xf <__zp_bss_size+0x4>
     839: 78           	sei
     83a: 85 0f        	sta	$f                      ; 0xf <__zp_bss_size+0x4>
     83c: 98           	tya
     83d: 09 01        	ora	#$1
     83f: 85 12        	sta	$12                     ; 0x12 <__rc2>
     841: a5 18        	lda	$18                     ; 0x18 <__rc8>
     843: 85 13        	sta	$13                     ; 0x13 <__rc3>
     845: a9 00        	lda	#$0
     847: 92 12        	sta	($12)                   ; 0x12 <__rc2>
     849: 86 0f        	stx	$f                      ; 0xf <__zp_bss_size+0x4>
     84b: 58           	cli
     84c: e6 14        	inc	$14                     ; 0x14 <__rc4>
     84e: a6 15        	ldx	$15                     ; 0x15 <__rc5>
     850: e0 25        	cpx	#$25
     852: d0 07        	bne	$85b <main+0x464>
     854: c0 7e        	cpy	#$7e
     856: b0 0a        	bcs	$862 <main+0x46b>
     858: 4c e1 07     	jmp	$7e1 <main+0x3ea>
     85b: e0 25        	cpx	#$25
     85d: b0 03        	bcs	$862 <main+0x46b>
     85f: 4c e1 07     	jmp	$7e1 <main+0x3ea>
     862: 64 14        	stz	$14                     ; 0x14 <__rc4>
     864: 9c 08 d3     	stz	$d308                   ; 0xd308 <__heap_start+0xb4a0>
     867: 9c 09 d3     	stz	$d309                   ; 0xd309 <__heap_start+0xb4a1>
     86a: a2 02        	ldx	#$2
     86c: 8e 0a d3     	stx	$d30a                   ; 0xd30a <__heap_start+0xb4a2>
     86f: a0 fe        	ldy	#$fe
     871: a2 ff        	ldx	#$ff
     873: 18           	clc
     874: 98           	tya
     875: 69 02        	adc	#$2
     877: a8           	tay
     878: 8a           	txa
     879: 69 00        	adc	#$0
     87b: 85 12        	sta	$12                     ; 0x12 <__rc2>
     87d: 85 15        	sta	$15                     ; 0x15 <__rc5>
     87f: 06 12        	asl	$12                     ; 0x12 <__rc2>
     881: 2c 9f 1d     	bit	$1d9f                   ; 0x1d9f <__set_v>
     884: b0 01        	bcs	$887 <main+0x490>
     886: b8           	clv
     887: a9 00        	lda	#$0
     889: 2a           	rol
     88a: 06 12        	asl	$12                     ; 0x12 <__rc2>
     88c: a2 01        	ldx	#$1
     88e: b0 02        	bcs	$892 <main+0x49b>
     890: a2 00        	ldx	#$0
     892: 86 16        	stx	$16                     ; 0x16 <__rc6>
     894: 2a           	rol
     895: 06 12        	asl	$12                     ; 0x12 <__rc2>
     897: a2 01        	ldx	#$1
     899: b0 02        	bcs	$89d <main+0x4a6>
     89b: a2 00        	ldx	#$0
     89d: 86 17        	stx	$17                     ; 0x17 <__rc7>
     89f: 2a           	rol
     8a0: a6 0f        	ldx	$f                      ; 0xf <__zp_bss_size+0x4>
     8a2: 78           	sei
     8a3: 09 10        	ora	#$10
     8a5: 85 0f        	sta	$f                      ; 0xf <__zp_bss_size+0x4>
     8a7: a5 15        	lda	$15                     ; 0x15 <__rc5>
     8a9: 09 e0        	ora	#$e0
     8ab: 84 12        	sty	$12                     ; 0x12 <__rc2>
     8ad: 85 13        	sta	$13                     ; 0x13 <__rc3>
     8af: 85 18        	sta	$18                     ; 0x18 <__rc8>
     8b1: a5 14        	lda	$14                     ; 0x14 <__rc4>
     8b3: 92 12        	sta	($12)                   ; 0x12 <__rc2>
     8b5: 86 0f        	stx	$f                      ; 0xf <__zp_bss_size+0x4>
     8b7: a9 02        	lda	#$2
     8b9: 38           	sec
     8ba: 70 01        	bvs	$8bd <main+0x4c6>
     8bc: 18           	clc
     8bd: 2a           	rol
     8be: a6 16        	ldx	$16                     ; 0x16 <__rc6>
     8c0: e0 01        	cpx	#$1
     8c2: 2a           	rol
     8c3: 58           	cli
     8c4: a6 17        	ldx	$17                     ; 0x17 <__rc7>
     8c6: e0 01        	cpx	#$1
     8c8: 2a           	rol
     8c9: a6 0f        	ldx	$f                      ; 0xf <__zp_bss_size+0x4>
     8cb: 78           	sei
     8cc: 85 0f        	sta	$f                      ; 0xf <__zp_bss_size+0x4>
     8ce: 98           	tya
     8cf: 09 01        	ora	#$1
     8d1: 85 12        	sta	$12                     ; 0x12 <__rc2>
     8d3: a5 18        	lda	$18                     ; 0x18 <__rc8>
     8d5: 85 13        	sta	$13                     ; 0x13 <__rc3>
     8d7: a5 14        	lda	$14                     ; 0x14 <__rc4>
     8d9: 92 12        	sta	($12)                   ; 0x12 <__rc2>
     8db: 86 0f        	stx	$f                      ; 0xf <__zp_bss_size+0x4>
     8dd: 58           	cli
     8de: 1a           	inc
     8df: 85 14        	sta	$14                     ; 0x14 <__rc4>
     8e1: a6 15        	ldx	$15                     ; 0x15 <__rc5>
     8e3: e0 25        	cpx	#$25
     8e5: d0 07        	bne	$8ee <main+0x4f7>
     8e7: c0 7e        	cpy	#$7e
     8e9: b0 0a        	bcs	$8f5 <main+0x4fe>
     8eb: 4c 73 08     	jmp	$873 <main+0x47c>
     8ee: e0 25        	cpx	#$25
     8f0: b0 03        	bcs	$8f5 <main+0x4fe>
     8f2: 4c 73 08     	jmp	$873 <main+0x47c>
     8f5: a2 08        	ldx	#$8
     8f7: 86 01        	stx	$1                      ; 0x1 <__zp_data_size>
     8f9: a2 fc        	ldx	#$fc
     8fb: a0 ff        	ldy	#$ff
     8fd: 64 12        	stz	$12                     ; 0x12 <__rc2>
     8ff: a9 00        	lda	#$0
     901: 5a           	phy
     902: a0 0e        	ldy	#$e
     904: 91 10        	sta	($10),y                 ; 0x10 <__rc0>
     906: 7a           	ply
     907: 8a           	txa
     908: 18           	clc
     909: 69 04        	adc	#$4
     90b: 85 26        	sta	$26                     ; 0x26 <__rc22>
     90d: a9 01        	lda	#$1
     90f: b0 02        	bcs	$913 <main+0x51c>
     911: a9 00        	lda	#$0
     913: 85 28        	sta	$28                     ; 0x28 <__rc24>
     915: 98           	tya
     916: 69 c0        	adc	#$c0
     918: 85 13        	sta	$13                     ; 0x13 <__rc3>
     91a: 8a           	txa
     91b: 18           	clc
     91c: 69 05        	adc	#$5
     91e: 85 14        	sta	$14                     ; 0x14 <__rc4>
     920: a9 01        	lda	#$1
     922: b0 02        	bcs	$926 <main+0x52f>
     924: a9 00        	lda	#$0
     926: 85 2b        	sta	$2b                     ; 0x2b <__rc27>
     928: 98           	tya
     929: 69 c0        	adc	#$c0
     92b: 85 15        	sta	$15                     ; 0x15 <__rc5>
     92d: 8a           	txa
     92e: 18           	clc
     92f: 69 06        	adc	#$6
     931: 85 1f        	sta	$1f                     ; 0x1f <__rc15>
     933: a9 01        	lda	#$1
     935: b0 02        	bcs	$939 <main+0x542>
     937: a9 00        	lda	#$0
     939: 85 2d        	sta	$2d                     ; 0x2d <__rc29>
     93b: 98           	tya
     93c: 69 c0        	adc	#$c0
     93e: 85 17        	sta	$17                     ; 0x17 <__rc7>
     940: 8a           	txa
     941: 18           	clc
     942: 69 07        	adc	#$7
     944: 85 23        	sta	$23                     ; 0x23 <__rc19>
     946: a9 01        	lda	#$1
     948: b0 02        	bcs	$94c <main+0x555>
     94a: a9 00        	lda	#$0
     94c: 85 27        	sta	$27                     ; 0x27 <__rc23>
     94e: 98           	tya
     94f: 69 c0        	adc	#$c0
     951: 85 19        	sta	$19                     ; 0x19 <__rc9>
     953: 98           	tya
     954: 5a           	phy
     955: a4 28        	ldy	$28                     ; 0x28 <__rc24>
     957: c0 01        	cpy	#$1
     959: 7a           	ply
     95a: 69 c4        	adc	#$c4
     95c: 85 1b        	sta	$1b                     ; 0x1b <__rc11>
     95e: 98           	tya
     95f: 5a           	phy
     960: a4 2b        	ldy	$2b                     ; 0x2b <__rc27>
     962: c0 01        	cpy	#$1
     964: 7a           	ply
     965: 69 c4        	adc	#$c4
     967: 85 1d        	sta	$1d                     ; 0x1d <__rc13>
     969: 98           	tya
     96a: 5a           	phy
     96b: a4 2d        	ldy	$2d                     ; 0x2d <__rc29>
     96d: c0 01        	cpy	#$1
     96f: 7a           	ply
     970: 69 c4        	adc	#$c4
     972: 85 22        	sta	$22                     ; 0x22 <__rc18>
     974: 98           	tya
     975: 5a           	phy
     976: a4 27        	ldy	$27                     ; 0x27 <__rc23>
     978: c0 01        	cpy	#$1
     97a: 7a           	ply
     97b: 69 c4        	adc	#$c4
     97d: 85 24        	sta	$24                     ; 0x24 <__rc20>
     97f: 98           	tya
     980: 5a           	phy
     981: a4 28        	ldy	$28                     ; 0x28 <__rc24>
     983: c0 01        	cpy	#$1
     985: 7a           	ply
     986: 69 c8        	adc	#$c8
     988: 85 25        	sta	$25                     ; 0x25 <__rc21>
     98a: 18           	clc
     98b: 8a           	txa
     98c: 69 04        	adc	#$4
     98e: 5a           	phy
     98f: a0 0c        	ldy	#$c
     991: 91 10        	sta	($10),y                 ; 0x10 <__rc0>
     993: 7a           	ply
     994: 98           	tya
     995: a6 2b        	ldx	$2b                     ; 0x2b <__rc27>
     997: e0 01        	cpx	#$1
     999: 69 c8        	adc	#$c8
     99b: 5a           	phy
     99c: a0 0b        	ldy	#$b
     99e: 91 10        	sta	($10),y                 ; 0x10 <__rc0>
     9a0: 7a           	ply
     9a1: 98           	tya
     9a2: a6 2d        	ldx	$2d                     ; 0x2d <__rc29>
     9a4: e0 01        	cpx	#$1
     9a6: 69 c8        	adc	#$c8
     9a8: 5a           	phy
     9a9: a0 0a        	ldy	#$a
     9ab: 91 10        	sta	($10),y                 ; 0x10 <__rc0>
     9ad: 7a           	ply
     9ae: 98           	tya
     9af: a6 27        	ldx	$27                     ; 0x27 <__rc23>
     9b1: e0 01        	cpx	#$1
     9b3: 69 c8        	adc	#$c8
     9b5: 5a           	phy
     9b6: a0 09        	ldy	#$9
     9b8: 91 10        	sta	($10),y                 ; 0x10 <__rc0>
     9ba: 7a           	ply
     9bb: 98           	tya
     9bc: a6 28        	ldx	$28                     ; 0x28 <__rc24>
     9be: e0 01        	cpx	#$1
     9c0: 69 cc        	adc	#$cc
     9c2: 5a           	phy
     9c3: a0 08        	ldy	#$8
     9c5: 91 10        	sta	($10),y                 ; 0x10 <__rc0>
     9c7: a6 26        	ldx	$26                     ; 0x26 <__rc22>
     9c9: 86 12        	stx	$12                     ; 0x12 <__rc2>
     9cb: a6 14        	ldx	$14                     ; 0x14 <__rc4>
     9cd: a4 1f        	ldy	$1f                     ; 0x1f <__rc15>
     9cf: 84 16        	sty	$16                     ; 0x16 <__rc6>
     9d1: a4 23        	ldy	$23                     ; 0x23 <__rc19>
     9d3: 84 18        	sty	$18                     ; 0x18 <__rc8>
     9d5: a4 26        	ldy	$26                     ; 0x26 <__rc22>
     9d7: 84 1a        	sty	$1a                     ; 0x1a <__rc10>
     9d9: 86 1c        	stx	$1c                     ; 0x1c <__rc12>
     9db: 86 29        	stx	$29                     ; 0x29 <__rc25>
     9dd: a6 1f        	ldx	$1f                     ; 0x1f <__rc15>
     9df: 86 1e        	stx	$1e                     ; 0x1e <__rc14>
     9e1: a6 1f        	ldx	$1f                     ; 0x1f <__rc15>
     9e3: 86 2a        	stx	$2a                     ; 0x2a <__rc26>
     9e5: a6 22        	ldx	$22                     ; 0x22 <__rc18>
     9e7: 86 1f        	stx	$1f                     ; 0x1f <__rc15>
     9e9: a6 23        	ldx	$23                     ; 0x23 <__rc19>
     9eb: 86 22        	stx	$22                     ; 0x22 <__rc18>
     9ed: a6 23        	ldx	$23                     ; 0x23 <__rc19>
     9ef: 86 2c        	stx	$2c                     ; 0x2c <__rc28>
     9f1: a6 24        	ldx	$24                     ; 0x24 <__rc20>
     9f3: 86 23        	stx	$23                     ; 0x23 <__rc19>
     9f5: a6 26        	ldx	$26                     ; 0x26 <__rc22>
     9f7: 86 24        	stx	$24                     ; 0x24 <__rc20>
     9f9: a0 0e        	ldy	#$e
     9fb: b1 10        	lda	($10),y                 ; 0x10 <__rc0>
     9fd: 92 12        	sta	($12)                   ; 0x12 <__rc2>
     9ff: aa           	tax
     a00: a9 00        	lda	#$0
     a02: 92 14        	sta	($14)                   ; 0x14 <__rc4>
     a04: 92 16        	sta	($16)                   ; 0x16 <__rc6>
     a06: 92 18        	sta	($18)                   ; 0x18 <__rc8>
     a08: 92 1a        	sta	($1a)                   ; 0x1a <__rc10>
     a0a: 92 1c        	sta	($1c)                   ; 0x1c <__rc12>
     a0c: 8a           	txa
     a0d: 92 1e        	sta	($1e)                   ; 0x1e <__rc14>
     a0f: 86 1f        	stx	$1f                     ; 0x1f <__rc15>
     a11: a9 00        	lda	#$0
     a13: 92 22        	sta	($22)                   ; 0x22 <__rc18>
     a15: a0 0c        	ldy	#$c
     a17: b1 10        	lda	($10),y                 ; 0x10 <__rc0>
     a19: 92 24        	sta	($24)                   ; 0x24 <__rc20>
     a1b: a6 29        	ldx	$29                     ; 0x29 <__rc25>
     a1d: 86 12        	stx	$12                     ; 0x12 <__rc2>
     a1f: 88           	dey
     a20: b1 10        	lda	($10),y                 ; 0x10 <__rc0>
     a22: 85 13        	sta	$13                     ; 0x13 <__rc3>
     a24: a6 2a        	ldx	$2a                     ; 0x2a <__rc26>
     a26: 86 14        	stx	$14                     ; 0x14 <__rc4>
     a28: 88           	dey
     a29: b1 10        	lda	($10),y                 ; 0x10 <__rc0>
     a2b: 85 15        	sta	$15                     ; 0x15 <__rc5>
     a2d: a6 2c        	ldx	$2c                     ; 0x2c <__rc28>
     a2f: 86 16        	stx	$16                     ; 0x16 <__rc6>
     a31: 88           	dey
     a32: b1 10        	lda	($10),y                 ; 0x10 <__rc0>
     a34: 85 17        	sta	$17                     ; 0x17 <__rc7>
     a36: a6 26        	ldx	$26                     ; 0x26 <__rc22>
     a38: 86 18        	stx	$18                     ; 0x18 <__rc8>
     a3a: 88           	dey
     a3b: b1 10        	lda	($10),y                 ; 0x10 <__rc0>
     a3d: 7a           	ply
     a3e: 85 19        	sta	$19                     ; 0x19 <__rc9>
     a40: a6 26        	ldx	$26                     ; 0x26 <__rc22>
     a42: 98           	tya
     a43: 5a           	phy
     a44: a4 2b        	ldy	$2b                     ; 0x2b <__rc27>
     a46: c0 01        	cpy	#$1
     a48: 69 cc        	adc	#$cc
     a4a: a4 29        	ldy	$29                     ; 0x29 <__rc25>
     a4c: 84 1a        	sty	$1a                     ; 0x1a <__rc10>
     a4e: 7a           	ply
     a4f: 85 1b        	sta	$1b                     ; 0x1b <__rc11>
     a51: 98           	tya
     a52: 5a           	phy
     a53: a4 2d        	ldy	$2d                     ; 0x2d <__rc29>
     a55: c0 01        	cpy	#$1
     a57: 69 cc        	adc	#$cc
     a59: a4 2a        	ldy	$2a                     ; 0x2a <__rc26>
     a5b: 84 1c        	sty	$1c                     ; 0x1c <__rc12>
     a5d: 7a           	ply
     a5e: 85 1d        	sta	$1d                     ; 0x1d <__rc13>
     a60: 98           	tya
     a61: 5a           	phy
     a62: a4 27        	ldy	$27                     ; 0x27 <__rc23>
     a64: c0 01        	cpy	#$1
     a66: 69 cc        	adc	#$cc
     a68: 85 22        	sta	$22                     ; 0x22 <__rc18>
     a6a: a4 2c        	ldy	$2c                     ; 0x2c <__rc28>
     a6c: 84 1e        	sty	$1e                     ; 0x1e <__rc14>
     a6e: a5 1f        	lda	$1f                     ; 0x1f <__rc15>
     a70: 92 12        	sta	($12)                   ; 0x12 <__rc2>
     a72: 92 14        	sta	($14)                   ; 0x14 <__rc4>
     a74: 85 12        	sta	$12                     ; 0x12 <__rc2>
     a76: a9 00        	lda	#$0
     a78: 92 16        	sta	($16)                   ; 0x16 <__rc6>
     a7a: 92 18        	sta	($18)                   ; 0x18 <__rc8>
     a7c: a5 12        	lda	$12                     ; 0x12 <__rc2>
     a7e: 92 1a        	sta	($1a)                   ; 0x1a <__rc10>
     a80: a9 00        	lda	#$0
     a82: 92 1c        	sta	($1c)                   ; 0x1c <__rc12>
     a84: a4 22        	ldy	$22                     ; 0x22 <__rc18>
     a86: 84 1f        	sty	$1f                     ; 0x1f <__rc15>
     a88: 7a           	ply
     a89: 92 1e        	sta	($1e)                   ; 0x1e <__rc14>
     a8b: 98           	tya
     a8c: a4 28        	ldy	$28                     ; 0x28 <__rc24>
     a8e: c0 01        	cpy	#$1
     a90: 69 00        	adc	#$0
     a92: a8           	tay
     a93: 18           	clc
     a94: a5 12        	lda	$12                     ; 0x12 <__rc2>
     a96: 69 fc        	adc	#$fc
     a98: 5a           	phy
     a99: a0 0e        	ldy	#$e
     a9b: 91 10        	sta	($10),y                 ; 0x10 <__rc0>
     a9d: 7a           	ply
     a9e: c0 03        	cpy	#$3
     aa0: d0 07        	bne	$aa9 <main+0x6b2>
     aa2: e0 fc        	cpx	#$fc
     aa4: b0 0a        	bcs	$ab0 <main+0x6b9>
     aa6: 4c 07 09     	jmp	$907 <main+0x510>
     aa9: c0 03        	cpy	#$3
     aab: b0 03        	bcs	$ab0 <main+0x6b9>
     aad: 4c 07 09     	jmp	$907 <main+0x510>
     ab0: a2 00        	ldx	#$0
     ab2: 64 01        	stz	$1                      ; 0x1 <__zp_data_size>
     ab4: 4c 77 07     	jmp	$777 <main+0x380>
     ab7: 64 01        	stz	$1                      ; 0x1 <__zp_data_size>
     ab9: a0 0d        	ldy	#$d
     abb: b1 10        	lda	($10),y                 ; 0x10 <__rc0>
     abd: d0 0e        	bne	$acd <main+0x6d6>
     abf: a0 10        	ldy	#$10
     ac1: a9 01        	lda	#$1
     ac3: 80 0e        	bra	$ad3 <main+0x6dc>
     ac5: 20 42 0b     	jsr	$b42 <oldText>
     ac8: a2 01        	ldx	#$1
     aca: 4c 77 07     	jmp	$777 <main+0x380>
     acd: a0 14        	ldy	#$14
     acf: 64 12        	stz	$12                     ; 0x12 <__rc2>
     ad1: a9 00        	lda	#$0
     ad3: 5a           	phy
     ad4: a0 0d        	ldy	#$d
     ad6: 91 10        	sta	($10),y                 ; 0x10 <__rc0>
     ad8: 7a           	ply
     ad9: 8c 01 d0     	sty	$d001                   ; 0xd001 <__heap_start+0xb199>
     adc: 4c 77 07     	jmp	$777 <main+0x380>
     adf: 78           	sei
     ae0: a2 07        	ldx	#$7
     ae2: 86 0f        	stx	$f                      ; 0xf <__zp_bss_size+0x4>
     ae4: a2 de        	ldx	#$de
     ae6: 8e a2 d6     	stx	$d6a2                   ; 0xd6a2 <__heap_start+0xb83a>
     ae9: a2 ad        	ldx	#$ad
     aeb: 8e a3 d6     	stx	$d6a3                   ; 0xd6a3 <__heap_start+0xb83b>
     aee: a2 f0        	ldx	#$f0
     af0: 8e a0 d6     	stx	$d6a0                   ; 0xd6a0 <__heap_start+0xb838>
     af3: 9c a0 d6     	stz	$d6a0                   ; 0xd6a0 <__heap_start+0xb838>
     af6: 6c fc ff     	jmp	($fffc)                 ; 0xfffc <__heap_start+0xe194>
     af9: a2 00        	ldx	#$0
     afb: 8a           	txa
     afc: 85 20        	sta	$20                     ; 0x20 <__rc16>
     afe: a8           	tay
     aff: b1 10        	lda	($10),y                 ; 0x10 <__rc0>
     b01: 85 2f        	sta	$2f                     ; 0x2f <__rc31>
     b03: c8           	iny
     b04: b1 10        	lda	($10),y                 ; 0x10 <__rc0>
     b06: 85 2e        	sta	$2e                     ; 0x2e <__rc30>
     b08: c8           	iny
     b09: b1 10        	lda	($10),y                 ; 0x10 <__rc0>
     b0b: 85 2d        	sta	$2d                     ; 0x2d <__rc29>
     b0d: c8           	iny
     b0e: b1 10        	lda	($10),y                 ; 0x10 <__rc0>
     b10: 85 2c        	sta	$2c                     ; 0x2c <__rc28>
     b12: c8           	iny
     b13: b1 10        	lda	($10),y                 ; 0x10 <__rc0>
     b15: 85 2b        	sta	$2b                     ; 0x2b <__rc27>
     b17: c8           	iny
     b18: b1 10        	lda	($10),y                 ; 0x10 <__rc0>
     b1a: 85 2a        	sta	$2a                     ; 0x2a <__rc26>
     b1c: c8           	iny
     b1d: b1 10        	lda	($10),y                 ; 0x10 <__rc0>
     b1f: 85 29        	sta	$29                     ; 0x29 <__rc25>
     b21: c8           	iny
     b22: b1 10        	lda	($10),y                 ; 0x10 <__rc0>
     b24: 85 28        	sta	$28                     ; 0x28 <__rc24>
     b26: 7a           	ply
     b27: 84 27        	sty	$27                     ; 0x27 <__rc23>
     b29: 7a           	ply
     b2a: 84 26        	sty	$26                     ; 0x26 <__rc22>
     b2c: 7a           	ply
     b2d: 84 25        	sty	$25                     ; 0x25 <__rc21>
     b2f: 7a           	ply
     b30: 84 24        	sty	$24                     ; 0x24 <__rc20>
     b32: 18           	clc
     b33: a5 10        	lda	$10                     ; 0x10 <__rc0>
     b35: 69 19        	adc	#$19
     b37: 85 10        	sta	$10                     ; 0x10 <__rc0>
     b39: a5 11        	lda	$11                     ; 0x11 <__rc1>
     b3b: 69 00        	adc	#$0
     b3d: 85 11        	sta	$11                     ; 0x11 <__rc1>
     b3f: a5 20        	lda	$20                     ; 0x20 <__rc16>
     b41: 60           	rts

00000b42 <oldText>:
     b42: 18           	clc
     b43: a5 10        	lda	$10                     ; 0x10 <__rc0>
     b45: 69 fe        	adc	#$fe
     b47: 85 10        	sta	$10                     ; 0x10 <__rc0>
     b49: a5 11        	lda	$11                     ; 0x11 <__rc1>
     b4b: 69 ff        	adc	#$ff
     b4d: 85 11        	sta	$11                     ; 0x11 <__rc1>
     b4f: a2 27        	ldx	#$27
     b51: 8e 00 d0     	stx	$d000                   ; 0xd000 <__heap_start+0xb198>
     b54: a2 10        	ldx	#$10
     b56: 8e 01 d0     	stx	$d001                   ; 0xd001 <__heap_start+0xb199>
     b59: a2 f0        	ldx	#$f0
     b5b: 86 30        	stx	$30                     ; 0x30 <_ccolor>
     b5d: 20 56 03     	jsr	$356 <textClear>
     b60: a2 10        	ldx	#$10
     b62: 86 12        	stx	$12                     ; 0x12 <__rc2>
     b64: a2 1e        	ldx	#$1e
     b66: 86 13        	stx	$13                     ; 0x13 <__rc3>
     b68: 20 20 0c     	jsr	$c20 <textPrint>
     b6b: a0 00        	ldy	#$0
     b6d: 64 12        	stz	$12                     ; 0x12 <__rc2>
     b6f: 64 13        	stz	$13                     ; 0x13 <__rc3>
     b71: 84 30        	sty	$30                     ; 0x30 <_ccolor>
     b73: a6 12        	ldx	$12                     ; 0x12 <__rc2>
     b75: 86 3d        	stx	$3d                     ; 0x3d <__rc31+0xe>
     b77: a6 12        	ldx	$12                     ; 0x12 <__rc2>
     b79: 86 38        	stx	$38                     ; 0x38 <_col>
     b7b: 8e 14 d0     	stx	$d014                   ; 0xd014 <__heap_start+0xb1ac>
     b7e: 9c 15 d0     	stz	$d015                   ; 0xd015 <__heap_start+0xb1ad>
     b81: a2 01        	ldx	#$1
     b83: 86 39        	stx	$39                     ; 0x39 <_row>
     b85: 8e 16 d0     	stx	$d016                   ; 0xd016 <__heap_start+0xb1ae>
     b88: 9c 17 d0     	stz	$d017                   ; 0xd017 <__heap_start+0xb1af>
     b8b: a5 13        	lda	$13                     ; 0x13 <__rc3>
     b8d: 92 10        	sta	($10)                   ; 0x10 <__rc0>
     b8f: 85 3e        	sta	$3e                     ; 0x3e <__rc31+0xf>
     b91: 84 3c        	sty	$3c                     ; 0x3c <__rc31+0xd>
     b93: a9 00        	lda	#$0
     b95: a0 01        	ldy	#$1
     b97: 91 10        	sta	($10),y                 ; 0x10 <__rc0>
     b99: 20 e1 0f     	jsr	$fe1 <printf>
     b9c: a6 3e        	ldx	$3e                     ; 0x3e <__rc31+0xf>
     b9e: e8           	inx
     b9f: 18           	clc
     ba0: a5 3d        	lda	$3d                     ; 0x3d <__rc31+0xe>
     ba2: 69 05        	adc	#$5
     ba4: 85 12        	sta	$12                     ; 0x12 <__rc2>
     ba6: 18           	clc
     ba7: a5 3c        	lda	$3c                     ; 0x3c <__rc31+0xd>
     ba9: 69 10        	adc	#$10
     bab: a8           	tay
     bac: 86 13        	stx	$13                     ; 0x13 <__rc3>
     bae: e0 10        	cpx	#$10
     bb0: d0 bf        	bne	$b71 <oldText+0x2f>
     bb2: 64 3c        	stz	$3c                     ; 0x3c <__rc31+0xd>
     bb4: 64 3d        	stz	$3d                     ; 0x3d <__rc31+0xe>
     bb6: a5 3c        	lda	$3c                     ; 0x3c <__rc31+0xd>
     bb8: 0a           	asl
     bb9: 0a           	asl
     bba: 18           	clc
     bbb: a2 01        	ldx	#$1
     bbd: b0 02        	bcs	$bc1 <oldText+0x7f>
     bbf: a2 00        	ldx	#$0
     bc1: 86 3f        	stx	$3f                     ; 0x3f <__rc31+0x10>
     bc3: 65 3c        	adc	$3c                     ; 0x3c <__rc31+0xd>
     bc5: 85 3e        	sta	$3e                     ; 0x3e <__rc31+0xf>
     bc7: a2 00        	ldx	#$0
     bc9: 86 12        	stx	$12                     ; 0x12 <__rc2>
     bcb: a5 3d        	lda	$3d                     ; 0x3d <__rc31+0xe>
     bcd: a4 3f        	ldy	$3f                     ; 0x3f <__rc31+0x10>
     bcf: c0 01        	cpy	#$1
     bd1: 65 12        	adc	$12                     ; 0x12 <__rc2>
     bd3: 85 30        	sta	$30                     ; 0x30 <_ccolor>
     bd5: 8a           	txa
     bd6: 18           	clc
     bd7: 69 02        	adc	#$2
     bd9: 86 40        	stx	$40                     ; 0x40 <__rc31+0x11>
     bdb: a6 3e        	ldx	$3e                     ; 0x3e <__rc31+0xf>
     bdd: 86 38        	stx	$38                     ; 0x38 <_col>
     bdf: 8e 14 d0     	stx	$d014                   ; 0xd014 <__heap_start+0xb1ac>
     be2: 9c 15 d0     	stz	$d015                   ; 0xd015 <__heap_start+0xb1ad>
     be5: 85 39        	sta	$39                     ; 0x39 <_row>
     be7: 8d 16 d0     	sta	$d016                   ; 0xd016 <__heap_start+0xb1ae>
     bea: 9c 17 d0     	stz	$d017                   ; 0xd017 <__heap_start+0xb1af>
     bed: a2 0a        	ldx	#$a
     bef: 86 12        	stx	$12                     ; 0x12 <__rc2>
     bf1: a2 1e        	ldx	#$1e
     bf3: 86 13        	stx	$13                     ; 0x13 <__rc3>
     bf5: 20 20 0c     	jsr	$c20 <textPrint>
     bf8: a6 40        	ldx	$40                     ; 0x40 <__rc31+0x11>
     bfa: e8           	inx
     bfb: e0 10        	cpx	#$10
     bfd: d0 ca        	bne	$bc9 <oldText+0x87>
     bff: a6 3c        	ldx	$3c                     ; 0x3c <__rc31+0xd>
     c01: e8           	inx
     c02: 18           	clc
     c03: a5 3d        	lda	$3d                     ; 0x3d <__rc31+0xe>
     c05: 69 10        	adc	#$10
     c07: 85 3d        	sta	$3d                     ; 0x3d <__rc31+0xe>
     c09: 86 3c        	stx	$3c                     ; 0x3c <__rc31+0xd>
     c0b: e0 10        	cpx	#$10
     c0d: f0 03        	beq	$c12 <oldText+0xd0>
     c0f: 4c b6 0b     	jmp	$bb6 <oldText+0x74>
     c12: 18           	clc
     c13: a5 10        	lda	$10                     ; 0x10 <__rc0>
     c15: 69 02        	adc	#$2
     c17: 85 10        	sta	$10                     ; 0x10 <__rc0>
     c19: a5 11        	lda	$11                     ; 0x11 <__rc1>
     c1b: 69 00        	adc	#$0
     c1d: 85 11        	sta	$11                     ; 0x11 <__rc1>
     c1f: 60           	rts

00000c20 <textPrint>:
     c20: a6 01        	ldx	$1                      ; 0x1 <__zp_data_size>
     c22: 86 99        	stx	$99                     ; 0x99 <__rc31+0x6a>
     c24: a6 39        	ldx	$39                     ; 0x39 <_row>
     c26: a0 50        	ldy	#$50
     c28: 8c 00 de     	sty	$de00                   ; 0xde00 <__heap_start+0xbf98>
     c2b: 9c 01 de     	stz	$de01                   ; 0xde01 <__heap_start+0xbf99>
     c2e: 8e 02 de     	stx	$de02                   ; 0xde02 <__heap_start+0xbf9a>
     c31: 9c 03 de     	stz	$de03                   ; 0xde03 <__heap_start+0xbf9b>
     c34: ae 10 de     	ldx	$de10                   ; 0xde10 <__heap_start+0xbfa8>
     c37: ad 11 de     	lda	$de11                   ; 0xde11 <__heap_start+0xbfa9>
     c3a: 85 15        	sta	$15                     ; 0x15 <__rc5>
     c3c: ad 12 de     	lda	$de12                   ; 0xde12 <__heap_start+0xbfaa>
     c3f: 85 1c        	sta	$1c                     ; 0x1c <__rc12>
     c41: ad 13 de     	lda	$de13                   ; 0xde13 <__heap_start+0xbfab>
     c44: 85 1d        	sta	$1d                     ; 0x1d <__rc13>
     c46: 9c 08 de     	stz	$de08                   ; 0xde08 <__heap_start+0xbfa0>
     c49: a9 c0        	lda	#$c0
     c4b: 8d 09 de     	sta	$de09                   ; 0xde09 <__heap_start+0xbfa1>
     c4e: 9c 0a de     	stz	$de0a                   ; 0xde0a <__heap_start+0xbfa2>
     c51: 9c 0b de     	stz	$de0b                   ; 0xde0b <__heap_start+0xbfa3>
     c54: 8e 0c de     	stx	$de0c                   ; 0xde0c <__heap_start+0xbfa4>
     c57: 64 14        	stz	$14                     ; 0x14 <__rc4>
     c59: a2 00        	ldx	#$0
     c5b: 86 16        	stx	$16                     ; 0x16 <__rc6>
     c5d: a2 c0        	ldx	#$c0
     c5f: 86 17        	stx	$17                     ; 0x17 <__rc7>
     c61: a2 11        	ldx	#$11
     c63: 86 18        	stx	$18                     ; 0x18 <__rc8>
     c65: a2 c9        	ldx	#$c9
     c67: 86 19        	stx	$19                     ; 0x19 <__rc9>
     c69: a2 10        	ldx	#$10
     c6b: 86 1a        	stx	$1a                     ; 0x1a <__rc10>
     c6d: a2 c9        	ldx	#$c9
     c6f: 86 1b        	stx	$1b                     ; 0x1b <__rc11>
     c71: a6 15        	ldx	$15                     ; 0x15 <__rc5>
     c73: 8e 0d de     	stx	$de0d                   ; 0xde0d <__heap_start+0xbfa5>
     c76: a6 1c        	ldx	$1c                     ; 0x1c <__rc12>
     c78: 8e 0e de     	stx	$de0e                   ; 0xde0e <__heap_start+0xbfa6>
     c7b: a6 1d        	ldx	$1d                     ; 0x1d <__rc13>
     c7d: 8e 0f de     	stx	$de0f                   ; 0xde0f <__heap_start+0xbfa7>
     c80: ae 18 de     	ldx	$de18                   ; 0xde18 <__heap_start+0xbfb0>
     c83: 86 1c        	stx	$1c                     ; 0x1c <__rc12>
     c85: ad 19 de     	lda	$de19                   ; 0xde19 <__heap_start+0xbfb1>
     c88: ae 1a de     	ldx	$de1a                   ; 0xde1a <__heap_start+0xbfb2>
     c8b: ae 1b de     	ldx	$de1b                   ; 0xde1b <__heap_start+0xbfb3>
     c8e: 85 1d        	sta	$1d                     ; 0x1d <__rc13>
     c90: 64 15        	stz	$15                     ; 0x15 <__rc5>
     c92: a2 20        	ldx	#$20
     c94: 86 9b        	stx	$9b                     ; 0x9b <__rc31+0x6c>
     c96: 80 13        	bra	$cab <textPrint+0x8b>
     c98: a5 1c        	lda	$1c                     ; 0x1c <__rc12>
     c9a: 18           	clc
     c9b: 69 50        	adc	#$50
     c9d: 85 1c        	sta	$1c                     ; 0x1c <__rc12>
     c9f: a5 1d        	lda	$1d                     ; 0x1d <__rc13>
     ca1: 69 00        	adc	#$0
     ca3: 85 1d        	sta	$1d                     ; 0x1d <__rc13>
     ca5: e6 14        	inc	$14                     ; 0x14 <__rc4>
     ca7: d0 02        	bne	$cab <textPrint+0x8b>
     ca9: e6 15        	inc	$15                     ; 0x15 <__rc5>
     cab: a5 12        	lda	$12                     ; 0x12 <__rc2>
     cad: 18           	clc
     cae: 65 14        	adc	$14                     ; 0x14 <__rc4>
     cb0: 85 1e        	sta	$1e                     ; 0x1e <__rc14>
     cb2: a5 13        	lda	$13                     ; 0x13 <__rc3>
     cb4: 65 15        	adc	$15                     ; 0x15 <__rc5>
     cb6: 85 1f        	sta	$1f                     ; 0x1f <__rc15>
     cb8: b2 1e        	lda	($1e)                   ; 0x1e <__rc14>
     cba: c9 0a        	cmp	#$a
     cbc: f0 2a        	beq	$ce8 <textPrint+0xc8>
     cbe: c9 0d        	cmp	#$d
     cc0: f0 26        	beq	$ce8 <textPrint+0xc8>
     cc2: aa           	tax
     cc3: d0 03        	bne	$cc8 <textPrint+0xa8>
     cc5: 4c d7 0d     	jmp	$dd7 <textPrint+0x1b7>
     cc8: a2 03        	ldx	#$3
     cca: 86 01        	stx	$1                      ; 0x1 <__zp_data_size>
     ccc: a5 30        	lda	$30                     ; 0x30 <_ccolor>
     cce: 84 22        	sty	$22                     ; 0x22 <__rc18>
     cd0: a4 38        	ldy	$38                     ; 0x38 <_col>
     cd2: 91 1c        	sta	($1c),y                 ; 0x1c <__rc12>
     cd4: ca           	dex
     cd5: 86 01        	stx	$1                      ; 0x1 <__zp_data_size>
     cd7: b2 1e        	lda	($1e)                   ; 0x1e <__rc14>
     cd9: a4 38        	ldy	$38                     ; 0x38 <_col>
     cdb: 91 1c        	sta	($1c),y                 ; 0x1c <__rc12>
     cdd: a4 22        	ldy	$22                     ; 0x22 <__rc18>
     cdf: a6 38        	ldx	$38                     ; 0x38 <_col>
     ce1: e8           	inx
     ce2: e6 38        	inc	$38                     ; 0x38 <_col>
     ce4: e0 50        	cpx	#$50
     ce6: d0 bd        	bne	$ca5 <textPrint+0x85>
     ce8: 64 38        	stz	$38                     ; 0x38 <_col>
     cea: a6 39        	ldx	$39                     ; 0x39 <_row>
     cec: e8           	inx
     ced: e6 39        	inc	$39                     ; 0x39 <_row>
     cef: e0 1e        	cpx	#$1e
     cf1: f0 03        	beq	$cf6 <textPrint+0xd6>
     cf3: 4c 98 0c     	jmp	$c98 <textPrint+0x78>
     cf6: a2 50        	ldx	#$50
     cf8: 86 9a        	stx	$9a                     ; 0x9a <__rc31+0x6b>
     cfa: a2 03        	ldx	#$3
     cfc: 86 01        	stx	$1                      ; 0x1 <__zp_data_size>
     cfe: a2 01        	ldx	#$1
     d00: 86 1c        	stx	$1c                     ; 0x1c <__rc12>
     d02: a2 09        	ldx	#$9
     d04: a9 10        	lda	#$10
     d06: a0 00        	ldy	#$0
     d08: 84 1e        	sty	$1e                     ; 0x1e <__rc14>
     d0a: a0 c0        	ldy	#$c0
     d0c: 84 1f        	sty	$1f                     ; 0x1f <__rc15>
     d0e: 85 1d        	sta	$1d                     ; 0x1d <__rc13>
     d10: a4 9a        	ldy	$9a                     ; 0x9a <__rc31+0x6b>
     d12: b1 1e        	lda	($1e),y                 ; 0x1e <__rc14>
     d14: 92 1e        	sta	($1e)                   ; 0x1e <__rc14>
     d16: a9 ff        	lda	#$ff
     d18: c6 1d        	dec	$1d                     ; 0x1d <__rc13>
     d1a: c5 1d        	cmp	$1d                     ; 0x1d <__rc13>
     d1c: d0 01        	bne	$d1f <textPrint+0xff>
     d1e: ca           	dex
     d1f: e6 1e        	inc	$1e                     ; 0x1e <__rc14>
     d21: d0 02        	bne	$d25 <textPrint+0x105>
     d23: e6 1f        	inc	$1f                     ; 0x1f <__rc15>
     d25: 8a           	txa
     d26: d0 ea        	bne	$d12 <textPrint+0xf2>
     d28: a5 1d        	lda	$1d                     ; 0x1d <__rc13>
     d2a: d0 e6        	bne	$d12 <textPrint+0xf2>
     d2c: a2 50        	ldx	#$50
     d2e: 86 9a        	stx	$9a                     ; 0x9a <__rc31+0x6b>
     d30: a2 02        	ldx	#$2
     d32: 86 01        	stx	$1                      ; 0x1 <__zp_data_size>
     d34: a2 00        	ldx	#$0
     d36: a5 1c        	lda	$1c                     ; 0x1c <__rc12>
     d38: d0 c6        	bne	$d00 <textPrint+0xe0>
     d3a: a2 03        	ldx	#$3
     d3c: 86 01        	stx	$1                      ; 0x1 <__zp_data_size>
     d3e: a5 30        	lda	$30                     ; 0x30 <_ccolor>
     d40: a2 50        	ldx	#$50
     d42: a0 11        	ldy	#$11
     d44: 84 1c        	sty	$1c                     ; 0x1c <__rc12>
     d46: a0 c9        	ldy	#$c9
     d48: 84 1d        	sty	$1d                     ; 0x1d <__rc13>
     d4a: a0 10        	ldy	#$10
     d4c: 84 1e        	sty	$1e                     ; 0x1e <__rc14>
     d4e: a0 c9        	ldy	#$c9
     d50: 84 1f        	sty	$1f                     ; 0x1f <__rc15>
     d52: a4 1e        	ldy	$1e                     ; 0x1e <__rc14>
     d54: 84 22        	sty	$22                     ; 0x22 <__rc18>
     d56: a4 1f        	ldy	$1f                     ; 0x1f <__rc15>
     d58: 84 23        	sty	$23                     ; 0x23 <__rc19>
     d5a: a4 1c        	ldy	$1c                     ; 0x1c <__rc12>
     d5c: 84 1e        	sty	$1e                     ; 0x1e <__rc14>
     d5e: a4 1d        	ldy	$1d                     ; 0x1d <__rc13>
     d60: 84 1f        	sty	$1f                     ; 0x1f <__rc15>
     d62: 92 22        	sta	($22)                   ; 0x22 <__rc18>
     d64: e6 1c        	inc	$1c                     ; 0x1c <__rc12>
     d66: d0 02        	bne	$d6a <textPrint+0x14a>
     d68: e6 1d        	inc	$1d                     ; 0x1d <__rc13>
     d6a: ca           	dex
     d6b: d0 e5        	bne	$d52 <textPrint+0x132>
     d6d: a2 02        	ldx	#$2
     d6f: 86 01        	stx	$1                      ; 0x1 <__zp_data_size>
     d71: a2 50        	ldx	#$50
     d73: a0 11        	ldy	#$11
     d75: 84 1c        	sty	$1c                     ; 0x1c <__rc12>
     d77: a0 c9        	ldy	#$c9
     d79: 84 1d        	sty	$1d                     ; 0x1d <__rc13>
     d7b: a0 10        	ldy	#$10
     d7d: 84 1e        	sty	$1e                     ; 0x1e <__rc14>
     d7f: a0 c9        	ldy	#$c9
     d81: 84 1f        	sty	$1f                     ; 0x1f <__rc15>
     d83: a5 9b        	lda	$9b                     ; 0x9b <__rc31+0x6c>
     d85: a4 1e        	ldy	$1e                     ; 0x1e <__rc14>
     d87: 84 22        	sty	$22                     ; 0x22 <__rc18>
     d89: a4 1f        	ldy	$1f                     ; 0x1f <__rc15>
     d8b: 84 23        	sty	$23                     ; 0x23 <__rc19>
     d8d: a4 1c        	ldy	$1c                     ; 0x1c <__rc12>
     d8f: 84 1e        	sty	$1e                     ; 0x1e <__rc14>
     d91: a4 1d        	ldy	$1d                     ; 0x1d <__rc13>
     d93: 84 1f        	sty	$1f                     ; 0x1f <__rc15>
     d95: 92 22        	sta	($22)                   ; 0x22 <__rc18>
     d97: e6 1c        	inc	$1c                     ; 0x1c <__rc12>
     d99: d0 02        	bne	$d9d <textPrint+0x17d>
     d9b: e6 1d        	inc	$1d                     ; 0x1d <__rc13>
     d9d: ca           	dex
     d9e: d0 e5        	bne	$d85 <textPrint+0x165>
     da0: a2 20        	ldx	#$20
     da2: 86 9b        	stx	$9b                     ; 0x9b <__rc31+0x6c>
     da4: c6 39        	dec	$39                     ; 0x39 <_row>
     da6: 9c 08 de     	stz	$de08                   ; 0xde08 <__heap_start+0xbfa0>
     da9: a2 c0        	ldx	#$c0
     dab: 8e 09 de     	stx	$de09                   ; 0xde09 <__heap_start+0xbfa1>
     dae: 9c 0a de     	stz	$de0a                   ; 0xde0a <__heap_start+0xbfa2>
     db1: 9c 0b de     	stz	$de0b                   ; 0xde0b <__heap_start+0xbfa3>
     db4: a2 1d        	ldx	#$1d
     db6: 8e 0c de     	stx	$de0c                   ; 0xde0c <__heap_start+0xbfa4>
     db9: 9c 0d de     	stz	$de0d                   ; 0xde0d <__heap_start+0xbfa5>
     dbc: 9c 0e de     	stz	$de0e                   ; 0xde0e <__heap_start+0xbfa6>
     dbf: 9c 0f de     	stz	$de0f                   ; 0xde0f <__heap_start+0xbfa7>
     dc2: ae 18 de     	ldx	$de18                   ; 0xde18 <__heap_start+0xbfb0>
     dc5: ac 19 de     	ldy	$de19                   ; 0xde19 <__heap_start+0xbfb1>
     dc8: ad 1a de     	lda	$de1a                   ; 0xde1a <__heap_start+0xbfb2>
     dcb: ad 1b de     	lda	$de1b                   ; 0xde1b <__heap_start+0xbfb3>
     dce: 86 1c        	stx	$1c                     ; 0x1c <__rc12>
     dd0: 84 1d        	sty	$1d                     ; 0x1d <__rc13>
     dd2: a4 9a        	ldy	$9a                     ; 0x9a <__rc31+0x6b>
     dd4: 4c a5 0c     	jmp	$ca5 <textPrint+0x85>
     dd7: a6 99        	ldx	$99                     ; 0x99 <__rc31+0x6a>
     dd9: 86 01        	stx	$1                      ; 0x1 <__zp_data_size>
     ddb: a6 38        	ldx	$38                     ; 0x38 <_col>
     ddd: a4 39        	ldy	$39                     ; 0x39 <_row>
     ddf: 8e 14 d0     	stx	$d014                   ; 0xd014 <__heap_start+0xb1ac>
     de2: 9c 15 d0     	stz	$d015                   ; 0xd015 <__heap_start+0xb1ad>
     de5: 84 39        	sty	$39                     ; 0x39 <_row>
     de7: 8c 16 d0     	sty	$d016                   ; 0xd016 <__heap_start+0xb1ae>
     dea: 9c 17 d0     	stz	$d017                   ; 0xd017 <__heap_start+0xb1af>
     ded: 60           	rts

00000dee <exit>:
     dee: 20 18 03     	jsr	$318 <_fini>
     df1: 80 fe        	bra	$df1 <exit+0x3>

00000df3 <_ZN12_GLOBAL__N_13putEcP6Status>:
     df3: 85 18        	sta	$18                     ; 0x18 <__rc8>
     df5: a6 13        	ldx	$13                     ; 0x13 <__rc3>
     df7: 18           	clc
     df8: a5 12        	lda	$12                     ; 0x12 <__rc2>
     dfa: 69 05        	adc	#$5
     dfc: a8           	tay
     dfd: a5 13        	lda	$13                     ; 0x13 <__rc3>
     dff: 86 15        	stx	$15                     ; 0x15 <__rc5>
     e01: 69 00        	adc	#$0
     e03: 18           	clc
     e04: 84 16        	sty	$16                     ; 0x16 <__rc6>
     e06: a0 05        	ldy	#$5
     e08: 85 17        	sta	$17                     ; 0x17 <__rc7>
     e0a: b1 12        	lda	($12),y                 ; 0x12 <__rc2>
     e0c: aa           	tax
     e0d: a5 12        	lda	$12                     ; 0x12 <__rc2>
     e0f: 69 03        	adc	#$3
     e11: 85 14        	sta	$14                     ; 0x14 <__rc4>
     e13: a5 15        	lda	$15                     ; 0x15 <__rc5>
     e15: 69 00        	adc	#$0
     e17: 85 15        	sta	$15                     ; 0x15 <__rc5>
     e19: a0 01        	ldy	#$1
     e1b: b1 16        	lda	($16),y                 ; 0x16 <__rc6>
     e1d: d1 14        	cmp	($14),y                 ; 0x14 <__rc4>
     e1f: d0 11        	bne	$e32 <_ZN12_GLOBAL__N_13putEcP6Status+0x3f>
     e21: a0 03        	ldy	#$3
     e23: 85 17        	sta	$17                     ; 0x17 <__rc7>
     e25: b1 12        	lda	($12),y                 ; 0x12 <__rc2>
     e27: 85 14        	sta	$14                     ; 0x14 <__rc4>
     e29: 86 16        	stx	$16                     ; 0x16 <__rc6>
     e2b: e4 14        	cpx	$14                     ; 0x14 <__rc4>
     e2d: 90 0e        	bcc	$e3d <_ZN12_GLOBAL__N_13putEcP6Status+0x4a>
     e2f: 4c a6 0e     	jmp	$ea6 <_ZN12_GLOBAL__N_13putEcP6Status+0xb3>
     e32: 86 16        	stx	$16                     ; 0x16 <__rc6>
     e34: d1 14        	cmp	($14),y                 ; 0x14 <__rc4>
     e36: 85 17        	sta	$17                     ; 0x17 <__rc7>
     e38: 90 03        	bcc	$e3d <_ZN12_GLOBAL__N_13putEcP6Status+0x4a>
     e3a: 4c a6 0e     	jmp	$ea6 <_ZN12_GLOBAL__N_13putEcP6Status+0xb3>
     e3d: a5 12        	lda	$12                     ; 0x12 <__rc2>
     e3f: 18           	clc
     e40: 69 0f        	adc	#$f
     e42: 85 14        	sta	$14                     ; 0x14 <__rc4>
     e44: a5 13        	lda	$13                     ; 0x13 <__rc3>
     e46: 69 00        	adc	#$0
     e48: 85 15        	sta	$15                     ; 0x15 <__rc5>
     e4a: a0 01        	ldy	#$1
     e4c: b1 14        	lda	($14),y                 ; 0x14 <__rc4>
     e4e: a2 00        	ldx	#$0
     e50: 86 14        	stx	$14                     ; 0x14 <__rc4>
     e52: a2 00        	ldx	#$0
     e54: 86 15        	stx	$15                     ; 0x15 <__rc5>
     e56: c5 15        	cmp	$15                     ; 0x15 <__rc5>
     e58: d0 2d        	bne	$e87 <_ZN12_GLOBAL__N_13putEcP6Status+0x94>
     e5a: a0 0f        	ldy	#$f
     e5c: b1 12        	lda	($12),y                 ; 0x12 <__rc2>
     e5e: c5 14        	cmp	$14                     ; 0x14 <__rc4>
     e60: d0 25        	bne	$e87 <_ZN12_GLOBAL__N_13putEcP6Status+0x94>
     e62: a5 12        	lda	$12                     ; 0x12 <__rc2>
     e64: 18           	clc
     e65: 69 09        	adc	#$9
     e67: 85 14        	sta	$14                     ; 0x14 <__rc4>
     e69: a5 13        	lda	$13                     ; 0x13 <__rc3>
     e6b: 69 00        	adc	#$0
     e6d: a0 09        	ldy	#$9
     e6f: 85 15        	sta	$15                     ; 0x15 <__rc5>
     e71: 18           	clc
     e72: a5 16        	lda	$16                     ; 0x16 <__rc6>
     e74: 71 12        	adc	($12),y                 ; 0x12 <__rc2>
     e76: aa           	tax
     e77: a0 01        	ldy	#$1
     e79: a5 17        	lda	$17                     ; 0x17 <__rc7>
     e7b: 71 14        	adc	($14),y                 ; 0x14 <__rc4>
     e7d: 86 14        	stx	$14                     ; 0x14 <__rc4>
     e7f: 85 15        	sta	$15                     ; 0x15 <__rc5>
     e81: a5 18        	lda	$18                     ; 0x18 <__rc8>
     e83: 92 14        	sta	($14)                   ; 0x14 <__rc4>
     e85: 80 1f        	bra	$ea6 <_ZN12_GLOBAL__N_13putEcP6Status+0xb3>
     e87: a6 12        	ldx	$12                     ; 0x12 <__rc2>
     e89: 86 97        	stx	$97                     ; 0x97 <__rc31+0x68>
     e8b: a6 13        	ldx	$13                     ; 0x13 <__rc3>
     e8d: 86 98        	stx	$98                     ; 0x98 <__rc31+0x69>
     e8f: a5 18        	lda	$18                     ; 0x18 <__rc8>
     e91: 85 3a        	sta	$3a                     ; 0x3a <__putchar.s>
     e93: a2 3a        	ldx	#$3a
     e95: 86 12        	stx	$12                     ; 0x12 <__rc2>
     e97: a2 00        	ldx	#$0
     e99: 86 13        	stx	$13                     ; 0x13 <__rc3>
     e9b: 20 20 0c     	jsr	$c20 <textPrint>
     e9e: a6 97        	ldx	$97                     ; 0x97 <__rc31+0x68>
     ea0: 86 12        	stx	$12                     ; 0x12 <__rc2>
     ea2: a6 98        	ldx	$98                     ; 0x98 <__rc31+0x69>
     ea4: 86 13        	stx	$13                     ; 0x13 <__rc3>
     ea6: a0 05        	ldy	#$5
     ea8: a5 12        	lda	$12                     ; 0x12 <__rc2>
     eaa: 18           	clc
     eab: 69 05        	adc	#$5
     ead: 85 14        	sta	$14                     ; 0x14 <__rc4>
     eaf: a5 13        	lda	$13                     ; 0x13 <__rc3>
     eb1: 69 00        	adc	#$0
     eb3: 85 15        	sta	$15                     ; 0x15 <__rc5>
     eb5: b1 12        	lda	($12),y                 ; 0x12 <__rc2>
     eb7: aa           	tax
     eb8: 84 16        	sty	$16                     ; 0x16 <__rc6>
     eba: a0 01        	ldy	#$1
     ebc: b1 14        	lda	($14),y                 ; 0x14 <__rc4>
     ebe: 84 17        	sty	$17                     ; 0x17 <__rc7>
     ec0: e8           	inx
     ec1: d0 01        	bne	$ec4 <_ZN12_GLOBAL__N_13putEcP6Status+0xd1>
     ec3: 1a           	inc
     ec4: 85 18        	sta	$18                     ; 0x18 <__rc8>
     ec6: 8a           	txa
     ec7: a4 16        	ldy	$16                     ; 0x16 <__rc6>
     ec9: 91 12        	sta	($12),y                 ; 0x12 <__rc2>
     ecb: a4 17        	ldy	$17                     ; 0x17 <__rc7>
     ecd: a5 18        	lda	$18                     ; 0x18 <__rc8>
     ecf: 91 14        	sta	($14),y                 ; 0x14 <__rc4>
     ed1: 60           	rts

00000ed2 <_ZN12_GLOBAL__N_112print_stringEPKcP6Status>:
     ed2: a6 12        	ldx	$12                     ; 0x12 <__rc2>
     ed4: 86 8e        	stx	$8e                     ; 0x8e <__rc31+0x5f>
     ed6: a6 13        	ldx	$13                     ; 0x13 <__rc3>
     ed8: 86 8f        	stx	$8f                     ; 0x8f <__rc31+0x60>
     eda: a6 14        	ldx	$14                     ; 0x14 <__rc4>
     edc: 86 90        	stx	$90                     ; 0x90 <__rc31+0x61>
     ede: a6 15        	ldx	$15                     ; 0x15 <__rc5>
     ee0: 86 91        	stx	$91                     ; 0x91 <__rc31+0x62>
     ee2: a5 90        	lda	$90                     ; 0x90 <__rc31+0x61>
     ee4: 18           	clc
     ee5: 69 0d        	adc	#$d
     ee7: 85 12        	sta	$12                     ; 0x12 <__rc2>
     ee9: a5 91        	lda	$91                     ; 0x91 <__rc31+0x62>
     eeb: 69 00        	adc	#$0
     eed: 85 13        	sta	$13                     ; 0x13 <__rc3>
     eef: a0 01        	ldy	#$1
     ef1: b1 12        	lda	($12),y                 ; 0x12 <__rc2>
     ef3: 30 14        	bmi	$f09 <_ZN12_GLOBAL__N_112print_stringEPKcP6Status+0x37>
     ef5: a0 0d        	ldy	#$d
     ef7: aa           	tax
     ef8: b1 90        	lda	($90),y                 ; 0x90 <__rc31+0x61>
     efa: 86 93        	stx	$93                     ; 0x93 <__rc31+0x64>
     efc: e0 00        	cpx	#$0
     efe: d0 0e        	bne	$f0e <_ZN12_GLOBAL__N_112print_stringEPKcP6Status+0x3c>
     f00: aa           	tax
     f01: d0 0b        	bne	$f0e <_ZN12_GLOBAL__N_112print_stringEPKcP6Status+0x3c>
     f03: 64 92        	stz	$92                     ; 0x92 <__rc31+0x63>
     f05: 64 93        	stz	$93                     ; 0x93 <__rc31+0x64>
     f07: 80 36        	bra	$f3f <_ZN12_GLOBAL__N_112print_stringEPKcP6Status+0x6d>
     f09: a9 ff        	lda	#$ff
     f0b: aa           	tax
     f0c: 86 93        	stx	$93                     ; 0x93 <__rc31+0x64>
     f0e: 85 92        	sta	$92                     ; 0x92 <__rc31+0x63>
     f10: 64 12        	stz	$12                     ; 0x12 <__rc2>
     f12: a4 8e        	ldy	$8e                     ; 0x8e <__rc31+0x5f>
     f14: a6 8f        	ldx	$8f                     ; 0x8f <__rc31+0x60>
     f16: 86 16        	stx	$16                     ; 0x16 <__rc6>
     f18: 64 13        	stz	$13                     ; 0x13 <__rc3>
     f1a: 98           	tya
     f1b: 18           	clc
     f1c: 65 12        	adc	$12                     ; 0x12 <__rc2>
     f1e: 85 14        	sta	$14                     ; 0x14 <__rc4>
     f20: a5 8f        	lda	$8f                     ; 0x8f <__rc31+0x60>
     f22: 65 13        	adc	$13                     ; 0x13 <__rc3>
     f24: 85 15        	sta	$15                     ; 0x15 <__rc5>
     f26: b2 14        	lda	($14)                   ; 0x14 <__rc4>
     f28: d0 03        	bne	$f2d <_ZN12_GLOBAL__N_112print_stringEPKcP6Status+0x5b>
     f2a: 4c d6 0f     	jmp	$fd6 <_ZN12_GLOBAL__N_112print_stringEPKcP6Status+0x104>
     f2d: e6 12        	inc	$12                     ; 0x12 <__rc2>
     f2f: d0 02        	bne	$f33 <_ZN12_GLOBAL__N_112print_stringEPKcP6Status+0x61>
     f31: e6 13        	inc	$13                     ; 0x13 <__rc3>
     f33: a6 93        	ldx	$93                     ; 0x93 <__rc31+0x64>
     f35: e4 13        	cpx	$13                     ; 0x13 <__rc3>
     f37: d0 e1        	bne	$f1a <_ZN12_GLOBAL__N_112print_stringEPKcP6Status+0x48>
     f39: a6 92        	ldx	$92                     ; 0x92 <__rc31+0x63>
     f3b: e4 12        	cpx	$12                     ; 0x12 <__rc2>
     f3d: d0 db        	bne	$f1a <_ZN12_GLOBAL__N_112print_stringEPKcP6Status+0x48>
     f3f: a0 01        	ldy	#$1
     f41: b1 90        	lda	($90),y                 ; 0x90 <__rc31+0x61>
     f43: 29 01        	and	#$1
     f45: f0 03        	beq	$f4a <_ZN12_GLOBAL__N_112print_stringEPKcP6Status+0x78>
     f47: 4c a8 0f     	jmp	$fa8 <_ZN12_GLOBAL__N_112print_stringEPKcP6Status+0xd6>
     f4a: a5 90        	lda	$90                     ; 0x90 <__rc31+0x61>
     f4c: 18           	clc
     f4d: 69 0b        	adc	#$b
     f4f: 85 14        	sta	$14                     ; 0x14 <__rc4>
     f51: a5 91        	lda	$91                     ; 0x91 <__rc31+0x62>
     f53: 69 00        	adc	#$0
     f55: 85 15        	sta	$15                     ; 0x15 <__rc5>
     f57: 84 12        	sty	$12                     ; 0x12 <__rc2>
     f59: a0 0b        	ldy	#$b
     f5b: b1 90        	lda	($90),y                 ; 0x90 <__rc31+0x61>
     f5d: 85 13        	sta	$13                     ; 0x13 <__rc3>
     f5f: a4 12        	ldy	$12                     ; 0x12 <__rc2>
     f61: b1 14        	lda	($14),y                 ; 0x14 <__rc4>
     f63: 85 12        	sta	$12                     ; 0x12 <__rc2>
     f65: a6 93        	ldx	$93                     ; 0x93 <__rc31+0x64>
     f67: e4 12        	cpx	$12                     ; 0x12 <__rc2>
     f69: d0 08        	bne	$f73 <_ZN12_GLOBAL__N_112print_stringEPKcP6Status+0xa1>
     f6b: a6 92        	ldx	$92                     ; 0x92 <__rc31+0x63>
     f6d: e4 13        	cpx	$13                     ; 0x13 <__rc3>
     f6f: 90 06        	bcc	$f77 <_ZN12_GLOBAL__N_112print_stringEPKcP6Status+0xa5>
     f71: 80 35        	bra	$fa8 <_ZN12_GLOBAL__N_112print_stringEPKcP6Status+0xd6>
     f73: e4 12        	cpx	$12                     ; 0x12 <__rc2>
     f75: b0 31        	bcs	$fa8 <_ZN12_GLOBAL__N_112print_stringEPKcP6Status+0xd6>
     f77: 38           	sec
     f78: a5 92        	lda	$92                     ; 0x92 <__rc31+0x63>
     f7a: e5 13        	sbc	$13                     ; 0x13 <__rc3>
     f7c: a8           	tay
     f7d: a5 93        	lda	$93                     ; 0x93 <__rc31+0x64>
     f7f: e5 12        	sbc	$12                     ; 0x12 <__rc2>
     f81: 85 95        	sta	$95                     ; 0x95 <__rc31+0x66>
     f83: a2 20        	ldx	#$20
     f85: 86 96        	stx	$96                     ; 0x96 <__rc31+0x67>
     f87: a6 90        	ldx	$90                     ; 0x90 <__rc31+0x61>
     f89: 86 12        	stx	$12                     ; 0x12 <__rc2>
     f8b: a6 91        	ldx	$91                     ; 0x91 <__rc31+0x62>
     f8d: 86 13        	stx	$13                     ; 0x13 <__rc3>
     f8f: 84 94        	sty	$94                     ; 0x94 <__rc31+0x65>
     f91: a5 96        	lda	$96                     ; 0x96 <__rc31+0x67>
     f93: 20 f3 0d     	jsr	$df3 <_ZN12_GLOBAL__N_13putEcP6Status>
     f96: a6 95        	ldx	$95                     ; 0x95 <__rc31+0x66>
     f98: e6 94        	inc	$94                     ; 0x94 <__rc31+0x65>
     f9a: d0 01        	bne	$f9d <_ZN12_GLOBAL__N_112print_stringEPKcP6Status+0xcb>
     f9c: e8           	inx
     f9d: 86 95        	stx	$95                     ; 0x95 <__rc31+0x66>
     f9f: a4 94        	ldy	$94                     ; 0x94 <__rc31+0x65>
     fa1: 8a           	txa
     fa2: d0 e3        	bne	$f87 <_ZN12_GLOBAL__N_112print_stringEPKcP6Status+0xb5>
     fa4: a5 94        	lda	$94                     ; 0x94 <__rc31+0x65>
     fa6: d0 df        	bne	$f87 <_ZN12_GLOBAL__N_112print_stringEPKcP6Status+0xb5>
     fa8: a5 93        	lda	$93                     ; 0x93 <__rc31+0x64>
     faa: d0 04        	bne	$fb0 <_ZN12_GLOBAL__N_112print_stringEPKcP6Status+0xde>
     fac: a5 92        	lda	$92                     ; 0x92 <__rc31+0x63>
     fae: f0 25        	beq	$fd5 <_ZN12_GLOBAL__N_112print_stringEPKcP6Status+0x103>
     fb0: a2 ff        	ldx	#$ff
     fb2: c6 92        	dec	$92                     ; 0x92 <__rc31+0x63>
     fb4: e4 92        	cpx	$92                     ; 0x92 <__rc31+0x63>
     fb6: d0 02        	bne	$fba <_ZN12_GLOBAL__N_112print_stringEPKcP6Status+0xe8>
     fb8: c6 93        	dec	$93                     ; 0x93 <__rc31+0x64>
     fba: b2 8e        	lda	($8e)                   ; 0x8e <__rc31+0x5f>
     fbc: e6 8e        	inc	$8e                     ; 0x8e <__rc31+0x5f>
     fbe: d0 02        	bne	$fc2 <_ZN12_GLOBAL__N_112print_stringEPKcP6Status+0xf0>
     fc0: e6 8f        	inc	$8f                     ; 0x8f <__rc31+0x60>
     fc2: a6 90        	ldx	$90                     ; 0x90 <__rc31+0x61>
     fc4: 86 12        	stx	$12                     ; 0x12 <__rc2>
     fc6: a6 91        	ldx	$91                     ; 0x91 <__rc31+0x62>
     fc8: 86 13        	stx	$13                     ; 0x13 <__rc3>
     fca: 20 f3 0d     	jsr	$df3 <_ZN12_GLOBAL__N_13putEcP6Status>
     fcd: a5 93        	lda	$93                     ; 0x93 <__rc31+0x64>
     fcf: d0 df        	bne	$fb0 <_ZN12_GLOBAL__N_112print_stringEPKcP6Status+0xde>
     fd1: a5 92        	lda	$92                     ; 0x92 <__rc31+0x63>
     fd3: d0 db        	bne	$fb0 <_ZN12_GLOBAL__N_112print_stringEPKcP6Status+0xde>
     fd5: 60           	rts
     fd6: a6 12        	ldx	$12                     ; 0x12 <__rc2>
     fd8: 86 92        	stx	$92                     ; 0x92 <__rc31+0x63>
     fda: a6 13        	ldx	$13                     ; 0x13 <__rc3>
     fdc: 86 93        	stx	$93                     ; 0x93 <__rc31+0x64>
     fde: 4c 3f 0f     	jmp	$f3f <_ZN12_GLOBAL__N_112print_stringEPKcP6Status+0x6d>

00000fe1 <printf>:
     fe1: 18           	clc
     fe2: a6 10        	ldx	$10                     ; 0x10 <__rc0>
     fe4: a4 11        	ldy	$11                     ; 0x11 <__rc1>
     fe6: 86 84        	stx	$84                     ; 0x84 <__rc31+0x55>
     fe8: 84 85        	sty	$85                     ; 0x85 <__rc31+0x56>
     fea: a6 84        	ldx	$84                     ; 0x84 <__rc31+0x55>
     fec: a4 85        	ldy	$85                     ; 0x85 <__rc31+0x56>
     fee: 86 6f        	stx	$6f                     ; 0x6f <__rc31+0x40>
     ff0: 84 70        	sty	$70                     ; 0x70 <__rc31+0x41>
     ff2: a2 ff        	ldx	#$ff
     ff4: 86 74        	stx	$74                     ; 0x74 <__rc31+0x45>
     ff6: 86 75        	stx	$75                     ; 0x75 <__rc31+0x46>
     ff8: 64 76        	stz	$76                     ; 0x76 <__rc31+0x47>
     ffa: 64 77        	stz	$77                     ; 0x77 <__rc31+0x48>
     ffc: e8           	inx
     ffd: 86 12        	stx	$12                     ; 0x12 <__rc2>
     fff: a2 00        	ldx	#$0
    1001: 86 13        	stx	$13                     ; 0x13 <__rc3>
    1003: a6 12        	ldx	$12                     ; 0x12 <__rc2>
    1005: a4 13        	ldy	$13                     ; 0x13 <__rc3>
    1007: 86 7a        	stx	$7a                     ; 0x7a <__rc31+0x4b>
    1009: 84 7b        	sty	$7b                     ; 0x7b <__rc31+0x4c>
    100b: a2 02        	ldx	#$2
    100d: 86 80        	stx	$80                     ; 0x80 <__rc31+0x51>
    100f: 64 81        	stz	$81                     ; 0x81 <__rc31+0x52>
    1011: a6 6f        	ldx	$6f                     ; 0x6f <__rc31+0x40>
    1013: a4 70        	ldy	$70                     ; 0x70 <__rc31+0x41>
    1015: 86 82        	stx	$82                     ; 0x82 <__rc31+0x53>
    1017: 84 83        	sty	$83                     ; 0x83 <__rc31+0x54>
    1019: a2 66        	ldx	#$66
    101b: a0 00        	ldy	#$0
    101d: 86 12        	stx	$12                     ; 0x12 <__rc2>
    101f: 84 13        	sty	$13                     ; 0x13 <__rc3>
    1021: a0 01        	ldy	#$1
    1023: a9 4d        	lda	#$4d
    1025: 18           	clc
    1026: 69 02        	adc	#$2
    1028: 85 8c        	sta	$8c                     ; 0x8c <__rc31+0x5d>
    102a: a9 00        	lda	#$0
    102c: 69 00        	adc	#$0
    102e: 85 8d        	sta	$8d                     ; 0x8d <__rc31+0x5e>
    1030: e6 12        	inc	$12                     ; 0x12 <__rc2>
    1032: d0 02        	bne	$1036 <printf+0x55>
    1034: e6 13        	inc	$13                     ; 0x13 <__rc3>
    1036: a6 12        	ldx	$12                     ; 0x12 <__rc2>
    1038: 86 88        	stx	$88                     ; 0x88 <__rc31+0x59>
    103a: a6 13        	ldx	$13                     ; 0x13 <__rc3>
    103c: 86 89        	stx	$89                     ; 0x89 <__rc31+0x5a>
    103e: a2 5e        	ldx	#$5e
    1040: 86 45        	stx	$45                     ; 0x45 <__rc31+0x16>
    1042: a2 1e        	ldx	#$1e
    1044: 86 46        	stx	$46                     ; 0x46 <__rc31+0x17>
    1046: a6 45        	ldx	$45                     ; 0x45 <__rc31+0x16>
    1048: 86 49        	stx	$49                     ; 0x49 <__rc31+0x1a>
    104a: a6 46        	ldx	$46                     ; 0x46 <__rc31+0x17>
    104c: 86 4a        	stx	$4a                     ; 0x4a <__rc31+0x1b>
    104e: b2 45        	lda	($45)                   ; 0x45 <__rc31+0x16>
    1050: c9 25        	cmp	#$25
    1052: f0 2d        	beq	$1081 <printf+0xa0>
    1054: aa           	tax
    1055: d0 03        	bne	$105a <printf+0x79>
    1057: 4c 52 1d     	jmp	$1d52 <printf+0xd71>
    105a: 85 3a        	sta	$3a                     ; 0x3a <__putchar.s>
    105c: a2 3a        	ldx	#$3a
    105e: 86 12        	stx	$12                     ; 0x12 <__rc2>
    1060: a2 00        	ldx	#$0
    1062: 86 13        	stx	$13                     ; 0x13 <__rc3>
    1064: 84 45        	sty	$45                     ; 0x45 <__rc31+0x16>
    1066: 20 20 0c     	jsr	$c20 <textPrint>
    1069: a4 45        	ldy	$45                     ; 0x45 <__rc31+0x16>
    106b: e6 49        	inc	$49                     ; 0x49 <__rc31+0x1a>
    106d: d0 02        	bne	$1071 <printf+0x90>
    106f: e6 4a        	inc	$4a                     ; 0x4a <__rc31+0x1b>
    1071: e6 76        	inc	$76                     ; 0x76 <__rc31+0x47>
    1073: d0 02        	bne	$1077 <printf+0x96>
    1075: e6 77        	inc	$77                     ; 0x77 <__rc31+0x48>
    1077: a6 49        	ldx	$49                     ; 0x49 <__rc31+0x1a>
    1079: 86 45        	stx	$45                     ; 0x45 <__rc31+0x16>
    107b: a6 4a        	ldx	$4a                     ; 0x4a <__rc31+0x1b>
    107d: 86 46        	stx	$46                     ; 0x46 <__rc31+0x17>
    107f: 80 c5        	bra	$1046 <printf+0x65>
    1081: a6 45        	ldx	$45                     ; 0x45 <__rc31+0x16>
    1083: 86 12        	stx	$12                     ; 0x12 <__rc2>
    1085: a6 46        	ldx	$46                     ; 0x46 <__rc31+0x17>
    1087: 86 13        	stx	$13                     ; 0x13 <__rc3>
    1089: e6 12        	inc	$12                     ; 0x12 <__rc2>
    108b: d0 02        	bne	$108f <printf+0xae>
    108d: e6 13        	inc	$13                     ; 0x13 <__rc3>
    108f: b1 49        	lda	($49),y                 ; 0x49 <__rc31+0x1a>
    1091: c9 25        	cmp	#$25
    1093: d0 18        	bne	$10ad <printf+0xcc>
    1095: a2 01        	ldx	#$1
    1097: 86 13        	stx	$13                     ; 0x13 <__rc3>
    1099: a5 76        	lda	$76                     ; 0x76 <__rc31+0x47>
    109b: a4 77        	ldy	$77                     ; 0x77 <__rc31+0x48>
    109d: c4 75        	cpy	$75                     ; 0x75 <__rc31+0x46>
    109f: f0 03        	beq	$10a4 <printf+0xc3>
    10a1: 4c bd 11     	jmp	$11bd <printf+0x1dc>
    10a4: a6 74        	ldx	$74                     ; 0x74 <__rc31+0x45>
    10a6: 86 12        	stx	$12                     ; 0x12 <__rc2>
    10a8: c5 12        	cmp	$12                     ; 0x12 <__rc2>
    10aa: 4c bf 11     	jmp	$11bf <printf+0x1de>
    10ad: a2 01        	ldx	#$1
    10af: 86 15        	stx	$15                     ; 0x15 <__rc5>
    10b1: 64 72        	stz	$72                     ; 0x72 <__rc31+0x43>
    10b3: 64 73        	stz	$73                     ; 0x73 <__rc31+0x44>
    10b5: 64 71        	stz	$71                     ; 0x71 <__rc31+0x42>
    10b7: 64 7c        	stz	$7c                     ; 0x7c <__rc31+0x4d>
    10b9: 64 7d        	stz	$7d                     ; 0x7d <__rc31+0x4e>
    10bb: a2 ff        	ldx	#$ff
    10bd: 86 7e        	stx	$7e                     ; 0x7e <__rc31+0x4f>
    10bf: 86 7f        	stx	$7f                     ; 0x7f <__rc31+0x50>
    10c1: 64 43        	stz	$43                     ; 0x43 <__rc31+0x14>
    10c3: 80 33        	bra	$10f8 <printf+0x117>
    10c5: a2 02        	ldx	#$2
    10c7: 80 15        	bra	$10de <printf+0xfd>
    10c9: e0 20        	cpx	#$20
    10cb: f0 15        	beq	$10e2 <printf+0x101>
    10cd: 86 16        	stx	$16                     ; 0x16 <__rc6>
    10cf: e0 23        	cpx	#$23
    10d1: f0 03        	beq	$10d6 <printf+0xf5>
    10d3: 4c 55 11     	jmp	$1155 <printf+0x174>
    10d6: a5 43        	lda	$43                     ; 0x43 <__rc31+0x14>
    10d8: a2 04        	ldx	#$4
    10da: 80 02        	bra	$10de <printf+0xfd>
    10dc: a2 10        	ldx	#$10
    10de: 86 14        	stx	$14                     ; 0x14 <__rc4>
    10e0: 80 06        	bra	$10e8 <printf+0x107>
    10e2: a2 08        	ldx	#$8
    10e4: 86 14        	stx	$14                     ; 0x14 <__rc4>
    10e6: a5 43        	lda	$43                     ; 0x43 <__rc31+0x14>
    10e8: 05 14        	ora	$14                     ; 0x14 <__rc4>
    10ea: 85 43        	sta	$43                     ; 0x43 <__rc31+0x14>
    10ec: 85 72        	sta	$72                     ; 0x72 <__rc31+0x43>
    10ee: a2 00        	ldx	#$0
    10f0: 86 73        	stx	$73                     ; 0x73 <__rc31+0x44>
    10f2: e6 12        	inc	$12                     ; 0x12 <__rc2>
    10f4: d0 02        	bne	$10f8 <printf+0x117>
    10f6: e6 13        	inc	$13                     ; 0x13 <__rc3>
    10f8: b2 12        	lda	($12)                   ; 0x12 <__rc2>
    10fa: aa           	tax
    10fb: 18           	clc
    10fc: 69 d6        	adc	#$d6
    10fe: c9 07        	cmp	#$7
    1100: b0 c7        	bcs	$10c9 <printf+0xe8>
    1102: 86 16        	stx	$16                     ; 0x16 <__rc6>
    1104: 0a           	asl
    1105: aa           	tax
    1106: a0 01        	ldy	#$1
    1108: 84 14        	sty	$14                     ; 0x14 <__rc4>
    110a: a5 43        	lda	$43                     ; 0x43 <__rc31+0x14>
    110c: 7c a0 1d     	jmp	($1da0,x)               ; 0x1da0 <__set_v+0x1>
    110f: a5 82        	lda	$82                     ; 0x82 <__rc31+0x53>
    1111: a6 83        	ldx	$83                     ; 0x83 <__rc31+0x54>
    1113: 85 16        	sta	$16                     ; 0x16 <__rc6>
    1115: 86 17        	stx	$17                     ; 0x17 <__rc7>
    1117: 18           	clc
    1118: 69 02        	adc	#$2
    111a: a8           	tay
    111b: 8a           	txa
    111c: 69 00        	adc	#$0
    111e: 84 82        	sty	$82                     ; 0x82 <__rc31+0x53>
    1120: 85 83        	sta	$83                     ; 0x83 <__rc31+0x54>
    1122: b2 16        	lda	($16)                   ; 0x16 <__rc6>
    1124: 85 15        	sta	$15                     ; 0x15 <__rc5>
    1126: a0 01        	ldy	#$1
    1128: b1 16        	lda	($16),y                 ; 0x16 <__rc6>
    112a: 85 14        	sta	$14                     ; 0x14 <__rc4>
    112c: 10 15        	bpl	$1143 <printf+0x162>
    112e: a5 43        	lda	$43                     ; 0x43 <__rc31+0x14>
    1130: 09 01        	ora	#$1
    1132: 85 43        	sta	$43                     ; 0x43 <__rc31+0x14>
    1134: 85 72        	sta	$72                     ; 0x72 <__rc31+0x43>
    1136: a2 00        	ldx	#$0
    1138: 86 73        	stx	$73                     ; 0x73 <__rc31+0x44>
    113a: 8a           	txa
    113b: 38           	sec
    113c: e5 15        	sbc	$15                     ; 0x15 <__rc5>
    113e: 85 15        	sta	$15                     ; 0x15 <__rc5>
    1140: 8a           	txa
    1141: e5 14        	sbc	$14                     ; 0x14 <__rc4>
    1143: a6 15        	ldx	$15                     ; 0x15 <__rc5>
    1145: 86 7c        	stx	$7c                     ; 0x7c <__rc31+0x4d>
    1147: 85 7d        	sta	$7d                     ; 0x7d <__rc31+0x4e>
    1149: e6 12        	inc	$12                     ; 0x12 <__rc2>
    114b: f0 03        	beq	$1150 <printf+0x16f>
    114d: 4c 29 12     	jmp	$1229 <printf+0x248>
    1150: e6 13        	inc	$13                     ; 0x13 <__rc3>
    1152: 4c 29 12     	jmp	$1229 <printf+0x248>
    1155: a5 16        	lda	$16                     ; 0x16 <__rc6>
    1157: 18           	clc
    1158: 69 d0        	adc	#$d0
    115a: c9 0a        	cmp	#$a
    115c: 90 03        	bcc	$1161 <printf+0x180>
    115e: 4c 1b 12     	jmp	$121b <printf+0x23a>
    1161: a6 16        	ldx	$16                     ; 0x16 <__rc6>
    1163: 86 14        	stx	$14                     ; 0x14 <__rc4>
    1165: 64 16        	stz	$16                     ; 0x16 <__rc6>
    1167: 64 15        	stz	$15                     ; 0x15 <__rc5>
    1169: 64 17        	stz	$17                     ; 0x17 <__rc7>
    116b: a0 01        	ldy	#$1
    116d: a2 00        	ldx	#$0
    116f: 06 16        	asl	$16                     ; 0x16 <__rc6>
    1171: 26 17        	rol	$17                     ; 0x17 <__rc7>
    1173: a5 16        	lda	$16                     ; 0x16 <__rc6>
    1175: 0a           	asl
    1176: 85 18        	sta	$18                     ; 0x18 <__rc8>
    1178: a5 17        	lda	$17                     ; 0x17 <__rc7>
    117a: 2a           	rol
    117b: 06 18        	asl	$18                     ; 0x18 <__rc8>
    117d: 2a           	rol
    117e: 85 19        	sta	$19                     ; 0x19 <__rc9>
    1180: a5 18        	lda	$18                     ; 0x18 <__rc8>
    1182: 18           	clc
    1183: 65 16        	adc	$16                     ; 0x16 <__rc6>
    1185: 85 16        	sta	$16                     ; 0x16 <__rc6>
    1187: a5 19        	lda	$19                     ; 0x19 <__rc9>
    1189: 65 17        	adc	$17                     ; 0x17 <__rc7>
    118b: 85 17        	sta	$17                     ; 0x17 <__rc7>
    118d: a5 16        	lda	$16                     ; 0x16 <__rc6>
    118f: 18           	clc
    1190: 65 14        	adc	$14                     ; 0x14 <__rc4>
    1192: 85 14        	sta	$14                     ; 0x14 <__rc4>
    1194: a5 17        	lda	$17                     ; 0x17 <__rc7>
    1196: 65 15        	adc	$15                     ; 0x15 <__rc5>
    1198: 85 15        	sta	$15                     ; 0x15 <__rc5>
    119a: 18           	clc
    119b: a5 14        	lda	$14                     ; 0x14 <__rc4>
    119d: 69 d0        	adc	#$d0
    119f: 85 16        	sta	$16                     ; 0x16 <__rc6>
    11a1: a5 15        	lda	$15                     ; 0x15 <__rc5>
    11a3: 69 ff        	adc	#$ff
    11a5: 85 17        	sta	$17                     ; 0x17 <__rc7>
    11a7: b1 12        	lda	($12),y                 ; 0x12 <__rc2>
    11a9: 85 14        	sta	$14                     ; 0x14 <__rc4>
    11ab: 18           	clc
    11ac: 69 d0        	adc	#$d0
    11ae: e6 12        	inc	$12                     ; 0x12 <__rc2>
    11b0: d0 02        	bne	$11b4 <printf+0x1d3>
    11b2: e6 13        	inc	$13                     ; 0x13 <__rc3>
    11b4: c9 0a        	cmp	#$a
    11b6: 64 15        	stz	$15                     ; 0x15 <__rc5>
    11b8: 90 b5        	bcc	$116f <printf+0x18e>
    11ba: 4c 21 12     	jmp	$1221 <printf+0x240>
    11bd: c4 75        	cpy	$75                     ; 0x75 <__rc31+0x46>
    11bf: 84 16        	sty	$16                     ; 0x16 <__rc6>
    11c1: a4 13        	ldy	$13                     ; 0x13 <__rc3>
    11c3: b0 40        	bcs	$1205 <printf+0x224>
    11c5: a2 01        	ldx	#$1
    11c7: 86 14        	stx	$14                     ; 0x14 <__rc4>
    11c9: a6 81        	ldx	$81                     ; 0x81 <__rc31+0x52>
    11cb: a0 00        	ldy	#$0
    11cd: 84 12        	sty	$12                     ; 0x12 <__rc2>
    11cf: a0 00        	ldy	#$0
    11d1: 84 13        	sty	$13                     ; 0x13 <__rc3>
    11d3: e4 13        	cpx	$13                     ; 0x13 <__rc3>
    11d5: d0 19        	bne	$11f0 <printf+0x20f>
    11d7: a6 80        	ldx	$80                     ; 0x80 <__rc31+0x51>
    11d9: e4 12        	cpx	$12                     ; 0x12 <__rc2>
    11db: d0 13        	bne	$11f0 <printf+0x20f>
    11dd: a4 14        	ldy	$14                     ; 0x14 <__rc4>
    11df: 18           	clc
    11e0: 65 7a        	adc	$7a                     ; 0x7a <__rc31+0x4b>
    11e2: 85 12        	sta	$12                     ; 0x12 <__rc2>
    11e4: a5 16        	lda	$16                     ; 0x16 <__rc6>
    11e6: 65 7b        	adc	$7b                     ; 0x7b <__rc31+0x4c>
    11e8: 85 13        	sta	$13                     ; 0x13 <__rc3>
    11ea: a9 25        	lda	#$25
    11ec: 92 12        	sta	($12)                   ; 0x12 <__rc2>
    11ee: 80 15        	bra	$1205 <printf+0x224>
    11f0: a2 01        	ldx	#$1
    11f2: 86 45        	stx	$45                     ; 0x45 <__rc31+0x16>
    11f4: a2 25        	ldx	#$25
    11f6: 86 3a        	stx	$3a                     ; 0x3a <__putchar.s>
    11f8: a2 3a        	ldx	#$3a
    11fa: 86 12        	stx	$12                     ; 0x12 <__rc2>
    11fc: a2 00        	ldx	#$0
    11fe: 86 13        	stx	$13                     ; 0x13 <__rc3>
    1200: 20 20 0c     	jsr	$c20 <textPrint>
    1203: a4 45        	ldy	$45                     ; 0x45 <__rc31+0x16>
    1205: e6 76        	inc	$76                     ; 0x76 <__rc31+0x47>
    1207: d0 02        	bne	$120b <printf+0x22a>
    1209: e6 77        	inc	$77                     ; 0x77 <__rc31+0x48>
    120b: a5 49        	lda	$49                     ; 0x49 <__rc31+0x1a>
    120d: 18           	clc
    120e: 69 02        	adc	#$2
    1210: 85 45        	sta	$45                     ; 0x45 <__rc31+0x16>
    1212: a5 4a        	lda	$4a                     ; 0x4a <__rc31+0x1b>
    1214: 69 00        	adc	#$0
    1216: 85 46        	sta	$46                     ; 0x46 <__rc31+0x17>
    1218: 4c 46 10     	jmp	$1046 <printf+0x65>
    121b: 64 16        	stz	$16                     ; 0x16 <__rc6>
    121d: 64 17        	stz	$17                     ; 0x17 <__rc7>
    121f: a4 15        	ldy	$15                     ; 0x15 <__rc5>
    1221: a6 16        	ldx	$16                     ; 0x16 <__rc6>
    1223: 86 7c        	stx	$7c                     ; 0x7c <__rc31+0x4d>
    1225: a5 17        	lda	$17                     ; 0x17 <__rc7>
    1227: 85 7d        	sta	$7d                     ; 0x7d <__rc31+0x4e>
    1229: 86 48        	stx	$48                     ; 0x48 <__rc31+0x19>
    122b: 85 47        	sta	$47                     ; 0x47 <__rc31+0x18>
    122d: b2 12        	lda	($12)                   ; 0x12 <__rc2>
    122f: a2 ff        	ldx	#$ff
    1231: c9 2e        	cmp	#$2e
    1233: d0 39        	bne	$126e <printf+0x28d>
    1235: b1 12        	lda	($12),y                 ; 0x12 <__rc2>
    1237: c9 2a        	cmp	#$2a
    1239: d0 38        	bne	$1273 <printf+0x292>
    123b: a5 82        	lda	$82                     ; 0x82 <__rc31+0x53>
    123d: a6 83        	ldx	$83                     ; 0x83 <__rc31+0x54>
    123f: 85 14        	sta	$14                     ; 0x14 <__rc4>
    1241: 86 15        	stx	$15                     ; 0x15 <__rc5>
    1243: 18           	clc
    1244: 69 02        	adc	#$2
    1246: 85 16        	sta	$16                     ; 0x16 <__rc6>
    1248: 8a           	txa
    1249: 69 00        	adc	#$0
    124b: a6 16        	ldx	$16                     ; 0x16 <__rc6>
    124d: 86 82        	stx	$82                     ; 0x82 <__rc31+0x53>
    124f: 85 83        	sta	$83                     ; 0x83 <__rc31+0x54>
    1251: a5 12        	lda	$12                     ; 0x12 <__rc2>
    1253: 18           	clc
    1254: 69 02        	adc	#$2
    1256: 85 12        	sta	$12                     ; 0x12 <__rc2>
    1258: a5 13        	lda	$13                     ; 0x13 <__rc3>
    125a: 69 00        	adc	#$0
    125c: 85 13        	sta	$13                     ; 0x13 <__rc3>
    125e: b2 14        	lda	($14)                   ; 0x14 <__rc4>
    1260: aa           	tax
    1261: b1 14        	lda	($14),y                 ; 0x14 <__rc4>
    1263: 86 18        	stx	$18                     ; 0x18 <__rc8>
    1265: 86 7e        	stx	$7e                     ; 0x7e <__rc31+0x4f>
    1267: 85 19        	sta	$19                     ; 0x19 <__rc9>
    1269: 85 7f        	sta	$7f                     ; 0x7f <__rc31+0x50>
    126b: 4c 31 13     	jmp	$1331 <printf+0x350>
    126e: 86 18        	stx	$18                     ; 0x18 <__rc8>
    1270: 4c 41 13     	jmp	$1341 <printf+0x360>
    1273: 18           	clc
    1274: 85 17        	sta	$17                     ; 0x17 <__rc7>
    1276: 69 d0        	adc	#$d0
    1278: c9 0a        	cmp	#$a
    127a: 90 03        	bcc	$127f <printf+0x29e>
    127c: 4c 23 13     	jmp	$1323 <printf+0x342>
    127f: 64 16        	stz	$16                     ; 0x16 <__rc6>
    1281: a2 01        	ldx	#$1
    1283: 64 18        	stz	$18                     ; 0x18 <__rc8>
    1285: 64 19        	stz	$19                     ; 0x19 <__rc9>
    1287: 84 1b        	sty	$1b                     ; 0x1b <__rc11>
    1289: 64 1c        	stz	$1c                     ; 0x1c <__rc12>
    128b: 18           	clc
    128c: a0 01        	ldy	#$1
    128e: b0 02        	bcs	$1292 <printf+0x2b1>
    1290: a0 00        	ldy	#$0
    1292: 84 1d        	sty	$1d                     ; 0x1d <__rc13>
    1294: a4 1c        	ldy	$1c                     ; 0x1c <__rc12>
    1296: 84 14        	sty	$14                     ; 0x14 <__rc4>
    1298: 86 15        	stx	$15                     ; 0x15 <__rc5>
    129a: 06 18        	asl	$18                     ; 0x18 <__rc8>
    129c: 26 19        	rol	$19                     ; 0x19 <__rc9>
    129e: a5 18        	lda	$18                     ; 0x18 <__rc8>
    12a0: 0a           	asl
    12a1: a8           	tay
    12a2: a5 19        	lda	$19                     ; 0x19 <__rc9>
    12a4: 2a           	rol
    12a5: 84 1f        	sty	$1f                     ; 0x1f <__rc15>
    12a7: 06 1f        	asl	$1f                     ; 0x1f <__rc15>
    12a9: 2a           	rol
    12aa: 85 22        	sta	$22                     ; 0x22 <__rc18>
    12ac: a5 1f        	lda	$1f                     ; 0x1f <__rc15>
    12ae: a4 1d        	ldy	$1d                     ; 0x1d <__rc13>
    12b0: c0 01        	cpy	#$1
    12b2: 65 18        	adc	$18                     ; 0x18 <__rc8>
    12b4: 85 18        	sta	$18                     ; 0x18 <__rc8>
    12b6: a5 22        	lda	$22                     ; 0x22 <__rc18>
    12b8: 65 19        	adc	$19                     ; 0x19 <__rc9>
    12ba: 85 19        	sta	$19                     ; 0x19 <__rc9>
    12bc: a5 18        	lda	$18                     ; 0x18 <__rc8>
    12be: a4 1d        	ldy	$1d                     ; 0x1d <__rc13>
    12c0: c0 01        	cpy	#$1
    12c2: 65 17        	adc	$17                     ; 0x17 <__rc7>
    12c4: 85 17        	sta	$17                     ; 0x17 <__rc7>
    12c6: a5 19        	lda	$19                     ; 0x19 <__rc9>
    12c8: 65 16        	adc	$16                     ; 0x16 <__rc6>
    12ca: 85 16        	sta	$16                     ; 0x16 <__rc6>
    12cc: 18           	clc
    12cd: a5 17        	lda	$17                     ; 0x17 <__rc7>
    12cf: 69 d0        	adc	#$d0
    12d1: 85 18        	sta	$18                     ; 0x18 <__rc8>
    12d3: a5 16        	lda	$16                     ; 0x16 <__rc6>
    12d5: 69 ff        	adc	#$ff
    12d7: 85 19        	sta	$19                     ; 0x19 <__rc9>
    12d9: e8           	inx
    12da: d0 02        	bne	$12de <printf+0x2fd>
    12dc: e6 1c        	inc	$1c                     ; 0x1c <__rc12>
    12de: a5 12        	lda	$12                     ; 0x12 <__rc2>
    12e0: a4 1d        	ldy	$1d                     ; 0x1d <__rc13>
    12e2: c0 01        	cpy	#$1
    12e4: 65 15        	adc	$15                     ; 0x15 <__rc5>
    12e6: a8           	tay
    12e7: a5 13        	lda	$13                     ; 0x13 <__rc3>
    12e9: 65 14        	adc	$14                     ; 0x14 <__rc4>
    12eb: 84 16        	sty	$16                     ; 0x16 <__rc6>
    12ed: 85 17        	sta	$17                     ; 0x17 <__rc7>
    12ef: a4 1b        	ldy	$1b                     ; 0x1b <__rc11>
    12f1: b1 16        	lda	($16),y                 ; 0x16 <__rc6>
    12f3: 85 17        	sta	$17                     ; 0x17 <__rc7>
    12f5: 18           	clc
    12f6: 69 d0        	adc	#$d0
    12f8: c9 0a        	cmp	#$a
    12fa: 64 16        	stz	$16                     ; 0x16 <__rc6>
    12fc: b0 03        	bcs	$1301 <printf+0x320>
    12fe: 4c 94 12     	jmp	$1294 <printf+0x2b3>
    1301: a5 12        	lda	$12                     ; 0x12 <__rc2>
    1303: a6 1d        	ldx	$1d                     ; 0x1d <__rc13>
    1305: e0 01        	cpx	#$1
    1307: 65 15        	adc	$15                     ; 0x15 <__rc5>
    1309: 85 12        	sta	$12                     ; 0x12 <__rc2>
    130b: a5 13        	lda	$13                     ; 0x13 <__rc3>
    130d: 65 14        	adc	$14                     ; 0x14 <__rc4>
    130f: 85 13        	sta	$13                     ; 0x13 <__rc3>
    1311: e6 12        	inc	$12                     ; 0x12 <__rc2>
    1313: d0 02        	bne	$1317 <printf+0x336>
    1315: e6 13        	inc	$13                     ; 0x13 <__rc3>
    1317: a6 18        	ldx	$18                     ; 0x18 <__rc8>
    1319: 86 7e        	stx	$7e                     ; 0x7e <__rc31+0x4f>
    131b: a6 19        	ldx	$19                     ; 0x19 <__rc9>
    131d: 86 7f        	stx	$7f                     ; 0x7f <__rc31+0x50>
    131f: a4 1b        	ldy	$1b                     ; 0x1b <__rc11>
    1321: 80 0e        	bra	$1331 <printf+0x350>
    1323: e6 12        	inc	$12                     ; 0x12 <__rc2>
    1325: d0 02        	bne	$1329 <printf+0x348>
    1327: e6 13        	inc	$13                     ; 0x13 <__rc3>
    1329: 64 18        	stz	$18                     ; 0x18 <__rc8>
    132b: 64 7e        	stz	$7e                     ; 0x7e <__rc31+0x4f>
    132d: 64 7f        	stz	$7f                     ; 0x7f <__rc31+0x50>
    132f: 64 19        	stz	$19                     ; 0x19 <__rc9>
    1331: a5 43        	lda	$43                     ; 0x43 <__rc31+0x14>
    1333: 29 ef        	and	#$ef
    1335: 85 43        	sta	$43                     ; 0x43 <__rc31+0x14>
    1337: 85 72        	sta	$72                     ; 0x72 <__rc31+0x43>
    1339: a2 00        	ldx	#$0
    133b: 86 73        	stx	$73                     ; 0x73 <__rc31+0x44>
    133d: b2 12        	lda	($12)                   ; 0x12 <__rc2>
    133f: a6 19        	ldx	$19                     ; 0x19 <__rc9>
    1341: 86 14        	stx	$14                     ; 0x14 <__rc4>
    1343: a6 12        	ldx	$12                     ; 0x12 <__rc2>
    1345: 86 45        	stx	$45                     ; 0x45 <__rc31+0x16>
    1347: a6 13        	ldx	$13                     ; 0x13 <__rc3>
    1349: 86 46        	stx	$46                     ; 0x46 <__rc31+0x17>
    134b: e6 45        	inc	$45                     ; 0x45 <__rc31+0x16>
    134d: d0 02        	bne	$1351 <printf+0x370>
    134f: e6 46        	inc	$46                     ; 0x46 <__rc31+0x17>
    1351: 38           	sec
    1352: aa           	tax
    1353: e9 6c        	sbc	#$6c
    1355: 50 02        	bvc	$1359 <printf+0x378>
    1357: 49 80        	eor	#$80
    1359: c9 00        	cmp	#$0
    135b: 10 28        	bpl	$1385 <printf+0x3a4>
    135d: e0 4c        	cpx	#$4c
    135f: f0 4c        	beq	$13ad <printf+0x3cc>
    1361: e0 68        	cpx	#$68
    1363: d0 03        	bne	$1368 <printf+0x387>
    1365: 4c e8 13     	jmp	$13e8 <printf+0x407>
    1368: da           	phx
    1369: 7a           	ply
    136a: a9 01        	lda	#$1
    136c: a6 49        	ldx	$49                     ; 0x49 <__rc31+0x1a>
    136e: 86 86        	stx	$86                     ; 0x86 <__rc31+0x57>
    1370: a6 4a        	ldx	$4a                     ; 0x4a <__rc31+0x1b>
    1372: 86 87        	stx	$87                     ; 0x87 <__rc31+0x58>
    1374: a2 08        	ldx	#$8
    1376: c0 6a        	cpy	#$6a
    1378: d0 2e        	bne	$13a8 <printf+0x3c7>
    137a: a4 45        	ldy	$45                     ; 0x45 <__rc31+0x16>
    137c: 84 12        	sty	$12                     ; 0x12 <__rc2>
    137e: a4 46        	ldy	$46                     ; 0x46 <__rc31+0x17>
    1380: 84 13        	sty	$13                     ; 0x13 <__rc3>
    1382: 4c e4 13     	jmp	$13e4 <printf+0x403>
    1385: e0 6c        	cpx	#$6c
    1387: f0 3b        	beq	$13c4 <printf+0x3e3>
    1389: e0 74        	cpx	#$74
    138b: d0 03        	bne	$1390 <printf+0x3af>
    138d: 4c 10 14     	jmp	$1410 <printf+0x42f>
    1390: da           	phx
    1391: 7a           	ply
    1392: a9 01        	lda	#$1
    1394: a6 49        	ldx	$49                     ; 0x49 <__rc31+0x1a>
    1396: 86 86        	stx	$86                     ; 0x86 <__rc31+0x57>
    1398: a6 4a        	ldx	$4a                     ; 0x4a <__rc31+0x1b>
    139a: 86 87        	stx	$87                     ; 0x87 <__rc31+0x58>
    139c: c0 7a        	cpy	#$7a
    139e: d0 08        	bne	$13a8 <printf+0x3c7>
    13a0: a6 45        	ldx	$45                     ; 0x45 <__rc31+0x16>
    13a2: 86 12        	stx	$12                     ; 0x12 <__rc2>
    13a4: a6 46        	ldx	$46                     ; 0x46 <__rc31+0x17>
    13a6: 86 13        	stx	$13                     ; 0x13 <__rc3>
    13a8: a2 02        	ldx	#$2
    13aa: 4c 23 14     	jmp	$1423 <printf+0x442>
    13ad: a6 49        	ldx	$49                     ; 0x49 <__rc31+0x1a>
    13af: 86 86        	stx	$86                     ; 0x86 <__rc31+0x57>
    13b1: a6 4a        	ldx	$4a                     ; 0x4a <__rc31+0x1b>
    13b3: 86 87        	stx	$87                     ; 0x87 <__rc31+0x58>
    13b5: a5 43        	lda	$43                     ; 0x43 <__rc31+0x14>
    13b7: 09 40        	ora	#$40
    13b9: 85 43        	sta	$43                     ; 0x43 <__rc31+0x14>
    13bb: 85 72        	sta	$72                     ; 0x72 <__rc31+0x43>
    13bd: a2 00        	ldx	#$0
    13bf: 86 73        	stx	$73                     ; 0x73 <__rc31+0x44>
    13c1: 4c 18 14     	jmp	$1418 <printf+0x437>
    13c4: a6 49        	ldx	$49                     ; 0x49 <__rc31+0x1a>
    13c6: 86 86        	stx	$86                     ; 0x86 <__rc31+0x57>
    13c8: a6 4a        	ldx	$4a                     ; 0x4a <__rc31+0x1b>
    13ca: 86 87        	stx	$87                     ; 0x87 <__rc31+0x58>
    13cc: b1 12        	lda	($12),y                 ; 0x12 <__rc2>
    13ce: a2 04        	ldx	#$4
    13d0: c9 6c        	cmp	#$6c
    13d2: d0 38        	bne	$140c <printf+0x42b>
    13d4: a5 12        	lda	$12                     ; 0x12 <__rc2>
    13d6: 18           	clc
    13d7: 69 02        	adc	#$2
    13d9: 85 12        	sta	$12                     ; 0x12 <__rc2>
    13db: a5 13        	lda	$13                     ; 0x13 <__rc3>
    13dd: 69 00        	adc	#$0
    13df: 85 13        	sta	$13                     ; 0x13 <__rc3>
    13e1: a2 08        	ldx	#$8
    13e3: 98           	tya
    13e4: a0 08        	ldy	#$8
    13e6: 80 3d        	bra	$1425 <printf+0x444>
    13e8: a6 49        	ldx	$49                     ; 0x49 <__rc31+0x1a>
    13ea: 86 86        	stx	$86                     ; 0x86 <__rc31+0x57>
    13ec: a6 4a        	ldx	$4a                     ; 0x4a <__rc31+0x1b>
    13ee: 86 87        	stx	$87                     ; 0x87 <__rc31+0x58>
    13f0: b1 12        	lda	($12),y                 ; 0x12 <__rc2>
    13f2: a2 02        	ldx	#$2
    13f4: c9 68        	cmp	#$68
    13f6: d0 14        	bne	$140c <printf+0x42b>
    13f8: a5 12        	lda	$12                     ; 0x12 <__rc2>
    13fa: 18           	clc
    13fb: 69 02        	adc	#$2
    13fd: 85 12        	sta	$12                     ; 0x12 <__rc2>
    13ff: a5 13        	lda	$13                     ; 0x13 <__rc3>
    1401: 69 00        	adc	#$0
    1403: 85 13        	sta	$13                     ; 0x13 <__rc3>
    1405: a2 01        	ldx	#$1
    1407: 86 44        	stx	$44                     ; 0x44 <__rc31+0x15>
    1409: e8           	inx
    140a: 80 1c        	bra	$1428 <printf+0x447>
    140c: 86 44        	stx	$44                     ; 0x44 <__rc31+0x15>
    140e: 80 24        	bra	$1434 <printf+0x453>
    1410: a6 49        	ldx	$49                     ; 0x49 <__rc31+0x1a>
    1412: 86 86        	stx	$86                     ; 0x86 <__rc31+0x57>
    1414: a6 4a        	ldx	$4a                     ; 0x4a <__rc31+0x1b>
    1416: 86 87        	stx	$87                     ; 0x87 <__rc31+0x58>
    1418: a6 45        	ldx	$45                     ; 0x45 <__rc31+0x16>
    141a: 86 12        	stx	$12                     ; 0x12 <__rc2>
    141c: a6 46        	ldx	$46                     ; 0x46 <__rc31+0x17>
    141e: 86 13        	stx	$13                     ; 0x13 <__rc3>
    1420: a2 02        	ldx	#$2
    1422: 98           	tya
    1423: a0 02        	ldy	#$2
    1425: 84 44        	sty	$44                     ; 0x44 <__rc31+0x15>
    1427: a8           	tay
    1428: b2 12        	lda	($12)                   ; 0x12 <__rc2>
    142a: 5a           	phy
    142b: a4 12        	ldy	$12                     ; 0x12 <__rc2>
    142d: 84 45        	sty	$45                     ; 0x45 <__rc31+0x16>
    142f: a4 13        	ldy	$13                     ; 0x13 <__rc3>
    1431: 84 46        	sty	$46                     ; 0x46 <__rc31+0x17>
    1433: 7a           	ply
    1434: 86 4b        	stx	$4b                     ; 0x4b <__rc31+0x1c>
    1436: aa           	tax
    1437: 18           	clc
    1438: 69 9d        	adc	#$9d
    143a: c9 16        	cmp	#$16
    143c: b0 1a        	bcs	$1458 <printf+0x477>
    143e: 0a           	asl
    143f: aa           	tax
    1440: 7c ae 1d     	jmp	($1dae,x)               ; 0x1dae <__set_v+0xf>
    1443: a6 14        	ldx	$14                     ; 0x14 <__rc4>
    1445: 86 8a        	stx	$8a                     ; 0x8a <__rc31+0x5b>
    1447: a6 18        	ldx	$18                     ; 0x18 <__rc8>
    1449: 86 8b        	stx	$8b                     ; 0x8b <__rc31+0x5c>
    144b: a0 0a        	ldy	#$a
    144d: a2 0a        	ldx	#$a
    144f: 86 41        	stx	$41                     ; 0x41 <__rc31+0x12>
    1451: 84 71        	sty	$71                     ; 0x71 <__rc31+0x42>
    1453: 64 4c        	stz	$4c                     ; 0x4c <__rc31+0x1d>
    1455: 4c 5d 15     	jmp	$155d <printf+0x57c>
    1458: e0 58        	cpx	#$58
    145a: f0 03        	beq	$145f <printf+0x47e>
    145c: 4c 0e 1d     	jmp	$1d0e <printf+0xd2d>
    145f: a6 14        	ldx	$14                     ; 0x14 <__rc4>
    1461: 86 8a        	stx	$8a                     ; 0x8a <__rc31+0x5b>
    1463: a6 18        	ldx	$18                     ; 0x18 <__rc8>
    1465: 86 8b        	stx	$8b                     ; 0x8b <__rc31+0x5c>
    1467: a2 10        	ldx	#$10
    1469: 86 71        	stx	$71                     ; 0x71 <__rc31+0x42>
    146b: a9 00        	lda	#$0
    146d: 09 01        	ora	#$1
    146f: a6 43        	ldx	$43                     ; 0x43 <__rc31+0x14>
    1471: 80 29        	bra	$149c <printf+0x4bb>
    1473: a6 14        	ldx	$14                     ; 0x14 <__rc4>
    1475: 86 8a        	stx	$8a                     ; 0x8a <__rc31+0x5b>
    1477: a6 18        	ldx	$18                     ; 0x18 <__rc8>
    1479: 86 8b        	stx	$8b                     ; 0x8b <__rc31+0x5c>
    147b: a2 10        	ldx	#$10
    147d: 86 71        	stx	$71                     ; 0x71 <__rc31+0x42>
    147f: a5 43        	lda	$43                     ; 0x43 <__rc31+0x14>
    1481: 09 84        	ora	#$84
    1483: 80 10        	bra	$1495 <printf+0x4b4>
    1485: a6 14        	ldx	$14                     ; 0x14 <__rc4>
    1487: 86 8a        	stx	$8a                     ; 0x8a <__rc31+0x5b>
    1489: a6 18        	ldx	$18                     ; 0x18 <__rc8>
    148b: 86 8b        	stx	$8b                     ; 0x8b <__rc31+0x5c>
    148d: a2 10        	ldx	#$10
    148f: 86 71        	stx	$71                     ; 0x71 <__rc31+0x42>
    1491: a5 43        	lda	$43                     ; 0x43 <__rc31+0x14>
    1493: 09 80        	ora	#$80
    1495: aa           	tax
    1496: a9 00        	lda	#$0
    1498: 09 01        	ora	#$1
    149a: 86 43        	stx	$43                     ; 0x43 <__rc31+0x14>
    149c: 86 72        	stx	$72                     ; 0x72 <__rc31+0x43>
    149e: 85 4c        	sta	$4c                     ; 0x4c <__rc31+0x1d>
    14a0: 85 73        	sta	$73                     ; 0x73 <__rc31+0x44>
    14a2: a2 10        	ldx	#$10
    14a4: 86 41        	stx	$41                     ; 0x41 <__rc31+0x12>
    14a6: 4c 5d 15     	jmp	$155d <printf+0x57c>
    14a9: a5 82        	lda	$82                     ; 0x82 <__rc31+0x53>
    14ab: a6 83        	ldx	$83                     ; 0x83 <__rc31+0x54>
    14ad: 85 12        	sta	$12                     ; 0x12 <__rc2>
    14af: 86 13        	stx	$13                     ; 0x13 <__rc3>
    14b1: 18           	clc
    14b2: 69 02        	adc	#$2
    14b4: 85 14        	sta	$14                     ; 0x14 <__rc4>
    14b6: 8a           	txa
    14b7: 69 00        	adc	#$0
    14b9: a6 14        	ldx	$14                     ; 0x14 <__rc4>
    14bb: 86 82        	stx	$82                     ; 0x82 <__rc31+0x53>
    14bd: 85 83        	sta	$83                     ; 0x83 <__rc31+0x54>
    14bf: b2 12        	lda	($12)                   ; 0x12 <__rc2>
    14c1: aa           	tax
    14c2: b1 12        	lda	($12),y                 ; 0x12 <__rc2>
    14c4: 86 12        	stx	$12                     ; 0x12 <__rc2>
    14c6: 85 13        	sta	$13                     ; 0x13 <__rc3>
    14c8: a5 76        	lda	$76                     ; 0x76 <__rc31+0x47>
    14ca: a6 77        	ldx	$77                     ; 0x77 <__rc31+0x48>
    14cc: 92 12        	sta	($12)                   ; 0x12 <__rc2>
    14ce: 8a           	txa
    14cf: 91 12        	sta	($12),y                 ; 0x12 <__rc2>
    14d1: 4c 36 15     	jmp	$1536 <printf+0x555>
    14d4: a5 82        	lda	$82                     ; 0x82 <__rc31+0x53>
    14d6: a6 83        	ldx	$83                     ; 0x83 <__rc31+0x54>
    14d8: 85 12        	sta	$12                     ; 0x12 <__rc2>
    14da: 86 13        	stx	$13                     ; 0x13 <__rc3>
    14dc: 18           	clc
    14dd: 69 02        	adc	#$2
    14df: 85 14        	sta	$14                     ; 0x14 <__rc4>
    14e1: 8a           	txa
    14e2: 69 00        	adc	#$0
    14e4: a6 14        	ldx	$14                     ; 0x14 <__rc4>
    14e6: 86 82        	stx	$82                     ; 0x82 <__rc31+0x53>
    14e8: 85 83        	sta	$83                     ; 0x83 <__rc31+0x54>
    14ea: b2 12        	lda	($12)                   ; 0x12 <__rc2>
    14ec: aa           	tax
    14ed: b1 12        	lda	($12),y                 ; 0x12 <__rc2>
    14ef: 86 12        	stx	$12                     ; 0x12 <__rc2>
    14f1: 85 13        	sta	$13                     ; 0x13 <__rc3>
    14f3: 80 32        	bra	$1527 <printf+0x546>
    14f5: a6 14        	ldx	$14                     ; 0x14 <__rc4>
    14f7: 86 8a        	stx	$8a                     ; 0x8a <__rc31+0x5b>
    14f9: a6 18        	ldx	$18                     ; 0x18 <__rc8>
    14fb: 86 8b        	stx	$8b                     ; 0x8b <__rc31+0x5c>
    14fd: a0 08        	ldy	#$8
    14ff: a2 08        	ldx	#$8
    1501: 80 4a        	bra	$154d <printf+0x56c>
    1503: a5 82        	lda	$82                     ; 0x82 <__rc31+0x53>
    1505: a6 83        	ldx	$83                     ; 0x83 <__rc31+0x54>
    1507: 85 12        	sta	$12                     ; 0x12 <__rc2>
    1509: 86 13        	stx	$13                     ; 0x13 <__rc3>
    150b: 18           	clc
    150c: 69 02        	adc	#$2
    150e: 85 14        	sta	$14                     ; 0x14 <__rc4>
    1510: 8a           	txa
    1511: 69 00        	adc	#$0
    1513: a6 14        	ldx	$14                     ; 0x14 <__rc4>
    1515: 86 82        	stx	$82                     ; 0x82 <__rc31+0x53>
    1517: 85 83        	sta	$83                     ; 0x83 <__rc31+0x54>
    1519: b2 12        	lda	($12)                   ; 0x12 <__rc2>
    151b: 85 64        	sta	$64                     ; 0x64 <__rc31+0x35>
    151d: 64 65        	stz	$65                     ; 0x65 <__rc31+0x36>
    151f: a2 64        	ldx	#$64
    1521: 86 12        	stx	$12                     ; 0x12 <__rc2>
    1523: a2 00        	ldx	#$0
    1525: 86 13        	stx	$13                     ; 0x13 <__rc3>
    1527: a2 71        	ldx	#$71
    1529: 86 14        	stx	$14                     ; 0x14 <__rc4>
    152b: a2 00        	ldx	#$0
    152d: 86 15        	stx	$15                     ; 0x15 <__rc5>
    152f: 84 47        	sty	$47                     ; 0x47 <__rc31+0x18>
    1531: 20 d2 0e     	jsr	$ed2 <_ZN12_GLOBAL__N_112print_stringEPKcP6Status>
    1534: a4 47        	ldy	$47                     ; 0x47 <__rc31+0x18>
    1536: a6 86        	ldx	$86                     ; 0x86 <__rc31+0x57>
    1538: 86 41        	stx	$41                     ; 0x41 <__rc31+0x12>
    153a: a6 87        	ldx	$87                     ; 0x87 <__rc31+0x58>
    153c: 86 42        	stx	$42                     ; 0x42 <__rc31+0x13>
    153e: 4c ee 1c     	jmp	$1cee <printf+0xd0d>
    1541: a6 14        	ldx	$14                     ; 0x14 <__rc4>
    1543: 86 8a        	stx	$8a                     ; 0x8a <__rc31+0x5b>
    1545: a6 18        	ldx	$18                     ; 0x18 <__rc8>
    1547: 86 8b        	stx	$8b                     ; 0x8b <__rc31+0x5c>
    1549: a0 0a        	ldy	#$a
    154b: a2 0a        	ldx	#$a
    154d: 86 41        	stx	$41                     ; 0x41 <__rc31+0x12>
    154f: 84 71        	sty	$71                     ; 0x71 <__rc31+0x42>
    1551: a9 00        	lda	#$0
    1553: 09 01        	ora	#$1
    1555: a6 43        	ldx	$43                     ; 0x43 <__rc31+0x14>
    1557: 86 72        	stx	$72                     ; 0x72 <__rc31+0x43>
    1559: 85 4c        	sta	$4c                     ; 0x4c <__rc31+0x1d>
    155b: 85 73        	sta	$73                     ; 0x73 <__rc31+0x44>
    155d: a5 44        	lda	$44                     ; 0x44 <__rc31+0x15>
    155f: 85 66        	sta	$66                     ; 0x66 <__rc31+0x37>
    1561: a4 82        	ldy	$82                     ; 0x82 <__rc31+0x53>
    1563: a6 83        	ldx	$83                     ; 0x83 <__rc31+0x54>
    1565: 86 49        	stx	$49                     ; 0x49 <__rc31+0x1a>
    1567: 84 14        	sty	$14                     ; 0x14 <__rc4>
    1569: 84 42        	sty	$42                     ; 0x42 <__rc31+0x13>
    156b: 86 15        	stx	$15                     ; 0x15 <__rc5>
    156d: a6 88        	ldx	$88                     ; 0x88 <__rc31+0x59>
    156f: 86 12        	stx	$12                     ; 0x12 <__rc2>
    1571: a6 89        	ldx	$89                     ; 0x89 <__rc31+0x5a>
    1573: 86 13        	stx	$13                     ; 0x13 <__rc3>
    1575: a2 00        	ldx	#$0
    1577: 85 4a        	sta	$4a                     ; 0x4a <__rc31+0x1b>
    1579: 20 53 1d     	jsr	$1d53 <memcpy>
    157c: 18           	clc
    157d: a5 42        	lda	$42                     ; 0x42 <__rc31+0x13>
    157f: 65 4b        	adc	$4b                     ; 0x4b <__rc31+0x1c>
    1581: aa           	tax
    1582: a5 49        	lda	$49                     ; 0x49 <__rc31+0x1a>
    1584: 69 00        	adc	#$0
    1586: 86 82        	stx	$82                     ; 0x82 <__rc31+0x53>
    1588: 85 83        	sta	$83                     ; 0x83 <__rc31+0x54>
    158a: a5 4c        	lda	$4c                     ; 0x4c <__rc31+0x1d>
    158c: 29 01        	and	#$1
    158e: a0 00        	ldy	#$0
    1590: aa           	tax
    1591: d0 4e        	bne	$15e1 <printf+0x600>
    1593: a6 4a        	ldx	$4a                     ; 0x4a <__rc31+0x1b>
    1595: b5 66        	lda	$66,x                   ; 0x66 <__rc31+0x37>
    1597: aa           	tax
    1598: a5 48        	lda	$48                     ; 0x48 <__rc31+0x19>
    159a: 85 17        	sta	$17                     ; 0x17 <__rc7>
    159c: a5 47        	lda	$47                     ; 0x47 <__rc31+0x18>
    159e: 85 1a        	sta	$1a                     ; 0x1a <__rc10>
    15a0: a5 8b        	lda	$8b                     ; 0x8b <__rc31+0x5c>
    15a2: 85 47        	sta	$47                     ; 0x47 <__rc31+0x18>
    15a4: a5 8a        	lda	$8a                     ; 0x8a <__rc31+0x5b>
    15a6: 85 48        	sta	$48                     ; 0x48 <__rc31+0x19>
    15a8: 8a           	txa
    15a9: 10 46        	bpl	$15f1 <printf+0x610>
    15ab: a2 00        	ldx	#$0
    15ad: 64 12        	stz	$12                     ; 0x12 <__rc2>
    15af: a9 00        	lda	#$0
    15b1: 38           	sec
    15b2: f5 67        	sbc	$67,x                   ; 0x67 <__rc31+0x38>
    15b4: a0 01        	ldy	#$1
    15b6: 84 14        	sty	$14                     ; 0x14 <__rc4>
    15b8: 88           	dey
    15b9: b0 02        	bcs	$15bd <printf+0x5dc>
    15bb: a0 01        	ldy	#$1
    15bd: 38           	sec
    15be: e5 12        	sbc	$12                     ; 0x12 <__rc2>
    15c0: 85 13        	sta	$13                     ; 0x13 <__rc3>
    15c2: 64 12        	stz	$12                     ; 0x12 <__rc2>
    15c4: b0 04        	bcs	$15ca <printf+0x5e9>
    15c6: a5 14        	lda	$14                     ; 0x14 <__rc4>
    15c8: 85 12        	sta	$12                     ; 0x12 <__rc2>
    15ca: 98           	tya
    15cb: 05 12        	ora	$12                     ; 0x12 <__rc2>
    15cd: 85 12        	sta	$12                     ; 0x12 <__rc2>
    15cf: a5 13        	lda	$13                     ; 0x13 <__rc3>
    15d1: 9d 67 00     	sta	$67,x                   ; 0x67 <__rc31+0x38>
    15d4: e8           	inx
    15d5: 86 13        	stx	$13                     ; 0x13 <__rc3>
    15d7: a4 44        	ldy	$44                     ; 0x44 <__rc31+0x15>
    15d9: c4 13        	cpy	$13                     ; 0x13 <__rc3>
    15db: d0 d2        	bne	$15af <printf+0x5ce>
    15dd: a0 01        	ldy	#$1
    15df: 80 10        	bra	$15f1 <printf+0x610>
    15e1: a6 48        	ldx	$48                     ; 0x48 <__rc31+0x19>
    15e3: 86 17        	stx	$17                     ; 0x17 <__rc7>
    15e5: a6 47        	ldx	$47                     ; 0x47 <__rc31+0x18>
    15e7: 86 1a        	stx	$1a                     ; 0x1a <__rc10>
    15e9: a6 8b        	ldx	$8b                     ; 0x8b <__rc31+0x5c>
    15eb: 86 47        	stx	$47                     ; 0x47 <__rc31+0x18>
    15ed: a6 8a        	ldx	$8a                     ; 0x8a <__rc31+0x5b>
    15ef: 86 48        	stx	$48                     ; 0x48 <__rc31+0x19>
    15f1: 84 18        	sty	$18                     ; 0x18 <__rc8>
    15f3: a5 44        	lda	$44                     ; 0x44 <__rc31+0x15>
    15f5: 0a           	asl
    15f6: 0a           	asl
    15f7: 0a           	asl
    15f8: 85 12        	sta	$12                     ; 0x12 <__rc2>
    15fa: a2 00        	ldx	#$0
    15fc: 8a           	txa
    15fd: 4c b4 16     	jmp	$16b4 <printf+0x6d3>
    1600: a4 13        	ldy	$13                     ; 0x13 <__rc3>
    1602: 99 4f 00     	sta	$4f,y                   ; 0x4f <__rc31+0x20>
    1605: a4 15        	ldy	$15                     ; 0x15 <__rc5>
    1607: c4 13        	cpy	$13                     ; 0x13 <__rc3>
    1609: f0 38        	beq	$1643 <printf+0x662>
    160b: e6 13        	inc	$13                     ; 0x13 <__rc3>
    160d: a4 13        	ldy	$13                     ; 0x13 <__rc3>
    160f: b9 4f 00     	lda	$4f,y                   ; 0x4f <__rc31+0x20>
    1612: 0a           	asl
    1613: e0 00        	cpx	#$0
    1615: f0 02        	beq	$1619 <printf+0x638>
    1617: 09 01        	ora	#$1
    1619: a4 41        	ldy	$41                     ; 0x41 <__rc31+0x12>
    161b: 84 14        	sty	$14                     ; 0x14 <__rc4>
    161d: c5 14        	cmp	$14                     ; 0x14 <__rc4>
    161f: a2 01        	ldx	#$1
    1621: b0 02        	bcs	$1625 <printf+0x644>
    1623: a2 00        	ldx	#$0
    1625: 90 d9        	bcc	$1600 <printf+0x61f>
    1627: 84 14        	sty	$14                     ; 0x14 <__rc4>
    1629: 38           	sec
    162a: e5 14        	sbc	$14                     ; 0x14 <__rc4>
    162c: a4 13        	ldy	$13                     ; 0x13 <__rc3>
    162e: 99 4f 00     	sta	$4f,y                   ; 0x4f <__rc31+0x20>
    1631: a4 15        	ldy	$15                     ; 0x15 <__rc5>
    1633: c4 13        	cpy	$13                     ; 0x13 <__rc3>
    1635: d0 d4        	bne	$160b <printf+0x62a>
    1637: a4 42        	ldy	$42                     ; 0x42 <__rc31+0x13>
    1639: a6 42        	ldx	$42                     ; 0x42 <__rc31+0x13>
    163b: e8           	inx
    163c: a9 01        	lda	#$1
    163e: 99 4f 00     	sta	$4f,y                   ; 0x4f <__rc31+0x20>
    1641: 86 42        	stx	$42                     ; 0x42 <__rc31+0x13>
    1643: a6 44        	ldx	$44                     ; 0x44 <__rc31+0x15>
    1645: b5 66        	lda	$66,x                   ; 0x66 <__rc31+0x37>
    1647: aa           	tax
    1648: 10 41        	bpl	$168b <printf+0x6aa>
    164a: a5 42        	lda	$42                     ; 0x42 <__rc31+0x13>
    164c: f0 2f        	beq	$167d <printf+0x69c>
    164e: a2 00        	ldx	#$0
    1650: a4 41        	ldy	$41                     ; 0x41 <__rc31+0x12>
    1652: 84 14        	sty	$14                     ; 0x14 <__rc4>
    1654: b5 4f        	lda	$4f,x                   ; 0x4f <__rc31+0x20>
    1656: 1a           	inc
    1657: f6 4f        	inc	$4f,x                   ; 0x4f <__rc31+0x20>
    1659: c5 14        	cmp	$14                     ; 0x14 <__rc4>
    165b: 90 2e        	bcc	$168b <printf+0x6aa>
    165d: a4 41        	ldy	$41                     ; 0x41 <__rc31+0x12>
    165f: 84 13        	sty	$13                     ; 0x13 <__rc3>
    1661: 38           	sec
    1662: e5 13        	sbc	$13                     ; 0x13 <__rc3>
    1664: 9d 4f 00     	sta	$4f,x                   ; 0x4f <__rc31+0x20>
    1667: e8           	inx
    1668: 86 13        	stx	$13                     ; 0x13 <__rc3>
    166a: a4 42        	ldy	$42                     ; 0x42 <__rc31+0x13>
    166c: c4 13        	cpy	$13                     ; 0x13 <__rc3>
    166e: d0 e4        	bne	$1654 <printf+0x673>
    1670: 80 0d        	bra	$167f <printf+0x69e>
    1672: a6 44        	ldx	$44                     ; 0x44 <__rc31+0x15>
    1674: b5 66        	lda	$66,x                   ; 0x66 <__rc31+0x37>
    1676: aa           	tax
    1677: 64 42        	stz	$42                     ; 0x42 <__rc31+0x13>
    1679: 30 04        	bmi	$167f <printf+0x69e>
    167b: 80 0e        	bra	$168b <printf+0x6aa>
    167d: 64 42        	stz	$42                     ; 0x42 <__rc31+0x13>
    167f: a4 42        	ldy	$42                     ; 0x42 <__rc31+0x13>
    1681: a6 42        	ldx	$42                     ; 0x42 <__rc31+0x13>
    1683: e8           	inx
    1684: a9 01        	lda	#$1
    1686: 99 4f 00     	sta	$4f,y                   ; 0x4f <__rc31+0x20>
    1689: 86 42        	stx	$42                     ; 0x42 <__rc31+0x13>
    168b: a2 01        	ldx	#$1
    168d: 86 16        	stx	$16                     ; 0x16 <__rc6>
    168f: 64 13        	stz	$13                     ; 0x13 <__rc3>
    1691: ca           	dex
    1692: a4 44        	ldy	$44                     ; 0x44 <__rc31+0x15>
    1694: b5 67        	lda	$67,x                   ; 0x67 <__rc31+0x38>
    1696: 0a           	asl
    1697: 64 14        	stz	$14                     ; 0x14 <__rc4>
    1699: 26 14        	rol	$14                     ; 0x14 <__rc4>
    169b: 05 13        	ora	$13                     ; 0x13 <__rc3>
    169d: 9d 67 00     	sta	$67,x                   ; 0x67 <__rc31+0x38>
    16a0: e8           	inx
    16a1: 86 15        	stx	$15                     ; 0x15 <__rc5>
    16a3: a5 14        	lda	$14                     ; 0x14 <__rc4>
    16a5: 85 13        	sta	$13                     ; 0x13 <__rc3>
    16a7: c4 15        	cpy	$15                     ; 0x15 <__rc5>
    16a9: d0 e9        	bne	$1694 <printf+0x6b3>
    16ab: a5 19        	lda	$19                     ; 0x19 <__rc9>
    16ad: 1a           	inc
    16ae: c5 12        	cmp	$12                     ; 0x12 <__rc2>
    16b0: a6 42        	ldx	$42                     ; 0x42 <__rc31+0x13>
    16b2: b0 12        	bcs	$16c6 <printf+0x6e5>
    16b4: 85 19        	sta	$19                     ; 0x19 <__rc9>
    16b6: 8a           	txa
    16b7: f0 b9        	beq	$1672 <printf+0x691>
    16b9: 8a           	txa
    16ba: 86 42        	stx	$42                     ; 0x42 <__rc31+0x13>
    16bc: 3a           	dec
    16bd: 85 15        	sta	$15                     ; 0x15 <__rc5>
    16bf: a2 00        	ldx	#$0
    16c1: 64 13        	stz	$13                     ; 0x13 <__rc3>
    16c3: 4c 0d 16     	jmp	$160d <printf+0x62c>
    16c6: a4 16        	ldy	$16                     ; 0x16 <__rc6>
    16c8: a5 48        	lda	$48                     ; 0x48 <__rc31+0x19>
    16ca: 10 08        	bpl	$16d4 <printf+0x6f3>
    16cc: a2 01        	ldx	#$1
    16ce: 64 48        	stz	$48                     ; 0x48 <__rc31+0x19>
    16d0: 86 47        	stx	$47                     ; 0x47 <__rc31+0x18>
    16d2: a6 42        	ldx	$42                     ; 0x42 <__rc31+0x13>
    16d4: a5 86        	lda	$86                     ; 0x86 <__rc31+0x57>
    16d6: 85 49        	sta	$49                     ; 0x49 <__rc31+0x1a>
    16d8: a5 87        	lda	$87                     ; 0x87 <__rc31+0x58>
    16da: 85 4a        	sta	$4a                     ; 0x4a <__rc31+0x1b>
    16dc: a5 49        	lda	$49                     ; 0x49 <__rc31+0x1a>
    16de: 85 86        	sta	$86                     ; 0x86 <__rc31+0x57>
    16e0: a5 4a        	lda	$4a                     ; 0x4a <__rc31+0x1b>
    16e2: 85 87        	sta	$87                     ; 0x87 <__rc31+0x58>
    16e4: a5 43        	lda	$43                     ; 0x43 <__rc31+0x14>
    16e6: 29 04        	and	#$4
    16e8: f0 2b        	beq	$1715 <printf+0x734>
    16ea: a5 41        	lda	$41                     ; 0x41 <__rc31+0x12>
    16ec: c9 10        	cmp	#$10
    16ee: f0 14        	beq	$1704 <printf+0x723>
    16f0: c9 08        	cmp	#$8
    16f2: d0 21        	bne	$1715 <printf+0x734>
    16f4: a2 00        	ldx	#$0
    16f6: e4 48        	cpx	$48                     ; 0x48 <__rc31+0x19>
    16f8: f0 03        	beq	$16fd <printf+0x71c>
    16fa: 4c 1b 1d     	jmp	$1d1b <printf+0xd3a>
    16fd: a6 42        	ldx	$42                     ; 0x42 <__rc31+0x13>
    16ff: e4 47        	cpx	$47                     ; 0x47 <__rc31+0x18>
    1701: 4c 1d 1d     	jmp	$1d1d <printf+0xd3c>
    1704: 8a           	txa
    1705: f0 0e        	beq	$1715 <printf+0x734>
    1707: a5 43        	lda	$43                     ; 0x43 <__rc31+0x14>
    1709: 29 80        	and	#$80
    170b: d0 03        	bne	$1710 <printf+0x72f>
    170d: 4c 36 1d     	jmp	$1d36 <printf+0xd55>
    1710: a2 78        	ldx	#$78
    1712: 4c 38 1d     	jmp	$1d38 <printf+0xd57>
    1715: a6 43        	ldx	$43                     ; 0x43 <__rc31+0x14>
    1717: a9 2d        	lda	#$2d
    1719: e6 18        	inc	$18                     ; 0x18 <__rc8>
    171b: c6 18        	dec	$18                     ; 0x18 <__rc8>
    171d: f0 04        	beq	$1723 <printf+0x742>
    171f: 85 41        	sta	$41                     ; 0x41 <__rc31+0x12>
    1721: 80 20        	bra	$1743 <printf+0x762>
    1723: 86 12        	stx	$12                     ; 0x12 <__rc2>
    1725: 8a           	txa
    1726: 29 02        	and	#$2
    1728: a2 2b        	ldx	#$2b
    172a: c9 00        	cmp	#$0
    172c: d0 13        	bne	$1741 <printf+0x760>
    172e: a5 12        	lda	$12                     ; 0x12 <__rc2>
    1730: 29 08        	and	#$8
    1732: d0 0b        	bne	$173f <printf+0x75e>
    1734: a2 01        	ldx	#$1
    1736: 86 4a        	stx	$4a                     ; 0x4a <__rc31+0x1b>
    1738: a9 00        	lda	#$0
    173a: aa           	tax
    173b: 86 44        	stx	$44                     ; 0x44 <__rc31+0x15>
    173d: 80 0b        	bra	$174a <printf+0x769>
    173f: a2 20        	ldx	#$20
    1741: 86 41        	stx	$41                     ; 0x41 <__rc31+0x12>
    1743: a2 00        	ldx	#$0
    1745: 86 4a        	stx	$4a                     ; 0x4a <__rc31+0x1b>
    1747: 86 44        	stx	$44                     ; 0x44 <__rc31+0x15>
    1749: 98           	tya
    174a: a6 48        	ldx	$48                     ; 0x48 <__rc31+0x19>
    174c: d0 06        	bne	$1754 <printf+0x773>
    174e: a6 47        	ldx	$47                     ; 0x47 <__rc31+0x18>
    1750: e4 42        	cpx	$42                     ; 0x42 <__rc31+0x13>
    1752: 80 04        	bra	$1758 <printf+0x777>
    1754: a6 48        	ldx	$48                     ; 0x48 <__rc31+0x19>
    1756: e0 00        	cpx	#$0
    1758: a6 47        	ldx	$47                     ; 0x47 <__rc31+0x18>
    175a: 86 12        	stx	$12                     ; 0x12 <__rc2>
    175c: a6 48        	ldx	$48                     ; 0x48 <__rc31+0x19>
    175e: 86 13        	stx	$13                     ; 0x13 <__rc3>
    1760: b0 06        	bcs	$1768 <printf+0x787>
    1762: a6 42        	ldx	$42                     ; 0x42 <__rc31+0x13>
    1764: 86 12        	stx	$12                     ; 0x12 <__rc2>
    1766: 64 13        	stz	$13                     ; 0x13 <__rc3>
    1768: 85 18        	sta	$18                     ; 0x18 <__rc8>
    176a: 18           	clc
    176b: 65 12        	adc	$12                     ; 0x12 <__rc2>
    176d: aa           	tax
    176e: 85 14        	sta	$14                     ; 0x14 <__rc4>
    1770: a5 13        	lda	$13                     ; 0x13 <__rc3>
    1772: 69 00        	adc	#$0
    1774: 85 15        	sta	$15                     ; 0x15 <__rc5>
    1776: c5 1a        	cmp	$1a                     ; 0x1a <__rc10>
    1778: d0 08        	bne	$1782 <printf+0x7a1>
    177a: a5 1a        	lda	$1a                     ; 0x1a <__rc10>
    177c: 85 16        	sta	$16                     ; 0x16 <__rc6>
    177e: e4 17        	cpx	$17                     ; 0x17 <__rc7>
    1780: 80 06        	bra	$1788 <printf+0x7a7>
    1782: a6 1a        	ldx	$1a                     ; 0x1a <__rc10>
    1784: 86 16        	stx	$16                     ; 0x16 <__rc6>
    1786: c5 1a        	cmp	$1a                     ; 0x1a <__rc10>
    1788: 64 4b        	stz	$4b                     ; 0x4b <__rc31+0x1c>
    178a: 64 4c        	stz	$4c                     ; 0x4c <__rc31+0x1d>
    178c: a6 42        	ldx	$42                     ; 0x42 <__rc31+0x13>
    178e: 90 03        	bcc	$1793 <printf+0x7b2>
    1790: 4c 57 18     	jmp	$1857 <printf+0x876>
    1793: a5 43        	lda	$43                     ; 0x43 <__rc31+0x14>
    1795: 29 11        	and	#$11
    1797: f0 10        	beq	$17a9 <printf+0x7c8>
    1799: a5 17        	lda	$17                     ; 0x17 <__rc7>
    179b: 38           	sec
    179c: e5 14        	sbc	$14                     ; 0x14 <__rc4>
    179e: 85 4b        	sta	$4b                     ; 0x4b <__rc31+0x1c>
    17a0: a5 1a        	lda	$1a                     ; 0x1a <__rc10>
    17a2: e5 15        	sbc	$15                     ; 0x15 <__rc5>
    17a4: 85 4c        	sta	$4c                     ; 0x4c <__rc31+0x1d>
    17a6: 4c 57 18     	jmp	$1857 <printf+0x876>
    17a9: a6 76        	ldx	$76                     ; 0x76 <__rc31+0x47>
    17ab: 86 15        	stx	$15                     ; 0x15 <__rc5>
    17ad: 38           	sec
    17ae: a5 18        	lda	$18                     ; 0x18 <__rc8>
    17b0: e5 17        	sbc	$17                     ; 0x17 <__rc7>
    17b2: aa           	tax
    17b3: a9 00        	lda	#$0
    17b5: e5 16        	sbc	$16                     ; 0x16 <__rc6>
    17b7: 85 14        	sta	$14                     ; 0x14 <__rc4>
    17b9: 18           	clc
    17ba: 8a           	txa
    17bb: 65 12        	adc	$12                     ; 0x12 <__rc2>
    17bd: 85 43        	sta	$43                     ; 0x43 <__rc31+0x14>
    17bf: a5 14        	lda	$14                     ; 0x14 <__rc4>
    17c1: 65 13        	adc	$13                     ; 0x13 <__rc3>
    17c3: 85 4b        	sta	$4b                     ; 0x4b <__rc31+0x1c>
    17c5: a5 77        	lda	$77                     ; 0x77 <__rc31+0x48>
    17c7: 4c 3f 18     	jmp	$183f <printf+0x85e>
    17ca: c5 75        	cmp	$75                     ; 0x75 <__rc31+0x46>
    17cc: a6 4b        	ldx	$4b                     ; 0x4b <__rc31+0x1c>
    17ce: 86 12        	stx	$12                     ; 0x12 <__rc2>
    17d0: b0 46        	bcs	$1818 <printf+0x837>
    17d2: a2 01        	ldx	#$1
    17d4: 86 14        	stx	$14                     ; 0x14 <__rc4>
    17d6: a6 81        	ldx	$81                     ; 0x81 <__rc31+0x52>
    17d8: a0 00        	ldy	#$0
    17da: 84 12        	sty	$12                     ; 0x12 <__rc2>
    17dc: a0 00        	ldy	#$0
    17de: 84 13        	sty	$13                     ; 0x13 <__rc3>
    17e0: e4 13        	cpx	$13                     ; 0x13 <__rc3>
    17e2: d0 1b        	bne	$17ff <printf+0x81e>
    17e4: a6 80        	ldx	$80                     ; 0x80 <__rc31+0x51>
    17e6: e4 12        	cpx	$12                     ; 0x12 <__rc2>
    17e8: d0 15        	bne	$17ff <printf+0x81e>
    17ea: a4 14        	ldy	$14                     ; 0x14 <__rc4>
    17ec: 18           	clc
    17ed: aa           	tax
    17ee: a5 15        	lda	$15                     ; 0x15 <__rc5>
    17f0: 65 7a        	adc	$7a                     ; 0x7a <__rc31+0x4b>
    17f2: 85 12        	sta	$12                     ; 0x12 <__rc2>
    17f4: 8a           	txa
    17f5: 65 7b        	adc	$7b                     ; 0x7b <__rc31+0x4c>
    17f7: 85 13        	sta	$13                     ; 0x13 <__rc3>
    17f9: a9 20        	lda	#$20
    17fb: 92 12        	sta	($12)                   ; 0x12 <__rc2>
    17fd: 80 15        	bra	$1814 <printf+0x833>
    17ff: a2 01        	ldx	#$1
    1801: 86 49        	stx	$49                     ; 0x49 <__rc31+0x1a>
    1803: a2 20        	ldx	#$20
    1805: 86 3a        	stx	$3a                     ; 0x3a <__putchar.s>
    1807: a2 3a        	ldx	#$3a
    1809: 86 12        	stx	$12                     ; 0x12 <__rc2>
    180b: a2 00        	ldx	#$0
    180d: 86 13        	stx	$13                     ; 0x13 <__rc3>
    180f: 20 20 0c     	jsr	$c20 <textPrint>
    1812: a4 49        	ldy	$49                     ; 0x49 <__rc31+0x1a>
    1814: a6 4b        	ldx	$4b                     ; 0x4b <__rc31+0x1c>
    1816: 86 12        	stx	$12                     ; 0x12 <__rc2>
    1818: a6 76        	ldx	$76                     ; 0x76 <__rc31+0x47>
    181a: a5 77        	lda	$77                     ; 0x77 <__rc31+0x48>
    181c: e8           	inx
    181d: d0 01        	bne	$1820 <printf+0x83f>
    181f: 1a           	inc
    1820: 86 15        	stx	$15                     ; 0x15 <__rc5>
    1822: 86 76        	stx	$76                     ; 0x76 <__rc31+0x47>
    1824: 85 77        	sta	$77                     ; 0x77 <__rc31+0x48>
    1826: a6 43        	ldx	$43                     ; 0x43 <__rc31+0x14>
    1828: e8           	inx
    1829: d0 02        	bne	$182d <printf+0x84c>
    182b: e6 12        	inc	$12                     ; 0x12 <__rc2>
    182d: 86 43        	stx	$43                     ; 0x43 <__rc31+0x14>
    182f: 5a           	phy
    1830: a4 12        	ldy	$12                     ; 0x12 <__rc2>
    1832: 84 4b        	sty	$4b                     ; 0x4b <__rc31+0x1c>
    1834: 7a           	ply
    1835: e6 12        	inc	$12                     ; 0x12 <__rc2>
    1837: c6 12        	dec	$12                     ; 0x12 <__rc2>
    1839: d0 04        	bne	$183f <printf+0x85e>
    183b: e0 00        	cpx	#$0
    183d: f0 12        	beq	$1851 <printf+0x870>
    183f: c5 75        	cmp	$75                     ; 0x75 <__rc31+0x46>
    1841: f0 03        	beq	$1846 <printf+0x865>
    1843: 4c ca 17     	jmp	$17ca <printf+0x7e9>
    1846: a6 74        	ldx	$74                     ; 0x74 <__rc31+0x45>
    1848: 86 12        	stx	$12                     ; 0x12 <__rc2>
    184a: a6 15        	ldx	$15                     ; 0x15 <__rc5>
    184c: e4 12        	cpx	$12                     ; 0x12 <__rc2>
    184e: 4c cc 17     	jmp	$17cc <printf+0x7eb>
    1851: 64 4b        	stz	$4b                     ; 0x4b <__rc31+0x1c>
    1853: 64 4c        	stz	$4c                     ; 0x4c <__rc31+0x1d>
    1855: a6 42        	ldx	$42                     ; 0x42 <__rc31+0x13>
    1857: a5 4a        	lda	$4a                     ; 0x4a <__rc31+0x1b>
    1859: f0 03        	beq	$185e <printf+0x87d>
    185b: 4c c8 18     	jmp	$18c8 <printf+0x8e7>
    185e: a6 76        	ldx	$76                     ; 0x76 <__rc31+0x47>
    1860: a5 77        	lda	$77                     ; 0x77 <__rc31+0x48>
    1862: c5 75        	cmp	$75                     ; 0x75 <__rc31+0x46>
    1864: d0 10        	bne	$1876 <printf+0x895>
    1866: 86 13        	stx	$13                     ; 0x13 <__rc3>
    1868: a6 74        	ldx	$74                     ; 0x74 <__rc31+0x45>
    186a: 86 12        	stx	$12                     ; 0x12 <__rc2>
    186c: a6 13        	ldx	$13                     ; 0x13 <__rc3>
    186e: 86 15        	stx	$15                     ; 0x15 <__rc5>
    1870: e4 12        	cpx	$12                     ; 0x12 <__rc2>
    1872: 90 08        	bcc	$187c <printf+0x89b>
    1874: 80 4a        	bra	$18c0 <printf+0x8df>
    1876: 86 15        	stx	$15                     ; 0x15 <__rc5>
    1878: c5 75        	cmp	$75                     ; 0x75 <__rc31+0x46>
    187a: b0 44        	bcs	$18c0 <printf+0x8df>
    187c: a2 01        	ldx	#$1
    187e: 86 14        	stx	$14                     ; 0x14 <__rc4>
    1880: a6 81        	ldx	$81                     ; 0x81 <__rc31+0x52>
    1882: a0 00        	ldy	#$0
    1884: 84 12        	sty	$12                     ; 0x12 <__rc2>
    1886: a0 00        	ldy	#$0
    1888: 84 13        	sty	$13                     ; 0x13 <__rc3>
    188a: e4 13        	cpx	$13                     ; 0x13 <__rc3>
    188c: d0 1d        	bne	$18ab <printf+0x8ca>
    188e: a6 80        	ldx	$80                     ; 0x80 <__rc31+0x51>
    1890: e4 12        	cpx	$12                     ; 0x12 <__rc2>
    1892: d0 17        	bne	$18ab <printf+0x8ca>
    1894: a4 14        	ldy	$14                     ; 0x14 <__rc4>
    1896: 18           	clc
    1897: 85 16        	sta	$16                     ; 0x16 <__rc6>
    1899: a5 15        	lda	$15                     ; 0x15 <__rc5>
    189b: 65 7a        	adc	$7a                     ; 0x7a <__rc31+0x4b>
    189d: 85 12        	sta	$12                     ; 0x12 <__rc2>
    189f: a5 16        	lda	$16                     ; 0x16 <__rc6>
    18a1: 65 7b        	adc	$7b                     ; 0x7b <__rc31+0x4c>
    18a3: 85 13        	sta	$13                     ; 0x13 <__rc3>
    18a5: a5 41        	lda	$41                     ; 0x41 <__rc31+0x12>
    18a7: 92 12        	sta	($12)                   ; 0x12 <__rc2>
    18a9: 80 15        	bra	$18c0 <printf+0x8df>
    18ab: a2 01        	ldx	#$1
    18ad: 86 49        	stx	$49                     ; 0x49 <__rc31+0x1a>
    18af: a6 41        	ldx	$41                     ; 0x41 <__rc31+0x12>
    18b1: 86 3a        	stx	$3a                     ; 0x3a <__putchar.s>
    18b3: a2 3a        	ldx	#$3a
    18b5: 86 12        	stx	$12                     ; 0x12 <__rc2>
    18b7: a2 00        	ldx	#$0
    18b9: 86 13        	stx	$13                     ; 0x13 <__rc3>
    18bb: 20 20 0c     	jsr	$c20 <textPrint>
    18be: a4 49        	ldy	$49                     ; 0x49 <__rc31+0x1a>
    18c0: e6 76        	inc	$76                     ; 0x76 <__rc31+0x47>
    18c2: d0 02        	bne	$18c6 <printf+0x8e5>
    18c4: e6 77        	inc	$77                     ; 0x77 <__rc31+0x48>
    18c6: a6 42        	ldx	$42                     ; 0x42 <__rc31+0x13>
    18c8: a5 44        	lda	$44                     ; 0x44 <__rc31+0x15>
    18ca: d0 03        	bne	$18cf <printf+0x8ee>
    18cc: 4c 39 19     	jmp	$1939 <printf+0x958>
    18cf: a6 76        	ldx	$76                     ; 0x76 <__rc31+0x47>
    18d1: a5 77        	lda	$77                     ; 0x77 <__rc31+0x48>
    18d3: c5 75        	cmp	$75                     ; 0x75 <__rc31+0x46>
    18d5: d0 10        	bne	$18e7 <printf+0x906>
    18d7: 86 13        	stx	$13                     ; 0x13 <__rc3>
    18d9: a6 74        	ldx	$74                     ; 0x74 <__rc31+0x45>
    18db: 86 12        	stx	$12                     ; 0x12 <__rc2>
    18dd: a6 13        	ldx	$13                     ; 0x13 <__rc3>
    18df: 86 15        	stx	$15                     ; 0x15 <__rc5>
    18e1: e4 12        	cpx	$12                     ; 0x12 <__rc2>
    18e3: 90 08        	bcc	$18ed <printf+0x90c>
    18e5: 80 4a        	bra	$1931 <printf+0x950>
    18e7: 86 15        	stx	$15                     ; 0x15 <__rc5>
    18e9: c5 75        	cmp	$75                     ; 0x75 <__rc31+0x46>
    18eb: b0 44        	bcs	$1931 <printf+0x950>
    18ed: a2 01        	ldx	#$1
    18ef: 86 14        	stx	$14                     ; 0x14 <__rc4>
    18f1: a6 81        	ldx	$81                     ; 0x81 <__rc31+0x52>
    18f3: a0 00        	ldy	#$0
    18f5: 84 12        	sty	$12                     ; 0x12 <__rc2>
    18f7: a0 00        	ldy	#$0
    18f9: 84 13        	sty	$13                     ; 0x13 <__rc3>
    18fb: e4 13        	cpx	$13                     ; 0x13 <__rc3>
    18fd: d0 1d        	bne	$191c <printf+0x93b>
    18ff: a6 80        	ldx	$80                     ; 0x80 <__rc31+0x51>
    1901: e4 12        	cpx	$12                     ; 0x12 <__rc2>
    1903: d0 17        	bne	$191c <printf+0x93b>
    1905: a4 14        	ldy	$14                     ; 0x14 <__rc4>
    1907: 18           	clc
    1908: 85 16        	sta	$16                     ; 0x16 <__rc6>
    190a: a5 15        	lda	$15                     ; 0x15 <__rc5>
    190c: 65 7a        	adc	$7a                     ; 0x7a <__rc31+0x4b>
    190e: 85 12        	sta	$12                     ; 0x12 <__rc2>
    1910: a5 16        	lda	$16                     ; 0x16 <__rc6>
    1912: 65 7b        	adc	$7b                     ; 0x7b <__rc31+0x4c>
    1914: 85 13        	sta	$13                     ; 0x13 <__rc3>
    1916: a5 8a        	lda	$8a                     ; 0x8a <__rc31+0x5b>
    1918: 92 12        	sta	($12)                   ; 0x12 <__rc2>
    191a: 80 15        	bra	$1931 <printf+0x950>
    191c: a2 01        	ldx	#$1
    191e: 86 49        	stx	$49                     ; 0x49 <__rc31+0x1a>
    1920: a6 8a        	ldx	$8a                     ; 0x8a <__rc31+0x5b>
    1922: 86 3a        	stx	$3a                     ; 0x3a <__putchar.s>
    1924: a2 3a        	ldx	#$3a
    1926: 86 12        	stx	$12                     ; 0x12 <__rc2>
    1928: a2 00        	ldx	#$0
    192a: 86 13        	stx	$13                     ; 0x13 <__rc3>
    192c: 20 20 0c     	jsr	$c20 <textPrint>
    192f: a4 49        	ldy	$49                     ; 0x49 <__rc31+0x1a>
    1931: e6 76        	inc	$76                     ; 0x76 <__rc31+0x47>
    1933: d0 02        	bne	$1937 <printf+0x956>
    1935: e6 77        	inc	$77                     ; 0x77 <__rc31+0x48>
    1937: a6 42        	ldx	$42                     ; 0x42 <__rc31+0x13>
    1939: a9 10        	lda	#$10
    193b: 25 72        	and	$72                     ; 0x72 <__rc31+0x43>
    193d: d0 03        	bne	$1942 <printf+0x961>
    193f: 4c f7 19     	jmp	$19f7 <printf+0xa16>
    1942: a5 72        	lda	$72                     ; 0x72 <__rc31+0x43>
    1944: 29 01        	and	#$1
    1946: f0 03        	beq	$194b <printf+0x96a>
    1948: 4c f7 19     	jmp	$19f7 <printf+0xa16>
    194b: a5 4b        	lda	$4b                     ; 0x4b <__rc31+0x1c>
    194d: 5a           	phy
    194e: a4 4c        	ldy	$4c                     ; 0x4c <__rc31+0x1d>
    1950: 84 12        	sty	$12                     ; 0x12 <__rc2>
    1952: 7a           	ply
    1953: e6 12        	inc	$12                     ; 0x12 <__rc2>
    1955: c6 12        	dec	$12                     ; 0x12 <__rc2>
    1957: d0 07        	bne	$1960 <printf+0x97f>
    1959: c9 00        	cmp	#$0
    195b: d0 03        	bne	$1960 <printf+0x97f>
    195d: 4c 4b 1d     	jmp	$1d4b <printf+0xd6a>
    1960: a6 76        	ldx	$76                     ; 0x76 <__rc31+0x47>
    1962: 86 15        	stx	$15                     ; 0x15 <__rc5>
    1964: a5 77        	lda	$77                     ; 0x77 <__rc31+0x48>
    1966: 4c dd 19     	jmp	$19dd <printf+0x9fc>
    1969: c5 75        	cmp	$75                     ; 0x75 <__rc31+0x46>
    196b: b0 42        	bcs	$19af <printf+0x9ce>
    196d: a2 01        	ldx	#$1
    196f: 86 14        	stx	$14                     ; 0x14 <__rc4>
    1971: a6 81        	ldx	$81                     ; 0x81 <__rc31+0x52>
    1973: a0 00        	ldy	#$0
    1975: 84 12        	sty	$12                     ; 0x12 <__rc2>
    1977: a0 00        	ldy	#$0
    1979: 84 13        	sty	$13                     ; 0x13 <__rc3>
    197b: e4 13        	cpx	$13                     ; 0x13 <__rc3>
    197d: d0 1b        	bne	$199a <printf+0x9b9>
    197f: a6 80        	ldx	$80                     ; 0x80 <__rc31+0x51>
    1981: e4 12        	cpx	$12                     ; 0x12 <__rc2>
    1983: d0 15        	bne	$199a <printf+0x9b9>
    1985: a4 14        	ldy	$14                     ; 0x14 <__rc4>
    1987: 18           	clc
    1988: aa           	tax
    1989: a5 15        	lda	$15                     ; 0x15 <__rc5>
    198b: 65 7a        	adc	$7a                     ; 0x7a <__rc31+0x4b>
    198d: 85 12        	sta	$12                     ; 0x12 <__rc2>
    198f: 8a           	txa
    1990: 65 7b        	adc	$7b                     ; 0x7b <__rc31+0x4c>
    1992: 85 13        	sta	$13                     ; 0x13 <__rc3>
    1994: a9 30        	lda	#$30
    1996: 92 12        	sta	($12)                   ; 0x12 <__rc2>
    1998: 80 15        	bra	$19af <printf+0x9ce>
    199a: a2 01        	ldx	#$1
    199c: 86 49        	stx	$49                     ; 0x49 <__rc31+0x1a>
    199e: a2 30        	ldx	#$30
    19a0: 86 3a        	stx	$3a                     ; 0x3a <__putchar.s>
    19a2: a2 3a        	ldx	#$3a
    19a4: 86 12        	stx	$12                     ; 0x12 <__rc2>
    19a6: a2 00        	ldx	#$0
    19a8: 86 13        	stx	$13                     ; 0x13 <__rc3>
    19aa: 20 20 0c     	jsr	$c20 <textPrint>
    19ad: a4 49        	ldy	$49                     ; 0x49 <__rc31+0x1a>
    19af: a6 76        	ldx	$76                     ; 0x76 <__rc31+0x47>
    19b1: a5 77        	lda	$77                     ; 0x77 <__rc31+0x48>
    19b3: e8           	inx
    19b4: d0 01        	bne	$19b7 <printf+0x9d6>
    19b6: 1a           	inc
    19b7: 86 15        	stx	$15                     ; 0x15 <__rc5>
    19b9: 86 76        	stx	$76                     ; 0x76 <__rc31+0x47>
    19bb: 85 77        	sta	$77                     ; 0x77 <__rc31+0x48>
    19bd: a6 4b        	ldx	$4b                     ; 0x4b <__rc31+0x1c>
    19bf: 86 12        	stx	$12                     ; 0x12 <__rc2>
    19c1: a6 4c        	ldx	$4c                     ; 0x4c <__rc31+0x1d>
    19c3: 86 13        	stx	$13                     ; 0x13 <__rc3>
    19c5: a2 ff        	ldx	#$ff
    19c7: c6 12        	dec	$12                     ; 0x12 <__rc2>
    19c9: e4 12        	cpx	$12                     ; 0x12 <__rc2>
    19cb: d0 02        	bne	$19cf <printf+0x9ee>
    19cd: c6 13        	dec	$13                     ; 0x13 <__rc3>
    19cf: a6 12        	ldx	$12                     ; 0x12 <__rc2>
    19d1: 86 4b        	stx	$4b                     ; 0x4b <__rc31+0x1c>
    19d3: a6 13        	ldx	$13                     ; 0x13 <__rc3>
    19d5: 86 4c        	stx	$4c                     ; 0x4c <__rc31+0x1d>
    19d7: d0 04        	bne	$19dd <printf+0x9fc>
    19d9: a6 12        	ldx	$12                     ; 0x12 <__rc2>
    19db: f0 14        	beq	$19f1 <printf+0xa10>
    19dd: c5 75        	cmp	$75                     ; 0x75 <__rc31+0x46>
    19df: f0 03        	beq	$19e4 <printf+0xa03>
    19e1: 4c 69 19     	jmp	$1969 <printf+0x988>
    19e4: a6 74        	ldx	$74                     ; 0x74 <__rc31+0x45>
    19e6: 86 12        	stx	$12                     ; 0x12 <__rc2>
    19e8: a6 15        	ldx	$15                     ; 0x15 <__rc5>
    19ea: e4 12        	cpx	$12                     ; 0x12 <__rc2>
    19ec: b0 c1        	bcs	$19af <printf+0x9ce>
    19ee: 4c 6d 19     	jmp	$196d <printf+0x98c>
    19f1: 64 4b        	stz	$4b                     ; 0x4b <__rc31+0x1c>
    19f3: 64 4c        	stz	$4c                     ; 0x4c <__rc31+0x1d>
    19f5: a6 42        	ldx	$42                     ; 0x42 <__rc31+0x13>
    19f7: a9 00        	lda	#$0
    19f9: c5 48        	cmp	$48                     ; 0x48 <__rc31+0x19>
    19fb: d0 07        	bne	$1a04 <printf+0xa23>
    19fd: e4 47        	cpx	$47                     ; 0x47 <__rc31+0x18>
    19ff: 90 0a        	bcc	$1a0b <printf+0xa2a>
    1a01: 4c 97 1a     	jmp	$1a97 <printf+0xab6>
    1a04: c5 48        	cmp	$48                     ; 0x48 <__rc31+0x19>
    1a06: 90 03        	bcc	$1a0b <printf+0xa2a>
    1a08: 4c 97 1a     	jmp	$1a97 <printf+0xab6>
    1a0b: a6 76        	ldx	$76                     ; 0x76 <__rc31+0x47>
    1a0d: 86 15        	stx	$15                     ; 0x15 <__rc5>
    1a0f: a5 77        	lda	$77                     ; 0x77 <__rc31+0x48>
    1a11: a2 ff        	ldx	#$ff
    1a13: c6 47        	dec	$47                     ; 0x47 <__rc31+0x18>
    1a15: e4 47        	cpx	$47                     ; 0x47 <__rc31+0x18>
    1a17: d0 02        	bne	$1a1b <printf+0xa3a>
    1a19: c6 48        	dec	$48                     ; 0x48 <__rc31+0x19>
    1a1b: c5 75        	cmp	$75                     ; 0x75 <__rc31+0x46>
    1a1d: d0 0c        	bne	$1a2b <printf+0xa4a>
    1a1f: a6 74        	ldx	$74                     ; 0x74 <__rc31+0x45>
    1a21: 86 12        	stx	$12                     ; 0x12 <__rc2>
    1a23: a6 15        	ldx	$15                     ; 0x15 <__rc5>
    1a25: e4 12        	cpx	$12                     ; 0x12 <__rc2>
    1a27: 90 06        	bcc	$1a2f <printf+0xa4e>
    1a29: 80 46        	bra	$1a71 <printf+0xa90>
    1a2b: c5 75        	cmp	$75                     ; 0x75 <__rc31+0x46>
    1a2d: b0 42        	bcs	$1a71 <printf+0xa90>
    1a2f: a2 01        	ldx	#$1
    1a31: 86 14        	stx	$14                     ; 0x14 <__rc4>
    1a33: a6 81        	ldx	$81                     ; 0x81 <__rc31+0x52>
    1a35: a0 00        	ldy	#$0
    1a37: 84 12        	sty	$12                     ; 0x12 <__rc2>
    1a39: a0 00        	ldy	#$0
    1a3b: 84 13        	sty	$13                     ; 0x13 <__rc3>
    1a3d: e4 13        	cpx	$13                     ; 0x13 <__rc3>
    1a3f: d0 1b        	bne	$1a5c <printf+0xa7b>
    1a41: a6 80        	ldx	$80                     ; 0x80 <__rc31+0x51>
    1a43: e4 12        	cpx	$12                     ; 0x12 <__rc2>
    1a45: d0 15        	bne	$1a5c <printf+0xa7b>
    1a47: a4 14        	ldy	$14                     ; 0x14 <__rc4>
    1a49: 18           	clc
    1a4a: aa           	tax
    1a4b: a5 15        	lda	$15                     ; 0x15 <__rc5>
    1a4d: 65 7a        	adc	$7a                     ; 0x7a <__rc31+0x4b>
    1a4f: 85 12        	sta	$12                     ; 0x12 <__rc2>
    1a51: 8a           	txa
    1a52: 65 7b        	adc	$7b                     ; 0x7b <__rc31+0x4c>
    1a54: 85 13        	sta	$13                     ; 0x13 <__rc3>
    1a56: a9 30        	lda	#$30
    1a58: 92 12        	sta	($12)                   ; 0x12 <__rc2>
    1a5a: 80 15        	bra	$1a71 <printf+0xa90>
    1a5c: a2 01        	ldx	#$1
    1a5e: 86 49        	stx	$49                     ; 0x49 <__rc31+0x1a>
    1a60: a2 30        	ldx	#$30
    1a62: 86 3a        	stx	$3a                     ; 0x3a <__putchar.s>
    1a64: a2 3a        	ldx	#$3a
    1a66: 86 12        	stx	$12                     ; 0x12 <__rc2>
    1a68: a2 00        	ldx	#$0
    1a6a: 86 13        	stx	$13                     ; 0x13 <__rc3>
    1a6c: 20 20 0c     	jsr	$c20 <textPrint>
    1a6f: a4 49        	ldy	$49                     ; 0x49 <__rc31+0x1a>
    1a71: a6 76        	ldx	$76                     ; 0x76 <__rc31+0x47>
    1a73: a5 77        	lda	$77                     ; 0x77 <__rc31+0x48>
    1a75: e8           	inx
    1a76: d0 01        	bne	$1a79 <printf+0xa98>
    1a78: 1a           	inc
    1a79: 86 15        	stx	$15                     ; 0x15 <__rc5>
    1a7b: 86 76        	stx	$76                     ; 0x76 <__rc31+0x47>
    1a7d: 85 77        	sta	$77                     ; 0x77 <__rc31+0x48>
    1a7f: a2 00        	ldx	#$0
    1a81: e4 48        	cpx	$48                     ; 0x48 <__rc31+0x19>
    1a83: d0 09        	bne	$1a8e <printf+0xaad>
    1a85: a6 42        	ldx	$42                     ; 0x42 <__rc31+0x13>
    1a87: e4 47        	cpx	$47                     ; 0x47 <__rc31+0x18>
    1a89: b0 0c        	bcs	$1a97 <printf+0xab6>
    1a8b: 4c 11 1a     	jmp	$1a11 <printf+0xa30>
    1a8e: e4 48        	cpx	$48                     ; 0x48 <__rc31+0x19>
    1a90: a6 42        	ldx	$42                     ; 0x42 <__rc31+0x13>
    1a92: b0 03        	bcs	$1a97 <printf+0xab6>
    1a94: 4c 11 1a     	jmp	$1a11 <printf+0xa30>
    1a97: a5 86        	lda	$86                     ; 0x86 <__rc31+0x57>
    1a99: 85 12        	sta	$12                     ; 0x12 <__rc2>
    1a9b: a5 87        	lda	$87                     ; 0x87 <__rc31+0x58>
    1a9d: 85 13        	sta	$13                     ; 0x13 <__rc3>
    1a9f: 5a           	phy
    1aa0: a4 12        	ldy	$12                     ; 0x12 <__rc2>
    1aa2: 84 41        	sty	$41                     ; 0x41 <__rc31+0x12>
    1aa4: 7a           	ply
    1aa5: 85 42        	sta	$42                     ; 0x42 <__rc31+0x13>
    1aa7: 8a           	txa
    1aa8: d0 03        	bne	$1aad <printf+0xacc>
    1aaa: 4c f0 1b     	jmp	$1bf0 <printf+0xc0f>
    1aad: ca           	dex
    1aae: d0 03        	bne	$1ab3 <printf+0xad2>
    1ab0: 4c 69 1b     	jmp	$1b69 <printf+0xb88>
    1ab3: 86 49        	stx	$49                     ; 0x49 <__rc31+0x1a>
    1ab5: a6 8c        	ldx	$8c                     ; 0x8c <__rc31+0x5d>
    1ab7: 8a           	txa
    1ab8: 18           	clc
    1ab9: 65 49        	adc	$49                     ; 0x49 <__rc31+0x1a>
    1abb: 85 47        	sta	$47                     ; 0x47 <__rc31+0x18>
    1abd: a5 8d        	lda	$8d                     ; 0x8d <__rc31+0x5e>
    1abf: 69 00        	adc	#$0
    1ac1: 85 48        	sta	$48                     ; 0x48 <__rc31+0x19>
    1ac3: 4c 57 1b     	jmp	$1b57 <printf+0xb76>
    1ac6: 85 13        	sta	$13                     ; 0x13 <__rc3>
    1ac8: a9 80        	lda	#$80
    1aca: 25 72        	and	$72                     ; 0x72 <__rc31+0x43>
    1acc: f0 04        	beq	$1ad2 <printf+0xaf1>
    1ace: a2 61        	ldx	#$61
    1ad0: 80 02        	bra	$1ad4 <printf+0xaf3>
    1ad2: a2 41        	ldx	#$41
    1ad4: 86 12        	stx	$12                     ; 0x12 <__rc2>
    1ad6: a2 01        	ldx	#$1
    1ad8: 86 14        	stx	$14                     ; 0x14 <__rc4>
    1ada: 18           	clc
    1adb: a5 13        	lda	$13                     ; 0x13 <__rc3>
    1add: 65 12        	adc	$12                     ; 0x12 <__rc2>
    1adf: 18           	clc
    1ae0: 69 f6        	adc	#$f6
    1ae2: a4 76        	ldy	$76                     ; 0x76 <__rc31+0x47>
    1ae4: a6 77        	ldx	$77                     ; 0x77 <__rc31+0x48>
    1ae6: e4 75        	cpx	$75                     ; 0x75 <__rc31+0x46>
    1ae8: d0 0c        	bne	$1af6 <printf+0xb15>
    1aea: 86 16        	stx	$16                     ; 0x16 <__rc6>
    1aec: a6 74        	ldx	$74                     ; 0x74 <__rc31+0x45>
    1aee: 86 12        	stx	$12                     ; 0x12 <__rc2>
    1af0: 84 15        	sty	$15                     ; 0x15 <__rc5>
    1af2: c4 12        	cpy	$12                     ; 0x12 <__rc2>
    1af4: 80 06        	bra	$1afc <printf+0xb1b>
    1af6: 84 15        	sty	$15                     ; 0x15 <__rc5>
    1af8: 86 16        	stx	$16                     ; 0x16 <__rc6>
    1afa: e4 75        	cpx	$75                     ; 0x75 <__rc31+0x46>
    1afc: a4 14        	ldy	$14                     ; 0x14 <__rc4>
    1afe: b0 41        	bcs	$1b41 <printf+0xb60>
    1b00: 85 14        	sta	$14                     ; 0x14 <__rc4>
    1b02: a9 01        	lda	#$1
    1b04: a6 81        	ldx	$81                     ; 0x81 <__rc31+0x52>
    1b06: a0 00        	ldy	#$0
    1b08: 84 12        	sty	$12                     ; 0x12 <__rc2>
    1b0a: a0 00        	ldy	#$0
    1b0c: 84 13        	sty	$13                     ; 0x13 <__rc3>
    1b0e: e4 13        	cpx	$13                     ; 0x13 <__rc3>
    1b10: d0 1a        	bne	$1b2c <printf+0xb4b>
    1b12: a6 80        	ldx	$80                     ; 0x80 <__rc31+0x51>
    1b14: e4 12        	cpx	$12                     ; 0x12 <__rc2>
    1b16: d0 14        	bne	$1b2c <printf+0xb4b>
    1b18: a8           	tay
    1b19: 18           	clc
    1b1a: a5 15        	lda	$15                     ; 0x15 <__rc5>
    1b1c: 65 7a        	adc	$7a                     ; 0x7a <__rc31+0x4b>
    1b1e: 85 12        	sta	$12                     ; 0x12 <__rc2>
    1b20: a5 16        	lda	$16                     ; 0x16 <__rc6>
    1b22: 65 7b        	adc	$7b                     ; 0x7b <__rc31+0x4c>
    1b24: 85 13        	sta	$13                     ; 0x13 <__rc3>
    1b26: a5 14        	lda	$14                     ; 0x14 <__rc4>
    1b28: 92 12        	sta	($12)                   ; 0x12 <__rc2>
    1b2a: 80 15        	bra	$1b41 <printf+0xb60>
    1b2c: a2 01        	ldx	#$1
    1b2e: 86 4a        	stx	$4a                     ; 0x4a <__rc31+0x1b>
    1b30: a6 14        	ldx	$14                     ; 0x14 <__rc4>
    1b32: 86 3a        	stx	$3a                     ; 0x3a <__putchar.s>
    1b34: a2 3a        	ldx	#$3a
    1b36: 86 12        	stx	$12                     ; 0x12 <__rc2>
    1b38: a2 00        	ldx	#$0
    1b3a: 86 13        	stx	$13                     ; 0x13 <__rc3>
    1b3c: 20 20 0c     	jsr	$c20 <textPrint>
    1b3f: a4 4a        	ldy	$4a                     ; 0x4a <__rc31+0x1b>
    1b41: e6 76        	inc	$76                     ; 0x76 <__rc31+0x47>
    1b43: d0 02        	bne	$1b47 <printf+0xb66>
    1b45: e6 77        	inc	$77                     ; 0x77 <__rc31+0x48>
    1b47: c6 49        	dec	$49                     ; 0x49 <__rc31+0x1a>
    1b49: a2 ff        	ldx	#$ff
    1b4b: c6 47        	dec	$47                     ; 0x47 <__rc31+0x18>
    1b4d: e4 47        	cpx	$47                     ; 0x47 <__rc31+0x18>
    1b4f: d0 02        	bne	$1b53 <printf+0xb72>
    1b51: c6 48        	dec	$48                     ; 0x48 <__rc31+0x19>
    1b53: a5 49        	lda	$49                     ; 0x49 <__rc31+0x1a>
    1b55: f0 12        	beq	$1b69 <printf+0xb88>
    1b57: b2 47        	lda	($47)                   ; 0x47 <__rc31+0x18>
    1b59: c9 0a        	cmp	#$a
    1b5b: 90 03        	bcc	$1b60 <printf+0xb7f>
    1b5d: 4c c6 1a     	jmp	$1ac6 <printf+0xae5>
    1b60: a2 01        	ldx	#$1
    1b62: 86 14        	stx	$14                     ; 0x14 <__rc4>
    1b64: 09 30        	ora	#$30
    1b66: 4c e2 1a     	jmp	$1ae2 <printf+0xb01>
    1b69: a5 4f        	lda	$4f                     ; 0x4f <__rc31+0x20>
    1b6b: c9 0a        	cmp	#$a
    1b6d: b0 04        	bcs	$1b73 <printf+0xb92>
    1b6f: 09 30        	ora	#$30
    1b71: 80 18        	bra	$1b8b <printf+0xbaa>
    1b73: 85 13        	sta	$13                     ; 0x13 <__rc3>
    1b75: a9 80        	lda	#$80
    1b77: 25 72        	and	$72                     ; 0x72 <__rc31+0x43>
    1b79: f0 04        	beq	$1b7f <printf+0xb9e>
    1b7b: a2 61        	ldx	#$61
    1b7d: 80 02        	bra	$1b81 <printf+0xba0>
    1b7f: a2 41        	ldx	#$41
    1b81: 86 12        	stx	$12                     ; 0x12 <__rc2>
    1b83: 18           	clc
    1b84: a5 13        	lda	$13                     ; 0x13 <__rc3>
    1b86: 65 12        	adc	$12                     ; 0x12 <__rc2>
    1b88: 18           	clc
    1b89: 69 f6        	adc	#$f6
    1b8b: a6 76        	ldx	$76                     ; 0x76 <__rc31+0x47>
    1b8d: 86 15        	stx	$15                     ; 0x15 <__rc5>
    1b8f: a6 77        	ldx	$77                     ; 0x77 <__rc31+0x48>
    1b91: e4 75        	cpx	$75                     ; 0x75 <__rc31+0x46>
    1b93: d0 0e        	bne	$1ba3 <printf+0xbc2>
    1b95: 86 16        	stx	$16                     ; 0x16 <__rc6>
    1b97: a6 74        	ldx	$74                     ; 0x74 <__rc31+0x45>
    1b99: 86 12        	stx	$12                     ; 0x12 <__rc2>
    1b9b: a6 15        	ldx	$15                     ; 0x15 <__rc5>
    1b9d: e4 12        	cpx	$12                     ; 0x12 <__rc2>
    1b9f: 90 08        	bcc	$1ba9 <printf+0xbc8>
    1ba1: 80 47        	bra	$1bea <printf+0xc09>
    1ba3: 86 16        	stx	$16                     ; 0x16 <__rc6>
    1ba5: e4 75        	cpx	$75                     ; 0x75 <__rc31+0x46>
    1ba7: b0 41        	bcs	$1bea <printf+0xc09>
    1ba9: 85 14        	sta	$14                     ; 0x14 <__rc4>
    1bab: a9 01        	lda	#$1
    1bad: a6 81        	ldx	$81                     ; 0x81 <__rc31+0x52>
    1baf: a0 00        	ldy	#$0
    1bb1: 84 12        	sty	$12                     ; 0x12 <__rc2>
    1bb3: a0 00        	ldy	#$0
    1bb5: 84 13        	sty	$13                     ; 0x13 <__rc3>
    1bb7: e4 13        	cpx	$13                     ; 0x13 <__rc3>
    1bb9: d0 1a        	bne	$1bd5 <printf+0xbf4>
    1bbb: a6 80        	ldx	$80                     ; 0x80 <__rc31+0x51>
    1bbd: e4 12        	cpx	$12                     ; 0x12 <__rc2>
    1bbf: d0 14        	bne	$1bd5 <printf+0xbf4>
    1bc1: a8           	tay
    1bc2: 18           	clc
    1bc3: a5 15        	lda	$15                     ; 0x15 <__rc5>
    1bc5: 65 7a        	adc	$7a                     ; 0x7a <__rc31+0x4b>
    1bc7: 85 12        	sta	$12                     ; 0x12 <__rc2>
    1bc9: a5 16        	lda	$16                     ; 0x16 <__rc6>
    1bcb: 65 7b        	adc	$7b                     ; 0x7b <__rc31+0x4c>
    1bcd: 85 13        	sta	$13                     ; 0x13 <__rc3>
    1bcf: a5 14        	lda	$14                     ; 0x14 <__rc4>
    1bd1: 92 12        	sta	($12)                   ; 0x12 <__rc2>
    1bd3: 80 15        	bra	$1bea <printf+0xc09>
    1bd5: a2 01        	ldx	#$1
    1bd7: 86 47        	stx	$47                     ; 0x47 <__rc31+0x18>
    1bd9: a6 14        	ldx	$14                     ; 0x14 <__rc4>
    1bdb: 86 3a        	stx	$3a                     ; 0x3a <__putchar.s>
    1bdd: a2 3a        	ldx	#$3a
    1bdf: 86 12        	stx	$12                     ; 0x12 <__rc2>
    1be1: a2 00        	ldx	#$0
    1be3: 86 13        	stx	$13                     ; 0x13 <__rc3>
    1be5: 20 20 0c     	jsr	$c20 <textPrint>
    1be8: a4 47        	ldy	$47                     ; 0x47 <__rc31+0x18>
    1bea: e6 76        	inc	$76                     ; 0x76 <__rc31+0x47>
    1bec: d0 02        	bne	$1bf0 <printf+0xc0f>
    1bee: e6 77        	inc	$77                     ; 0x77 <__rc31+0x48>
    1bf0: a5 72        	lda	$72                     ; 0x72 <__rc31+0x43>
    1bf2: 29 01        	and	#$1
    1bf4: d0 27        	bne	$1c1d <printf+0xc3c>
    1bf6: a6 76        	ldx	$76                     ; 0x76 <__rc31+0x47>
    1bf8: 86 15        	stx	$15                     ; 0x15 <__rc5>
    1bfa: a5 77        	lda	$77                     ; 0x77 <__rc31+0x48>
    1bfc: a6 74        	ldx	$74                     ; 0x74 <__rc31+0x45>
    1bfe: 86 14        	stx	$14                     ; 0x14 <__rc4>
    1c00: a6 75        	ldx	$75                     ; 0x75 <__rc31+0x46>
    1c02: 86 12        	stx	$12                     ; 0x12 <__rc2>
    1c04: 86 13        	stx	$13                     ; 0x13 <__rc3>
    1c06: c5 12        	cmp	$12                     ; 0x12 <__rc2>
    1c08: f0 03        	beq	$1c0d <printf+0xc2c>
    1c0a: 4c c6 1c     	jmp	$1cc6 <printf+0xce5>
    1c0d: a5 14        	lda	$14                     ; 0x14 <__rc4>
    1c0f: 85 12        	sta	$12                     ; 0x12 <__rc2>
    1c11: a6 15        	ldx	$15                     ; 0x15 <__rc5>
    1c13: e4 12        	cpx	$12                     ; 0x12 <__rc2>
    1c15: 90 03        	bcc	$1c1a <printf+0xc39>
    1c17: 4c ce 1c     	jmp	$1cce <printf+0xced>
    1c1a: 4c ee 1c     	jmp	$1cee <printf+0xd0d>
    1c1d: a6 76        	ldx	$76                     ; 0x76 <__rc31+0x47>
    1c1f: 86 15        	stx	$15                     ; 0x15 <__rc5>
    1c21: a5 77        	lda	$77                     ; 0x77 <__rc31+0x48>
    1c23: a6 4b        	ldx	$4b                     ; 0x4b <__rc31+0x1c>
    1c25: 5a           	phy
    1c26: a4 4c        	ldy	$4c                     ; 0x4c <__rc31+0x1d>
    1c28: 84 12        	sty	$12                     ; 0x12 <__rc2>
    1c2a: 7a           	ply
    1c2b: e6 12        	inc	$12                     ; 0x12 <__rc2>
    1c2d: c6 12        	dec	$12                     ; 0x12 <__rc2>
    1c2f: f0 03        	beq	$1c34 <printf+0xc53>
    1c31: 4c b2 1c     	jmp	$1cb2 <printf+0xcd1>
    1c34: e0 00        	cpx	#$0
    1c36: f0 c4        	beq	$1bfc <printf+0xc1b>
    1c38: 4c b2 1c     	jmp	$1cb2 <printf+0xcd1>
    1c3b: c5 75        	cmp	$75                     ; 0x75 <__rc31+0x46>
    1c3d: b0 42        	bcs	$1c81 <printf+0xca0>
    1c3f: a2 01        	ldx	#$1
    1c41: 86 14        	stx	$14                     ; 0x14 <__rc4>
    1c43: a6 81        	ldx	$81                     ; 0x81 <__rc31+0x52>
    1c45: a0 00        	ldy	#$0
    1c47: 84 12        	sty	$12                     ; 0x12 <__rc2>
    1c49: a0 00        	ldy	#$0
    1c4b: 84 13        	sty	$13                     ; 0x13 <__rc3>
    1c4d: e4 13        	cpx	$13                     ; 0x13 <__rc3>
    1c4f: d0 1b        	bne	$1c6c <printf+0xc8b>
    1c51: a6 80        	ldx	$80                     ; 0x80 <__rc31+0x51>
    1c53: e4 12        	cpx	$12                     ; 0x12 <__rc2>
    1c55: d0 15        	bne	$1c6c <printf+0xc8b>
    1c57: a4 14        	ldy	$14                     ; 0x14 <__rc4>
    1c59: 18           	clc
    1c5a: aa           	tax
    1c5b: a5 15        	lda	$15                     ; 0x15 <__rc5>
    1c5d: 65 7a        	adc	$7a                     ; 0x7a <__rc31+0x4b>
    1c5f: 85 12        	sta	$12                     ; 0x12 <__rc2>
    1c61: 8a           	txa
    1c62: 65 7b        	adc	$7b                     ; 0x7b <__rc31+0x4c>
    1c64: 85 13        	sta	$13                     ; 0x13 <__rc3>
    1c66: a9 20        	lda	#$20
    1c68: 92 12        	sta	($12)                   ; 0x12 <__rc2>
    1c6a: 80 15        	bra	$1c81 <printf+0xca0>
    1c6c: a2 01        	ldx	#$1
    1c6e: 86 47        	stx	$47                     ; 0x47 <__rc31+0x18>
    1c70: a2 20        	ldx	#$20
    1c72: 86 3a        	stx	$3a                     ; 0x3a <__putchar.s>
    1c74: a2 3a        	ldx	#$3a
    1c76: 86 12        	stx	$12                     ; 0x12 <__rc2>
    1c78: a2 00        	ldx	#$0
    1c7a: 86 13        	stx	$13                     ; 0x13 <__rc3>
    1c7c: 20 20 0c     	jsr	$c20 <textPrint>
    1c7f: a4 47        	ldy	$47                     ; 0x47 <__rc31+0x18>
    1c81: a6 76        	ldx	$76                     ; 0x76 <__rc31+0x47>
    1c83: a5 77        	lda	$77                     ; 0x77 <__rc31+0x48>
    1c85: e8           	inx
    1c86: d0 01        	bne	$1c89 <printf+0xca8>
    1c88: 1a           	inc
    1c89: 86 15        	stx	$15                     ; 0x15 <__rc5>
    1c8b: 86 76        	stx	$76                     ; 0x76 <__rc31+0x47>
    1c8d: 85 77        	sta	$77                     ; 0x77 <__rc31+0x48>
    1c8f: a6 4b        	ldx	$4b                     ; 0x4b <__rc31+0x1c>
    1c91: 86 12        	stx	$12                     ; 0x12 <__rc2>
    1c93: a6 4c        	ldx	$4c                     ; 0x4c <__rc31+0x1d>
    1c95: 86 13        	stx	$13                     ; 0x13 <__rc3>
    1c97: a2 ff        	ldx	#$ff
    1c99: c6 12        	dec	$12                     ; 0x12 <__rc2>
    1c9b: e4 12        	cpx	$12                     ; 0x12 <__rc2>
    1c9d: d0 02        	bne	$1ca1 <printf+0xcc0>
    1c9f: c6 13        	dec	$13                     ; 0x13 <__rc3>
    1ca1: a6 12        	ldx	$12                     ; 0x12 <__rc2>
    1ca3: 86 4b        	stx	$4b                     ; 0x4b <__rc31+0x1c>
    1ca5: a6 13        	ldx	$13                     ; 0x13 <__rc3>
    1ca7: 86 4c        	stx	$4c                     ; 0x4c <__rc31+0x1d>
    1ca9: d0 07        	bne	$1cb2 <printf+0xcd1>
    1cab: a6 12        	ldx	$12                     ; 0x12 <__rc2>
    1cad: d0 03        	bne	$1cb2 <printf+0xcd1>
    1caf: 4c fc 1b     	jmp	$1bfc <printf+0xc1b>
    1cb2: c5 75        	cmp	$75                     ; 0x75 <__rc31+0x46>
    1cb4: f0 03        	beq	$1cb9 <printf+0xcd8>
    1cb6: 4c 3b 1c     	jmp	$1c3b <printf+0xc5a>
    1cb9: a6 74        	ldx	$74                     ; 0x74 <__rc31+0x45>
    1cbb: 86 12        	stx	$12                     ; 0x12 <__rc2>
    1cbd: a6 15        	ldx	$15                     ; 0x15 <__rc5>
    1cbf: e4 12        	cpx	$12                     ; 0x12 <__rc2>
    1cc1: b0 be        	bcs	$1c81 <printf+0xca0>
    1cc3: 4c 3f 1c     	jmp	$1c3f <printf+0xc5e>
    1cc6: 86 12        	stx	$12                     ; 0x12 <__rc2>
    1cc8: c5 12        	cmp	$12                     ; 0x12 <__rc2>
    1cca: a5 14        	lda	$14                     ; 0x14 <__rc4>
    1ccc: 90 20        	bcc	$1cee <printf+0xd0d>
    1cce: a6 13        	ldx	$13                     ; 0x13 <__rc3>
    1cd0: d0 03        	bne	$1cd5 <printf+0xcf4>
    1cd2: aa           	tax
    1cd3: f0 19        	beq	$1cee <printf+0xd0d>
    1cd5: 18           	clc
    1cd6: 65 7a        	adc	$7a                     ; 0x7a <__rc31+0x4b>
    1cd8: 85 12        	sta	$12                     ; 0x12 <__rc2>
    1cda: a5 13        	lda	$13                     ; 0x13 <__rc3>
    1cdc: 65 7b        	adc	$7b                     ; 0x7b <__rc31+0x4c>
    1cde: 85 13        	sta	$13                     ; 0x13 <__rc3>
    1ce0: a2 ff        	ldx	#$ff
    1ce2: c6 12        	dec	$12                     ; 0x12 <__rc2>
    1ce4: e4 12        	cpx	$12                     ; 0x12 <__rc2>
    1ce6: d0 02        	bne	$1cea <printf+0xd09>
    1ce8: c6 13        	dec	$13                     ; 0x13 <__rc3>
    1cea: a9 00        	lda	#$0
    1cec: 92 12        	sta	($12)                   ; 0x12 <__rc2>
    1cee: e6 45        	inc	$45                     ; 0x45 <__rc31+0x16>
    1cf0: d0 02        	bne	$1cf4 <printf+0xd13>
    1cf2: e6 46        	inc	$46                     ; 0x46 <__rc31+0x17>
    1cf4: a6 46        	ldx	$46                     ; 0x46 <__rc31+0x17>
    1cf6: e4 42        	cpx	$42                     ; 0x42 <__rc31+0x13>
    1cf8: f0 03        	beq	$1cfd <printf+0xd1c>
    1cfa: 4c 46 10     	jmp	$1046 <printf+0x65>
    1cfd: a6 45        	ldx	$45                     ; 0x45 <__rc31+0x16>
    1cff: e4 41        	cpx	$41                     ; 0x41 <__rc31+0x12>
    1d01: f0 03        	beq	$1d06 <printf+0xd25>
    1d03: 4c 46 10     	jmp	$1046 <printf+0x65>
    1d06: a6 41        	ldx	$41                     ; 0x41 <__rc31+0x12>
    1d08: 86 86        	stx	$86                     ; 0x86 <__rc31+0x57>
    1d0a: a6 42        	ldx	$42                     ; 0x42 <__rc31+0x13>
    1d0c: 86 87        	stx	$87                     ; 0x87 <__rc31+0x58>
    1d0e: a6 86        	ldx	$86                     ; 0x86 <__rc31+0x57>
    1d10: 86 49        	stx	$49                     ; 0x49 <__rc31+0x1a>
    1d12: a6 87        	ldx	$87                     ; 0x87 <__rc31+0x58>
    1d14: 86 4a        	stx	$4a                     ; 0x4a <__rc31+0x1b>
    1d16: b2 49        	lda	($49)                   ; 0x49 <__rc31+0x1a>
    1d18: 4c 5a 10     	jmp	$105a <printf+0x79>
    1d1b: e4 48        	cpx	$48                     ; 0x48 <__rc31+0x19>
    1d1d: a6 43        	ldx	$43                     ; 0x43 <__rc31+0x14>
    1d1f: b0 03        	bcs	$1d24 <printf+0xd43>
    1d21: 4c 17 17     	jmp	$1717 <printf+0x736>
    1d24: a5 42        	lda	$42                     ; 0x42 <__rc31+0x13>
    1d26: 85 47        	sta	$47                     ; 0x47 <__rc31+0x18>
    1d28: 64 48        	stz	$48                     ; 0x48 <__rc31+0x19>
    1d2a: e6 47        	inc	$47                     ; 0x47 <__rc31+0x18>
    1d2c: f0 03        	beq	$1d31 <printf+0xd50>
    1d2e: 4c 17 17     	jmp	$1717 <printf+0x736>
    1d31: e6 48        	inc	$48                     ; 0x48 <__rc31+0x19>
    1d33: 4c 17 17     	jmp	$1717 <printf+0x736>
    1d36: a2 58        	ldx	#$58
    1d38: 86 8a        	stx	$8a                     ; 0x8a <__rc31+0x5b>
    1d3a: a2 01        	ldx	#$1
    1d3c: 86 44        	stx	$44                     ; 0x44 <__rc31+0x15>
    1d3e: a2 30        	ldx	#$30
    1d40: 86 41        	stx	$41                     ; 0x41 <__rc31+0x12>
    1d42: a9 02        	lda	#$2
    1d44: a2 00        	ldx	#$0
    1d46: 86 4a        	stx	$4a                     ; 0x4a <__rc31+0x1b>
    1d48: 4c 4a 17     	jmp	$174a <printf+0x769>
    1d4b: 64 4b        	stz	$4b                     ; 0x4b <__rc31+0x1c>
    1d4d: 64 4c        	stz	$4c                     ; 0x4c <__rc31+0x1d>
    1d4f: 4c f7 19     	jmp	$19f7 <printf+0xa16>
    1d52: 60           	rts

00001d53 <memcpy>:
    1d53: a8           	tay
    1d54: 8a           	txa
    1d55: d0 03        	bne	$1d5a <memcpy+0x7>
    1d57: 98           	tya
    1d58: f0 24        	beq	$1d7e <memcpy+0x2b>
    1d5a: a5 12        	lda	$12                     ; 0x12 <__rc2>
    1d5c: 85 16        	sta	$16                     ; 0x16 <__rc6>
    1d5e: a5 13        	lda	$13                     ; 0x13 <__rc3>
    1d60: 85 17        	sta	$17                     ; 0x17 <__rc7>
    1d62: b2 14        	lda	($14)                   ; 0x14 <__rc4>
    1d64: 92 16        	sta	($16)                   ; 0x16 <__rc6>
    1d66: e6 16        	inc	$16                     ; 0x16 <__rc6>
    1d68: d0 02        	bne	$1d6c <memcpy+0x19>
    1d6a: e6 17        	inc	$17                     ; 0x17 <__rc7>
    1d6c: e6 14        	inc	$14                     ; 0x14 <__rc4>
    1d6e: d0 02        	bne	$1d72 <memcpy+0x1f>
    1d70: e6 15        	inc	$15                     ; 0x15 <__rc5>
    1d72: 88           	dey
    1d73: c0 ff        	cpy	#$ff
    1d75: d0 01        	bne	$1d78 <memcpy+0x25>
    1d77: ca           	dex
    1d78: 8a           	txa
    1d79: d0 e7        	bne	$1d62 <memcpy+0xf>
    1d7b: 98           	tya
    1d7c: d0 e4        	bne	$1d62 <memcpy+0xf>
    1d7e: 60           	rts

00001d7f <__memset>:
    1d7f: a4 14        	ldy	$14                     ; 0x14 <__rc4>
    1d81: d0 04        	bne	$1d87 <__memset+0x8>
    1d83: e0 00        	cpx	#$0
    1d85: f0 17        	beq	$1d9e <__memset+0x1f>
    1d87: 92 12        	sta	($12)                   ; 0x12 <__rc2>
    1d89: e6 12        	inc	$12                     ; 0x12 <__rc2>
    1d8b: d0 02        	bne	$1d8f <__memset+0x10>
    1d8d: e6 13        	inc	$13                     ; 0x13 <__rc3>
    1d8f: ca           	dex
    1d90: e0 ff        	cpx	#$ff
    1d92: d0 02        	bne	$1d96 <__memset+0x17>
    1d94: c6 14        	dec	$14                     ; 0x14 <__rc4>
    1d96: a4 14        	ldy	$14                     ; 0x14 <__rc4>
    1d98: d0 ed        	bne	$1d87 <__memset+0x8>
    1d9a: e0 00        	cpx	#$0
    1d9c: d0 e9        	bne	$1d87 <__memset+0x8>
    1d9e: 60           	rts
