
gfxDemo.elf:	file format elf32-mos

SYMBOL TABLE:
00000000 l    df *ABS*	00000000 zero-bss.c
00000000 l    df *ABS*	00000000 zero-zp-bss.c
00000000 l    df *ABS*	00000000 copy-zp-data.c
00000000 l    df *ABS*	00000000 ld-temp.o
000003ae l     F .text	0000040c f256Init
0000009f l     O .zp.bss	00000007 kernelEventData
00000089 l     O .zp.bss	00000001 _ccolor
00001bff l     O .rodata	00000030 textColors
0000008a l     O .zp.bss	00000001 _col
0000008b l     O .zp.bss	00000001 _row
00001db5 l     O .bss	00000004 _BITMAP_BASE.0
00001db9 l     O .bss	00000004 _BITMAP_BASE.1
00001dbd l     O .bss	00000004 _BITMAP_BASE.2
0000008c l     O .zp.bss	00000001 _BITMAP_CLUT.0
0000008d l     O .zp.bss	00000001 _BITMAP_CLUT.1
0000008e l     O .zp.bss	00000001 _BITMAP_CLUT.2
0000008f l     O .zp.bss	00000001 _tileSize.2
00001dc1 l     O .bss	00000040 _spriteCtl
00001e01 l     O .bss	00000001 kernelError
000007c0 l     F .text	000011cd f256main
00000096 l     O .zp.bss	00000003 sprAnim
00000099 l     O .zp.bss	00000003 sprBirdAnim
0000009c l     O .zp.bss	00000003 tileAnim
00000030 l     O .zp.data	00000050 textFancy
0000198d l     F .text	000001d6 textPrint
00000094 l     O .zp.bss	00000001 mEn
00000081 l     O .zp.data	00000001 b1
00000080 l     O .zp.data	00000001 b0
00000090 l     O .zp.bss	00000001 t2
00000082 l     O .zp.data	00000001 b2
00000095 l     O .zp.bss	00000001 isSunset
00000086 l     O .zp.data	00000003 sprBirdFrame
00000083 l     O .zp.data	00000003 sprFrame
00000091 l     O .zp.bss	00000002 tm2_xf
00000093 l     O .zp.bss	00000001 tm2_x
00001bb4 l     F .text	00000032 __mulhi3
000007ba g     F .text	00000006 main
00038000 g       .level3	00000000 level3_start
0004b000 g       .sunset	00000000 sunset_start
0004b400 g       .tile3	00000000 tile3_start
00010094 g       .pal	00000000 pal_end
0004b094 g       .sunset	00000000 sunset_end
0004bf00 g       .tile3	00000000 tile3_end
00036c00 g       .level2	00000000 level2_end
00010400 g       .level1	00000000 level1_start
0004b000 g       .bird	00000000 bird_end
00036c00 g       .thing	00000000 thing_start
0004ac00 g       .level3	00000000 level3_end
00010000 g       .pal	00000000 pal_start
00037000 g       .thing	00000000 thing_end
00023400 g       .gpal	00000000 gpal_end
0004ac00 g       .bird	00000000 bird_start
00024000 g       .level2	00000000 level2_start
00023000 g       .gpal	00000000 gpal_start
00023000 g       .level1	00000000 level1_end
0000036d g       .text	00000000 __after_main
00000359 g       .text	00000000 __do_init_stack
00000367 g       .text	00000000 __do_copy_zp_data
00000397 g     F .text	00000017 __copy_zp_data
00000361 g       .text	00000000 __do_zero_bss
00000371 g     F .text	00000013 __zero_bss
00000364 g       .text	00000000 __do_zero_zp_bss
00000384 g     F .text	00000013 __zero_zp_bss
00001b63 g     F .text	00000005 exit
00000370 g       .text	00000000 _fini
00001be6 g       .rodata	00000000 __set_v
00001b94  w    F .text	00000020 __memset
00001000  w      *ABS*	00000000 __heap_default_limit
00001e02 g       .noinit	00000000 __heap_start
00001b68  w    F .text	0000002c memcpy
00000010 g       *ABS*	00000000 __rc0
00000012 g       *ABS*	00000000 __rc2
00000014 g       *ABS*	00000000 __rc4
00000016 g       *ABS*	00000000 __rc6
00000018 g       *ABS*	00000000 __rc8
0000001a g       *ABS*	00000000 __rc10
0000001c g       *ABS*	00000000 __rc12
0000001e g       *ABS*	00000000 __rc14
00000020 g       *ABS*	00000000 __rc16
00000022 g       *ABS*	00000000 __rc18
00000024 g       *ABS*	00000000 __rc20
00000026 g       *ABS*	00000000 __rc22
00000028 g       *ABS*	00000000 __rc24
0000002a g       *ABS*	00000000 __rc26
0000002c g       *ABS*	00000000 __rc28
0000002e g       *ABS*	00000000 __rc30
0000002f g       *ABS*	00000000 __rc31
00000300 g       *ABS*	00000000 __f256_start
0000a000 g       *ABS*	00000000 __stack
0000a000 g       *ABS*	00000000 __SLOT_ADDR
0800a000 g       *ABS*	00000000 __block8_lma
00002000 g       *ABS*	00000000 __BLOCK_SIZE
0900a000 g       *ABS*	00000000 __block9_lma
0a00a000 g       *ABS*	00000000 __block10_lma
0b00a000 g       *ABS*	00000000 __block11_lma
0c00a000 g       *ABS*	00000000 __block12_lma
0d00a000 g       *ABS*	00000000 __block13_lma
0e00a000 g       *ABS*	00000000 __block14_lma
0f00a000 g       *ABS*	00000000 __block15_lma
1000a000 g       *ABS*	00000000 __block16_lma
1100a000 g       *ABS*	00000000 __block17_lma
1200a000 g       *ABS*	00000000 __block18_lma
1300a000 g       *ABS*	00000000 __block19_lma
1400a000 g       *ABS*	00000000 __block20_lma
1500a000 g       *ABS*	00000000 __block21_lma
1600a000 g       *ABS*	00000000 __block22_lma
1700a000 g       *ABS*	00000000 __block23_lma
00010000 g       *ABS*	00000000 __pal_lma
00000094 g       *ABS*	00000000 __pal_size
00010400 g       *ABS*	00000000 __level1_lma
00012c00 g       *ABS*	00000000 __level1_size
00023000 g       *ABS*	00000000 __gpal_lma
00000400 g       *ABS*	00000000 __gpal_size
00024000 g       *ABS*	00000000 __level2_lma
00012c00 g       *ABS*	00000000 __level2_size
00036c00 g       *ABS*	00000000 __thing_lma
00000400 g       *ABS*	00000000 __thing_size
00038000 g       *ABS*	00000000 __level3_lma
00012c00 g       *ABS*	00000000 __level3_size
0004ac00 g       *ABS*	00000000 __bird_lma
00000400 g       *ABS*	00000000 __bird_size
0004b000 g       *ABS*	00000000 __sunset_lma
00000094 g       *ABS*	00000000 __sunset_size
0004b400 g       *ABS*	00000000 __tile3_lma
00000b00 g       *ABS*	00000000 __tile3_size
00001db5 g       .bss	00000000 __bss_start
00010094 g       .pal	00000000 end_pal
00023000 g       .level1	00000000 end_level1
00023400 g       .gpal	00000000 end_gpal
00036c00 g       .level2	00000000 end_level2
00037000 g       .thing	00000000 end_thing
0004ac00 g       .level3	00000000 end_level3
0004b000 g       .bird	00000000 end_bird
0004b094 g       .sunset	00000000 end_sunset
0004bf00 g       .tile3	00000000 end_tile3
00000359 g       .text	00000000 _start
0000002d g       *ABS*	00000000 __rc29
0000002b g       *ABS*	00000000 __rc27
00000029 g       *ABS*	00000000 __rc25
00000027 g       *ABS*	00000000 __rc23
00000025 g       *ABS*	00000000 __rc21
00000023 g       *ABS*	00000000 __rc19
00000021 g       *ABS*	00000000 __rc17
0000001f g       *ABS*	00000000 __rc15
0000001d g       *ABS*	00000000 __rc13
0000001b g       *ABS*	00000000 __rc11
00000019 g       *ABS*	00000000 __rc9
00000017 g       *ABS*	00000000 __rc7
00000015 g       *ABS*	00000000 __rc5
00000013 g       *ABS*	00000000 __rc3
00000011 g       *ABS*	00000000 __rc1
00000030 g       .zp.data	00000000 __zp_data_start
00000300 g       *ABS*	00000000 __zp_data_load_start
00000059 g       *ABS*	00000000 __zp_data_size
00000089 g       .zp.bss	00000000 __zp_bss_start
0000001d g       *ABS*	00000000 __zp_bss_size
00000359 g       .text	00000000 _init
00001be6 g       .text	00000000 __init_array_start
00001be6 g       .text	00000000 __init_array_end
00001be6 g       .text	00000000 __fini_array_start
00001be6 g       .text	00000000 __fini_array_end
00001db5 g       .data	00000000 __data_start
00001db5 g       .data	00000000 __data_end
00001db5 g       *ABS*	00000000 __data_load_start
00000000 g       *ABS*	00000000 __data_size
00001e02 g       .bss	00000000 __bss_end
0000004d g       *ABS*	00000000 __bss_size
00001e02 g       .noinit	00000000 end_block8
00001e02 g       .noinit	00000000 end_block9
00001e02 g       .noinit	00000000 end_block10
00001e02 g       .noinit	00000000 end_block11
00001e02 g       .noinit	00000000 end_block12
00001e02 g       .noinit	00000000 end_block13
00001e02 g       .noinit	00000000 end_block14
00001e02 g       .noinit	00000000 end_block15
00001e02 g       .noinit	00000000 end_block16
00001e02 g       .noinit	00000000 end_block17
00001e02 g       .noinit	00000000 end_block18
00001e02 g       .noinit	00000000 end_block19
00001e02 g       .noinit	00000000 end_block20
00001e02 g       .noinit	00000000 end_block21
00001e02 g       .noinit	00000000 end_block22
00001e02 g       .noinit	00000000 end_block23

Disassembly of section .text:

00000359 <_start>:
     359: a9 00        	lda	#$0
     35b: 85 10        	sta	$10                     ; 0x10 <__rc0>
     35d: a9 a0        	lda	#$a0
     35f: 85 11        	sta	$11                     ; 0x11 <__rc1>

00000361 <__do_zero_bss>:
     361: 20 71 03     	jsr	$371 <__zero_bss>

00000364 <__do_zero_zp_bss>:
     364: 20 84 03     	jsr	$384 <__zero_zp_bss>

00000367 <__do_copy_zp_data>:
     367: 20 97 03     	jsr	$397 <__copy_zp_data>
     36a: 20 ba 07     	jsr	$7ba <main>

0000036d <__after_main>:
     36d: 4c 63 1b     	jmp	$1b63 <exit>

00000370 <_fini>:
     370: 60           	rts

00000371 <__zero_bss>:
     371: a2 4d        	ldx	#$4d
     373: a0 00        	ldy	#$0
     375: a9 b5        	lda	#$b5
     377: 85 12        	sta	$12                     ; 0x12 <__rc2>
     379: a9 1d        	lda	#$1d
     37b: 85 13        	sta	$13                     ; 0x13 <__rc3>
     37d: a9 00        	lda	#$0
     37f: 84 14        	sty	$14                     ; 0x14 <__rc4>
     381: 4c 94 1b     	jmp	$1b94 <__memset>

00000384 <__zero_zp_bss>:
     384: a2 1d        	ldx	#$1d
     386: a0 00        	ldy	#$0
     388: a9 89        	lda	#$89
     38a: 85 12        	sta	$12                     ; 0x12 <__rc2>
     38c: a9 00        	lda	#$0
     38e: 85 13        	sta	$13                     ; 0x13 <__rc3>
     390: a9 00        	lda	#$0
     392: 84 14        	sty	$14                     ; 0x14 <__rc4>
     394: 4c 94 1b     	jmp	$1b94 <__memset>

00000397 <__copy_zp_data>:
     397: a9 59        	lda	#$59
     399: a2 00        	ldx	#$0
     39b: a0 30        	ldy	#$30
     39d: 84 12        	sty	$12                     ; 0x12 <__rc2>
     39f: a0 00        	ldy	#$0
     3a1: 84 13        	sty	$13                     ; 0x13 <__rc3>
     3a3: a0 00        	ldy	#$0
     3a5: 84 14        	sty	$14                     ; 0x14 <__rc4>
     3a7: a0 03        	ldy	#$3
     3a9: 84 15        	sty	$15                     ; 0x15 <__rc5>
     3ab: 4c 68 1b     	jmp	$1b68 <memcpy>

000003ae <f256Init>:
     3ae: 64 14        	stz	$14                     ; 0x14 <__rc4>
     3b0: a2 00        	ldx	#$0
     3b2: 86 12        	stx	$12                     ; 0x12 <__rc2>
     3b4: a2 c0        	ldx	#$c0
     3b6: 86 13        	stx	$13                     ; 0x13 <__rc3>
     3b8: 64 01        	stz	$1                      ; 0x1 <__data_size+0x1>
     3ba: a2 3f        	ldx	#$3f
     3bc: 8e 00 d0     	stx	$d000                   ; 0xd000 <end_block9+0xb1fe>
     3bf: a2 b3        	ldx	#$b3
     3c1: 86 00        	stx	$0                      ; 0x0 <__data_size>
     3c3: 64 08        	stz	$8                      ; 0x8 <__data_size+0x8>
     3c5: a2 01        	ldx	#$1
     3c7: 86 09        	stx	$9                      ; 0x9 <__data_size+0x9>
     3c9: e8           	inx
     3ca: 86 0a        	stx	$a                      ; 0xa <__data_size+0xa>
     3cc: e8           	inx
     3cd: 86 0b        	stx	$b                      ; 0xb <__data_size+0xb>
     3cf: e8           	inx
     3d0: 86 0c        	stx	$c                      ; 0xc <__data_size+0xc>
     3d2: e8           	inx
     3d3: 86 0d        	stx	$d                      ; 0xd <__data_size+0xd>
     3d5: a2 9f        	ldx	#$9f
     3d7: a0 00        	ldy	#$0
     3d9: 86 f0        	stx	$f0                     ; 0xf0 <__sunset_size+0x5c>
     3db: 84 f1        	sty	$f1                     ; 0xf1 <__sunset_size+0x5d>
     3dd: a2 00        	ldx	#$0
     3df: 86 18        	stx	$18                     ; 0x18 <__rc8>
     3e1: ca           	dex
     3e2: 86 19        	stx	$19                     ; 0x19 <__rc9>
     3e4: 8a           	txa
     3e5: 0a           	asl
     3e6: 0a           	asl
     3e7: 18           	clc
     3e8: 69 d4        	adc	#$d4
     3ea: 85 1a        	sta	$1a                     ; 0x1a <__rc10>
     3ec: a0 00        	ldy	#$0
     3ee: 64 17        	stz	$17                     ; 0x17 <__rc7>
     3f0: 64 16        	stz	$16                     ; 0x16 <__rc6>
     3f2: a6 19        	ldx	$19                     ; 0x19 <__rc9>
     3f4: e0 03        	cpx	#$3
     3f6: a6 01        	ldx	$1                      ; 0x1 <__data_size+0x1>
     3f8: 86 1c        	stx	$1c                     ; 0x1c <__rc12>
     3fa: a2 d0        	ldx	#$d0
     3fc: 84 1b        	sty	$1b                     ; 0x1b <__rc11>
     3fe: b0 02        	bcs	$402 <f256Init+0x54>
     400: a6 1a        	ldx	$1a                     ; 0x1a <__rc10>
     402: 86 15        	stx	$15                     ; 0x15 <__rc5>
     404: a5 17        	lda	$17                     ; 0x17 <__rc7>
     406: 18           	clc
     407: 65 14        	adc	$14                     ; 0x14 <__rc4>
     409: a8           	tay
     40a: a6 17        	ldx	$17                     ; 0x17 <__rc7>
     40c: a5 16        	lda	$16                     ; 0x16 <__rc6>
     40e: 85 1d        	sta	$1d                     ; 0x1d <__zp_bss_size>
     410: a5 16        	lda	$16                     ; 0x16 <__rc6>
     412: 65 15        	adc	$15                     ; 0x15 <__rc5>
     414: 84 16        	sty	$16                     ; 0x16 <__rc6>
     416: a0 01        	ldy	#$1
     418: 84 01        	sty	$1                      ; 0x1 <__data_size+0x1>
     41a: 85 17        	sta	$17                     ; 0x17 <__rc7>
     41c: a5 1b        	lda	$1b                     ; 0x1b <__rc11>
     41e: 92 16        	sta	($16)                   ; 0x16 <__rc6>
     420: 91 16        	sta	($16),y                 ; 0x16 <__rc6>
     422: c8           	iny
     423: 91 16        	sta	($16),y                 ; 0x16 <__rc6>
     425: 85 15        	sta	$15                     ; 0x15 <__rc5>
     427: c8           	iny
     428: a9 ff        	lda	#$ff
     42a: 91 16        	sta	($16),y                 ; 0x16 <__rc6>
     42c: 8a           	txa
     42d: a6 1c        	ldx	$1c                     ; 0x1c <__rc12>
     42f: 86 01        	stx	$1                      ; 0x1 <__data_size+0x1>
     431: 18           	clc
     432: 69 04        	adc	#$4
     434: 85 17        	sta	$17                     ; 0x17 <__rc7>
     436: a5 1d        	lda	$1d                     ; 0x1d <__zp_bss_size>
     438: 69 00        	adc	#$0
     43a: e6 15        	inc	$15                     ; 0x15 <__rc5>
     43c: a4 15        	ldy	$15                     ; 0x15 <__rc5>
     43e: 85 16        	sta	$16                     ; 0x16 <__rc6>
     440: c9 04        	cmp	#$4
     442: f0 03        	beq	$447 <f256Init+0x99>
     444: 4c f2 03     	jmp	$3f2 <f256Init+0x44>
     447: a5 17        	lda	$17                     ; 0x17 <__rc7>
     449: f0 03        	beq	$44e <f256Init+0xa0>
     44b: 4c f2 03     	jmp	$3f2 <f256Init+0x44>
     44e: a6 18        	ldx	$18                     ; 0x18 <__rc8>
     450: e8           	inx
     451: e0 04        	cpx	#$4
     453: f0 03        	beq	$458 <f256Init+0xaa>
     455: 4c df 03     	jmp	$3df <f256Init+0x31>
     458: ad 02 d0     	lda	$d002                   ; 0xd002 <end_block9+0xb200>
     45b: 29 f0        	and	#$f0
     45d: 8d 02 d0     	sta	$d002                   ; 0xd002 <end_block9+0xb200>
     460: ad 02 d0     	lda	$d002                   ; 0xd002 <end_block9+0xb200>
     463: 29 0f        	and	#$f
     465: 09 10        	ora	#$10
     467: 8d 02 d0     	sta	$d002                   ; 0xd002 <end_block9+0xb200>
     46a: a2 02        	ldx	#$2
     46c: 8e 03 d0     	stx	$d003                   ; 0xd003 <end_block9+0xb201>
     46f: 64 89        	stz	$89                     ; 0x89 <_ccolor>
     471: ad 01 d0     	lda	$d001                   ; 0xd001 <end_block9+0xb1ff>
     474: 29 f9        	and	#$f9
     476: 09 04        	ora	#$4
     478: 8d 01 d0     	sta	$d001                   ; 0xd001 <end_block9+0xb1ff>
     47b: 64 14        	stz	$14                     ; 0x14 <__rc4>
     47d: 9c 10 d0     	stz	$d010                   ; 0xd010 <end_block9+0xb20e>
     480: a2 00        	ldx	#$0
     482: 64 15        	stz	$15                     ; 0x15 <__rc5>
     484: 86 18        	stx	$18                     ; 0x18 <__rc8>
     486: a4 18        	ldy	$18                     ; 0x18 <__rc8>
     488: be ff 1b     	ldx	$1bff,y                 ; 0x1bff <textColors>
     48b: 86 19        	stx	$19                     ; 0x19 <__rc9>
     48d: be 00 1c     	ldx	$1c00,y                 ; 0x1c00 <textColors+0x1>
     490: 86 1a        	stx	$1a                     ; 0x1a <__rc10>
     492: be 01 1c     	ldx	$1c01,y                 ; 0x1c01 <textColors+0x2>
     495: 86 1b        	stx	$1b                     ; 0x1b <__rc11>
     497: a6 15        	ldx	$15                     ; 0x15 <__rc5>
     499: 8e 00 de     	stx	$de00                   ; 0xde00 <end_block9+0xbffe>
     49c: 86 17        	stx	$17                     ; 0x17 <__rc7>
     49e: 9c 01 de     	stz	$de01                   ; 0xde01 <end_block9+0xbfff>
     4a1: a2 04        	ldx	#$4
     4a3: 8e 02 de     	stx	$de02                   ; 0xde02 <end_block9+0xc000>
     4a6: 86 1d        	stx	$1d                     ; 0x1d <__zp_bss_size>
     4a8: 9c 03 de     	stz	$de03                   ; 0xde03 <end_block9+0xc001>
     4ab: ad 10 de     	lda	$de10                   ; 0xde10 <end_block9+0xc00e>
     4ae: ac 11 de     	ldy	$de11                   ; 0xde11 <end_block9+0xc00f>
     4b1: 84 15        	sty	$15                     ; 0x15 <__rc5>
     4b3: ac 12 de     	ldy	$de12                   ; 0xde12 <end_block9+0xc010>
     4b6: ac 13 de     	ldy	$de13                   ; 0xde13 <end_block9+0xc011>
     4b9: a2 00        	ldx	#$0
     4bb: 18           	clc
     4bc: 65 14        	adc	$14                     ; 0x14 <__rc4>
     4be: a8           	tay
     4bf: 86 1f        	stx	$1f                     ; 0x1f <__rc15>
     4c1: a6 17        	ldx	$17                     ; 0x17 <__rc7>
     4c3: a9 d8        	lda	#$d8
     4c5: 65 15        	adc	$15                     ; 0x15 <__rc5>
     4c7: 84 16        	sty	$16                     ; 0x16 <__rc6>
     4c9: 85 17        	sta	$17                     ; 0x17 <__rc7>
     4cb: a5 1b        	lda	$1b                     ; 0x1b <__rc11>
     4cd: 92 16        	sta	($16)                   ; 0x16 <__rc6>
     4cf: a0 01        	ldy	#$1
     4d1: a5 1a        	lda	$1a                     ; 0x1a <__rc10>
     4d3: 91 16        	sta	($16),y                 ; 0x16 <__rc6>
     4d5: 84 1c        	sty	$1c                     ; 0x1c <__rc12>
     4d7: c8           	iny
     4d8: a5 19        	lda	$19                     ; 0x19 <__rc9>
     4da: 91 16        	sta	($16),y                 ; 0x16 <__rc6>
     4dc: 84 1e        	sty	$1e                     ; 0x1e <__rc14>
     4de: c8           	iny
     4df: a9 ff        	lda	#$ff
     4e1: 91 16        	sta	($16),y                 ; 0x16 <__rc6>
     4e3: 85 23        	sta	$23                     ; 0x23 <__rc19>
     4e5: 84 22        	sty	$22                     ; 0x22 <__rc18>
     4e7: 8e 00 de     	stx	$de00                   ; 0xde00 <end_block9+0xbffe>
     4ea: 9c 01 de     	stz	$de01                   ; 0xde01 <end_block9+0xbfff>
     4ed: a4 1d        	ldy	$1d                     ; 0x1d <__zp_bss_size>
     4ef: 8c 02 de     	sty	$de02                   ; 0xde02 <end_block9+0xc000>
     4f2: 9c 03 de     	stz	$de03                   ; 0xde03 <end_block9+0xc001>
     4f5: ad 10 de     	lda	$de10                   ; 0xde10 <end_block9+0xc00e>
     4f8: 85 15        	sta	$15                     ; 0x15 <__rc5>
     4fa: ad 11 de     	lda	$de11                   ; 0xde11 <end_block9+0xc00f>
     4fd: 85 16        	sta	$16                     ; 0x16 <__rc6>
     4ff: a9 40        	lda	#$40
     501: a4 1f        	ldy	$1f                     ; 0x1f <__rc15>
     503: c0 01        	cpy	#$1
     505: 65 15        	adc	$15                     ; 0x15 <__rc5>
     507: a8           	tay
     508: a9 d8        	lda	#$d8
     50a: 65 16        	adc	$16                     ; 0x16 <__rc6>
     50c: 85 17        	sta	$17                     ; 0x17 <__rc7>
     50e: 84 16        	sty	$16                     ; 0x16 <__rc6>
     510: ad 12 de     	lda	$de12                   ; 0xde12 <end_block9+0xc010>
     513: ad 13 de     	lda	$de13                   ; 0xde13 <end_block9+0xc011>
     516: a5 1b        	lda	$1b                     ; 0x1b <__rc11>
     518: 92 16        	sta	($16)                   ; 0x16 <__rc6>
     51a: a5 1a        	lda	$1a                     ; 0x1a <__rc10>
     51c: a4 1c        	ldy	$1c                     ; 0x1c <__rc12>
     51e: 91 16        	sta	($16),y                 ; 0x16 <__rc6>
     520: a5 19        	lda	$19                     ; 0x19 <__rc9>
     522: a4 1e        	ldy	$1e                     ; 0x1e <__rc14>
     524: 91 16        	sta	($16),y                 ; 0x16 <__rc6>
     526: a4 22        	ldy	$22                     ; 0x22 <__rc18>
     528: a5 23        	lda	$23                     ; 0x23 <__rc19>
     52a: 91 16        	sta	($16),y                 ; 0x16 <__rc6>
     52c: e8           	inx
     52d: 86 15        	stx	$15                     ; 0x15 <__rc5>
     52f: 18           	clc
     530: a5 18        	lda	$18                     ; 0x18 <__rc8>
     532: 69 03        	adc	#$3
     534: aa           	tax
     535: c9 30        	cmp	#$30
     537: f0 03        	beq	$53c <f256Init+0x18e>
     539: 4c 84 04     	jmp	$484 <f256Init+0xd6>
     53c: a6 01        	ldx	$1                      ; 0x1 <__data_size+0x1>
     53e: 86 18        	stx	$18                     ; 0x18 <__rc8>
     540: a2 50        	ldx	#$50
     542: 8e 00 de     	stx	$de00                   ; 0xde00 <end_block9+0xbffe>
     545: 9c 01 de     	stz	$de01                   ; 0xde01 <end_block9+0xbfff>
     548: a2 1e        	ldx	#$1e
     54a: 8e 02 de     	stx	$de02                   ; 0xde02 <end_block9+0xc000>
     54d: 9c 03 de     	stz	$de03                   ; 0xde03 <end_block9+0xc001>
     550: ae 10 de     	ldx	$de10                   ; 0xde10 <end_block9+0xc00e>
     553: ac 11 de     	ldy	$de11                   ; 0xde11 <end_block9+0xc00f>
     556: ad 12 de     	lda	$de12                   ; 0xde12 <end_block9+0xc010>
     559: ad 13 de     	lda	$de13                   ; 0xde13 <end_block9+0xc011>
     55c: a9 02        	lda	#$2
     55e: 85 01        	sta	$1                      ; 0x1 <__data_size+0x1>
     560: e0 01        	cpx	#$1
     562: 98           	tya
     563: e9 00        	sbc	#$0
     565: 50 02        	bvc	$569 <f256Init+0x1bb>
     567: 49 80        	eor	#$80
     569: c9 00        	cmp	#$0
     56b: 10 03        	bpl	$570 <f256Init+0x1c2>
     56d: 4c c9 05     	jmp	$5c9 <f256Init+0x21b>
     570: a9 20        	lda	#$20
     572: 86 19        	stx	$19                     ; 0x19 <__rc9>
     574: 86 14        	stx	$14                     ; 0x14 <__rc4>
     576: 84 15        	sty	$15                     ; 0x15 <__rc5>
     578: a2 00        	ldx	#$0
     57a: 86 16        	stx	$16                     ; 0x16 <__rc6>
     57c: a2 c0        	ldx	#$c0
     57e: 86 17        	stx	$17                     ; 0x17 <__rc7>
     580: 92 16        	sta	($16)                   ; 0x16 <__rc6>
     582: e6 16        	inc	$16                     ; 0x16 <__rc6>
     584: d0 02        	bne	$588 <f256Init+0x1da>
     586: e6 17        	inc	$17                     ; 0x17 <__rc7>
     588: a2 ff        	ldx	#$ff
     58a: c6 14        	dec	$14                     ; 0x14 <__rc4>
     58c: e4 14        	cpx	$14                     ; 0x14 <__rc4>
     58e: d0 02        	bne	$592 <f256Init+0x1e4>
     590: c6 15        	dec	$15                     ; 0x15 <__rc5>
     592: a6 15        	ldx	$15                     ; 0x15 <__rc5>
     594: d0 ea        	bne	$580 <f256Init+0x1d2>
     596: a6 14        	ldx	$14                     ; 0x14 <__rc4>
     598: d0 e6        	bne	$580 <f256Init+0x1d2>
     59a: a2 03        	ldx	#$3
     59c: 86 01        	stx	$1                      ; 0x1 <__data_size+0x1>
     59e: a5 89        	lda	$89                     ; 0x89 <_ccolor>
     5a0: 29 01        	and	#$1
     5a2: aa           	tax
     5a3: a9 d2        	lda	#$d2
     5a5: e0 00        	cpx	#$0
     5a7: d0 02        	bne	$5ab <f256Init+0x1fd>
     5a9: a9 f0        	lda	#$f0
     5ab: a6 19        	ldx	$19                     ; 0x19 <__rc9>
     5ad: 92 12        	sta	($12)                   ; 0x12 <__rc2>
     5af: e6 12        	inc	$12                     ; 0x12 <__rc2>
     5b1: d0 02        	bne	$5b5 <f256Init+0x207>
     5b3: e6 13        	inc	$13                     ; 0x13 <__rc3>
     5b5: 85 14        	sta	$14                     ; 0x14 <__rc4>
     5b7: ca           	dex
     5b8: e0 ff        	cpx	#$ff
     5ba: d0 01        	bne	$5bd <f256Init+0x20f>
     5bc: 88           	dey
     5bd: a5 14        	lda	$14                     ; 0x14 <__rc4>
     5bf: c0 00        	cpy	#$0
     5c1: d0 ea        	bne	$5ad <f256Init+0x1ff>
     5c3: e0 00        	cpx	#$0
     5c5: d0 e6        	bne	$5ad <f256Init+0x1ff>
     5c7: 80 04        	bra	$5cd <f256Init+0x21f>
     5c9: a2 03        	ldx	#$3
     5cb: 86 01        	stx	$1                      ; 0x1 <__data_size+0x1>
     5cd: a6 18        	ldx	$18                     ; 0x18 <__rc8>
     5cf: 86 01        	stx	$1                      ; 0x1 <__data_size+0x1>
     5d1: 64 8a        	stz	$8a                     ; 0x8a <_col>
     5d3: 9c 14 d0     	stz	$d014                   ; 0xd014 <end_block9+0xb212>
     5d6: 9c 15 d0     	stz	$d015                   ; 0xd015 <end_block9+0xb213>
     5d9: 64 8b        	stz	$8b                     ; 0x8b <_row>
     5db: 9c 16 d0     	stz	$d016                   ; 0xd016 <end_block9+0xb214>
     5de: 9c 17 d0     	stz	$d017                   ; 0xd017 <end_block9+0xb215>
     5e1: a2 40        	ldx	#$40
     5e3: 8e 00 de     	stx	$de00                   ; 0xde00 <end_block9+0xbffe>
     5e6: a2 01        	ldx	#$1
     5e8: 8e 01 de     	stx	$de01                   ; 0xde01 <end_block9+0xbfff>
     5eb: a2 f0        	ldx	#$f0
     5ed: 8e 02 de     	stx	$de02                   ; 0xde02 <end_block9+0xc000>
     5f0: 9c 03 de     	stz	$de03                   ; 0xde03 <end_block9+0xc001>
     5f3: ae 10 de     	ldx	$de10                   ; 0xde10 <end_block9+0xc00e>
     5f6: 86 17        	stx	$17                     ; 0x17 <__rc7>
     5f8: ae 11 de     	ldx	$de11                   ; 0xde11 <end_block9+0xc00f>
     5fb: 86 12        	stx	$12                     ; 0x12 <__rc2>
     5fd: ae 12 de     	ldx	$de12                   ; 0xde12 <end_block9+0xc010>
     600: 86 13        	stx	$13                     ; 0x13 <__rc3>
     602: ae 13 de     	ldx	$de13                   ; 0xde13 <end_block9+0xc011>
     605: 86 14        	stx	$14                     ; 0x14 <__rc4>
     607: a4 12        	ldy	$12                     ; 0x12 <__rc2>
     609: 84 15        	sty	$15                     ; 0x15 <__rc5>
     60b: 06 15        	asl	$15                     ; 0x15 <__rc5>
     60d: a5 13        	lda	$13                     ; 0x13 <__rc3>
     60f: 2a           	rol
     610: 86 16        	stx	$16                     ; 0x16 <__rc6>
     612: 26 16        	rol	$16                     ; 0x16 <__rc6>
     614: 06 15        	asl	$15                     ; 0x15 <__rc5>
     616: 2a           	rol
     617: 26 16        	rol	$16                     ; 0x16 <__rc6>
     619: 06 15        	asl	$15                     ; 0x15 <__rc5>
     61b: 2a           	rol
     61c: 26 16        	rol	$16                     ; 0x16 <__rc6>
     61e: 85 15        	sta	$15                     ; 0x15 <__rc5>
     620: 8d 00 de     	sta	$de00                   ; 0xde00 <end_block9+0xbffe>
     623: a5 16        	lda	$16                     ; 0x16 <__rc6>
     625: 8d 01 de     	sta	$de01                   ; 0xde01 <end_block9+0xbfff>
     628: 9c 02 de     	stz	$de02                   ; 0xde02 <end_block9+0xc000>
     62b: a2 20        	ldx	#$20
     62d: 8e 03 de     	stx	$de03                   ; 0xde03 <end_block9+0xc001>
     630: ae 10 de     	ldx	$de10                   ; 0xde10 <end_block9+0xc00e>
     633: 86 16        	stx	$16                     ; 0x16 <__rc6>
     635: ae 11 de     	ldx	$de11                   ; 0xde11 <end_block9+0xc00f>
     638: 86 18        	stx	$18                     ; 0x18 <__rc8>
     63a: ac 12 de     	ldy	$de12                   ; 0xde12 <end_block9+0xc010>
     63d: ae 13 de     	ldx	$de13                   ; 0xde13 <end_block9+0xc011>
     640: e4 14        	cpx	$14                     ; 0x14 <__rc4>
     642: d0 14        	bne	$658 <f256Init+0x2aa>
     644: c4 13        	cpy	$13                     ; 0x13 <__rc3>
     646: d0 10        	bne	$658 <f256Init+0x2aa>
     648: a6 18        	ldx	$18                     ; 0x18 <__rc8>
     64a: e4 12        	cpx	$12                     ; 0x12 <__rc2>
     64c: d0 0a        	bne	$658 <f256Init+0x2aa>
     64e: a6 16        	ldx	$16                     ; 0x16 <__rc6>
     650: e4 17        	cpx	$17                     ; 0x17 <__rc7>
     652: d0 04        	bne	$658 <f256Init+0x2aa>
     654: a6 15        	ldx	$15                     ; 0x15 <__rc5>
     656: 80 06        	bra	$65e <f256Init+0x2b0>
     658: a6 15        	ldx	$15                     ; 0x15 <__rc5>
     65a: e8           	inx
     65b: d0 01        	bne	$65e <f256Init+0x2b0>
     65d: 1a           	inc
     65e: 8e 00 de     	stx	$de00                   ; 0xde00 <end_block9+0xbffe>
     661: 8d 01 de     	sta	$de01                   ; 0xde01 <end_block9+0xbfff>
     664: 9c 02 de     	stz	$de02                   ; 0xde02 <end_block9+0xc000>
     667: a2 20        	ldx	#$20
     669: 8e 03 de     	stx	$de03                   ; 0xde03 <end_block9+0xc001>
     66c: ae 10 de     	ldx	$de10                   ; 0xde10 <end_block9+0xc00e>
     66f: 86 12        	stx	$12                     ; 0x12 <__rc2>
     671: ae 11 de     	ldx	$de11                   ; 0xde11 <end_block9+0xc00f>
     674: 86 13        	stx	$13                     ; 0x13 <__rc3>
     676: ae 12 de     	ldx	$de12                   ; 0xde12 <end_block9+0xc010>
     679: 86 14        	stx	$14                     ; 0x14 <__rc4>
     67b: ae 13 de     	ldx	$de13                   ; 0xde13 <end_block9+0xc011>
     67e: 86 15        	stx	$15                     ; 0x15 <__rc5>
     680: 38           	sec
     681: a9 00        	lda	#$0
     683: e5 12        	sbc	$12                     ; 0x12 <__rc2>
     685: 85 18        	sta	$18                     ; 0x18 <__rc8>
     687: a9 00        	lda	#$0
     689: e5 13        	sbc	$13                     ; 0x13 <__rc3>
     68b: a8           	tay
     68c: a9 08        	lda	#$8
     68e: e5 14        	sbc	$14                     ; 0x14 <__rc4>
     690: aa           	tax
     691: a9 00        	lda	#$0
     693: e5 15        	sbc	$15                     ; 0x15 <__rc5>
     695: 85 17        	sta	$17                     ; 0x17 <__rc7>
     697: 8c b6 1d     	sty	$1db6                   ; 0x1db6 <__bss_start+0x1>
     69a: 8e b7 1d     	stx	$1db7                   ; 0x1db7 <__bss_start+0x2>
     69d: 8d b8 1d     	sta	$1db8                   ; 0x1db8 <__bss_start+0x3>
     6a0: a5 18        	lda	$18                     ; 0x18 <__rc8>
     6a2: 38           	sec
     6a3: e5 12        	sbc	$12                     ; 0x12 <__rc2>
     6a5: 85 19        	sta	$19                     ; 0x19 <__rc9>
     6a7: 98           	tya
     6a8: e5 13        	sbc	$13                     ; 0x13 <__rc3>
     6aa: 85 16        	sta	$16                     ; 0x16 <__rc6>
     6ac: 8a           	txa
     6ad: e5 14        	sbc	$14                     ; 0x14 <__rc4>
     6af: aa           	tax
     6b0: a5 17        	lda	$17                     ; 0x17 <__rc7>
     6b2: e5 15        	sbc	$15                     ; 0x15 <__rc5>
     6b4: 85 17        	sta	$17                     ; 0x17 <__rc7>
     6b6: 38           	sec
     6b7: a5 19        	lda	$19                     ; 0x19 <__rc9>
     6b9: 8d b9 1d     	sta	$1db9                   ; 0x1db9 <_BITMAP_BASE.1>
     6bc: a4 16        	ldy	$16                     ; 0x16 <__rc6>
     6be: 8c ba 1d     	sty	$1dba                   ; 0x1dba <_BITMAP_BASE.1+0x1>
     6c1: 8e bb 1d     	stx	$1dbb                   ; 0x1dbb <_BITMAP_BASE.1+0x2>
     6c4: a4 17        	ldy	$17                     ; 0x17 <__rc7>
     6c6: 8c bc 1d     	sty	$1dbc                   ; 0x1dbc <_BITMAP_BASE.1+0x3>
     6c9: e5 12        	sbc	$12                     ; 0x12 <__rc2>
     6cb: a8           	tay
     6cc: a5 16        	lda	$16                     ; 0x16 <__rc6>
     6ce: e5 13        	sbc	$13                     ; 0x13 <__rc3>
     6d0: 85 12        	sta	$12                     ; 0x12 <__rc2>
     6d2: 8a           	txa
     6d3: e5 14        	sbc	$14                     ; 0x14 <__rc4>
     6d5: 85 13        	sta	$13                     ; 0x13 <__rc3>
     6d7: a5 17        	lda	$17                     ; 0x17 <__rc7>
     6d9: e5 15        	sbc	$15                     ; 0x15 <__rc5>
     6db: 8c bd 1d     	sty	$1dbd                   ; 0x1dbd <_BITMAP_BASE.2>
     6de: a4 12        	ldy	$12                     ; 0x12 <__rc2>
     6e0: 8c be 1d     	sty	$1dbe                   ; 0x1dbe <_BITMAP_BASE.2+0x1>
     6e3: a6 13        	ldx	$13                     ; 0x13 <__rc3>
     6e5: 8e bf 1d     	stx	$1dbf                   ; 0x1dbf <_BITMAP_BASE.2+0x2>
     6e8: 8d c0 1d     	sta	$1dc0                   ; 0x1dc0 <_BITMAP_BASE.2+0x3>
     6eb: a9 08        	lda	#$8
     6ed: a6 18        	ldx	$18                     ; 0x18 <__rc8>
     6ef: 8e b5 1d     	stx	$1db5                   ; 0x1db5 <__bss_start>
     6f2: 64 8c        	stz	$8c                     ; 0x8c <_BITMAP_CLUT.0>
     6f4: 64 8d        	stz	$8d                     ; 0x8d <_BITMAP_CLUT.1>
     6f6: 64 8e        	stz	$8e                     ; 0x8e <_BITMAP_CLUT.2>
     6f8: 8e 01 d1     	stx	$d101                   ; 0xd101 <end_block9+0xb2ff>
     6fb: ae b6 1d     	ldx	$1db6                   ; 0x1db6 <__bss_start+0x1>
     6fe: 8e 02 d1     	stx	$d102                   ; 0xd102 <end_block9+0xb300>
     701: ae b7 1d     	ldx	$1db7                   ; 0x1db7 <__bss_start+0x2>
     704: 8e 03 d1     	stx	$d103                   ; 0xd103 <end_block9+0xb301>
     707: ae b9 1d     	ldx	$1db9                   ; 0x1db9 <_BITMAP_BASE.1>
     70a: 8e 09 d1     	stx	$d109                   ; 0xd109 <end_block9+0xb307>
     70d: ae ba 1d     	ldx	$1dba                   ; 0x1dba <_BITMAP_BASE.1+0x1>
     710: 8e 0a d1     	stx	$d10a                   ; 0xd10a <end_block9+0xb308>
     713: ae bb 1d     	ldx	$1dbb                   ; 0x1dbb <_BITMAP_BASE.1+0x2>
     716: 8e 0b d1     	stx	$d10b                   ; 0xd10b <end_block9+0xb309>
     719: ae bd 1d     	ldx	$1dbd                   ; 0x1dbd <_BITMAP_BASE.2>
     71c: 8e 11 d1     	stx	$d111                   ; 0xd111 <end_block9+0xb30f>
     71f: ae be 1d     	ldx	$1dbe                   ; 0x1dbe <_BITMAP_BASE.2+0x1>
     722: 8e 12 d1     	stx	$d112                   ; 0xd112 <end_block9+0xb310>
     725: ae bf 1d     	ldx	$1dbf                   ; 0x1dbf <_BITMAP_BASE.2+0x2>
     728: 8e 13 d1     	stx	$d113                   ; 0xd113 <end_block9+0xb311>
     72b: 9c 00 d1     	stz	$d100                   ; 0xd100 <end_block9+0xb2fe>
     72e: 9c 08 d1     	stz	$d108                   ; 0xd108 <end_block9+0xb306>
     731: 9c 10 d1     	stz	$d110                   ; 0xd110 <end_block9+0xb30e>
     734: 85 8f        	sta	$8f                     ; 0x8f <_tileSize.2>
     736: a2 10        	ldx	#$10
     738: 8e 00 d2     	stx	$d200                   ; 0xd200 <end_block9+0xb3fe>
     73b: 8e 0c d2     	stx	$d20c                   ; 0xd20c <end_block9+0xb40a>
     73e: a4 8f        	ldy	$8f                     ; 0x8f <_tileSize.2>
     740: c0 08        	cpy	#$8
     742: f0 02        	beq	$746 <f256Init+0x398>
     744: a2 00        	ldx	#$0
     746: 8e 18 d2     	stx	$d218                   ; 0xd218 <end_block9+0xb416>
     749: a0 d9        	ldy	#$d9
     74b: a9 00        	lda	#$0
     74d: aa           	tax
     74e: 85 12        	sta	$12                     ; 0x12 <__rc2>
     750: 84 14        	sty	$14                     ; 0x14 <__rc4>
     752: 84 13        	sty	$13                     ; 0x13 <__rc3>
     754: a8           	tay
     755: bd c1 1d     	lda	$1dc1,x                 ; 0x1dc1 <_spriteCtl>
     758: 92 12        	sta	($12)                   ; 0x12 <__rc2>
     75a: 98           	tya
     75b: e8           	inx
     75c: 18           	clc
     75d: 69 08        	adc	#$8
     75f: 85 12        	sta	$12                     ; 0x12 <__rc2>
     761: a5 14        	lda	$14                     ; 0x14 <__rc4>
     763: 69 00        	adc	#$0
     765: a8           	tay
     766: a5 12        	lda	$12                     ; 0x12 <__rc2>
     768: e0 40        	cpx	#$40
     76a: d0 e2        	bne	$74e <f256Init+0x3a0>
     76c: a2 a6        	ldx	#$a6
     76e: a0 00        	ldy	#$0
     770: 86 fb        	stx	$fb                     ; 0xfb <__sunset_size+0x67>
     772: 84 fc        	sty	$fc                     ; 0xfc <__sunset_size+0x68>
     774: a2 08        	ldx	#$8
     776: 86 fd        	stx	$fd                     ; 0xfd <__sunset_size+0x69>
     778: a2 ae        	ldx	#$ae
     77a: a0 00        	ldy	#$0
     77c: 86 12        	stx	$12                     ; 0x12 <__rc2>
     77e: 84 13        	sty	$13                     ; 0x13 <__rc3>
     780: a2 01        	ldx	#$1
     782: 86 14        	stx	$14                     ; 0x14 <__rc4>
     784: a2 1e        	ldx	#$1e
     786: 86 15        	stx	$15                     ; 0x15 <__rc5>
     788: 20 dc ff     	jsr	$ffdc <end_block9+0xe1da>
     78b: 92 12        	sta	($12)                   ; 0x12 <__rc2>
     78d: a9 00        	lda	#$0
     78f: 6a           	ror
     790: 85 14        	sta	$14                     ; 0x14 <__rc4>
     792: a6 ac        	ldx	$ac                     ; 0xac <__sunset_size+0x18>
     794: a4 ad        	ldy	$ad                     ; 0xad <__sunset_size+0x19>
     796: 8e 00 de     	stx	$de00                   ; 0xde00 <end_block9+0xbffe>
     799: 9c 01 de     	stz	$de01                   ; 0xde01 <end_block9+0xbfff>
     79c: 8c 02 de     	sty	$de02                   ; 0xde02 <end_block9+0xc000>
     79f: 9c 03 de     	stz	$de03                   ; 0xde03 <end_block9+0xc001>
     7a2: ae 10 de     	ldx	$de10                   ; 0xde10 <end_block9+0xc00e>
     7a5: ac 11 de     	ldy	$de11                   ; 0xde11 <end_block9+0xc00f>
     7a8: ad 12 de     	lda	$de12                   ; 0xde12 <end_block9+0xc010>
     7ab: ad 13 de     	lda	$de13                   ; 0xde13 <end_block9+0xc011>
     7ae: 8e a4 d6     	stx	$d6a4                   ; 0xd6a4 <end_block9+0xb8a2>
     7b1: 8c a5 d6     	sty	$d6a5                   ; 0xd6a5 <end_block9+0xb8a3>
     7b4: a2 03        	ldx	#$3
     7b6: 8e a6 d6     	stx	$d6a6                   ; 0xd6a6 <end_block9+0xb8a4>
     7b9: 60           	rts

000007ba <main>:
     7ba: 20 ae 03     	jsr	$3ae <f256Init>
     7bd: 20 c0 07     	jsr	$7c0 <f256main>

000007c0 <f256main>:
     7c0: 18           	clc
     7c1: a5 10        	lda	$10                     ; 0x10 <__rc0>
     7c3: 69 f5        	adc	#$f5
     7c5: 85 10        	sta	$10                     ; 0x10 <__rc0>
     7c7: a5 11        	lda	$11                     ; 0x11 <__rc1>
     7c9: 69 ff        	adc	#$ff
     7cb: 85 11        	sta	$11                     ; 0x11 <__rc1>
     7cd: 64 01        	stz	$1                      ; 0x1 <__data_size+0x1>
     7cf: a2 3f        	ldx	#$3f
     7d1: 8e 00 d0     	stx	$d000                   ; 0xd000 <end_block9+0xb1fe>
     7d4: a2 10        	ldx	#$10
     7d6: 8e 01 d0     	stx	$d001                   ; 0xd001 <end_block9+0xb1ff>
     7d9: 8e 02 d0     	stx	$d002                   ; 0xd002 <end_block9+0xb200>
     7dc: a2 02        	ldx	#$2
     7de: 8e 03 d0     	stx	$d003                   ; 0xd003 <end_block9+0xb201>
     7e1: ca           	dex
     7e2: 86 01        	stx	$1                      ; 0x1 <__data_size+0x1>
     7e4: a2 d0        	ldx	#$d0
     7e6: a0 00        	ldy	#$0
     7e8: 84 17        	sty	$17                     ; 0x17 <__rc7>
     7ea: 98           	tya
     7eb: 18           	clc
     7ec: 69 00        	adc	#$0
     7ee: 85 14        	sta	$14                     ; 0x14 <__rc4>
     7f0: 8a           	txa
     7f1: 69 10        	adc	#$10
     7f3: 85 15        	sta	$15                     ; 0x15 <__rc5>
     7f5: 84 12        	sty	$12                     ; 0x12 <__rc2>
     7f7: 86 13        	stx	$13                     ; 0x13 <__rc3>
     7f9: a4 0f        	ldy	$f                      ; 0xf <__data_size+0xf>
     7fb: 78           	sei
     7fc: a9 08        	lda	#$8
     7fe: 85 0f        	sta	$f                      ; 0xf <__data_size+0xf>
     800: b2 14        	lda	($14)                   ; 0x14 <__rc4>
     802: 84 0f        	sty	$f                      ; 0xf <__data_size+0xf>
     804: 58           	cli
     805: 92 12        	sta	($12)                   ; 0x12 <__rc2>
     807: a4 17        	ldy	$17                     ; 0x17 <__rc7>
     809: c8           	iny
     80a: d0 01        	bne	$80d <f256main+0x4d>
     80c: e8           	inx
     80d: e0 d3        	cpx	#$d3
     80f: d0 d7        	bne	$7e8 <f256main+0x28>
     811: c0 ff        	cpy	#$ff
     813: d0 d3        	bne	$7e8 <f256main+0x28>
     815: a2 f0        	ldx	#$f0
     817: a0 00        	ldy	#$0
     819: 84 12        	sty	$12                     ; 0x12 <__rc2>
     81b: 86 13        	stx	$13                     ; 0x13 <__rc3>
     81d: a5 0f        	lda	$f                      ; 0xf <__data_size+0xf>
     81f: 85 15        	sta	$15                     ; 0x15 <__rc5>
     821: 78           	sei
     822: a9 25        	lda	#$25
     824: 85 0f        	sta	$f                      ; 0xf <__data_size+0xf>
     826: b2 12        	lda	($12)                   ; 0x12 <__rc2>
     828: 85 14        	sta	$14                     ; 0x14 <__rc4>
     82a: a5 15        	lda	$15                     ; 0x15 <__rc5>
     82c: 85 0f        	sta	$f                      ; 0xf <__data_size+0xf>
     82e: 98           	tya
     82f: 18           	clc
     830: 69 00        	adc	#$0
     832: 85 12        	sta	$12                     ; 0x12 <__rc2>
     834: 8a           	txa
     835: 69 e4        	adc	#$e4
     837: 58           	cli
     838: 85 13        	sta	$13                     ; 0x13 <__rc3>
     83a: a5 14        	lda	$14                     ; 0x14 <__rc4>
     83c: 92 12        	sta	($12)                   ; 0x12 <__rc2>
     83e: c8           	iny
     83f: d0 01        	bne	$842 <f256main+0x82>
     841: e8           	inx
     842: e0 f3        	cpx	#$f3
     844: d0 d3        	bne	$819 <f256main+0x59>
     846: c0 ff        	cpy	#$ff
     848: d0 cf        	bne	$819 <f256main+0x59>
     84a: 64 01        	stz	$1                      ; 0x1 <__data_size+0x1>
     84c: 9c 0d d0     	stz	$d00d                   ; 0xd00d <end_block9+0xb20b>
     84f: 9c 0e d0     	stz	$d00e                   ; 0xd00e <end_block9+0xb20c>
     852: 9c 0f d0     	stz	$d00f                   ; 0xd00f <end_block9+0xb20d>
     855: 9c b5 1d     	stz	$1db5                   ; 0x1db5 <__bss_start>
     858: a2 04        	ldx	#$4
     85a: 8e b6 1d     	stx	$1db6                   ; 0x1db6 <__bss_start+0x1>
     85d: a0 01        	ldy	#$1
     85f: 8c b7 1d     	sty	$1db7                   ; 0x1db7 <__bss_start+0x2>
     862: 9c b8 1d     	stz	$1db8                   ; 0x1db8 <__bss_start+0x3>
     865: 9c 01 d1     	stz	$d101                   ; 0xd101 <end_block9+0xb2ff>
     868: 8e 02 d1     	stx	$d102                   ; 0xd102 <end_block9+0xb300>
     86b: 86 12        	stx	$12                     ; 0x12 <__rc2>
     86d: 8c 03 d1     	sty	$d103                   ; 0xd103 <end_block9+0xb301>
     870: a2 01        	ldx	#$1
     872: 86 13        	stx	$13                     ; 0x13 <__rc3>
     874: 9c b9 1d     	stz	$1db9                   ; 0x1db9 <_BITMAP_BASE.1>
     877: a2 40        	ldx	#$40
     879: 8e ba 1d     	stx	$1dba                   ; 0x1dba <_BITMAP_BASE.1+0x1>
     87c: c8           	iny
     87d: 8c bb 1d     	sty	$1dbb                   ; 0x1dbb <_BITMAP_BASE.1+0x2>
     880: 9c bc 1d     	stz	$1dbc                   ; 0x1dbc <_BITMAP_BASE.1+0x3>
     883: 9c 09 d1     	stz	$d109                   ; 0xd109 <end_block9+0xb307>
     886: 8e 0a d1     	stx	$d10a                   ; 0xd10a <end_block9+0xb308>
     889: 8c 0b d1     	sty	$d10b                   ; 0xd10b <end_block9+0xb309>
     88c: 9c bd 1d     	stz	$1dbd                   ; 0x1dbd <_BITMAP_BASE.2>
     88f: a2 80        	ldx	#$80
     891: 8e be 1d     	stx	$1dbe                   ; 0x1dbe <_BITMAP_BASE.2+0x1>
     894: c8           	iny
     895: 8c bf 1d     	sty	$1dbf                   ; 0x1dbf <_BITMAP_BASE.2+0x2>
     898: 9c c0 1d     	stz	$1dc0                   ; 0x1dc0 <_BITMAP_BASE.2+0x3>
     89b: 9c 11 d1     	stz	$d111                   ; 0xd111 <end_block9+0xb30f>
     89e: 8e 12 d1     	stx	$d112                   ; 0xd112 <end_block9+0xb310>
     8a1: 8c 13 d1     	sty	$d113                   ; 0xd113 <end_block9+0xb311>
     8a4: 64 8c        	stz	$8c                     ; 0x8c <_BITMAP_CLUT.0>
     8a6: ad 00 d1     	lda	$d100                   ; 0xd100 <end_block9+0xb2fe>
     8a9: 29 f9        	and	#$f9
     8ab: 8d 00 d1     	sta	$d100                   ; 0xd100 <end_block9+0xb2fe>
     8ae: 64 8d        	stz	$8d                     ; 0x8d <_BITMAP_CLUT.1>
     8b0: ad 08 d1     	lda	$d108                   ; 0xd108 <end_block9+0xb306>
     8b3: 29 f9        	and	#$f9
     8b5: 8d 08 d1     	sta	$d108                   ; 0xd108 <end_block9+0xb306>
     8b8: 64 8e        	stz	$8e                     ; 0x8e <_BITMAP_CLUT.2>
     8ba: ad 10 d1     	lda	$d110                   ; 0xd110 <end_block9+0xb30e>
     8bd: 29 f9        	and	#$f9
     8bf: 8d 10 d1     	sta	$d110                   ; 0xd110 <end_block9+0xb30e>
     8c2: a9 01        	lda	#$1
     8c4: 05 8c        	ora	$8c                     ; 0x8c <_BITMAP_CLUT.0>
     8c6: 8d 00 d1     	sta	$d100                   ; 0xd100 <end_block9+0xb2fe>
     8c9: a9 01        	lda	#$1
     8cb: 05 8d        	ora	$8d                     ; 0x8d <_BITMAP_CLUT.1>
     8cd: 8d 08 d1     	sta	$d108                   ; 0xd108 <end_block9+0xb306>
     8d0: a5 13        	lda	$13                     ; 0x13 <__rc3>
     8d2: 05 8e        	ora	$8e                     ; 0x8e <_BITMAP_CLUT.2>
     8d4: 8d 10 d1     	sta	$d110                   ; 0xd110 <end_block9+0xb30e>
     8d7: a2 10        	ldx	#$10
     8d9: 86 8f        	stx	$8f                     ; 0x8f <_tileSize.2>
     8db: 9c 19 d2     	stz	$d219                   ; 0xd219 <end_block9+0xb417>
     8de: a9 bf        	lda	#$bf
     8e0: 8d 1a d2     	sta	$d21a                   ; 0xd21a <end_block9+0xb418>
     8e3: a4 12        	ldy	$12                     ; 0x12 <__rc2>
     8e5: 8c 1b d2     	sty	$d21b                   ; 0xd21b <end_block9+0xb419>
     8e8: a2 28        	ldx	#$28
     8ea: 8e 1c d2     	stx	$d21c                   ; 0xd21c <end_block9+0xb41a>
     8ed: 9c 1d d2     	stz	$d21d                   ; 0xd21d <end_block9+0xb41b>
     8f0: a2 11        	ldx	#$11
     8f2: 8e 1e d2     	stx	$d21e                   ; 0xd21e <end_block9+0xb41c>
     8f5: 9c 1f d2     	stz	$d21f                   ; 0xd21f <end_block9+0xb41d>
     8f8: 9c 20 d2     	stz	$d220                   ; 0xd220 <end_block9+0xb41e>
     8fb: 9c 21 d2     	stz	$d221                   ; 0xd221 <end_block9+0xb41f>
     8fe: 9c 22 d2     	stz	$d222                   ; 0xd222 <end_block9+0xb420>
     901: 9c 23 d2     	stz	$d223                   ; 0xd223 <end_block9+0xb421>
     904: 9c 80 d2     	stz	$d280                   ; 0xd280 <end_block9+0xb47e>
     907: a2 b4        	ldx	#$b4
     909: 8e 81 d2     	stx	$d281                   ; 0xd281 <end_block9+0xb47f>
     90c: 8c 82 d2     	sty	$d282                   ; 0xd282 <end_block9+0xb480>
     90f: 9c 83 d2     	stz	$d283                   ; 0xd283 <end_block9+0xb481>
     912: a0 01        	ldy	#$1
     914: a9 00        	lda	#$0
     916: 64 12        	stz	$12                     ; 0x12 <__rc2>
     918: 85 18        	sta	$18                     ; 0x18 <__rc8>
     91a: 0a           	asl
     91b: a6 12        	ldx	$12                     ; 0x12 <__rc2>
     91d: 86 13        	stx	$13                     ; 0x13 <__rc3>
     91f: 26 13        	rol	$13                     ; 0x13 <__rc3>
     921: 0a           	asl
     922: 26 13        	rol	$13                     ; 0x13 <__rc3>
     924: 0a           	asl
     925: 26 13        	rol	$13                     ; 0x13 <__rc3>
     927: 0a           	asl
     928: 85 14        	sta	$14                     ; 0x14 <__rc4>
     92a: 26 13        	rol	$13                     ; 0x13 <__rc3>
     92c: a6 13        	ldx	$13                     ; 0x13 <__rc3>
     92e: 86 15        	stx	$15                     ; 0x15 <__rc5>
     930: 0a           	asl
     931: aa           	tax
     932: a5 13        	lda	$13                     ; 0x13 <__rc3>
     934: 2a           	rol
     935: 86 13        	stx	$13                     ; 0x13 <__rc3>
     937: 06 13        	asl	$13                     ; 0x13 <__rc3>
     939: 2a           	rol
     93a: aa           	tax
     93b: 18           	clc
     93c: a9 01        	lda	#$1
     93e: b0 02        	bcs	$942 <f256main+0x182>
     940: a9 00        	lda	#$0
     942: 85 19        	sta	$19                     ; 0x19 <__rc9>
     944: a5 13        	lda	$13                     ; 0x13 <__rc3>
     946: 65 14        	adc	$14                     ; 0x14 <__rc4>
     948: 85 13        	sta	$13                     ; 0x13 <__rc3>
     94a: 8a           	txa
     94b: 65 15        	adc	$15                     ; 0x15 <__rc5>
     94d: 85 14        	sta	$14                     ; 0x14 <__rc4>
     94f: 64 15        	stz	$15                     ; 0x15 <__rc5>
     951: a6 15        	ldx	$15                     ; 0x15 <__rc5>
     953: a5 15        	lda	$15                     ; 0x15 <__rc5>
     955: 5a           	phy
     956: a4 19        	ldy	$19                     ; 0x19 <__rc9>
     958: c0 01        	cpy	#$1
     95a: 7a           	ply
     95b: 65 13        	adc	$13                     ; 0x13 <__rc3>
     95d: 85 1a        	sta	$1a                     ; 0x1a <__rc10>
     95f: a9 bf        	lda	#$bf
     961: 65 14        	adc	$14                     ; 0x14 <__rc4>
     963: 85 17        	sta	$17                     ; 0x17 <__rc7>
     965: 86 16        	stx	$16                     ; 0x16 <__rc6>
     967: a9 04        	lda	#$4
     969: 69 00        	adc	#$0
     96b: a6 17        	ldx	$17                     ; 0x17 <__rc7>
     96d: 86 15        	stx	$15                     ; 0x15 <__rc5>
     96f: 06 15        	asl	$15                     ; 0x15 <__rc5>
     971: 2a           	rol
     972: 06 15        	asl	$15                     ; 0x15 <__rc5>
     974: 2a           	rol
     975: 06 15        	asl	$15                     ; 0x15 <__rc5>
     977: 2a           	rol
     978: a6 0f        	ldx	$f                      ; 0xf <__data_size+0xf>
     97a: 78           	sei
     97b: 85 0f        	sta	$f                      ; 0xf <__data_size+0xf>
     97d: a5 16        	lda	$16                     ; 0x16 <__rc6>
     97f: 85 15        	sta	$15                     ; 0x15 <__rc5>
     981: a5 1a        	lda	$1a                     ; 0x1a <__rc10>
     983: 85 16        	sta	$16                     ; 0x16 <__rc6>
     985: a5 17        	lda	$17                     ; 0x17 <__rc7>
     987: 09 e0        	ora	#$e0
     989: 85 17        	sta	$17                     ; 0x17 <__rc7>
     98b: a9 00        	lda	#$0
     98d: 92 16        	sta	($16)                   ; 0x16 <__rc6>
     98f: 91 16        	sta	($16),y                 ; 0x16 <__rc6>
     991: 86 0f        	stx	$f                      ; 0xf <__data_size+0xf>
     993: 58           	cli
     994: 18           	clc
     995: a5 15        	lda	$15                     ; 0x15 <__rc5>
     997: 69 02        	adc	#$2
     999: 85 15        	sta	$15                     ; 0x15 <__rc5>
     99b: c9 50        	cmp	#$50
     99d: d0 b2        	bne	$951 <f256main+0x191>
     99f: a5 18        	lda	$18                     ; 0x18 <__rc8>
     9a1: 1a           	inc
     9a2: d0 02        	bne	$9a6 <f256main+0x1e6>
     9a4: e6 12        	inc	$12                     ; 0x12 <__rc2>
     9a6: a6 12        	ldx	$12                     ; 0x12 <__rc2>
     9a8: f0 03        	beq	$9ad <f256main+0x1ed>
     9aa: 4c 18 09     	jmp	$918 <f256main+0x158>
     9ad: c9 0d        	cmp	#$d
     9af: f0 03        	beq	$9b4 <f256main+0x1f4>
     9b1: 4c 18 09     	jmp	$918 <f256main+0x158>
     9b4: a9 0d        	lda	#$d
     9b6: a0 01        	ldy	#$1
     9b8: a2 01        	ldx	#$1
     9ba: 64 12        	stz	$12                     ; 0x12 <__rc2>
     9bc: 85 18        	sta	$18                     ; 0x18 <__rc8>
     9be: 0a           	asl
     9bf: 5a           	phy
     9c0: a4 12        	ldy	$12                     ; 0x12 <__rc2>
     9c2: 84 13        	sty	$13                     ; 0x13 <__rc3>
     9c4: 26 13        	rol	$13                     ; 0x13 <__rc3>
     9c6: 0a           	asl
     9c7: 26 13        	rol	$13                     ; 0x13 <__rc3>
     9c9: 0a           	asl
     9ca: 26 13        	rol	$13                     ; 0x13 <__rc3>
     9cc: 0a           	asl
     9cd: 85 14        	sta	$14                     ; 0x14 <__rc4>
     9cf: 26 13        	rol	$13                     ; 0x13 <__rc3>
     9d1: a4 13        	ldy	$13                     ; 0x13 <__rc3>
     9d3: 84 15        	sty	$15                     ; 0x15 <__rc5>
     9d5: 7a           	ply
     9d6: 0a           	asl
     9d7: 85 13        	sta	$13                     ; 0x13 <__rc3>
     9d9: a5 15        	lda	$15                     ; 0x15 <__rc5>
     9db: 2a           	rol
     9dc: 06 13        	asl	$13                     ; 0x13 <__rc3>
     9de: 2a           	rol
     9df: 85 16        	sta	$16                     ; 0x16 <__rc6>
     9e1: 18           	clc
     9e2: a9 01        	lda	#$1
     9e4: b0 02        	bcs	$9e8 <f256main+0x228>
     9e6: a9 00        	lda	#$0
     9e8: 85 19        	sta	$19                     ; 0x19 <__rc9>
     9ea: a5 13        	lda	$13                     ; 0x13 <__rc3>
     9ec: 65 14        	adc	$14                     ; 0x14 <__rc4>
     9ee: 85 13        	sta	$13                     ; 0x13 <__rc3>
     9f0: a5 16        	lda	$16                     ; 0x16 <__rc6>
     9f2: 65 15        	adc	$15                     ; 0x15 <__rc5>
     9f4: 85 14        	sta	$14                     ; 0x14 <__rc4>
     9f6: 64 15        	stz	$15                     ; 0x15 <__rc5>
     9f8: 86 1a        	stx	$1a                     ; 0x1a <__rc10>
     9fa: a6 15        	ldx	$15                     ; 0x15 <__rc5>
     9fc: a5 15        	lda	$15                     ; 0x15 <__rc5>
     9fe: 5a           	phy
     9ff: a4 19        	ldy	$19                     ; 0x19 <__rc9>
     a01: c0 01        	cpy	#$1
     a03: 7a           	ply
     a04: 65 13        	adc	$13                     ; 0x13 <__rc3>
     a06: 85 17        	sta	$17                     ; 0x17 <__rc7>
     a08: a9 bf        	lda	#$bf
     a0a: 65 14        	adc	$14                     ; 0x14 <__rc4>
     a0c: 85 1b        	sta	$1b                     ; 0x1b <__rc11>
     a0e: 86 16        	stx	$16                     ; 0x16 <__rc6>
     a10: a9 04        	lda	#$4
     a12: 69 00        	adc	#$0
     a14: a6 1b        	ldx	$1b                     ; 0x1b <__rc11>
     a16: 86 15        	stx	$15                     ; 0x15 <__rc5>
     a18: 06 15        	asl	$15                     ; 0x15 <__rc5>
     a1a: 2a           	rol
     a1b: 06 15        	asl	$15                     ; 0x15 <__rc5>
     a1d: 2a           	rol
     a1e: 06 15        	asl	$15                     ; 0x15 <__rc5>
     a20: 2a           	rol
     a21: a6 0f        	ldx	$f                      ; 0xf <__data_size+0xf>
     a23: 78           	sei
     a24: 85 0f        	sta	$f                      ; 0xf <__data_size+0xf>
     a26: a5 16        	lda	$16                     ; 0x16 <__rc6>
     a28: 85 15        	sta	$15                     ; 0x15 <__rc5>
     a2a: a5 17        	lda	$17                     ; 0x17 <__rc7>
     a2c: 85 16        	sta	$16                     ; 0x16 <__rc6>
     a2e: a5 1b        	lda	$1b                     ; 0x1b <__rc11>
     a30: 09 e0        	ora	#$e0
     a32: 85 17        	sta	$17                     ; 0x17 <__rc7>
     a34: a5 1a        	lda	$1a                     ; 0x1a <__rc10>
     a36: 92 16        	sta	($16)                   ; 0x16 <__rc6>
     a38: a9 00        	lda	#$0
     a3a: 91 16        	sta	($16),y                 ; 0x16 <__rc6>
     a3c: 86 0f        	stx	$f                      ; 0xf <__data_size+0xf>
     a3e: 58           	cli
     a3f: 18           	clc
     a40: a5 15        	lda	$15                     ; 0x15 <__rc5>
     a42: 69 02        	adc	#$2
     a44: 85 15        	sta	$15                     ; 0x15 <__rc5>
     a46: c9 50        	cmp	#$50
     a48: f0 03        	beq	$a4d <f256main+0x28d>
     a4a: 4c fa 09     	jmp	$9fa <f256main+0x23a>
     a4d: a2 01        	ldx	#$1
     a4f: a5 18        	lda	$18                     ; 0x18 <__rc8>
     a51: 1a           	inc
     a52: d0 02        	bne	$a56 <f256main+0x296>
     a54: e6 12        	inc	$12                     ; 0x12 <__rc2>
     a56: e6 12        	inc	$12                     ; 0x12 <__rc2>
     a58: c6 12        	dec	$12                     ; 0x12 <__rc2>
     a5a: f0 03        	beq	$a5f <f256main+0x29f>
     a5c: 4c bc 09     	jmp	$9bc <f256main+0x1fc>
     a5f: c9 11        	cmp	#$11
     a61: f0 03        	beq	$a66 <f256main+0x2a6>
     a63: 4c bc 09     	jmp	$9bc <f256main+0x1fc>
     a66: 2c e6 1b     	bit	$1be6                   ; 0x1be6 <__set_v>
     a69: a2 e1        	ldx	#$e1
     a6b: 86 16        	stx	$16                     ; 0x16 <__rc6>
     a6d: ca           	dex
     a6e: 86 17        	stx	$17                     ; 0x17 <__rc7>
     a70: a0 00        	ldy	#$0
     a72: a2 01        	ldx	#$1
     a74: 70 02        	bvs	$a78 <f256main+0x2b8>
     a76: a2 00        	ldx	#$0
     a78: 86 12        	stx	$12                     ; 0x12 <__rc2>
     a7a: a6 0f        	ldx	$f                      ; 0xf <__data_size+0xf>
     a7c: 78           	sei
     a7d: a9 26        	lda	#$26
     a7f: 85 0f        	sta	$f                      ; 0xf <__data_size+0xf>
     a81: 85 19        	sta	$19                     ; 0x19 <__rc9>
     a83: 84 18        	sty	$18                     ; 0x18 <__rc8>
     a85: 98           	tya
     a86: 09 84        	ora	#$84
     a88: 85 14        	sta	$14                     ; 0x14 <__rc4>
     a8a: a4 16        	ldy	$16                     ; 0x16 <__rc6>
     a8c: 84 13        	sty	$13                     ; 0x13 <__rc3>
     a8e: a4 16        	ldy	$16                     ; 0x16 <__rc6>
     a90: 84 15        	sty	$15                     ; 0x15 <__rc5>
     a92: a9 06        	lda	#$6
     a94: 92 14        	sta	($14)                   ; 0x14 <__rc4>
     a96: a9 00        	lda	#$0
     a98: a0 01        	ldy	#$1
     a9a: 91 14        	sta	($14),y                 ; 0x14 <__rc4>
     a9c: 84 16        	sty	$16                     ; 0x16 <__rc6>
     a9e: 86 0f        	stx	$f                      ; 0xf <__data_size+0xf>
     aa0: 58           	cli
     aa1: a6 0f        	ldx	$f                      ; 0xf <__data_size+0xf>
     aa3: 78           	sei
     aa4: a4 19        	ldy	$19                     ; 0x19 <__rc9>
     aa6: 84 0f        	sty	$f                      ; 0xf <__data_size+0xf>
     aa8: a5 18        	lda	$18                     ; 0x18 <__rc8>
     aaa: 09 86        	ora	#$86
     aac: 85 14        	sta	$14                     ; 0x14 <__rc4>
     aae: a4 13        	ldy	$13                     ; 0x13 <__rc3>
     ab0: 84 15        	sty	$15                     ; 0x15 <__rc5>
     ab2: a9 07        	lda	#$7
     ab4: 92 14        	sta	($14)                   ; 0x14 <__rc4>
     ab6: a9 00        	lda	#$0
     ab8: a4 16        	ldy	$16                     ; 0x16 <__rc6>
     aba: 91 14        	sta	($14),y                 ; 0x14 <__rc4>
     abc: 86 0f        	stx	$f                      ; 0xf <__data_size+0xf>
     abe: 58           	cli
     abf: a6 0f        	ldx	$f                      ; 0xf <__data_size+0xf>
     ac1: 78           	sei
     ac2: a4 19        	ldy	$19                     ; 0x19 <__rc9>
     ac4: 84 0f        	sty	$f                      ; 0xf <__data_size+0xf>
     ac6: 18           	clc
     ac7: a5 18        	lda	$18                     ; 0x18 <__rc8>
     ac9: 69 88        	adc	#$88
     acb: 85 14        	sta	$14                     ; 0x14 <__rc4>
     acd: a9 00        	lda	#$0
     acf: 69 e1        	adc	#$e1
     ad1: 85 15        	sta	$15                     ; 0x15 <__rc5>
     ad3: a9 08        	lda	#$8
     ad5: 92 14        	sta	($14)                   ; 0x14 <__rc4>
     ad7: a9 00        	lda	#$0
     ad9: a4 16        	ldy	$16                     ; 0x16 <__rc6>
     adb: 91 14        	sta	($14),y                 ; 0x14 <__rc4>
     add: 86 0f        	stx	$f                      ; 0xf <__data_size+0xf>
     adf: 58           	cli
     ae0: a6 0f        	ldx	$f                      ; 0xf <__data_size+0xf>
     ae2: 78           	sei
     ae3: a5 19        	lda	$19                     ; 0x19 <__rc9>
     ae5: 85 0f        	sta	$f                      ; 0xf <__data_size+0xf>
     ae7: 18           	clc
     ae8: a5 18        	lda	$18                     ; 0x18 <__rc8>
     aea: 69 4c        	adc	#$4c
     aec: 85 14        	sta	$14                     ; 0x14 <__rc4>
     aee: a5 17        	lda	$17                     ; 0x17 <__rc7>
     af0: 85 16        	sta	$16                     ; 0x16 <__rc6>
     af2: a5 17        	lda	$17                     ; 0x17 <__rc7>
     af4: 85 15        	sta	$15                     ; 0x15 <__rc5>
     af6: a9 02        	lda	#$2
     af8: 92 14        	sta	($14)                   ; 0x14 <__rc4>
     afa: 85 1d        	sta	$1d                     ; 0x1d <__zp_bss_size>
     afc: a9 00        	lda	#$0
     afe: 91 14        	sta	($14),y                 ; 0x14 <__rc4>
     b00: 86 0f        	stx	$f                      ; 0xf <__data_size+0xf>
     b02: 58           	cli
     b03: a6 0f        	ldx	$f                      ; 0xf <__data_size+0xf>
     b05: 78           	sei
     b06: a5 19        	lda	$19                     ; 0x19 <__rc9>
     b08: 85 0f        	sta	$f                      ; 0xf <__data_size+0xf>
     b0a: 85 17        	sta	$17                     ; 0x17 <__rc7>
     b0c: 18           	clc
     b0d: a5 18        	lda	$18                     ; 0x18 <__rc8>
     b0f: 69 4e        	adc	#$4e
     b11: 85 14        	sta	$14                     ; 0x14 <__rc4>
     b13: a5 16        	lda	$16                     ; 0x16 <__rc6>
     b15: 85 15        	sta	$15                     ; 0x15 <__rc5>
     b17: a9 03        	lda	#$3
     b19: 92 14        	sta	($14)                   ; 0x14 <__rc4>
     b1b: 85 1c        	sta	$1c                     ; 0x1c <__rc12>
     b1d: a9 00        	lda	#$0
     b1f: 91 14        	sta	($14),y                 ; 0x14 <__rc4>
     b21: 86 0f        	stx	$f                      ; 0xf <__data_size+0xf>
     b23: 58           	cli
     b24: a6 0f        	ldx	$f                      ; 0xf <__data_size+0xf>
     b26: 78           	sei
     b27: a5 17        	lda	$17                     ; 0x17 <__rc7>
     b29: 85 0f        	sta	$f                      ; 0xf <__data_size+0xf>
     b2b: 18           	clc
     b2c: a5 18        	lda	$18                     ; 0x18 <__rc8>
     b2e: 69 9c        	adc	#$9c
     b30: 85 14        	sta	$14                     ; 0x14 <__rc4>
     b32: a9 04        	lda	#$4
     b34: 92 14        	sta	($14)                   ; 0x14 <__rc4>
     b36: 85 1b        	sta	$1b                     ; 0x1b <__rc11>
     b38: a9 00        	lda	#$0
     b3a: 91 14        	sta	($14),y                 ; 0x14 <__rc4>
     b3c: 86 0f        	stx	$f                      ; 0xf <__data_size+0xf>
     b3e: 58           	cli
     b3f: a6 0f        	ldx	$f                      ; 0xf <__data_size+0xf>
     b41: 78           	sei
     b42: a5 17        	lda	$17                     ; 0x17 <__rc7>
     b44: 85 0f        	sta	$f                      ; 0xf <__data_size+0xf>
     b46: 18           	clc
     b47: a5 18        	lda	$18                     ; 0x18 <__rc8>
     b49: 69 9e        	adc	#$9e
     b4b: 85 14        	sta	$14                     ; 0x14 <__rc4>
     b4d: a9 05        	lda	#$5
     b4f: 92 14        	sta	($14)                   ; 0x14 <__rc4>
     b51: 85 1a        	sta	$1a                     ; 0x1a <__rc10>
     b53: a9 00        	lda	#$0
     b55: 91 14        	sta	($14),y                 ; 0x14 <__rc4>
     b57: 86 0f        	stx	$f                      ; 0xf <__data_size+0xf>
     b59: 58           	cli
     b5a: a6 0f        	ldx	$f                      ; 0xf <__data_size+0xf>
     b5c: 78           	sei
     b5d: a5 17        	lda	$17                     ; 0x17 <__rc7>
     b5f: 85 0f        	sta	$f                      ; 0xf <__data_size+0xf>
     b61: 18           	clc
     b62: a5 18        	lda	$18                     ; 0x18 <__rc8>
     b64: 69 08        	adc	#$8
     b66: 85 14        	sta	$14                     ; 0x14 <__rc4>
     b68: a9 09        	lda	#$9
     b6a: 92 14        	sta	($14)                   ; 0x14 <__rc4>
     b6c: a9 00        	lda	#$0
     b6e: 91 14        	sta	($14),y                 ; 0x14 <__rc4>
     b70: 86 0f        	stx	$f                      ; 0xf <__data_size+0xf>
     b72: 58           	cli
     b73: a6 0f        	ldx	$f                      ; 0xf <__data_size+0xf>
     b75: 78           	sei
     b76: a5 17        	lda	$17                     ; 0x17 <__rc7>
     b78: 85 0f        	sta	$f                      ; 0xf <__data_size+0xf>
     b7a: 85 19        	sta	$19                     ; 0x19 <__rc9>
     b7c: 18           	clc
     b7d: a5 18        	lda	$18                     ; 0x18 <__rc8>
     b7f: 69 0a        	adc	#$a
     b81: 85 14        	sta	$14                     ; 0x14 <__rc4>
     b83: a5 16        	lda	$16                     ; 0x16 <__rc6>
     b85: 85 17        	sta	$17                     ; 0x17 <__rc7>
     b87: a9 0a        	lda	#$a
     b89: 92 14        	sta	($14)                   ; 0x14 <__rc4>
     b8b: a9 00        	lda	#$0
     b8d: 91 14        	sta	($14),y                 ; 0x14 <__rc4>
     b8f: 86 0f        	stx	$f                      ; 0xf <__data_size+0xf>
     b91: 58           	cli
     b92: a6 0f        	ldx	$f                      ; 0xf <__data_size+0xf>
     b94: 78           	sei
     b95: a5 19        	lda	$19                     ; 0x19 <__rc9>
     b97: 85 0f        	sta	$f                      ; 0xf <__data_size+0xf>
     b99: a5 18        	lda	$18                     ; 0x18 <__rc8>
     b9b: 09 96        	ora	#$96
     b9d: 85 14        	sta	$14                     ; 0x14 <__rc4>
     b9f: a5 13        	lda	$13                     ; 0x13 <__rc3>
     ba1: 85 16        	sta	$16                     ; 0x16 <__rc6>
     ba3: a5 13        	lda	$13                     ; 0x13 <__rc3>
     ba5: 85 15        	sta	$15                     ; 0x15 <__rc5>
     ba7: a5 1d        	lda	$1d                     ; 0x1d <__zp_bss_size>
     ba9: 92 14        	sta	($14)                   ; 0x14 <__rc4>
     bab: a9 00        	lda	#$0
     bad: 91 14        	sta	($14),y                 ; 0x14 <__rc4>
     baf: 84 13        	sty	$13                     ; 0x13 <__rc3>
     bb1: 86 0f        	stx	$f                      ; 0xf <__data_size+0xf>
     bb3: 58           	cli
     bb4: a6 0f        	ldx	$f                      ; 0xf <__data_size+0xf>
     bb6: 78           	sei
     bb7: a4 19        	ldy	$19                     ; 0x19 <__rc9>
     bb9: 84 0f        	sty	$f                      ; 0xf <__data_size+0xf>
     bbb: 18           	clc
     bbc: a5 18        	lda	$18                     ; 0x18 <__rc8>
     bbe: 69 98        	adc	#$98
     bc0: 85 14        	sta	$14                     ; 0x14 <__rc4>
     bc2: a9 00        	lda	#$0
     bc4: 69 e1        	adc	#$e1
     bc6: 85 15        	sta	$15                     ; 0x15 <__rc5>
     bc8: a5 1c        	lda	$1c                     ; 0x1c <__rc12>
     bca: 92 14        	sta	($14)                   ; 0x14 <__rc4>
     bcc: a9 00        	lda	#$0
     bce: a4 13        	ldy	$13                     ; 0x13 <__rc3>
     bd0: 91 14        	sta	($14),y                 ; 0x14 <__rc4>
     bd2: 86 0f        	stx	$f                      ; 0xf <__data_size+0xf>
     bd4: 58           	cli
     bd5: 18           	clc
     bd6: a5 18        	lda	$18                     ; 0x18 <__rc8>
     bd8: 69 e6        	adc	#$e6
     bda: 85 14        	sta	$14                     ; 0x14 <__rc4>
     bdc: a9 00        	lda	#$0
     bde: 69 e1        	adc	#$e1
     be0: a6 0f        	ldx	$f                      ; 0xf <__data_size+0xf>
     be2: 78           	sei
     be3: a4 19        	ldy	$19                     ; 0x19 <__rc9>
     be5: 84 0f        	sty	$f                      ; 0xf <__data_size+0xf>
     be7: 85 15        	sta	$15                     ; 0x15 <__rc5>
     be9: a5 1b        	lda	$1b                     ; 0x1b <__rc11>
     beb: 92 14        	sta	($14)                   ; 0x14 <__rc4>
     bed: a9 00        	lda	#$0
     bef: a4 13        	ldy	$13                     ; 0x13 <__rc3>
     bf1: 91 14        	sta	($14),y                 ; 0x14 <__rc4>
     bf3: 86 0f        	stx	$f                      ; 0xf <__data_size+0xf>
     bf5: 58           	cli
     bf6: 18           	clc
     bf7: a5 18        	lda	$18                     ; 0x18 <__rc8>
     bf9: 69 e8        	adc	#$e8
     bfb: 85 14        	sta	$14                     ; 0x14 <__rc4>
     bfd: a9 00        	lda	#$0
     bff: 69 e1        	adc	#$e1
     c01: a6 0f        	ldx	$f                      ; 0xf <__data_size+0xf>
     c03: 78           	sei
     c04: a4 19        	ldy	$19                     ; 0x19 <__rc9>
     c06: 84 0f        	sty	$f                      ; 0xf <__data_size+0xf>
     c08: 85 15        	sta	$15                     ; 0x15 <__rc5>
     c0a: a5 1a        	lda	$1a                     ; 0x1a <__rc10>
     c0c: 92 14        	sta	($14)                   ; 0x14 <__rc4>
     c0e: a9 00        	lda	#$0
     c10: a4 13        	ldy	$13                     ; 0x13 <__rc3>
     c12: 91 14        	sta	($14),y                 ; 0x14 <__rc4>
     c14: 86 0f        	stx	$f                      ; 0xf <__data_size+0xf>
     c16: 58           	cli
     c17: a0 28        	ldy	#$28
     c19: b8           	clv
     c1a: a5 12        	lda	$12                     ; 0x12 <__rc2>
     c1c: f0 03        	beq	$c21 <f256main+0x461>
     c1e: 4c 72 0a     	jmp	$a72 <f256main+0x2b2>
     c21: a2 a0        	ldx	#$a0
     c23: 8e 20 d2     	stx	$d220                   ; 0xd220 <end_block9+0xb41e>
     c26: 9c 21 d2     	stz	$d221                   ; 0xd221 <end_block9+0xb41f>
     c29: 9c 22 d2     	stz	$d222                   ; 0xd222 <end_block9+0xb420>
     c2c: 9c 23 d2     	stz	$d223                   ; 0xd223 <end_block9+0xb421>
     c2f: a2 48        	ldx	#$48
     c31: 8e c1 1d     	stx	$1dc1                   ; 0x1dc1 <_spriteCtl>
     c34: 8e 00 d9     	stx	$d900                   ; 0xd900 <end_block9+0xbafe>
     c37: 86 12        	stx	$12                     ; 0x12 <__rc2>
     c39: 9c 01 d9     	stz	$d901                   ; 0xd901 <end_block9+0xbaff>
     c3c: a2 6c        	ldx	#$6c
     c3e: 8e 02 d9     	stx	$d902                   ; 0xd902 <end_block9+0xbb00>
     c41: 86 13        	stx	$13                     ; 0x13 <__rc3>
     c43: a0 03        	ldy	#$3
     c45: 8c 03 d9     	sty	$d903                   ; 0xd903 <end_block9+0xbb01>
     c48: a2 03        	ldx	#$3
     c4a: a0 64        	ldy	#$64
     c4c: 8c 04 d9     	sty	$d904                   ; 0xd904 <end_block9+0xbb02>
     c4f: 9c 05 d9     	stz	$d905                   ; 0xd905 <end_block9+0xbb03>
     c52: a0 d8        	ldy	#$d8
     c54: 8c 06 d9     	sty	$d906                   ; 0xd906 <end_block9+0xbb04>
     c57: 9c 07 d9     	stz	$d907                   ; 0xd907 <end_block9+0xbb05>
     c5a: a9 01        	lda	#$1
     c5c: 0d c1 1d     	ora	$1dc1                   ; 0x1dc1 <_spriteCtl>
     c5f: 8d 00 d9     	sta	$d900                   ; 0xd900 <end_block9+0xbafe>
     c62: a0 40        	ldy	#$40
     c64: 8c c2 1d     	sty	$1dc2                   ; 0x1dc2 <_spriteCtl+0x1>
     c67: 8c 08 d9     	sty	$d908                   ; 0xd908 <end_block9+0xbb06>
     c6a: 9c 09 d9     	stz	$d909                   ; 0xd909 <end_block9+0xbb07>
     c6d: a5 13        	lda	$13                     ; 0x13 <__rc3>
     c6f: 8d 0a d9     	sta	$d90a                   ; 0xd90a <end_block9+0xbb08>
     c72: 8e 0b d9     	stx	$d90b                   ; 0xd90b <end_block9+0xbb09>
     c75: a9 32        	lda	#$32
     c77: 8d 0c d9     	sta	$d90c                   ; 0xd90c <end_block9+0xbb0a>
     c7a: 85 14        	sta	$14                     ; 0x14 <__rc4>
     c7c: 9c 0d d9     	stz	$d90d                   ; 0xd90d <end_block9+0xbb0b>
     c7f: a9 e8        	lda	#$e8
     c81: 8d 0e d9     	sta	$d90e                   ; 0xd90e <end_block9+0xbb0c>
     c84: 9c 0f d9     	stz	$d90f                   ; 0xd90f <end_block9+0xbb0d>
     c87: a9 01        	lda	#$1
     c89: 0d c2 1d     	ora	$1dc2                   ; 0x1dc2 <_spriteCtl+0x1>
     c8c: 8d 08 d9     	sta	$d908                   ; 0xd908 <end_block9+0xbb06>
     c8f: 8c c3 1d     	sty	$1dc3                   ; 0x1dc3 <_spriteCtl+0x2>
     c92: 8c 10 d9     	sty	$d910                   ; 0xd910 <end_block9+0xbb0e>
     c95: 9c 11 d9     	stz	$d911                   ; 0xd911 <end_block9+0xbb0f>
     c98: a5 13        	lda	$13                     ; 0x13 <__rc3>
     c9a: 8d 12 d9     	sta	$d912                   ; 0xd912 <end_block9+0xbb10>
     c9d: 8e 13 d9     	stx	$d913                   ; 0xd913 <end_block9+0xbb11>
     ca0: a2 14        	ldx	#$14
     ca2: 8e 14 d9     	stx	$d914                   ; 0xd914 <end_block9+0xbb12>
     ca5: 9c 15 d9     	stz	$d915                   ; 0xd915 <end_block9+0xbb13>
     ca8: a2 f8        	ldx	#$f8
     caa: 8e 16 d9     	stx	$d916                   ; 0xd916 <end_block9+0xbb14>
     cad: 9c 17 d9     	stz	$d917                   ; 0xd917 <end_block9+0xbb15>
     cb0: a9 01        	lda	#$1
     cb2: 0d c3 1d     	ora	$1dc3                   ; 0x1dc3 <_spriteCtl+0x2>
     cb5: 8d 10 d9     	sta	$d910                   ; 0xd910 <end_block9+0xbb0e>
     cb8: a2 50        	ldx	#$50
     cba: 8e c4 1d     	stx	$1dc4                   ; 0x1dc4 <_spriteCtl+0x3>
     cbd: 8e 18 d9     	stx	$d918                   ; 0xd918 <end_block9+0xbb16>
     cc0: 9c 19 d9     	stz	$d919                   ; 0xd919 <end_block9+0xbb17>
     cc3: a2 ac        	ldx	#$ac
     cc5: 8e 1a d9     	stx	$d91a                   ; 0xd91a <end_block9+0xbb18>
     cc8: 86 15        	stx	$15                     ; 0x15 <__rc5>
     cca: a9 04        	lda	#$4
     ccc: 8d 1b d9     	sta	$d91b                   ; 0xd91b <end_block9+0xbb19>
     ccf: aa           	tax
     cd0: a9 2c        	lda	#$2c
     cd2: 8d 1c d9     	sta	$d91c                   ; 0xd91c <end_block9+0xbb1a>
     cd5: a9 01        	lda	#$1
     cd7: 8d 1d d9     	sta	$d91d                   ; 0xd91d <end_block9+0xbb1b>
     cda: 85 13        	sta	$13                     ; 0x13 <__rc3>
     cdc: a5 14        	lda	$14                     ; 0x14 <__rc4>
     cde: 8d 1e d9     	sta	$d91e                   ; 0xd91e <end_block9+0xbb1c>
     ce1: 9c 1f d9     	stz	$d91f                   ; 0xd91f <end_block9+0xbb1d>
     ce4: a9 01        	lda	#$1
     ce6: 0d c4 1d     	ora	$1dc4                   ; 0x1dc4 <_spriteCtl+0x3>
     ce9: 8d 18 d9     	sta	$d918                   ; 0xd918 <end_block9+0xbb16>
     cec: 8c c5 1d     	sty	$1dc5                   ; 0x1dc5 <_spriteCtl+0x4>
     cef: 8c 20 d9     	sty	$d920                   ; 0xd920 <end_block9+0xbb1e>
     cf2: 9c 21 d9     	stz	$d921                   ; 0xd921 <end_block9+0xbb1f>
     cf5: a5 15        	lda	$15                     ; 0x15 <__rc5>
     cf7: 8d 22 d9     	sta	$d922                   ; 0xd922 <end_block9+0xbb20>
     cfa: 8e 23 d9     	stx	$d923                   ; 0xd923 <end_block9+0xbb21>
     cfd: 86 14        	stx	$14                     ; 0x14 <__rc4>
     cff: a9 fa        	lda	#$fa
     d01: 8d 24 d9     	sta	$d924                   ; 0xd924 <end_block9+0xbb22>
     d04: 9c 25 d9     	stz	$d925                   ; 0xd925 <end_block9+0xbb23>
     d07: a9 96        	lda	#$96
     d09: 8d 26 d9     	sta	$d926                   ; 0xd926 <end_block9+0xbb24>
     d0c: 9c 27 d9     	stz	$d927                   ; 0xd927 <end_block9+0xbb25>
     d0f: a9 01        	lda	#$1
     d11: 0d c5 1d     	ora	$1dc5                   ; 0x1dc5 <_spriteCtl+0x4>
     d14: 8d 20 d9     	sta	$d920                   ; 0xd920 <end_block9+0xbb1e>
     d17: a5 12        	lda	$12                     ; 0x12 <__rc2>
     d19: 8d c6 1d     	sta	$1dc6                   ; 0x1dc6 <_spriteCtl+0x5>
     d1c: 8d 28 d9     	sta	$d928                   ; 0xd928 <end_block9+0xbb26>
     d1f: 9c 29 d9     	stz	$d929                   ; 0xd929 <end_block9+0xbb27>
     d22: a6 15        	ldx	$15                     ; 0x15 <__rc5>
     d24: 8e 2a d9     	stx	$d92a                   ; 0xd92a <end_block9+0xbb28>
     d27: a6 14        	ldx	$14                     ; 0x14 <__rc4>
     d29: 8e 2b d9     	stx	$d92b                   ; 0xd92b <end_block9+0xbb29>
     d2c: 8c 2c d9     	sty	$d92c                   ; 0xd92c <end_block9+0xbb2a>
     d2f: a6 13        	ldx	$13                     ; 0x13 <__rc3>
     d31: 8e 2d d9     	stx	$d92d                   ; 0xd92d <end_block9+0xbb2b>
     d34: a6 13        	ldx	$13                     ; 0x13 <__rc3>
     d36: 86 16        	stx	$16                     ; 0x16 <__rc6>
     d38: a2 6e        	ldx	#$6e
     d3a: 8e 2e d9     	stx	$d92e                   ; 0xd92e <end_block9+0xbb2c>
     d3d: 9c 2f d9     	stz	$d92f                   ; 0xd92f <end_block9+0xbb2d>
     d40: a9 01        	lda	#$1
     d42: 0d c6 1d     	ora	$1dc6                   ; 0x1dc6 <_spriteCtl+0x5>
     d45: 8d 28 d9     	sta	$d928                   ; 0xd928 <end_block9+0xbb26>
     d48: 64 96        	stz	$96                     ; 0x96 <sprAnim>
     d4a: 64 98        	stz	$98                     ; 0x98 <sprAnim+0x2>
     d4c: a2 80        	ldx	#$80
     d4e: 86 f3        	stx	$f3                     ; 0xf3 <__sunset_size+0x5f>
     d50: 18           	clc
     d51: a5 10        	lda	$10                     ; 0x10 <__rc0>
     d53: 69 01        	adc	#$1
     d55: 85 14        	sta	$14                     ; 0x14 <__rc4>
     d57: a5 11        	lda	$11                     ; 0x11 <__rc1>
     d59: 69 00        	adc	#$0
     d5b: 85 15        	sta	$15                     ; 0x15 <__rc5>
     d5d: a0 01        	ldy	#$1
     d5f: 84 12        	sty	$12                     ; 0x12 <__rc2>
     d61: a0 1e        	ldy	#$1e
     d63: 84 13        	sty	$13                     ; 0x13 <__rc3>
     d65: 20 f0 ff     	jsr	$fff0 <end_block9+0xe1ee>
     d68: 92 14        	sta	($14)                   ; 0x14 <__rc4>
     d6a: a9 00        	lda	#$0
     d6c: 6a           	ror
     d6d: 85 12        	sta	$12                     ; 0x12 <__rc2>
     d6f: a9 05        	lda	#$5
     d71: 18           	clc
     d72: 72 14        	adc	($14)                   ; 0x14 <__rc4>
     d74: 85 97        	sta	$97                     ; 0x97 <sprAnim+0x1>
     d76: a4 96        	ldy	$96                     ; 0x96 <sprAnim>
     d78: 84 f3        	sty	$f3                     ; 0xf3 <__sunset_size+0x5f>
     d7a: a4 97        	ldy	$97                     ; 0x97 <sprAnim+0x1>
     d7c: 84 f4        	sty	$f4                     ; 0xf4 <__sunset_size+0x60>
     d7e: a4 98        	ldy	$98                     ; 0x98 <sprAnim+0x2>
     d80: 84 f5        	sty	$f5                     ; 0xf5 <__sunset_size+0x61>
     d82: 18           	clc
     d83: a5 10        	lda	$10                     ; 0x10 <__rc0>
     d85: 69 02        	adc	#$2
     d87: 85 14        	sta	$14                     ; 0x14 <__rc4>
     d89: a5 11        	lda	$11                     ; 0x11 <__rc1>
     d8b: 69 00        	adc	#$0
     d8d: 85 15        	sta	$15                     ; 0x15 <__rc5>
     d8f: 20 f0 ff     	jsr	$fff0 <end_block9+0xe1ee>
     d92: 92 14        	sta	($14)                   ; 0x14 <__rc4>
     d94: a9 00        	lda	#$0
     d96: 6a           	ror
     d97: 85 12        	sta	$12                     ; 0x12 <__rc2>
     d99: 64 99        	stz	$99                     ; 0x99 <sprBirdAnim>
     d9b: a4 16        	ldy	$16                     ; 0x16 <__rc6>
     d9d: 84 9b        	sty	$9b                     ; 0x9b <sprBirdAnim+0x2>
     d9f: 86 f3        	stx	$f3                     ; 0xf3 <__sunset_size+0x5f>
     da1: 18           	clc
     da2: a5 10        	lda	$10                     ; 0x10 <__rc0>
     da4: 69 03        	adc	#$3
     da6: 85 14        	sta	$14                     ; 0x14 <__rc4>
     da8: a5 11        	lda	$11                     ; 0x11 <__rc1>
     daa: 69 00        	adc	#$0
     dac: 85 15        	sta	$15                     ; 0x15 <__rc5>
     dae: 20 f0 ff     	jsr	$fff0 <end_block9+0xe1ee>
     db1: 92 14        	sta	($14)                   ; 0x14 <__rc4>
     db3: a9 00        	lda	#$0
     db5: 6a           	ror
     db6: 85 12        	sta	$12                     ; 0x12 <__rc2>
     db8: a9 03        	lda	#$3
     dba: 18           	clc
     dbb: 72 14        	adc	($14)                   ; 0x14 <__rc4>
     dbd: 85 9a        	sta	$9a                     ; 0x9a <sprBirdAnim+0x1>
     dbf: a4 99        	ldy	$99                     ; 0x99 <sprBirdAnim>
     dc1: 84 f3        	sty	$f3                     ; 0xf3 <__sunset_size+0x5f>
     dc3: a4 9a        	ldy	$9a                     ; 0x9a <sprBirdAnim+0x1>
     dc5: 84 f4        	sty	$f4                     ; 0xf4 <__sunset_size+0x60>
     dc7: a4 9b        	ldy	$9b                     ; 0x9b <sprBirdAnim+0x2>
     dc9: 84 f5        	sty	$f5                     ; 0xf5 <__sunset_size+0x61>
     dcb: 18           	clc
     dcc: a5 10        	lda	$10                     ; 0x10 <__rc0>
     dce: 69 04        	adc	#$4
     dd0: 85 14        	sta	$14                     ; 0x14 <__rc4>
     dd2: a5 11        	lda	$11                     ; 0x11 <__rc1>
     dd4: 69 00        	adc	#$0
     dd6: 85 15        	sta	$15                     ; 0x15 <__rc5>
     dd8: 20 f0 ff     	jsr	$fff0 <end_block9+0xe1ee>
     ddb: 92 14        	sta	($14)                   ; 0x14 <__rc4>
     ddd: a9 00        	lda	#$0
     ddf: 6a           	ror
     de0: 85 12        	sta	$12                     ; 0x12 <__rc2>
     de2: 64 9c        	stz	$9c                     ; 0x9c <tileAnim>
     de4: a0 02        	ldy	#$2
     de6: 84 9e        	sty	$9e                     ; 0x9e <tileAnim+0x2>
     de8: 86 f3        	stx	$f3                     ; 0xf3 <__sunset_size+0x5f>
     dea: 18           	clc
     deb: a5 10        	lda	$10                     ; 0x10 <__rc0>
     ded: 69 05        	adc	#$5
     def: 85 14        	sta	$14                     ; 0x14 <__rc4>
     df1: a5 11        	lda	$11                     ; 0x11 <__rc1>
     df3: 69 00        	adc	#$0
     df5: 85 15        	sta	$15                     ; 0x15 <__rc5>
     df7: 20 f0 ff     	jsr	$fff0 <end_block9+0xe1ee>
     dfa: 92 14        	sta	($14)                   ; 0x14 <__rc4>
     dfc: a9 00        	lda	#$0
     dfe: 6a           	ror
     dff: 85 12        	sta	$12                     ; 0x12 <__rc2>
     e01: 18           	clc
     e02: 98           	tya
     e03: 72 14        	adc	($14)                   ; 0x14 <__rc4>
     e05: 85 9d        	sta	$9d                     ; 0x9d <tileAnim+0x1>
     e07: a6 9c        	ldx	$9c                     ; 0x9c <tileAnim>
     e09: 86 f3        	stx	$f3                     ; 0xf3 <__sunset_size+0x5f>
     e0b: a6 9d        	ldx	$9d                     ; 0x9d <tileAnim+0x1>
     e0d: 86 f4        	stx	$f4                     ; 0xf4 <__sunset_size+0x60>
     e0f: a6 9e        	ldx	$9e                     ; 0x9e <tileAnim+0x2>
     e11: 86 f5        	stx	$f5                     ; 0xf5 <__sunset_size+0x61>
     e13: 18           	clc
     e14: a5 10        	lda	$10                     ; 0x10 <__rc0>
     e16: 69 06        	adc	#$6
     e18: 85 14        	sta	$14                     ; 0x14 <__rc4>
     e1a: a5 11        	lda	$11                     ; 0x11 <__rc1>
     e1c: 69 00        	adc	#$0
     e1e: 85 15        	sta	$15                     ; 0x15 <__rc5>
     e20: a2 ff        	ldx	#$ff
     e22: 20 f0 ff     	jsr	$fff0 <end_block9+0xe1ee>
     e25: 92 14        	sta	($14)                   ; 0x14 <__rc4>
     e27: a9 00        	lda	#$0
     e29: 6a           	ror
     e2a: 85 12        	sta	$12                     ; 0x12 <__rc2>
     e2c: 64 16        	stz	$16                     ; 0x16 <__rc6>
     e2e: 8e 05 d0     	stx	$d005                   ; 0xd005 <end_block9+0xb203>
     e31: 8e 06 d0     	stx	$d006                   ; 0xd006 <end_block9+0xb204>
     e34: 8e 07 d0     	stx	$d007                   ; 0xd007 <end_block9+0xb205>
     e37: a2 0f        	ldx	#$f
     e39: 8e 08 d0     	stx	$d008                   ; 0xd008 <end_block9+0xb206>
     e3c: 8e 09 d0     	stx	$d009                   ; 0xd009 <end_block9+0xb207>
     e3f: 78           	sei
     e40: 84 01        	sty	$1                      ; 0x1 <__data_size+0x1>
     e42: a9 c0        	lda	#$c0
     e44: a0 00        	ldy	#$0
     e46: 84 14        	sty	$14                     ; 0x14 <__rc4>
     e48: a0 00        	ldy	#$0
     e4a: 64 13        	stz	$13                     ; 0x13 <__rc3>
     e4c: 64 12        	stz	$12                     ; 0x12 <__rc2>
     e4e: 85 17        	sta	$17                     ; 0x17 <__rc7>
     e50: a6 14        	ldx	$14                     ; 0x14 <__rc4>
     e52: 86 18        	stx	$18                     ; 0x18 <__rc8>
     e54: a5 16        	lda	$16                     ; 0x16 <__rc6>
     e56: a6 18        	ldx	$18                     ; 0x18 <__rc8>
     e58: e0 01        	cpx	#$1
     e5a: 65 12        	adc	$12                     ; 0x12 <__rc2>
     e5c: 85 14        	sta	$14                     ; 0x14 <__rc4>
     e5e: a5 17        	lda	$17                     ; 0x17 <__rc7>
     e60: 69 00        	adc	#$0
     e62: 85 15        	sta	$15                     ; 0x15 <__rc5>
     e64: a6 12        	ldx	$12                     ; 0x12 <__rc2>
     e66: b5 30        	lda	$30,x                   ; 0x30 <textFancy>
     e68: 92 14        	sta	($14)                   ; 0x14 <__rc4>
     e6a: e8           	inx
     e6b: 86 12        	stx	$12                     ; 0x12 <__rc2>
     e6d: e0 50        	cpx	#$50
     e6f: d0 e3        	bne	$e54 <f256main+0x694>
     e71: a2 00        	ldx	#$0
     e73: 86 14        	stx	$14                     ; 0x14 <__rc4>
     e75: c8           	iny
     e76: d0 02        	bne	$e7a <f256main+0x6ba>
     e78: e6 13        	inc	$13                     ; 0x13 <__rc3>
     e7a: 18           	clc
     e7b: a5 16        	lda	$16                     ; 0x16 <__rc6>
     e7d: 69 50        	adc	#$50
     e7f: 85 16        	sta	$16                     ; 0x16 <__rc6>
     e81: a5 17        	lda	$17                     ; 0x17 <__rc7>
     e83: 69 00        	adc	#$0
     e85: a6 13        	ldx	$13                     ; 0x13 <__rc3>
     e87: d0 c3        	bne	$e4c <f256main+0x68c>
     e89: c0 3c        	cpy	#$3c
     e8b: d0 bf        	bne	$e4c <f256main+0x68c>
     e8d: a2 03        	ldx	#$3
     e8f: 86 01        	stx	$1                      ; 0x1 <__data_size+0x1>
     e91: a2 c0        	ldx	#$c0
     e93: a9 00        	lda	#$0
     e95: a8           	tay
     e96: 84 12        	sty	$12                     ; 0x12 <__rc2>
     e98: 86 13        	stx	$13                     ; 0x13 <__rc3>
     e9a: 92 12        	sta	($12)                   ; 0x12 <__rc2>
     e9c: c8           	iny
     e9d: d0 01        	bne	$ea0 <f256main+0x6e0>
     e9f: e8           	inx
     ea0: e0 d2        	cpx	#$d2
     ea2: d0 f2        	bne	$e96 <f256main+0x6d6>
     ea4: c0 c0        	cpy	#$c0
     ea6: d0 ee        	bne	$e96 <f256main+0x6d6>
     ea8: 64 01        	stz	$1                      ; 0x1 <__data_size+0x1>
     eaa: 58           	cli
     eab: a2 01        	ldx	#$1
     ead: 86 89        	stx	$89                     ; 0x89 <_ccolor>
     eaf: a2 16        	ldx	#$16
     eb1: 86 8a        	stx	$8a                     ; 0x8a <_col>
     eb3: 8e 14 d0     	stx	$d014                   ; 0xd014 <end_block9+0xb212>
     eb6: 86 25        	stx	$25                     ; 0x25 <__rc21>
     eb8: 9c 15 d0     	stz	$d015                   ; 0xd015 <end_block9+0xb213>
     ebb: a2 05        	ldx	#$5
     ebd: 86 8b        	stx	$8b                     ; 0x8b <_row>
     ebf: 8e 16 d0     	stx	$d016                   ; 0xd016 <end_block9+0xb214>
     ec2: 86 24        	stx	$24                     ; 0x24 <__rc20>
     ec4: 9c 17 d0     	stz	$d017                   ; 0xd017 <end_block9+0xb215>
     ec7: a2 a4        	ldx	#$a4
     ec9: 86 12        	stx	$12                     ; 0x12 <__rc2>
     ecb: a2 1c        	ldx	#$1c
     ecd: 86 13        	stx	$13                     ; 0x13 <__rc3>
     ecf: 20 8d 19     	jsr	$198d <textPrint>
     ed2: a6 25        	ldx	$25                     ; 0x25 <__rc21>
     ed4: 86 8a        	stx	$8a                     ; 0x8a <_col>
     ed6: 8e 14 d0     	stx	$d014                   ; 0xd014 <end_block9+0xb212>
     ed9: 9c 15 d0     	stz	$d015                   ; 0xd015 <end_block9+0xb213>
     edc: a2 08        	ldx	#$8
     ede: 86 8b        	stx	$8b                     ; 0x8b <_row>
     ee0: 8e 16 d0     	stx	$d016                   ; 0xd016 <end_block9+0xb214>
     ee3: 9c 17 d0     	stz	$d017                   ; 0xd017 <end_block9+0xb215>
     ee6: a2 19        	ldx	#$19
     ee8: 86 12        	stx	$12                     ; 0x12 <__rc2>
     eea: a2 1d        	ldx	#$1d
     eec: 86 13        	stx	$13                     ; 0x13 <__rc3>
     eee: 20 8d 19     	jsr	$198d <textPrint>
     ef1: a2 16        	ldx	#$16
     ef3: 86 8a        	stx	$8a                     ; 0x8a <_col>
     ef5: 8e 14 d0     	stx	$d014                   ; 0xd014 <end_block9+0xb212>
     ef8: 86 25        	stx	$25                     ; 0x25 <__rc21>
     efa: 9c 15 d0     	stz	$d015                   ; 0xd015 <end_block9+0xb213>
     efd: a2 09        	ldx	#$9
     eff: 86 8b        	stx	$8b                     ; 0x8b <_row>
     f01: 8e 16 d0     	stx	$d016                   ; 0xd016 <end_block9+0xb214>
     f04: 9c 17 d0     	stz	$d017                   ; 0xd017 <end_block9+0xb215>
     f07: a2 cb        	ldx	#$cb
     f09: 86 12        	stx	$12                     ; 0x12 <__rc2>
     f0b: a2 1c        	ldx	#$1c
     f0d: 86 13        	stx	$13                     ; 0x13 <__rc3>
     f0f: 20 8d 19     	jsr	$198d <textPrint>
     f12: a6 25        	ldx	$25                     ; 0x25 <__rc21>
     f14: 86 8a        	stx	$8a                     ; 0x8a <_col>
     f16: 8e 14 d0     	stx	$d014                   ; 0xd014 <end_block9+0xb212>
     f19: 9c 15 d0     	stz	$d015                   ; 0xd015 <end_block9+0xb213>
     f1c: a2 0a        	ldx	#$a
     f1e: 86 8b        	stx	$8b                     ; 0x8b <_row>
     f20: 8e 16 d0     	stx	$d016                   ; 0xd016 <end_block9+0xb214>
     f23: 9c 17 d0     	stz	$d017                   ; 0xd017 <end_block9+0xb215>
     f26: a2 40        	ldx	#$40
     f28: 86 12        	stx	$12                     ; 0x12 <__rc2>
     f2a: a2 1d        	ldx	#$1d
     f2c: 86 13        	stx	$13                     ; 0x13 <__rc3>
     f2e: 20 8d 19     	jsr	$198d <textPrint>
     f31: a2 16        	ldx	#$16
     f33: 86 8a        	stx	$8a                     ; 0x8a <_col>
     f35: 8e 14 d0     	stx	$d014                   ; 0xd014 <end_block9+0xb212>
     f38: 86 25        	stx	$25                     ; 0x25 <__rc21>
     f3a: 9c 15 d0     	stz	$d015                   ; 0xd015 <end_block9+0xb213>
     f3d: a2 0b        	ldx	#$b
     f3f: 86 8b        	stx	$8b                     ; 0x8b <_row>
     f41: 8e 16 d0     	stx	$d016                   ; 0xd016 <end_block9+0xb214>
     f44: 9c 17 d0     	stz	$d017                   ; 0xd017 <end_block9+0xb215>
     f47: a2 67        	ldx	#$67
     f49: 86 12        	stx	$12                     ; 0x12 <__rc2>
     f4b: a2 1d        	ldx	#$1d
     f4d: 86 13        	stx	$13                     ; 0x13 <__rc3>
     f4f: 20 8d 19     	jsr	$198d <textPrint>
     f52: a6 25        	ldx	$25                     ; 0x25 <__rc21>
     f54: 86 8a        	stx	$8a                     ; 0x8a <_col>
     f56: 8e 14 d0     	stx	$d014                   ; 0xd014 <end_block9+0xb212>
     f59: 9c 15 d0     	stz	$d015                   ; 0xd015 <end_block9+0xb213>
     f5c: a2 0c        	ldx	#$c
     f5e: 86 8b        	stx	$8b                     ; 0x8b <_row>
     f60: 8e 16 d0     	stx	$d016                   ; 0xd016 <end_block9+0xb214>
     f63: 9c 17 d0     	stz	$d017                   ; 0xd017 <end_block9+0xb215>
     f66: a2 2f        	ldx	#$2f
     f68: 86 12        	stx	$12                     ; 0x12 <__rc2>
     f6a: a2 1c        	ldx	#$1c
     f6c: 86 13        	stx	$13                     ; 0x13 <__rc3>
     f6e: 20 8d 19     	jsr	$198d <textPrint>
     f71: a2 16        	ldx	#$16
     f73: 86 8a        	stx	$8a                     ; 0x8a <_col>
     f75: 8e 14 d0     	stx	$d014                   ; 0xd014 <end_block9+0xb212>
     f78: 86 25        	stx	$25                     ; 0x25 <__rc21>
     f7a: 9c 15 d0     	stz	$d015                   ; 0xd015 <end_block9+0xb213>
     f7d: a2 0d        	ldx	#$d
     f7f: 86 8b        	stx	$8b                     ; 0x8b <_row>
     f81: 8e 16 d0     	stx	$d016                   ; 0xd016 <end_block9+0xb214>
     f84: 9c 17 d0     	stz	$d017                   ; 0xd017 <end_block9+0xb215>
     f87: a2 8e        	ldx	#$8e
     f89: 86 12        	stx	$12                     ; 0x12 <__rc2>
     f8b: a2 1d        	ldx	#$1d
     f8d: 86 13        	stx	$13                     ; 0x13 <__rc3>
     f8f: 20 8d 19     	jsr	$198d <textPrint>
     f92: a6 25        	ldx	$25                     ; 0x25 <__rc21>
     f94: 86 8a        	stx	$8a                     ; 0x8a <_col>
     f96: 8e 14 d0     	stx	$d014                   ; 0xd014 <end_block9+0xb212>
     f99: 9c 15 d0     	stz	$d015                   ; 0xd015 <end_block9+0xb213>
     f9c: a2 0e        	ldx	#$e
     f9e: 86 8b        	stx	$8b                     ; 0x8b <_row>
     fa0: 8e 16 d0     	stx	$d016                   ; 0xd016 <end_block9+0xb214>
     fa3: 9c 17 d0     	stz	$d017                   ; 0xd017 <end_block9+0xb215>
     fa6: a2 f2        	ldx	#$f2
     fa8: 86 12        	stx	$12                     ; 0x12 <__rc2>
     faa: a2 1c        	ldx	#$1c
     fac: 86 13        	stx	$13                     ; 0x13 <__rc3>
     fae: 20 8d 19     	jsr	$198d <textPrint>
     fb1: a2 16        	ldx	#$16
     fb3: 86 8a        	stx	$8a                     ; 0x8a <_col>
     fb5: 8e 14 d0     	stx	$d014                   ; 0xd014 <end_block9+0xb212>
     fb8: 86 25        	stx	$25                     ; 0x25 <__rc21>
     fba: 9c 15 d0     	stz	$d015                   ; 0xd015 <end_block9+0xb213>
     fbd: a2 10        	ldx	#$10
     fbf: 86 8b        	stx	$8b                     ; 0x8b <_row>
     fc1: 8e 16 d0     	stx	$d016                   ; 0xd016 <end_block9+0xb214>
     fc4: 9c 17 d0     	stz	$d017                   ; 0xd017 <end_block9+0xb215>
     fc7: a2 7d        	ldx	#$7d
     fc9: 86 12        	stx	$12                     ; 0x12 <__rc2>
     fcb: a2 1c        	ldx	#$1c
     fcd: 86 13        	stx	$13                     ; 0x13 <__rc3>
     fcf: 20 8d 19     	jsr	$198d <textPrint>
     fd2: a6 25        	ldx	$25                     ; 0x25 <__rc21>
     fd4: 86 8a        	stx	$8a                     ; 0x8a <_col>
     fd6: 8e 14 d0     	stx	$d014                   ; 0xd014 <end_block9+0xb212>
     fd9: 9c 15 d0     	stz	$d015                   ; 0xd015 <end_block9+0xb213>
     fdc: a2 11        	ldx	#$11
     fde: 86 8b        	stx	$8b                     ; 0x8b <_row>
     fe0: 8e 16 d0     	stx	$d016                   ; 0xd016 <end_block9+0xb214>
     fe3: 9c 17 d0     	stz	$d017                   ; 0xd017 <end_block9+0xb215>
     fe6: a2 56        	ldx	#$56
     fe8: 86 12        	stx	$12                     ; 0x12 <__rc2>
     fea: a2 1c        	ldx	#$1c
     fec: 86 13        	stx	$13                     ; 0x13 <__rc3>
     fee: 20 8d 19     	jsr	$198d <textPrint>
     ff1: a9 00        	lda	#$0
     ff3: a6 94        	ldx	$94                     ; 0x94 <mEn>
     ff5: 8e e0 d6     	stx	$d6e0                   ; 0xd6e0 <end_block9+0xb8de>
     ff8: 9c e2 d6     	stz	$d6e2                   ; 0xd6e2 <end_block9+0xb8e0>
     ffb: a0 01        	ldy	#$1
     ffd: 8c e3 d6     	sty	$d6e3                   ; 0xd6e3 <end_block9+0xb8e1>
    1000: 9c e4 d6     	stz	$d6e4                   ; 0xd6e4 <end_block9+0xb8e2>
    1003: 8c e5 d6     	sty	$d6e5                   ; 0xd6e5 <end_block9+0xb8e3>
    1006: a2 01        	ldx	#$1
    1008: 86 16        	stx	$16                     ; 0x16 <__rc6>
    100a: 8c 00 d3     	sty	$d300                   ; 0xd300 <end_block9+0xb4fe>
    100d: 9c 01 d3     	stz	$d301                   ; 0xd301 <end_block9+0xb4ff>
    1010: 9c 04 d3     	stz	$d304                   ; 0xd304 <end_block9+0xb502>
    1013: 9c 05 d3     	stz	$d305                   ; 0xd305 <end_block9+0xb503>
    1016: a6 24        	ldx	$24                     ; 0x24 <__rc20>
    1018: 8e 06 d3     	stx	$d306                   ; 0xd306 <end_block9+0xb504>
    101b: 9c 08 d3     	stz	$d308                   ; 0xd308 <end_block9+0xb506>
    101e: 9c 09 d3     	stz	$d309                   ; 0xd309 <end_block9+0xb507>
    1021: a2 06        	ldx	#$6
    1023: 8e 0a d3     	stx	$d30a                   ; 0xd30a <end_block9+0xb508>
    1026: a2 30        	ldx	#$30
    1028: 86 17        	stx	$17                     ; 0x17 <__rc7>
    102a: a0 20        	ldy	#$20
    102c: 64 18        	stz	$18                     ; 0x18 <__rc8>
    102e: 64 19        	stz	$19                     ; 0x19 <__rc9>
    1030: 64 1a        	stz	$1a                     ; 0x1a <__rc10>
    1032: aa           	tax
    1033: 64 14        	stz	$14                     ; 0x14 <__rc4>
    1035: 64 12        	stz	$12                     ; 0x12 <__rc2>
    1037: 64 13        	stz	$13                     ; 0x13 <__rc3>
    1039: 86 1b        	stx	$1b                     ; 0x1b <__rc11>
    103b: a2 50        	ldx	#$50
    103d: 85 15        	sta	$15                     ; 0x15 <__rc5>
    103f: 85 1c        	sta	$1c                     ; 0x1c <__rc12>
    1041: a5 18        	lda	$18                     ; 0x18 <__rc8>
    1043: 85 1d        	sta	$1d                     ; 0x1d <__zp_bss_size>
    1045: a5 19        	lda	$19                     ; 0x19 <__rc9>
    1047: 85 1e        	sta	$1e                     ; 0x1e <__rc14>
    1049: a5 1a        	lda	$1a                     ; 0x1a <__rc10>
    104b: 5a           	phy
    104c: a4 16        	ldy	$16                     ; 0x16 <__rc6>
    104e: 84 1f        	sty	$1f                     ; 0x1f <__rc15>
    1050: a4 17        	ldy	$17                     ; 0x17 <__rc7>
    1052: 84 22        	sty	$22                     ; 0x22 <__rc18>
    1054: 7a           	ply
    1055: 84 23        	sty	$23                     ; 0x23 <__rc19>
    1057: a4 1c        	ldy	$1c                     ; 0x1c <__rc12>
    1059: 84 24        	sty	$24                     ; 0x24 <__rc20>
    105b: 85 1c        	sta	$1c                     ; 0x1c <__rc12>
    105d: a5 24        	lda	$24                     ; 0x24 <__rc20>
    105f: 18           	clc
    1060: 69 00        	adc	#$0
    1062: a5 1d        	lda	$1d                     ; 0x1d <__zp_bss_size>
    1064: 69 00        	adc	#$0
    1066: 85 16        	sta	$16                     ; 0x16 <__rc6>
    1068: a5 1e        	lda	$1e                     ; 0x1e <__rc14>
    106a: 69 05        	adc	#$5
    106c: 06 16        	asl	$16                     ; 0x16 <__rc6>
    106e: 2a           	rol
    106f: 06 16        	asl	$16                     ; 0x16 <__rc6>
    1071: 2a           	rol
    1072: 06 16        	asl	$16                     ; 0x16 <__rc6>
    1074: 2a           	rol
    1075: a4 0f        	ldy	$f                      ; 0xf <__data_size+0xf>
    1077: 84 26        	sty	$26                     ; 0x26 <__rc22>
    1079: 78           	sei
    107a: 85 0f        	sta	$f                      ; 0xf <__data_size+0xf>
    107c: a5 1d        	lda	$1d                     ; 0x1d <__zp_bss_size>
    107e: 09 e0        	ora	#$e0
    1080: a4 24        	ldy	$24                     ; 0x24 <__rc20>
    1082: 84 16        	sty	$16                     ; 0x16 <__rc6>
    1084: 85 17        	sta	$17                     ; 0x17 <__rc7>
    1086: a4 1c        	ldy	$1c                     ; 0x1c <__rc12>
    1088: 84 25        	sty	$25                     ; 0x25 <__rc21>
    108a: a5 22        	lda	$22                     ; 0x22 <__rc18>
    108c: 92 16        	sta	($16)                   ; 0x16 <__rc6>
    108e: a4 1f        	ldy	$1f                     ; 0x1f <__rc15>
    1090: a5 23        	lda	$23                     ; 0x23 <__rc19>
    1092: 91 16        	sta	($16),y                 ; 0x16 <__rc6>
    1094: a4 26        	ldy	$26                     ; 0x26 <__rc22>
    1096: 84 0f        	sty	$f                      ; 0xf <__data_size+0xf>
    1098: 58           	cli
    1099: ca           	dex
    109a: 18           	clc
    109b: a5 24        	lda	$24                     ; 0x24 <__rc20>
    109d: 69 02        	adc	#$2
    109f: 85 1c        	sta	$1c                     ; 0x1c <__rc12>
    10a1: a5 1d        	lda	$1d                     ; 0x1d <__zp_bss_size>
    10a3: 69 00        	adc	#$0
    10a5: 85 1d        	sta	$1d                     ; 0x1d <__zp_bss_size>
    10a7: a5 1e        	lda	$1e                     ; 0x1e <__rc14>
    10a9: 69 00        	adc	#$0
    10ab: 85 1e        	sta	$1e                     ; 0x1e <__rc14>
    10ad: a5 25        	lda	$25                     ; 0x25 <__rc21>
    10af: 69 00        	adc	#$0
    10b1: e0 00        	cpx	#$0
    10b3: f0 03        	beq	$10b8 <f256main+0x8f8>
    10b5: 4c 57 10     	jmp	$1057 <f256main+0x897>
    10b8: a0 20        	ldy	#$20
    10ba: a2 30        	ldx	#$30
    10bc: 86 17        	stx	$17                     ; 0x17 <__rc7>
    10be: a2 01        	ldx	#$1
    10c0: 86 16        	stx	$16                     ; 0x16 <__rc6>
    10c2: a6 1b        	ldx	$1b                     ; 0x1b <__rc11>
    10c4: e8           	inx
    10c5: d0 0a        	bne	$10d1 <f256main+0x911>
    10c7: e6 14        	inc	$14                     ; 0x14 <__rc4>
    10c9: d0 06        	bne	$10d1 <f256main+0x911>
    10cb: e6 12        	inc	$12                     ; 0x12 <__rc2>
    10cd: d0 02        	bne	$10d1 <f256main+0x911>
    10cf: e6 13        	inc	$13                     ; 0x13 <__rc3>
    10d1: 18           	clc
    10d2: a5 15        	lda	$15                     ; 0x15 <__rc5>
    10d4: 69 a0        	adc	#$a0
    10d6: 85 15        	sta	$15                     ; 0x15 <__rc5>
    10d8: a5 18        	lda	$18                     ; 0x18 <__rc8>
    10da: 69 00        	adc	#$0
    10dc: 85 18        	sta	$18                     ; 0x18 <__rc8>
    10de: a5 19        	lda	$19                     ; 0x19 <__rc9>
    10e0: 69 00        	adc	#$0
    10e2: 85 19        	sta	$19                     ; 0x19 <__rc9>
    10e4: a5 1a        	lda	$1a                     ; 0x1a <__rc10>
    10e6: 69 00        	adc	#$0
    10e8: 85 1a        	sta	$1a                     ; 0x1a <__rc10>
    10ea: a5 15        	lda	$15                     ; 0x15 <__rc5>
    10ec: e6 13        	inc	$13                     ; 0x13 <__rc3>
    10ee: c6 13        	dec	$13                     ; 0x13 <__rc3>
    10f0: f0 03        	beq	$10f5 <f256main+0x935>
    10f2: 4c 39 10     	jmp	$1039 <f256main+0x879>
    10f5: e6 12        	inc	$12                     ; 0x12 <__rc2>
    10f7: c6 12        	dec	$12                     ; 0x12 <__rc2>
    10f9: f0 03        	beq	$10fe <f256main+0x93e>
    10fb: 4c 39 10     	jmp	$1039 <f256main+0x879>
    10fe: e6 14        	inc	$14                     ; 0x14 <__rc4>
    1100: c6 14        	dec	$14                     ; 0x14 <__rc4>
    1102: f0 03        	beq	$1107 <f256main+0x947>
    1104: 4c 39 10     	jmp	$1039 <f256main+0x879>
    1107: e0 3c        	cpx	#$3c
    1109: f0 03        	beq	$110e <f256main+0x94e>
    110b: 4c 39 10     	jmp	$1039 <f256main+0x879>
    110e: a2 01        	ldx	#$1
    1110: 86 16        	stx	$16                     ; 0x16 <__rc6>
    1112: a0 03        	ldy	#$3
    1114: ca           	dex
    1115: 64 12        	stz	$12                     ; 0x12 <__rc2>
    1117: a5 12        	lda	$12                     ; 0x12 <__rc2>
    1119: 4a           	lsr
    111a: 86 18        	stx	$18                     ; 0x18 <__rc8>
    111c: 86 13        	stx	$13                     ; 0x13 <__rc3>
    111e: 66 13        	ror	$13                     ; 0x13 <__rc3>
    1120: 64 14        	stz	$14                     ; 0x14 <__rc4>
    1122: 66 14        	ror	$14                     ; 0x14 <__rc4>
    1124: 4a           	lsr
    1125: 66 13        	ror	$13                     ; 0x13 <__rc3>
    1127: 66 14        	ror	$14                     ; 0x14 <__rc4>
    1129: 4a           	lsr
    112a: 66 13        	ror	$13                     ; 0x13 <__rc3>
    112c: a6 13        	ldx	$13                     ; 0x13 <__rc3>
    112e: 86 15        	stx	$15                     ; 0x15 <__rc5>
    1130: 66 14        	ror	$14                     ; 0x14 <__rc4>
    1132: a5 14        	lda	$14                     ; 0x14 <__rc4>
    1134: 0a           	asl
    1135: a6 13        	ldx	$13                     ; 0x13 <__rc3>
    1137: 86 17        	stx	$17                     ; 0x17 <__rc7>
    1139: 26 17        	rol	$17                     ; 0x17 <__rc7>
    113b: 0a           	asl
    113c: 26 17        	rol	$17                     ; 0x17 <__rc7>
    113e: 18           	clc
    113f: a2 01        	ldx	#$1
    1141: b0 02        	bcs	$1145 <f256main+0x985>
    1143: a2 00        	ldx	#$0
    1145: 86 19        	stx	$19                     ; 0x19 <__rc9>
    1147: 65 14        	adc	$14                     ; 0x14 <__rc4>
    1149: 85 13        	sta	$13                     ; 0x13 <__rc3>
    114b: a5 17        	lda	$17                     ; 0x17 <__rc7>
    114d: 65 15        	adc	$15                     ; 0x15 <__rc5>
    114f: 85 14        	sta	$14                     ; 0x14 <__rc4>
    1151: a2 50        	ldx	#$50
    1153: 64 15        	stz	$15                     ; 0x15 <__rc5>
    1155: a5 16        	lda	$16                     ; 0x16 <__rc6>
    1157: 85 1a        	sta	$1a                     ; 0x1a <__rc10>
    1159: 84 1b        	sty	$1b                     ; 0x1b <__rc11>
    115b: a4 15        	ldy	$15                     ; 0x15 <__rc5>
    115d: a5 15        	lda	$15                     ; 0x15 <__rc5>
    115f: 5a           	phy
    1160: a4 19        	ldy	$19                     ; 0x19 <__rc9>
    1162: c0 01        	cpy	#$1
    1164: 7a           	ply
    1165: 65 13        	adc	$13                     ; 0x13 <__rc3>
    1167: 85 17        	sta	$17                     ; 0x17 <__rc7>
    1169: a9 00        	lda	#$0
    116b: 65 14        	adc	$14                     ; 0x14 <__rc4>
    116d: 85 1c        	sta	$1c                     ; 0x1c <__rc12>
    116f: 84 16        	sty	$16                     ; 0x16 <__rc6>
    1171: a9 06        	lda	#$6
    1173: 69 00        	adc	#$0
    1175: a4 1c        	ldy	$1c                     ; 0x1c <__rc12>
    1177: 84 15        	sty	$15                     ; 0x15 <__rc5>
    1179: 06 15        	asl	$15                     ; 0x15 <__rc5>
    117b: 2a           	rol
    117c: 06 15        	asl	$15                     ; 0x15 <__rc5>
    117e: 2a           	rol
    117f: 06 15        	asl	$15                     ; 0x15 <__rc5>
    1181: 2a           	rol
    1182: a4 0f        	ldy	$f                      ; 0xf <__data_size+0xf>
    1184: 84 1d        	sty	$1d                     ; 0x1d <__zp_bss_size>
    1186: 78           	sei
    1187: 85 0f        	sta	$f                      ; 0xf <__data_size+0xf>
    1189: a4 16        	ldy	$16                     ; 0x16 <__rc6>
    118b: 84 15        	sty	$15                     ; 0x15 <__rc5>
    118d: a4 17        	ldy	$17                     ; 0x17 <__rc7>
    118f: 84 16        	sty	$16                     ; 0x16 <__rc6>
    1191: a5 1c        	lda	$1c                     ; 0x1c <__rc12>
    1193: 09 e0        	ora	#$e0
    1195: 85 17        	sta	$17                     ; 0x17 <__rc7>
    1197: a9 00        	lda	#$0
    1199: 92 16        	sta	($16)                   ; 0x16 <__rc6>
    119b: a4 1a        	ldy	$1a                     ; 0x1a <__rc10>
    119d: a5 1b        	lda	$1b                     ; 0x1b <__rc11>
    119f: 91 16        	sta	($16),y                 ; 0x16 <__rc6>
    11a1: a4 1d        	ldy	$1d                     ; 0x1d <__zp_bss_size>
    11a3: 84 0f        	sty	$f                      ; 0xf <__data_size+0xf>
    11a5: 58           	cli
    11a6: ca           	dex
    11a7: 18           	clc
    11a8: a5 15        	lda	$15                     ; 0x15 <__rc5>
    11aa: 69 02        	adc	#$2
    11ac: 85 15        	sta	$15                     ; 0x15 <__rc5>
    11ae: 8a           	txa
    11af: f0 03        	beq	$11b4 <f256main+0x9f4>
    11b1: 4c 5b 11     	jmp	$115b <f256main+0x99b>
    11b4: a0 03        	ldy	#$3
    11b6: a2 01        	ldx	#$1
    11b8: 86 16        	stx	$16                     ; 0x16 <__rc6>
    11ba: a6 18        	ldx	$18                     ; 0x18 <__rc8>
    11bc: e8           	inx
    11bd: d0 02        	bne	$11c1 <f256main+0xa01>
    11bf: e6 12        	inc	$12                     ; 0x12 <__rc2>
    11c1: a5 12        	lda	$12                     ; 0x12 <__rc2>
    11c3: f0 03        	beq	$11c8 <f256main+0xa08>
    11c5: 4c 17 11     	jmp	$1117 <f256main+0x957>
    11c8: e0 3c        	cpx	#$3c
    11ca: f0 03        	beq	$11cf <f256main+0xa0f>
    11cc: 4c 17 11     	jmp	$1117 <f256main+0x957>
    11cf: a2 08        	ldx	#$8
    11d1: 86 01        	stx	$1                      ; 0x1 <__data_size+0x1>
    11d3: a2 c0        	ldx	#$c0
    11d5: a0 00        	ldy	#$0
    11d7: 86 14        	stx	$14                     ; 0x14 <__rc4>
    11d9: 98           	tya
    11da: 84 15        	sty	$15                     ; 0x15 <__rc5>
    11dc: 84 12        	sty	$12                     ; 0x12 <__rc2>
    11de: 86 13        	stx	$13                     ; 0x13 <__rc3>
    11e0: 18           	clc
    11e1: 69 03        	adc	#$3
    11e3: a8           	tay
    11e4: 8a           	txa
    11e5: 69 00        	adc	#$0
    11e7: aa           	tax
    11e8: 18           	clc
    11e9: a5 15        	lda	$15                     ; 0x15 <__rc5>
    11eb: 69 06        	adc	#$6
    11ed: 85 16        	sta	$16                     ; 0x16 <__rc6>
    11ef: a5 14        	lda	$14                     ; 0x14 <__rc4>
    11f1: 69 00        	adc	#$0
    11f3: 85 15        	sta	$15                     ; 0x15 <__rc5>
    11f5: a5 16        	lda	$16                     ; 0x16 <__rc6>
    11f7: 85 14        	sta	$14                     ; 0x14 <__rc4>
    11f9: a9 ff        	lda	#$ff
    11fb: 92 12        	sta	($12)                   ; 0x12 <__rc2>
    11fd: 84 12        	sty	$12                     ; 0x12 <__rc2>
    11ff: 86 13        	stx	$13                     ; 0x13 <__rc3>
    1201: 1a           	inc
    1202: 92 12        	sta	($12)                   ; 0x12 <__rc2>
    1204: 92 14        	sta	($14)                   ; 0x14 <__rc4>
    1206: e0 c0        	cpx	#$c0
    1208: d0 cd        	bne	$11d7 <f256main+0xa17>
    120a: c0 1b        	cpy	#$1b
    120c: d0 c9        	bne	$11d7 <f256main+0xa17>
    120e: 64 01        	stz	$1                      ; 0x1 <__data_size+0x1>
    1210: 18           	clc
    1211: a6 10        	ldx	$10                     ; 0x10 <__rc0>
    1213: 86 24        	stx	$24                     ; 0x24 <__rc20>
    1215: a6 11        	ldx	$11                     ; 0x11 <__rc1>
    1217: 86 25        	stx	$25                     ; 0x25 <__rc21>
    1219: a0 01        	ldy	#$1
    121b: 64 9f        	stz	$9f                     ; 0x9f <kernelEventData>
    121d: a2 01        	ldx	#$1
    121f: 86 12        	stx	$12                     ; 0x12 <__rc2>
    1221: a2 1e        	ldx	#$1e
    1223: 86 13        	stx	$13                     ; 0x13 <__rc3>
    1225: 20 00 ff     	jsr	$ff00 <end_block9+0xe0fe>
    1228: 92 24        	sta	($24)                   ; 0x24 <__rc20>
    122a: a9 00        	lda	#$0
    122c: 6a           	ror
    122d: 85 12        	sta	$12                     ; 0x12 <__rc2>
    122f: a6 9f        	ldx	$9f                     ; 0x9f <kernelEventData>
    1231: e0 08        	cpx	#$8
    1233: f0 03        	beq	$1238 <f256main+0xa78>
    1235: 4c 2c 15     	jmp	$152c <f256main+0xd6c>
    1238: a5 a3        	lda	$a3                     ; 0xa3 <kernelEventData+0x4>
    123a: 85 12        	sta	$12                     ; 0x12 <__rc2>
    123c: 38           	sec
    123d: e9 65        	sbc	#$65
    123f: 50 02        	bvc	$1243 <f256main+0xa83>
    1241: 49 80        	eor	#$80
    1243: aa           	tax
    1244: 30 21        	bmi	$1267 <f256main+0xaa7>
    1246: a2 01        	ldx	#$1
    1248: a5 12        	lda	$12                     ; 0x12 <__rc2>
    124a: 18           	clc
    124b: 69 93        	adc	#$93
    124d: c9 0c        	cmp	#$c
    124f: 90 03        	bcc	$1254 <f256main+0xa94>
    1251: 4c dc 12     	jmp	$12dc <f256main+0xb1c>
    1254: 86 16        	stx	$16                     ; 0x16 <__rc6>
    1256: 0a           	asl
    1257: aa           	tax
    1258: 7c e7 1b     	jmp	($1be7,x)               ; 0x1be7 <__set_v+0x1>
    125b: a6 94        	ldx	$94                     ; 0x94 <mEn>
    125d: f0 03        	beq	$1262 <f256main+0xaa2>
    125f: 4c d8 14     	jmp	$14d8 <f256main+0xd18>
    1262: a2 01        	ldx	#$1
    1264: 4c da 14     	jmp	$14da <f256main+0xd1a>
    1267: a5 12        	lda	$12                     ; 0x12 <__rc2>
    1269: 38           	sec
    126a: e9 33        	sbc	#$33
    126c: 50 02        	bvc	$1270 <f256main+0xab0>
    126e: 49 80        	eor	#$80
    1270: aa           	tax
    1271: 10 2b        	bpl	$129e <f256main+0xade>
    1273: a6 12        	ldx	$12                     ; 0x12 <__rc2>
    1275: e0 31        	cpx	#$31
    1277: d0 03        	bne	$127c <f256main+0xabc>
    1279: 4c 0c 13     	jmp	$130c <f256main+0xb4c>
    127c: e0 32        	cpx	#$32
    127e: f0 03        	beq	$1283 <f256main+0xac3>
    1280: 4c 28 15     	jmp	$1528 <f256main+0xd68>
    1283: a6 81        	ldx	$81                     ; 0x81 <b1>
    1285: a9 00        	lda	#$0
    1287: e0 00        	cpx	#$0
    1289: d0 04        	bne	$128f <f256main+0xacf>
    128b: a9 01        	lda	#$1
    128d: 05 8d        	ora	$8d                     ; 0x8d <_BITMAP_CLUT.1>
    128f: 8d 08 d1     	sta	$d108                   ; 0xd108 <end_block9+0xb306>
    1292: a6 81        	ldx	$81                     ; 0x81 <b1>
    1294: f0 03        	beq	$1299 <f256main+0xad9>
    1296: 4c 98 13     	jmp	$1398 <f256main+0xbd8>
    1299: a2 01        	ldx	#$1
    129b: 4c 9a 13     	jmp	$139a <f256main+0xbda>
    129e: a6 12        	ldx	$12                     ; 0x12 <__rc2>
    12a0: e0 33        	cpx	#$33
    12a2: d0 03        	bne	$12a7 <f256main+0xae7>
    12a4: 4c 27 13     	jmp	$1327 <f256main+0xb67>
    12a7: e0 62        	cpx	#$62
    12a9: f0 03        	beq	$12ae <f256main+0xaee>
    12ab: 4c 28 15     	jmp	$1528 <f256main+0xd68>
    12ae: a2 01        	ldx	#$1
    12b0: 8e a6 d6     	stx	$d6a6                   ; 0xd6a6 <end_block9+0xb8a4>
    12b3: ac a4 d6     	ldy	$d6a4                   ; 0xd6a4 <end_block9+0xb8a2>
    12b6: 84 12        	sty	$12                     ; 0x12 <__rc2>
    12b8: ac a5 d6     	ldy	$d6a5                   ; 0xd6a5 <end_block9+0xb8a3>
    12bb: 8e a6 d6     	stx	$d6a6                   ; 0xd6a6 <end_block9+0xb8a4>
    12be: ae a4 d6     	ldx	$d6a4                   ; 0xd6a4 <end_block9+0xb8a2>
    12c1: ae a5 d6     	ldx	$d6a5                   ; 0xd6a5 <end_block9+0xb8a3>
    12c4: ad 04 d0     	lda	$d004                   ; 0xd004 <end_block9+0xb202>
    12c7: 49 01        	eor	#$1
    12c9: 29 01        	and	#$1
    12cb: 8d 04 d0     	sta	$d004                   ; 0xd004 <end_block9+0xb202>
    12ce: 8c 05 d0     	sty	$d005                   ; 0xd005 <end_block9+0xb203>
    12d1: a4 12        	ldy	$12                     ; 0x12 <__rc2>
    12d3: 8c 06 d0     	sty	$d006                   ; 0xd006 <end_block9+0xb204>
    12d6: 8e 07 d0     	stx	$d007                   ; 0xd007 <end_block9+0xb205>
    12d9: 4c 28 15     	jmp	$1528 <f256main+0xd68>
    12dc: a6 12        	ldx	$12                     ; 0x12 <__rc2>
    12de: e0 65        	cpx	#$65
    12e0: d0 03        	bne	$12e5 <f256main+0xb25>
    12e2: 4c 85 13     	jmp	$1385 <f256main+0xbc5>
    12e5: e0 67        	cpx	#$67
    12e7: f0 03        	beq	$12ec <f256main+0xb2c>
    12e9: 4c 28 15     	jmp	$1528 <f256main+0xd68>
    12ec: a9 01        	lda	#$1
    12ee: 8d a6 d6     	sta	$d6a6                   ; 0xd6a6 <end_block9+0xb8a4>
    12f1: ae a4 d6     	ldx	$d6a4                   ; 0xd6a4 <end_block9+0xb8a2>
    12f4: ac a5 d6     	ldy	$d6a5                   ; 0xd6a5 <end_block9+0xb8a3>
    12f7: 8d a6 d6     	sta	$d6a6                   ; 0xd6a6 <end_block9+0xb8a4>
    12fa: ad a4 d6     	lda	$d6a4                   ; 0xd6a4 <end_block9+0xb8a2>
    12fd: ad a5 d6     	lda	$d6a5                   ; 0xd6a5 <end_block9+0xb8a3>
    1300: 8c 0d d0     	sty	$d00d                   ; 0xd00d <end_block9+0xb20b>
    1303: 8e 0e d0     	stx	$d00e                   ; 0xd00e <end_block9+0xb20c>
    1306: 8d 0f d0     	sta	$d00f                   ; 0xd00f <end_block9+0xb20d>
    1309: 4c 28 15     	jmp	$1528 <f256main+0xd68>
    130c: a6 80        	ldx	$80                     ; 0x80 <b0>
    130e: a9 00        	lda	#$0
    1310: e0 00        	cpx	#$0
    1312: d0 04        	bne	$1318 <f256main+0xb58>
    1314: a9 01        	lda	#$1
    1316: 05 8c        	ora	$8c                     ; 0x8c <_BITMAP_CLUT.0>
    1318: 8d 00 d1     	sta	$d100                   ; 0xd100 <end_block9+0xb2fe>
    131b: a6 80        	ldx	$80                     ; 0x80 <b0>
    131d: f0 03        	beq	$1322 <f256main+0xb62>
    131f: 4c 91 13     	jmp	$1391 <f256main+0xbd1>
    1322: a2 01        	ldx	#$1
    1324: 4c 93 13     	jmp	$1393 <f256main+0xbd3>
    1327: a6 90        	ldx	$90                     ; 0x90 <t2>
    1329: d0 03        	bne	$132e <f256main+0xb6e>
    132b: 4c 9f 13     	jmp	$139f <f256main+0xbdf>
    132e: a2 01        	ldx	#$1
    1330: 86 82        	stx	$82                     ; 0x82 <b2>
    1332: 64 90        	stz	$90                     ; 0x90 <t2>
    1334: a9 01        	lda	#$1
    1336: 05 8e        	ora	$8e                     ; 0x8e <_BITMAP_CLUT.2>
    1338: 4c 20 15     	jmp	$1520 <f256main+0xd60>
    133b: ae 01 d0     	ldx	$d001                   ; 0xd001 <end_block9+0xb1ff>
    133e: e0 c0        	cpx	#$c0
    1340: ad 01 d0     	lda	$d001                   ; 0xd001 <end_block9+0xb1ff>
    1343: b0 03        	bcs	$1348 <f256main+0xb88>
    1345: 4c b3 13     	jmp	$13b3 <f256main+0xbf3>
    1348: 29 3f        	and	#$3f
    134a: 4c b5 13     	jmp	$13b5 <f256main+0xbf5>
    134d: a4 95        	ldy	$95                     ; 0x95 <isSunset>
    134f: a2 01        	ldx	#$1
    1351: 98           	tya
    1352: f0 02        	beq	$1356 <f256main+0xb96>
    1354: a2 00        	ldx	#$0
    1356: 8a           	txa
    1357: d0 03        	bne	$135c <f256main+0xb9c>
    1359: 4c bb 13     	jmp	$13bb <f256main+0xbfb>
    135c: a0 01        	ldy	#$1
    135e: 80 5d        	bra	$13bd <f256main+0xbfd>
    1360: ad 00 d0     	lda	$d000                   ; 0xd000 <end_block9+0xb1fe>
    1363: 29 01        	and	#$1
    1365: ae 00 d0     	ldx	$d000                   ; 0xd000 <end_block9+0xb1fe>
    1368: a8           	tay
    1369: f0 03        	beq	$136e <f256main+0xbae>
    136b: 4c e1 14     	jmp	$14e1 <f256main+0xd21>
    136e: 8a           	txa
    136f: 09 01        	ora	#$1
    1371: 4c e9 14     	jmp	$14e9 <f256main+0xd29>
    1374: ad 00 d0     	lda	$d000                   ; 0xd000 <end_block9+0xb1fe>
    1377: aa           	tax
    1378: 29 20        	and	#$20
    137a: f0 03        	beq	$137f <f256main+0xbbf>
    137c: 4c e6 14     	jmp	$14e6 <f256main+0xd26>
    137f: 8a           	txa
    1380: 09 20        	ora	#$20
    1382: 4c e9 14     	jmp	$14e9 <f256main+0xd29>
    1385: a6 82        	ldx	$82                     ; 0x82 <b2>
    1387: d0 03        	bne	$138c <f256main+0xbcc>
    1389: 4c ee 14     	jmp	$14ee <f256main+0xd2e>
    138c: 64 82        	stz	$82                     ; 0x82 <b2>
    138e: 4c f5 14     	jmp	$14f5 <f256main+0xd35>
    1391: a2 00        	ldx	#$0
    1393: 86 80        	stx	$80                     ; 0x80 <b0>
    1395: 4c 28 15     	jmp	$1528 <f256main+0xd68>
    1398: a2 00        	ldx	#$0
    139a: 86 81        	stx	$81                     ; 0x81 <b1>
    139c: 4c 28 15     	jmp	$1528 <f256main+0xd68>
    139f: a4 82        	ldy	$82                     ; 0x82 <b2>
    13a1: a2 01        	ldx	#$1
    13a3: 98           	tya
    13a4: f0 02        	beq	$13a8 <f256main+0xbe8>
    13a6: a2 00        	ldx	#$0
    13a8: 8a           	txa
    13a9: d0 03        	bne	$13ae <f256main+0xbee>
    13ab: 4c 13 15     	jmp	$1513 <f256main+0xd53>
    13ae: a0 01        	ldy	#$1
    13b0: 4c 15 15     	jmp	$1515 <f256main+0xd55>
    13b3: 09 c0        	ora	#$c0
    13b5: 8d 01 d0     	sta	$d001                   ; 0xd001 <end_block9+0xb1ff>
    13b8: 4c 28 15     	jmp	$1528 <f256main+0xd68>
    13bb: a0 00        	ldy	#$0
    13bd: 84 95        	sty	$95                     ; 0x95 <isSunset>
    13bf: 64 12        	stz	$12                     ; 0x12 <__rc2>
    13c1: 8a           	txa
    13c2: f0 04        	beq	$13c8 <f256main+0xc08>
    13c4: a2 02        	ldx	#$2
    13c6: 86 12        	stx	$12                     ; 0x12 <__rc2>
    13c8: a6 12        	ldx	$12                     ; 0x12 <__rc2>
    13ca: 86 8c        	stx	$8c                     ; 0x8c <_BITMAP_CLUT.0>
    13cc: ad 00 d1     	lda	$d100                   ; 0xd100 <end_block9+0xb2fe>
    13cf: 29 f9        	and	#$f9
    13d1: 05 12        	ora	$12                     ; 0x12 <__rc2>
    13d3: 8d 00 d1     	sta	$d100                   ; 0xd100 <end_block9+0xb2fe>
    13d6: 86 8d        	stx	$8d                     ; 0x8d <_BITMAP_CLUT.1>
    13d8: ad 08 d1     	lda	$d108                   ; 0xd108 <end_block9+0xb306>
    13db: 29 f9        	and	#$f9
    13dd: 05 12        	ora	$12                     ; 0x12 <__rc2>
    13df: 8d 08 d1     	sta	$d108                   ; 0xd108 <end_block9+0xb306>
    13e2: 86 8e        	stx	$8e                     ; 0x8e <_BITMAP_CLUT.2>
    13e4: ad 10 d1     	lda	$d110                   ; 0xd110 <end_block9+0xb30e>
    13e7: 29 f9        	and	#$f9
    13e9: 05 12        	ora	$12                     ; 0x12 <__rc2>
    13eb: 8d 10 d1     	sta	$d110                   ; 0xd110 <end_block9+0xb30e>
    13ee: a2 d9        	ldx	#$d9
    13f0: 64 13        	stz	$13                     ; 0x13 <__rc3>
    13f2: a5 13        	lda	$13                     ; 0x13 <__rc3>
    13f4: 85 14        	sta	$14                     ; 0x14 <__rc4>
    13f6: 86 15        	stx	$15                     ; 0x15 <__rc5>
    13f8: b2 14        	lda	($14)                   ; 0x14 <__rc4>
    13fa: 29 f9        	and	#$f9
    13fc: 05 12        	ora	$12                     ; 0x12 <__rc2>
    13fe: 92 14        	sta	($14)                   ; 0x14 <__rc4>
    1400: a5 13        	lda	$13                     ; 0x13 <__rc3>
    1402: 18           	clc
    1403: 69 08        	adc	#$8
    1405: 85 13        	sta	$13                     ; 0x13 <__rc3>
    1407: 8a           	txa
    1408: 69 00        	adc	#$0
    140a: aa           	tax
    140b: c9 d9        	cmp	#$d9
    140d: d0 e3        	bne	$13f2 <f256main+0xc32>
    140f: a4 13        	ldy	$13                     ; 0x13 <__rc3>
    1411: c0 30        	cpy	#$30
    1413: d0 dd        	bne	$13f2 <f256main+0xc32>
    1415: a9 00        	lda	#$0
    1417: 64 17        	stz	$17                     ; 0x17 <__rc7>
    1419: 85 18        	sta	$18                     ; 0x18 <__rc8>
    141b: 0a           	asl
    141c: a6 17        	ldx	$17                     ; 0x17 <__rc7>
    141e: 86 12        	stx	$12                     ; 0x12 <__rc2>
    1420: 26 12        	rol	$12                     ; 0x12 <__rc2>
    1422: 0a           	asl
    1423: 26 12        	rol	$12                     ; 0x12 <__rc2>
    1425: 0a           	asl
    1426: 26 12        	rol	$12                     ; 0x12 <__rc2>
    1428: 0a           	asl
    1429: 85 13        	sta	$13                     ; 0x13 <__rc3>
    142b: 26 12        	rol	$12                     ; 0x12 <__rc2>
    142d: a6 12        	ldx	$12                     ; 0x12 <__rc2>
    142f: 86 14        	stx	$14                     ; 0x14 <__rc4>
    1431: 0a           	asl
    1432: aa           	tax
    1433: a5 12        	lda	$12                     ; 0x12 <__rc2>
    1435: 2a           	rol
    1436: 86 12        	stx	$12                     ; 0x12 <__rc2>
    1438: 06 12        	asl	$12                     ; 0x12 <__rc2>
    143a: 2a           	rol
    143b: aa           	tax
    143c: 18           	clc
    143d: a0 01        	ldy	#$1
    143f: b0 02        	bcs	$1443 <f256main+0xc83>
    1441: a0 00        	ldy	#$0
    1443: 84 19        	sty	$19                     ; 0x19 <__rc9>
    1445: a5 12        	lda	$12                     ; 0x12 <__rc2>
    1447: 65 13        	adc	$13                     ; 0x13 <__rc3>
    1449: 85 12        	sta	$12                     ; 0x12 <__rc2>
    144b: 8a           	txa
    144c: 65 14        	adc	$14                     ; 0x14 <__rc4>
    144e: 85 13        	sta	$13                     ; 0x13 <__rc3>
    1450: 64 1a        	stz	$1a                     ; 0x1a <__rc10>
    1452: a6 16        	ldx	$16                     ; 0x16 <__rc6>
    1454: 86 1b        	stx	$1b                     ; 0x1b <__rc11>
    1456: a5 1a        	lda	$1a                     ; 0x1a <__rc10>
    1458: a6 19        	ldx	$19                     ; 0x19 <__rc9>
    145a: e0 01        	cpx	#$1
    145c: 65 12        	adc	$12                     ; 0x12 <__rc2>
    145e: 85 14        	sta	$14                     ; 0x14 <__rc4>
    1460: a9 bf        	lda	#$bf
    1462: 65 13        	adc	$13                     ; 0x13 <__rc3>
    1464: a8           	tay
    1465: a9 04        	lda	#$4
    1467: 69 00        	adc	#$0
    1469: 85 15        	sta	$15                     ; 0x15 <__rc5>
    146b: 98           	tya
    146c: 0a           	asl
    146d: 26 15        	rol	$15                     ; 0x15 <__rc5>
    146f: 0a           	asl
    1470: 26 15        	rol	$15                     ; 0x15 <__rc5>
    1472: 0a           	asl
    1473: a5 15        	lda	$15                     ; 0x15 <__rc5>
    1475: 2a           	rol
    1476: a6 0f        	ldx	$f                      ; 0xf <__data_size+0xf>
    1478: 78           	sei
    1479: 85 0f        	sta	$f                      ; 0xf <__data_size+0xf>
    147b: 85 1c        	sta	$1c                     ; 0x1c <__rc12>
    147d: 98           	tya
    147e: 09 e0        	ora	#$e0
    1480: 85 15        	sta	$15                     ; 0x15 <__rc5>
    1482: b2 14        	lda	($14)                   ; 0x14 <__rc4>
    1484: 85 1d        	sta	$1d                     ; 0x1d <__zp_bss_size>
    1486: a4 1b        	ldy	$1b                     ; 0x1b <__rc11>
    1488: b1 14        	lda	($14),y                 ; 0x14 <__rc4>
    148a: 86 0f        	stx	$f                      ; 0xf <__data_size+0xf>
    148c: 58           	cli
    148d: 29 07        	and	#$7
    148f: 85 16        	sta	$16                     ; 0x16 <__rc6>
    1491: a5 95        	lda	$95                     ; 0x95 <isSunset>
    1493: 0a           	asl
    1494: 85 1e        	sta	$1e                     ; 0x1e <__rc14>
    1496: a6 0f        	ldx	$f                      ; 0xf <__data_size+0xf>
    1498: 86 1f        	stx	$1f                     ; 0x1f <__rc15>
    149a: 78           	sei
    149b: a6 1c        	ldx	$1c                     ; 0x1c <__rc12>
    149d: 86 0f        	stx	$f                      ; 0xf <__data_size+0xf>
    149f: 06 1e        	asl	$1e                     ; 0x1e <__rc14>
    14a1: a5 1d        	lda	$1d                     ; 0x1d <__zp_bss_size>
    14a3: 92 14        	sta	($14)                   ; 0x14 <__rc4>
    14a5: a5 1e        	lda	$1e                     ; 0x1e <__rc14>
    14a7: 0a           	asl
    14a8: 05 16        	ora	$16                     ; 0x16 <__rc6>
    14aa: 91 14        	sta	($14),y                 ; 0x14 <__rc4>
    14ac: a5 1a        	lda	$1a                     ; 0x1a <__rc10>
    14ae: a6 1f        	ldx	$1f                     ; 0x1f <__rc15>
    14b0: 86 0f        	stx	$f                      ; 0xf <__data_size+0xf>
    14b2: 58           	cli
    14b3: 18           	clc
    14b4: 69 02        	adc	#$2
    14b6: 85 1a        	sta	$1a                     ; 0x1a <__rc10>
    14b8: c9 50        	cmp	#$50
    14ba: f0 03        	beq	$14bf <f256main+0xcff>
    14bc: 4c 56 14     	jmp	$1456 <f256main+0xc96>
    14bf: a2 01        	ldx	#$1
    14c1: 86 16        	stx	$16                     ; 0x16 <__rc6>
    14c3: a5 18        	lda	$18                     ; 0x18 <__rc8>
    14c5: 1a           	inc
    14c6: d0 02        	bne	$14ca <f256main+0xd0a>
    14c8: e6 17        	inc	$17                     ; 0x17 <__rc7>
    14ca: a6 17        	ldx	$17                     ; 0x17 <__rc7>
    14cc: f0 03        	beq	$14d1 <f256main+0xd11>
    14ce: 4c 19 14     	jmp	$1419 <f256main+0xc59>
    14d1: c9 11        	cmp	#$11
    14d3: f0 53        	beq	$1528 <f256main+0xd68>
    14d5: 4c 19 14     	jmp	$1419 <f256main+0xc59>
    14d8: a2 00        	ldx	#$0
    14da: 86 94        	stx	$94                     ; 0x94 <mEn>
    14dc: 8e e0 d6     	stx	$d6e0                   ; 0xd6e0 <end_block9+0xb8de>
    14df: 80 47        	bra	$1528 <f256main+0xd68>
    14e1: 8a           	txa
    14e2: 29 fe        	and	#$fe
    14e4: 80 03        	bra	$14e9 <f256main+0xd29>
    14e6: 8a           	txa
    14e7: 29 df        	and	#$df
    14e9: 8d 00 d0     	sta	$d000                   ; 0xd000 <end_block9+0xb1fe>
    14ec: 80 3a        	bra	$1528 <f256main+0xd68>
    14ee: a6 90        	ldx	$90                     ; 0x90 <t2>
    14f0: f0 03        	beq	$14f5 <f256main+0xd35>
    14f2: 4c 88 19     	jmp	$1988 <f256main+0x11c8>
    14f5: a2 01        	ldx	#$1
    14f7: 86 90        	stx	$90                     ; 0x90 <t2>
    14f9: a2 06        	ldx	#$6
    14fb: 8e 03 d0     	stx	$d003                   ; 0xd003 <end_block9+0xb201>
    14fe: a4 8f        	ldy	$8f                     ; 0x8f <_tileSize.2>
    1500: a2 10        	ldx	#$10
    1502: c0 08        	cpy	#$8
    1504: f0 02        	beq	$1508 <f256main+0xd48>
    1506: a2 00        	ldx	#$0
    1508: 86 12        	stx	$12                     ; 0x12 <__rc2>
    150a: a5 90        	lda	$90                     ; 0x90 <t2>
    150c: 05 12        	ora	$12                     ; 0x12 <__rc2>
    150e: 8d 18 d2     	sta	$d218                   ; 0xd218 <end_block9+0xb416>
    1511: 80 15        	bra	$1528 <f256main+0xd68>
    1513: a0 00        	ldy	#$0
    1515: 84 82        	sty	$82                     ; 0x82 <b2>
    1517: a9 00        	lda	#$0
    1519: e0 00        	cpx	#$0
    151b: f0 03        	beq	$1520 <f256main+0xd60>
    151d: 4c 34 13     	jmp	$1334 <f256main+0xb74>
    1520: 8d 10 d1     	sta	$d110                   ; 0xd110 <end_block9+0xb30e>
    1523: a2 02        	ldx	#$2
    1525: 8e 03 d0     	stx	$d003                   ; 0xd003 <end_block9+0xb201>
    1528: a6 9f        	ldx	$9f                     ; 0x9f <kernelEventData>
    152a: a0 01        	ldy	#$1
    152c: e0 52        	cpx	#$52
    152e: f0 03        	beq	$1533 <f256main+0xd73>
    1530: 4c 7b 18     	jmp	$187b <f256main+0x10bb>
    1533: a6 a3        	ldx	$a3                     ; 0xa3 <kernelEventData+0x4>
    1535: d0 03        	bne	$153a <f256main+0xd7a>
    1537: 4c 6f 16     	jmp	$166f <f256main+0xeaf>
    153a: e0 02        	cpx	#$2
    153c: d0 03        	bne	$1541 <f256main+0xd81>
    153e: 4c 3e 16     	jmp	$163e <f256main+0xe7e>
    1541: e0 01        	cpx	#$1
    1543: f0 03        	beq	$1548 <f256main+0xd88>
    1545: 4c 1b 12     	jmp	$121b <f256main+0xa5b>
    1548: a9 19        	lda	#$19
    154a: 84 16        	sty	$16                     ; 0x16 <__rc6>
    154c: a0 d9        	ldy	#$d9
    154e: 64 1d        	stz	$1d                     ; 0x1d <__zp_bss_size>
    1550: 18           	clc
    1551: aa           	tax
    1552: 69 03        	adc	#$3
    1554: 85 14        	sta	$14                     ; 0x14 <__rc4>
    1556: 98           	tya
    1557: 69 00        	adc	#$0
    1559: 85 13        	sta	$13                     ; 0x13 <__rc3>
    155b: a5 14        	lda	$14                     ; 0x14 <__rc4>
    155d: 85 12        	sta	$12                     ; 0x12 <__rc2>
    155f: a5 13        	lda	$13                     ; 0x13 <__rc3>
    1561: 85 15        	sta	$15                     ; 0x15 <__rc5>
    1563: b2 12        	lda	($12)                   ; 0x12 <__rc2>
    1565: 85 19        	sta	$19                     ; 0x19 <__rc9>
    1567: 18           	clc
    1568: 86 17        	stx	$17                     ; 0x17 <__rc7>
    156a: 8a           	txa
    156b: 69 05        	adc	#$5
    156d: aa           	tax
    156e: 84 18        	sty	$18                     ; 0x18 <__rc8>
    1570: 98           	tya
    1571: 69 00        	adc	#$0
    1573: 85 1a        	sta	$1a                     ; 0x1a <__rc10>
    1575: 18           	clc
    1576: a5 19        	lda	$19                     ; 0x19 <__rc9>
    1578: 69 fd        	adc	#$fd
    157a: 85 19        	sta	$19                     ; 0x19 <__rc9>
    157c: a4 16        	ldy	$16                     ; 0x16 <__rc6>
    157e: b1 12        	lda	($12),y                 ; 0x12 <__rc2>
    1580: 69 ff        	adc	#$ff
    1582: 85 1e        	sta	$1e                     ; 0x1e <__rc14>
    1584: 86 16        	stx	$16                     ; 0x16 <__rc6>
    1586: 86 12        	stx	$12                     ; 0x12 <__rc2>
    1588: a6 1a        	ldx	$1a                     ; 0x1a <__rc10>
    158a: 86 13        	stx	$13                     ; 0x13 <__rc3>
    158c: b2 12        	lda	($12)                   ; 0x12 <__rc2>
    158e: 85 1b        	sta	$1b                     ; 0x1b <__rc11>
    1590: b1 12        	lda	($12),y                 ; 0x12 <__rc2>
    1592: 85 1c        	sta	$1c                     ; 0x1c <__rc12>
    1594: a5 1e        	lda	$1e                     ; 0x1e <__rc14>
    1596: f0 03        	beq	$159b <f256main+0xddb>
    1598: 4c 34 16     	jmp	$1634 <f256main+0xe74>
    159b: a4 19        	ldy	$19                     ; 0x19 <__rc9>
    159d: c0 10        	cpy	#$10
    159f: b0 06        	bcs	$15a7 <f256main+0xde7>
    15a1: a0 50        	ldy	#$50
    15a3: 84 19        	sty	$19                     ; 0x19 <__rc9>
    15a5: a9 01        	lda	#$1
    15a7: a4 17        	ldy	$17                     ; 0x17 <__rc7>
    15a9: 84 12        	sty	$12                     ; 0x12 <__rc2>
    15ab: a4 18        	ldy	$18                     ; 0x18 <__rc8>
    15ad: 84 13        	sty	$13                     ; 0x13 <__rc3>
    15af: a0 03        	ldy	#$3
    15b1: aa           	tax
    15b2: a5 19        	lda	$19                     ; 0x19 <__rc9>
    15b4: 91 12        	sta	($12),y                 ; 0x12 <__rc2>
    15b6: a0 01        	ldy	#$1
    15b8: 8a           	txa
    15b9: 91 14        	sta	($14),y                 ; 0x14 <__rc4>
    15bb: 84 19        	sty	$19                     ; 0x19 <__rc9>
    15bd: a6 16        	ldx	$16                     ; 0x16 <__rc6>
    15bf: 86 14        	stx	$14                     ; 0x14 <__rc4>
    15c1: a6 1a        	ldx	$1a                     ; 0x1a <__rc10>
    15c3: 86 15        	stx	$15                     ; 0x15 <__rc5>
    15c5: a0 05        	ldy	#$5
    15c7: a5 1b        	lda	$1b                     ; 0x1b <__rc11>
    15c9: 91 12        	sta	($12),y                 ; 0x12 <__rc2>
    15cb: a9 01        	lda	#$1
    15cd: 85 16        	sta	$16                     ; 0x16 <__rc6>
    15cf: a5 1c        	lda	$1c                     ; 0x1c <__rc12>
    15d1: a4 19        	ldy	$19                     ; 0x19 <__rc9>
    15d3: 91 14        	sta	($14),y                 ; 0x14 <__rc4>
    15d5: a6 1d        	ldx	$1d                     ; 0x1d <__zp_bss_size>
    15d7: b5 86        	lda	$86,x                   ; 0x86 <sprBirdFrame>
    15d9: 1a           	inc
    15da: c9 04        	cmp	#$4
    15dc: 90 02        	bcc	$15e0 <f256main+0xe20>
    15de: a9 00        	lda	#$0
    15e0: a6 1d        	ldx	$1d                     ; 0x1d <__zp_bss_size>
    15e2: 9d 86 00     	sta	$86,x                   ; 0x86 <sprBirdFrame>
    15e5: a9 00        	lda	#$0
    15e7: 92 12        	sta	($12)                   ; 0x12 <__rc2>
    15e9: a9 ac        	lda	#$ac
    15eb: 18           	clc
    15ec: 75 83        	adc	$83,x                   ; 0x83 <sprFrame>
    15ee: a4 18        	ldy	$18                     ; 0x18 <__rc8>
    15f0: 48           	pha
    15f1: a5 17        	lda	$17                     ; 0x17 <__rc7>
    15f3: 85 12        	sta	$12                     ; 0x12 <__rc2>
    15f5: 68           	pla
    15f6: e6 12        	inc	$12                     ; 0x12 <__rc2>
    15f8: d0 01        	bne	$15fb <f256main+0xe3b>
    15fa: c8           	iny
    15fb: 84 13        	sty	$13                     ; 0x13 <__rc3>
    15fd: 92 12        	sta	($12)                   ; 0x12 <__rc2>
    15ff: b5 83        	lda	$83,x                   ; 0x83 <sprFrame>
    1601: 18           	clc
    1602: 69 ac        	adc	#$ac
    1604: a9 00        	lda	#$0
    1606: 69 04        	adc	#$4
    1608: a8           	tay
    1609: 18           	clc
    160a: a5 17        	lda	$17                     ; 0x17 <__rc7>
    160c: 69 02        	adc	#$2
    160e: 85 12        	sta	$12                     ; 0x12 <__rc2>
    1610: a5 18        	lda	$18                     ; 0x18 <__rc8>
    1612: 69 00        	adc	#$0
    1614: 85 13        	sta	$13                     ; 0x13 <__rc3>
    1616: 98           	tya
    1617: 92 12        	sta	($12)                   ; 0x12 <__rc2>
    1619: e8           	inx
    161a: 18           	clc
    161b: a5 17        	lda	$17                     ; 0x17 <__rc7>
    161d: 69 08        	adc	#$8
    161f: 85 12        	sta	$12                     ; 0x12 <__rc2>
    1621: a5 18        	lda	$18                     ; 0x18 <__rc8>
    1623: 69 00        	adc	#$0
    1625: a8           	tay
    1626: a5 12        	lda	$12                     ; 0x12 <__rc2>
    1628: 86 1d        	stx	$1d                     ; 0x1d <__zp_bss_size>
    162a: e0 03        	cpx	#$3
    162c: f0 03        	beq	$1631 <f256main+0xe71>
    162e: 4c 50 15     	jmp	$1550 <f256main+0xd90>
    1631: 4c 95 17     	jmp	$1795 <f256main+0xfd5>
    1634: c9 00        	cmp	#$0
    1636: b0 03        	bcs	$163b <f256main+0xe7b>
    1638: 4c a1 15     	jmp	$15a1 <f256main+0xde1>
    163b: 4c a7 15     	jmp	$15a7 <f256main+0xde7>
    163e: a6 90        	ldx	$90                     ; 0x90 <t2>
    1640: d0 03        	bne	$1645 <f256main+0xe85>
    1642: 4c 16 18     	jmp	$1816 <f256main+0x1056>
    1645: a2 01        	ldx	#$1
    1647: 86 14        	stx	$14                     ; 0x14 <__rc4>
    1649: a5 91        	lda	$91                     ; 0x91 <tm2_xf>
    164b: a6 92        	ldx	$92                     ; 0x92 <tm2_xf+0x1>
    164d: 1a           	inc
    164e: d0 01        	bne	$1651 <f256main+0xe91>
    1650: e8           	inx
    1651: a8           	tay
    1652: 85 91        	sta	$91                     ; 0x91 <tm2_xf>
    1654: 86 92        	stx	$92                     ; 0x92 <tm2_xf+0x1>
    1656: a5 93        	lda	$93                     ; 0x93 <tm2_x>
    1658: e0 00        	cpx	#$0
    165a: f0 03        	beq	$165f <f256main+0xe9f>
    165c: 4c cc 17     	jmp	$17cc <f256main+0x100c>
    165f: c0 10        	cpy	#$10
    1661: 90 03        	bcc	$1666 <f256main+0xea6>
    1663: 4c d3 17     	jmp	$17d3 <f256main+0x1013>
    1666: 84 12        	sty	$12                     ; 0x12 <__rc2>
    1668: 86 13        	stx	$13                     ; 0x13 <__rc3>
    166a: a4 14        	ldy	$14                     ; 0x14 <__rc4>
    166c: 4c ec 17     	jmp	$17ec <f256main+0x102c>
    166f: a2 d9        	ldx	#$d9
    1671: 86 19        	stx	$19                     ; 0x19 <__rc9>
    1673: 84 16        	sty	$16                     ; 0x16 <__rc6>
    1675: a0 01        	ldy	#$1
    1677: 64 1f        	stz	$1f                     ; 0x1f <__rc15>
    1679: 4c 03 17     	jmp	$1703 <f256main+0xf43>
    167c: c0 01        	cpy	#$1
    167e: 84 1e        	sty	$1e                     ; 0x1e <__rc14>
    1680: a5 1d        	lda	$1d                     ; 0x1d <__zp_bss_size>
    1682: a6 1f        	ldx	$1f                     ; 0x1f <__rc15>
    1684: 90 04        	bcc	$168a <f256main+0xeca>
    1686: a9 00        	lda	#$0
    1688: 64 1e        	stz	$1e                     ; 0x1e <__rc14>
    168a: a0 01        	ldy	#$1
    168c: 84 16        	sty	$16                     ; 0x16 <__rc6>
    168e: a4 18        	ldy	$18                     ; 0x18 <__rc8>
    1690: 84 12        	sty	$12                     ; 0x12 <__rc2>
    1692: a4 17        	ldy	$17                     ; 0x17 <__rc7>
    1694: 84 13        	sty	$13                     ; 0x13 <__rc3>
    1696: a0 03        	ldy	#$3
    1698: 91 12        	sta	($12),y                 ; 0x12 <__rc2>
    169a: a0 01        	ldy	#$1
    169c: a5 1e        	lda	$1e                     ; 0x1e <__rc14>
    169e: 91 14        	sta	($14),y                 ; 0x14 <__rc4>
    16a0: a4 19        	ldy	$19                     ; 0x19 <__rc9>
    16a2: 84 14        	sty	$14                     ; 0x14 <__rc4>
    16a4: a4 1a        	ldy	$1a                     ; 0x1a <__rc10>
    16a6: 84 15        	sty	$15                     ; 0x15 <__rc5>
    16a8: a0 05        	ldy	#$5
    16aa: a5 1b        	lda	$1b                     ; 0x1b <__rc11>
    16ac: 91 12        	sta	($12),y                 ; 0x12 <__rc2>
    16ae: a5 1c        	lda	$1c                     ; 0x1c <__rc12>
    16b0: a0 01        	ldy	#$1
    16b2: 91 14        	sta	($14),y                 ; 0x14 <__rc4>
    16b4: 98           	tya
    16b5: b4 83        	ldy	$83,x                   ; 0x83 <sprFrame>
    16b7: f0 02        	beq	$16bb <f256main+0xefb>
    16b9: a9 00        	lda	#$0
    16bb: 9d 83 00     	sta	$83,x                   ; 0x83 <sprFrame>
    16be: a9 00        	lda	#$0
    16c0: 92 12        	sta	($12)                   ; 0x12 <__rc2>
    16c2: 18           	clc
    16c3: a9 6c        	lda	#$6c
    16c5: 75 83        	adc	$83,x                   ; 0x83 <sprFrame>
    16c7: a4 18        	ldy	$18                     ; 0x18 <__rc8>
    16c9: 48           	pha
    16ca: a5 17        	lda	$17                     ; 0x17 <__rc7>
    16cc: 85 12        	sta	$12                     ; 0x12 <__rc2>
    16ce: 68           	pla
    16cf: c8           	iny
    16d0: d0 02        	bne	$16d4 <f256main+0xf14>
    16d2: e6 12        	inc	$12                     ; 0x12 <__rc2>
    16d4: 84 14        	sty	$14                     ; 0x14 <__rc4>
    16d6: a4 12        	ldy	$12                     ; 0x12 <__rc2>
    16d8: 84 15        	sty	$15                     ; 0x15 <__rc5>
    16da: 92 14        	sta	($14)                   ; 0x14 <__rc4>
    16dc: 18           	clc
    16dd: a5 18        	lda	$18                     ; 0x18 <__rc8>
    16df: 69 02        	adc	#$2
    16e1: 85 12        	sta	$12                     ; 0x12 <__rc2>
    16e3: a5 17        	lda	$17                     ; 0x17 <__rc7>
    16e5: 69 00        	adc	#$0
    16e7: 85 13        	sta	$13                     ; 0x13 <__rc3>
    16e9: a9 03        	lda	#$3
    16eb: 92 12        	sta	($12)                   ; 0x12 <__rc2>
    16ed: e8           	inx
    16ee: 18           	clc
    16ef: a5 18        	lda	$18                     ; 0x18 <__rc8>
    16f1: 69 08        	adc	#$8
    16f3: a8           	tay
    16f4: a5 17        	lda	$17                     ; 0x17 <__rc7>
    16f6: 69 00        	adc	#$0
    16f8: 85 19        	sta	$19                     ; 0x19 <__rc9>
    16fa: 86 1f        	stx	$1f                     ; 0x1f <__rc15>
    16fc: e0 03        	cpx	#$3
    16fe: d0 03        	bne	$1703 <f256main+0xf43>
    1700: 4c 63 17     	jmp	$1763 <f256main+0xfa3>
    1703: 18           	clc
    1704: 98           	tya
    1705: 69 03        	adc	#$3
    1707: 85 12        	sta	$12                     ; 0x12 <__rc2>
    1709: a5 19        	lda	$19                     ; 0x19 <__rc9>
    170b: 69 00        	adc	#$0
    170d: aa           	tax
    170e: a5 12        	lda	$12                     ; 0x12 <__rc2>
    1710: 85 14        	sta	$14                     ; 0x14 <__rc4>
    1712: 86 15        	stx	$15                     ; 0x15 <__rc5>
    1714: 86 13        	stx	$13                     ; 0x13 <__rc3>
    1716: b2 12        	lda	($12)                   ; 0x12 <__rc2>
    1718: 85 1b        	sta	$1b                     ; 0x1b <__rc11>
    171a: 18           	clc
    171b: 84 18        	sty	$18                     ; 0x18 <__rc8>
    171d: 98           	tya
    171e: 69 05        	adc	#$5
    1720: 85 1a        	sta	$1a                     ; 0x1a <__rc10>
    1722: a6 19        	ldx	$19                     ; 0x19 <__rc9>
    1724: 86 17        	stx	$17                     ; 0x17 <__rc7>
    1726: a5 19        	lda	$19                     ; 0x19 <__rc9>
    1728: 69 00        	adc	#$0
    172a: 85 1c        	sta	$1c                     ; 0x1c <__rc12>
    172c: 18           	clc
    172d: a5 1b        	lda	$1b                     ; 0x1b <__rc11>
    172f: 69 05        	adc	#$5
    1731: 85 1d        	sta	$1d                     ; 0x1d <__zp_bss_size>
    1733: a4 16        	ldy	$16                     ; 0x16 <__rc6>
    1735: b1 12        	lda	($12),y                 ; 0x12 <__rc2>
    1737: 69 00        	adc	#$0
    1739: 85 16        	sta	$16                     ; 0x16 <__rc6>
    173b: a6 1a        	ldx	$1a                     ; 0x1a <__rc10>
    173d: 86 19        	stx	$19                     ; 0x19 <__rc9>
    173f: a6 1a        	ldx	$1a                     ; 0x1a <__rc10>
    1741: 86 12        	stx	$12                     ; 0x12 <__rc2>
    1743: a5 1c        	lda	$1c                     ; 0x1c <__rc12>
    1745: 85 1a        	sta	$1a                     ; 0x1a <__rc10>
    1747: 85 13        	sta	$13                     ; 0x13 <__rc3>
    1749: b2 12        	lda	($12)                   ; 0x12 <__rc2>
    174b: 85 1b        	sta	$1b                     ; 0x1b <__rc11>
    174d: b1 12        	lda	($12),y                 ; 0x12 <__rc2>
    174f: 85 1c        	sta	$1c                     ; 0x1c <__rc12>
    1751: a4 16        	ldy	$16                     ; 0x16 <__rc6>
    1753: c0 01        	cpy	#$1
    1755: f0 03        	beq	$175a <f256main+0xf9a>
    1757: 4c 7c 16     	jmp	$167c <f256main+0xebc>
    175a: a5 1d        	lda	$1d                     ; 0x1d <__zp_bss_size>
    175c: c9 55        	cmp	#$55
    175e: 84 1e        	sty	$1e                     ; 0x1e <__rc14>
    1760: 4c 82 16     	jmp	$1682 <f256main+0xec2>
    1763: a2 80        	ldx	#$80
    1765: 86 f3        	stx	$f3                     ; 0xf3 <__sunset_size+0x5f>
    1767: 18           	clc
    1768: a5 10        	lda	$10                     ; 0x10 <__rc0>
    176a: 69 07        	adc	#$7
    176c: 85 12        	sta	$12                     ; 0x12 <__rc2>
    176e: a5 11        	lda	$11                     ; 0x11 <__rc1>
    1770: 69 00        	adc	#$0
    1772: 85 13        	sta	$13                     ; 0x13 <__rc3>
    1774: a2 01        	ldx	#$1
    1776: 86 14        	stx	$14                     ; 0x14 <__rc4>
    1778: a2 1e        	ldx	#$1e
    177a: 86 15        	stx	$15                     ; 0x15 <__rc5>
    177c: 20 f0 ff     	jsr	$fff0 <end_block9+0xe1ee>
    177f: 92 12        	sta	($12)                   ; 0x12 <__rc2>
    1781: a9 00        	lda	#$0
    1783: 6a           	ror
    1784: 85 14        	sta	$14                     ; 0x14 <__rc4>
    1786: a9 05        	lda	#$5
    1788: 18           	clc
    1789: 72 12        	adc	($12)                   ; 0x12 <__rc2>
    178b: 85 97        	sta	$97                     ; 0x97 <sprAnim+0x1>
    178d: a2 96        	ldx	#$96
    178f: 86 12        	stx	$12                     ; 0x12 <__rc2>
    1791: a2 00        	ldx	#$0
    1793: 80 30        	bra	$17c5 <f256main+0x1005>
    1795: a2 80        	ldx	#$80
    1797: 86 f3        	stx	$f3                     ; 0xf3 <__sunset_size+0x5f>
    1799: 18           	clc
    179a: a5 10        	lda	$10                     ; 0x10 <__rc0>
    179c: 69 08        	adc	#$8
    179e: 85 12        	sta	$12                     ; 0x12 <__rc2>
    17a0: a5 11        	lda	$11                     ; 0x11 <__rc1>
    17a2: 69 00        	adc	#$0
    17a4: 85 13        	sta	$13                     ; 0x13 <__rc3>
    17a6: a2 01        	ldx	#$1
    17a8: 86 14        	stx	$14                     ; 0x14 <__rc4>
    17aa: a2 1e        	ldx	#$1e
    17ac: 86 15        	stx	$15                     ; 0x15 <__rc5>
    17ae: 20 f0 ff     	jsr	$fff0 <end_block9+0xe1ee>
    17b1: 92 12        	sta	($12)                   ; 0x12 <__rc2>
    17b3: a9 00        	lda	#$0
    17b5: 6a           	ror
    17b6: 85 14        	sta	$14                     ; 0x14 <__rc4>
    17b8: a9 03        	lda	#$3
    17ba: 18           	clc
    17bb: 72 12        	adc	($12)                   ; 0x12 <__rc2>
    17bd: 85 9a        	sta	$9a                     ; 0x9a <sprBirdAnim+0x1>
    17bf: a2 99        	ldx	#$99
    17c1: 86 12        	stx	$12                     ; 0x12 <__rc2>
    17c3: a2 00        	ldx	#$0
    17c5: 86 13        	stx	$13                     ; 0x13 <__rc3>
    17c7: a4 16        	ldy	$16                     ; 0x16 <__rc6>
    17c9: 4c 48 18     	jmp	$1848 <f256main+0x1088>
    17cc: e0 00        	cpx	#$0
    17ce: b0 03        	bcs	$17d3 <f256main+0x1013>
    17d0: 4c 66 16     	jmp	$1666 <f256main+0xea6>
    17d3: 64 12        	stz	$12                     ; 0x12 <__rc2>
    17d5: 64 91        	stz	$91                     ; 0x91 <tm2_xf>
    17d7: 64 92        	stz	$92                     ; 0x92 <tm2_xf+0x1>
    17d9: 1a           	inc
    17da: 85 93        	sta	$93                     ; 0x93 <tm2_x>
    17dc: c9 14        	cmp	#$14
    17de: 64 13        	stz	$13                     ; 0x13 <__rc3>
    17e0: a4 14        	ldy	$14                     ; 0x14 <__rc4>
    17e2: 90 08        	bcc	$17ec <f256main+0x102c>
    17e4: a9 00        	lda	#$0
    17e6: 64 93        	stz	$93                     ; 0x93 <tm2_x>
    17e8: 64 12        	stz	$12                     ; 0x12 <__rc2>
    17ea: 64 13        	stz	$13                     ; 0x13 <__rc3>
    17ec: 0a           	asl
    17ed: aa           	tax
    17ee: a9 00        	lda	#$0
    17f0: 2a           	rol
    17f1: 86 14        	stx	$14                     ; 0x14 <__rc4>
    17f3: 06 14        	asl	$14                     ; 0x14 <__rc4>
    17f5: 2a           	rol
    17f6: 06 14        	asl	$14                     ; 0x14 <__rc4>
    17f8: 2a           	rol
    17f9: 06 14        	asl	$14                     ; 0x14 <__rc4>
    17fb: 2a           	rol
    17fc: aa           	tax
    17fd: a5 14        	lda	$14                     ; 0x14 <__rc4>
    17ff: 05 12        	ora	$12                     ; 0x12 <__rc2>
    1801: 85 12        	sta	$12                     ; 0x12 <__rc2>
    1803: 8a           	txa
    1804: 05 13        	ora	$13                     ; 0x13 <__rc3>
    1806: a6 12        	ldx	$12                     ; 0x12 <__rc2>
    1808: 8e 20 d2     	stx	$d220                   ; 0xd220 <end_block9+0xb41e>
    180b: 8d 21 d2     	sta	$d221                   ; 0xd221 <end_block9+0xb41f>
    180e: a2 20        	ldx	#$20
    1810: 8e 22 d2     	stx	$d222                   ; 0xd222 <end_block9+0xb420>
    1813: 9c 23 d2     	stz	$d223                   ; 0xd223 <end_block9+0xb421>
    1816: a2 80        	ldx	#$80
    1818: 86 f3        	stx	$f3                     ; 0xf3 <__sunset_size+0x5f>
    181a: 18           	clc
    181b: a5 10        	lda	$10                     ; 0x10 <__rc0>
    181d: 69 09        	adc	#$9
    181f: 85 12        	sta	$12                     ; 0x12 <__rc2>
    1821: a5 11        	lda	$11                     ; 0x11 <__rc1>
    1823: 69 00        	adc	#$0
    1825: 85 13        	sta	$13                     ; 0x13 <__rc3>
    1827: a2 01        	ldx	#$1
    1829: 86 14        	stx	$14                     ; 0x14 <__rc4>
    182b: a2 1e        	ldx	#$1e
    182d: 86 15        	stx	$15                     ; 0x15 <__rc5>
    182f: 20 f0 ff     	jsr	$fff0 <end_block9+0xe1ee>
    1832: 92 12        	sta	($12)                   ; 0x12 <__rc2>
    1834: a9 00        	lda	#$0
    1836: 6a           	ror
    1837: 85 14        	sta	$14                     ; 0x14 <__rc4>
    1839: a9 02        	lda	#$2
    183b: 18           	clc
    183c: 72 12        	adc	($12)                   ; 0x12 <__rc2>
    183e: 85 9d        	sta	$9d                     ; 0x9d <tileAnim+0x1>
    1840: a2 9c        	ldx	#$9c
    1842: 86 12        	stx	$12                     ; 0x12 <__rc2>
    1844: a2 00        	ldx	#$0
    1846: 86 13        	stx	$13                     ; 0x13 <__rc3>
    1848: b2 12        	lda	($12)                   ; 0x12 <__rc2>
    184a: 85 f3        	sta	$f3                     ; 0xf3 <__sunset_size+0x5f>
    184c: b1 12        	lda	($12),y                 ; 0x12 <__rc2>
    184e: 85 f4        	sta	$f4                     ; 0xf4 <__sunset_size+0x60>
    1850: 84 14        	sty	$14                     ; 0x14 <__rc4>
    1852: a0 02        	ldy	#$2
    1854: b1 12        	lda	($12),y                 ; 0x12 <__rc2>
    1856: a4 14        	ldy	$14                     ; 0x14 <__rc4>
    1858: 85 f5        	sta	$f5                     ; 0xf5 <__sunset_size+0x61>
    185a: 18           	clc
    185b: a5 10        	lda	$10                     ; 0x10 <__rc0>
    185d: 69 0a        	adc	#$a
    185f: 85 12        	sta	$12                     ; 0x12 <__rc2>
    1861: a5 11        	lda	$11                     ; 0x11 <__rc1>
    1863: 69 00        	adc	#$0
    1865: 85 13        	sta	$13                     ; 0x13 <__rc3>
    1867: a2 01        	ldx	#$1
    1869: 86 14        	stx	$14                     ; 0x14 <__rc4>
    186b: a2 1e        	ldx	#$1e
    186d: 86 15        	stx	$15                     ; 0x15 <__rc5>
    186f: 20 f0 ff     	jsr	$fff0 <end_block9+0xe1ee>
    1872: 92 12        	sta	($12)                   ; 0x12 <__rc2>
    1874: a9 00        	lda	#$0
    1876: 6a           	ror
    1877: 85 14        	sta	$14                     ; 0x14 <__rc4>
    1879: a6 9f        	ldx	$9f                     ; 0x9f <kernelEventData>
    187b: e0 0c        	cpx	#$c
    187d: f0 03        	beq	$1882 <f256main+0x10c2>
    187f: 4c 1b 12     	jmp	$121b <f256main+0xa5b>
    1882: a5 a2        	lda	$a2                     ; 0xa2 <kernelEventData+0x3>
    1884: 10 04        	bpl	$188a <f256main+0x10ca>
    1886: a2 ff        	ldx	#$ff
    1888: 80 02        	bra	$188c <f256main+0x10cc>
    188a: a2 00        	ldx	#$0
    188c: 85 12        	sta	$12                     ; 0x12 <__rc2>
    188e: 38           	sec
    188f: e9 05        	sbc	#$5
    1891: 50 08        	bvc	$189b <f256main+0x10db>
    1893: a0 01        	ldy	#$1
    1895: 84 26        	sty	$26                     ; 0x26 <__rc22>
    1897: 49 80        	eor	#$80
    1899: 80 04        	bra	$189f <f256main+0x10df>
    189b: a0 01        	ldy	#$1
    189d: 84 26        	sty	$26                     ; 0x26 <__rc22>
    189f: a0 02        	ldy	#$2
    18a1: c9 00        	cmp	#$0
    18a3: 10 0f        	bpl	$18b4 <f256main+0x10f4>
    18a5: a5 12        	lda	$12                     ; 0x12 <__rc2>
    18a7: 38           	sec
    18a8: e9 fc        	sbc	#$fc
    18aa: 50 02        	bvc	$18ae <f256main+0x10ee>
    18ac: 49 80        	eor	#$80
    18ae: c9 00        	cmp	#$0
    18b0: 30 02        	bmi	$18b4 <f256main+0x10f4>
    18b2: a0 01        	ldy	#$1
    18b4: ad e2 d6     	lda	$d6e2                   ; 0xd6e2 <end_block9+0xb8e0>
    18b7: 85 28        	sta	$28                     ; 0x28 <__rc24>
    18b9: ad e3 d6     	lda	$d6e3                   ; 0xd6e3 <end_block9+0xb8e1>
    18bc: 85 27        	sta	$27                     ; 0x27 <__rc23>
    18be: 86 13        	stx	$13                     ; 0x13 <__rc3>
    18c0: a2 00        	ldx	#$0
    18c2: 98           	tya
    18c3: 20 b4 1b     	jsr	$1bb4 <__mulhi3>
    18c6: 85 13        	sta	$13                     ; 0x13 <__rc3>
    18c8: 86 14        	stx	$14                     ; 0x14 <__rc4>
    18ca: a4 a3        	ldy	$a3                     ; 0xa3 <kernelEventData+0x4>
    18cc: 10 04        	bpl	$18d2 <f256main+0x1112>
    18ce: a2 ff        	ldx	#$ff
    18d0: 80 02        	bra	$18d4 <f256main+0x1114>
    18d2: a2 00        	ldx	#$0
    18d4: 98           	tya
    18d5: 38           	sec
    18d6: e9 05        	sbc	#$5
    18d8: 50 06        	bvc	$18e0 <f256main+0x1120>
    18da: 84 12        	sty	$12                     ; 0x12 <__rc2>
    18dc: 49 80        	eor	#$80
    18de: 80 02        	bra	$18e2 <f256main+0x1122>
    18e0: 84 12        	sty	$12                     ; 0x12 <__rc2>
    18e2: 85 15        	sta	$15                     ; 0x15 <__rc5>
    18e4: 18           	clc
    18e5: a5 28        	lda	$28                     ; 0x28 <__rc24>
    18e7: 65 13        	adc	$13                     ; 0x13 <__rc3>
    18e9: 85 28        	sta	$28                     ; 0x28 <__rc24>
    18eb: a5 27        	lda	$27                     ; 0x27 <__rc23>
    18ed: 65 14        	adc	$14                     ; 0x14 <__rc4>
    18ef: 85 27        	sta	$27                     ; 0x27 <__rc23>
    18f1: a0 02        	ldy	#$2
    18f3: a5 15        	lda	$15                     ; 0x15 <__rc5>
    18f5: 10 0f        	bpl	$1906 <f256main+0x1146>
    18f7: a5 12        	lda	$12                     ; 0x12 <__rc2>
    18f9: 38           	sec
    18fa: e9 fc        	sbc	#$fc
    18fc: 50 02        	bvc	$1900 <f256main+0x1140>
    18fe: 49 80        	eor	#$80
    1900: c9 00        	cmp	#$0
    1902: 30 02        	bmi	$1906 <f256main+0x1146>
    1904: a0 01        	ldy	#$1
    1906: ad e4 d6     	lda	$d6e4                   ; 0xd6e4 <end_block9+0xb8e2>
    1909: 85 2a        	sta	$2a                     ; 0x2a <__rc26>
    190b: ad e5 d6     	lda	$d6e5                   ; 0xd6e5 <end_block9+0xb8e3>
    190e: 85 29        	sta	$29                     ; 0x29 <__rc25>
    1910: 86 13        	stx	$13                     ; 0x13 <__rc3>
    1912: a2 00        	ldx	#$0
    1914: 98           	tya
    1915: 20 b4 1b     	jsr	$1bb4 <__mulhi3>
    1918: 85 12        	sta	$12                     ; 0x12 <__rc2>
    191a: 86 13        	stx	$13                     ; 0x13 <__rc3>
    191c: 18           	clc
    191d: a5 2a        	lda	$2a                     ; 0x2a <__rc26>
    191f: 65 12        	adc	$12                     ; 0x12 <__rc2>
    1921: 85 14        	sta	$14                     ; 0x14 <__rc4>
    1923: a5 29        	lda	$29                     ; 0x29 <__rc25>
    1925: 65 13        	adc	$13                     ; 0x13 <__rc3>
    1927: 85 12        	sta	$12                     ; 0x12 <__rc2>
    1929: 64 13        	stz	$13                     ; 0x13 <__rc3>
    192b: 64 15        	stz	$15                     ; 0x15 <__rc5>
    192d: a0 00        	ldy	#$0
    192f: a5 27        	lda	$27                     ; 0x27 <__rc23>
    1931: 30 1f        	bmi	$1952 <f256main+0x1192>
    1933: a6 27        	ldx	$27                     ; 0x27 <__rc23>
    1935: a5 27        	lda	$27                     ; 0x27 <__rc23>
    1937: e0 02        	cpx	#$2
    1939: d0 08        	bne	$1943 <f256main+0x1183>
    193b: a4 28        	ldy	$28                     ; 0x28 <__rc24>
    193d: c0 71        	cpy	#$71
    193f: 84 15        	sty	$15                     ; 0x15 <__rc5>
    1941: 80 06        	bra	$1949 <f256main+0x1189>
    1943: c9 02        	cmp	#$2
    1945: a6 28        	ldx	$28                     ; 0x28 <__rc24>
    1947: 86 15        	stx	$15                     ; 0x15 <__rc5>
    1949: a8           	tay
    194a: 90 06        	bcc	$1952 <f256main+0x1192>
    194c: a2 70        	ldx	#$70
    194e: 86 15        	stx	$15                     ; 0x15 <__rc5>
    1950: a0 02        	ldy	#$2
    1952: a9 00        	lda	#$0
    1954: a6 12        	ldx	$12                     ; 0x12 <__rc2>
    1956: 30 1b        	bmi	$1973 <f256main+0x11b3>
    1958: a6 12        	ldx	$12                     ; 0x12 <__rc2>
    195a: e0 01        	cpx	#$1
    195c: d0 06        	bne	$1964 <f256main+0x11a4>
    195e: a5 14        	lda	$14                     ; 0x14 <__rc4>
    1960: c9 d1        	cmp	#$d1
    1962: 80 04        	bra	$1968 <f256main+0x11a8>
    1964: e0 01        	cpx	#$1
    1966: a5 14        	lda	$14                     ; 0x14 <__rc4>
    1968: 85 13        	sta	$13                     ; 0x13 <__rc3>
    196a: 8a           	txa
    196b: 90 06        	bcc	$1973 <f256main+0x11b3>
    196d: a2 d0        	ldx	#$d0
    196f: 86 13        	stx	$13                     ; 0x13 <__rc3>
    1971: a9 01        	lda	#$1
    1973: a6 15        	ldx	$15                     ; 0x15 <__rc5>
    1975: 8e e2 d6     	stx	$d6e2                   ; 0xd6e2 <end_block9+0xb8e0>
    1978: 8c e3 d6     	sty	$d6e3                   ; 0xd6e3 <end_block9+0xb8e1>
    197b: a6 13        	ldx	$13                     ; 0x13 <__rc3>
    197d: 8e e4 d6     	stx	$d6e4                   ; 0xd6e4 <end_block9+0xb8e2>
    1980: 8d e5 d6     	sta	$d6e5                   ; 0xd6e5 <end_block9+0xb8e3>
    1983: a4 26        	ldy	$26                     ; 0x26 <__rc22>
    1985: 4c 1b 12     	jmp	$121b <f256main+0xa5b>
    1988: a2 00        	ldx	#$0
    198a: 4c f7 14     	jmp	$14f7 <f256main+0xd37>

0000198d <textPrint>:
    198d: a6 01        	ldx	$1                      ; 0x1 <__data_size+0x1>
    198f: 86 a6        	stx	$a6                     ; 0xa6 <__sunset_size+0x12>
    1991: a6 8b        	ldx	$8b                     ; 0x8b <_row>
    1993: a0 50        	ldy	#$50
    1995: 8c 00 de     	sty	$de00                   ; 0xde00 <end_block9+0xbffe>
    1998: 9c 01 de     	stz	$de01                   ; 0xde01 <end_block9+0xbfff>
    199b: 8e 02 de     	stx	$de02                   ; 0xde02 <end_block9+0xc000>
    199e: 9c 03 de     	stz	$de03                   ; 0xde03 <end_block9+0xc001>
    19a1: ae 10 de     	ldx	$de10                   ; 0xde10 <end_block9+0xc00e>
    19a4: ac 11 de     	ldy	$de11                   ; 0xde11 <end_block9+0xc00f>
    19a7: 84 15        	sty	$15                     ; 0x15 <__rc5>
    19a9: ad 12 de     	lda	$de12                   ; 0xde12 <end_block9+0xc010>
    19ac: ac 13 de     	ldy	$de13                   ; 0xde13 <end_block9+0xc011>
    19af: 84 1c        	sty	$1c                     ; 0x1c <__rc12>
    19b1: 9c 08 de     	stz	$de08                   ; 0xde08 <end_block9+0xc006>
    19b4: a0 c0        	ldy	#$c0
    19b6: 8c 09 de     	sty	$de09                   ; 0xde09 <end_block9+0xc007>
    19b9: 9c 0a de     	stz	$de0a                   ; 0xde0a <end_block9+0xc008>
    19bc: 9c 0b de     	stz	$de0b                   ; 0xde0b <end_block9+0xc009>
    19bf: 8e 0c de     	stx	$de0c                   ; 0xde0c <end_block9+0xc00a>
    19c2: 64 14        	stz	$14                     ; 0x14 <__rc4>
    19c4: a2 00        	ldx	#$0
    19c6: 86 16        	stx	$16                     ; 0x16 <__rc6>
    19c8: a2 c0        	ldx	#$c0
    19ca: 86 17        	stx	$17                     ; 0x17 <__rc7>
    19cc: a2 11        	ldx	#$11
    19ce: 86 18        	stx	$18                     ; 0x18 <__rc8>
    19d0: a2 c9        	ldx	#$c9
    19d2: 86 19        	stx	$19                     ; 0x19 <__rc9>
    19d4: a2 10        	ldx	#$10
    19d6: 86 1a        	stx	$1a                     ; 0x1a <__rc10>
    19d8: a2 c9        	ldx	#$c9
    19da: 86 1b        	stx	$1b                     ; 0x1b <__rc11>
    19dc: a6 15        	ldx	$15                     ; 0x15 <__rc5>
    19de: 8e 0d de     	stx	$de0d                   ; 0xde0d <end_block9+0xc00b>
    19e1: 8d 0e de     	sta	$de0e                   ; 0xde0e <end_block9+0xc00c>
    19e4: a6 1c        	ldx	$1c                     ; 0x1c <__rc12>
    19e6: 8e 0f de     	stx	$de0f                   ; 0xde0f <end_block9+0xc00d>
    19e9: ac 18 de     	ldy	$de18                   ; 0xde18 <end_block9+0xc016>
    19ec: ad 19 de     	lda	$de19                   ; 0xde19 <end_block9+0xc017>
    19ef: ae 1a de     	ldx	$de1a                   ; 0xde1a <end_block9+0xc018>
    19f2: ae 1b de     	ldx	$de1b                   ; 0xde1b <end_block9+0xc019>
    19f5: 84 1c        	sty	$1c                     ; 0x1c <__rc12>
    19f7: 85 1d        	sta	$1d                     ; 0x1d <__zp_bss_size>
    19f9: 64 15        	stz	$15                     ; 0x15 <__rc5>
    19fb: a2 20        	ldx	#$20
    19fd: 86 a7        	stx	$a7                     ; 0xa7 <__sunset_size+0x13>
    19ff: 80 13        	bra	$1a14 <textPrint+0x87>
    1a01: a5 1c        	lda	$1c                     ; 0x1c <__rc12>
    1a03: 18           	clc
    1a04: 69 50        	adc	#$50
    1a06: 85 1c        	sta	$1c                     ; 0x1c <__rc12>
    1a08: a5 1d        	lda	$1d                     ; 0x1d <__zp_bss_size>
    1a0a: 69 00        	adc	#$0
    1a0c: 85 1d        	sta	$1d                     ; 0x1d <__zp_bss_size>
    1a0e: e6 14        	inc	$14                     ; 0x14 <__rc4>
    1a10: d0 02        	bne	$1a14 <textPrint+0x87>
    1a12: e6 15        	inc	$15                     ; 0x15 <__rc5>
    1a14: a5 12        	lda	$12                     ; 0x12 <__rc2>
    1a16: 18           	clc
    1a17: 65 14        	adc	$14                     ; 0x14 <__rc4>
    1a19: 85 1e        	sta	$1e                     ; 0x1e <__rc14>
    1a1b: a5 13        	lda	$13                     ; 0x13 <__rc3>
    1a1d: 65 15        	adc	$15                     ; 0x15 <__rc5>
    1a1f: 85 1f        	sta	$1f                     ; 0x1f <__rc15>
    1a21: b2 1e        	lda	($1e)                   ; 0x1e <__rc14>
    1a23: c9 0a        	cmp	#$a
    1a25: f0 31        	beq	$1a58 <textPrint+0xcb>
    1a27: c9 0d        	cmp	#$d
    1a29: f0 2d        	beq	$1a58 <textPrint+0xcb>
    1a2b: aa           	tax
    1a2c: d0 03        	bne	$1a31 <textPrint+0xa4>
    1a2e: 4c 4c 1b     	jmp	$1b4c <textPrint+0x1bf>
    1a31: a2 03        	ldx	#$3
    1a33: 86 01        	stx	$1                      ; 0x1 <__data_size+0x1>
    1a35: a5 89        	lda	$89                     ; 0x89 <_ccolor>
    1a37: 29 01        	and	#$1
    1a39: a2 d2        	ldx	#$d2
    1a3b: a8           	tay
    1a3c: d0 02        	bne	$1a40 <textPrint+0xb3>
    1a3e: a2 f0        	ldx	#$f0
    1a40: a4 8a        	ldy	$8a                     ; 0x8a <_col>
    1a42: 8a           	txa
    1a43: 91 1c        	sta	($1c),y                 ; 0x1c <__rc12>
    1a45: a2 02        	ldx	#$2
    1a47: 86 01        	stx	$1                      ; 0x1 <__data_size+0x1>
    1a49: b2 1e        	lda	($1e)                   ; 0x1e <__rc14>
    1a4b: a4 8a        	ldy	$8a                     ; 0x8a <_col>
    1a4d: 91 1c        	sta	($1c),y                 ; 0x1c <__rc12>
    1a4f: a6 8a        	ldx	$8a                     ; 0x8a <_col>
    1a51: e8           	inx
    1a52: e6 8a        	inc	$8a                     ; 0x8a <_col>
    1a54: e0 50        	cpx	#$50
    1a56: d0 b6        	bne	$1a0e <textPrint+0x81>
    1a58: 64 8a        	stz	$8a                     ; 0x8a <_col>
    1a5a: a6 8b        	ldx	$8b                     ; 0x8b <_row>
    1a5c: e8           	inx
    1a5d: e6 8b        	inc	$8b                     ; 0x8b <_row>
    1a5f: e0 1e        	cpx	#$1e
    1a61: f0 03        	beq	$1a66 <textPrint+0xd9>
    1a63: 4c 01 1a     	jmp	$1a01 <textPrint+0x74>
    1a66: a0 50        	ldy	#$50
    1a68: a2 03        	ldx	#$3
    1a6a: 86 01        	stx	$1                      ; 0x1 <__data_size+0x1>
    1a6c: a2 01        	ldx	#$1
    1a6e: 86 1c        	stx	$1c                     ; 0x1c <__rc12>
    1a70: a2 09        	ldx	#$9
    1a72: a9 10        	lda	#$10
    1a74: 5a           	phy
    1a75: a0 00        	ldy	#$0
    1a77: 84 1e        	sty	$1e                     ; 0x1e <__rc14>
    1a79: a0 c0        	ldy	#$c0
    1a7b: 84 1f        	sty	$1f                     ; 0x1f <__rc15>
    1a7d: 7a           	ply
    1a7e: 85 1d        	sta	$1d                     ; 0x1d <__zp_bss_size>
    1a80: b1 1e        	lda	($1e),y                 ; 0x1e <__rc14>
    1a82: 92 1e        	sta	($1e)                   ; 0x1e <__rc14>
    1a84: a9 ff        	lda	#$ff
    1a86: c6 1d        	dec	$1d                     ; 0x1d <__zp_bss_size>
    1a88: c5 1d        	cmp	$1d                     ; 0x1d <__zp_bss_size>
    1a8a: d0 01        	bne	$1a8d <textPrint+0x100>
    1a8c: ca           	dex
    1a8d: e6 1e        	inc	$1e                     ; 0x1e <__rc14>
    1a8f: d0 02        	bne	$1a93 <textPrint+0x106>
    1a91: e6 1f        	inc	$1f                     ; 0x1f <__rc15>
    1a93: 8a           	txa
    1a94: d0 ea        	bne	$1a80 <textPrint+0xf3>
    1a96: a5 1d        	lda	$1d                     ; 0x1d <__zp_bss_size>
    1a98: d0 e6        	bne	$1a80 <textPrint+0xf3>
    1a9a: a0 50        	ldy	#$50
    1a9c: a2 02        	ldx	#$2
    1a9e: 86 01        	stx	$1                      ; 0x1 <__data_size+0x1>
    1aa0: a2 00        	ldx	#$0
    1aa2: a5 1c        	lda	$1c                     ; 0x1c <__rc12>
    1aa4: d0 c8        	bne	$1a6e <textPrint+0xe1>
    1aa6: a2 03        	ldx	#$3
    1aa8: 86 01        	stx	$1                      ; 0x1 <__data_size+0x1>
    1aaa: a5 89        	lda	$89                     ; 0x89 <_ccolor>
    1aac: 29 01        	and	#$1
    1aae: aa           	tax
    1aaf: a9 d2        	lda	#$d2
    1ab1: e0 00        	cpx	#$0
    1ab3: d0 02        	bne	$1ab7 <textPrint+0x12a>
    1ab5: a9 f0        	lda	#$f0
    1ab7: a2 50        	ldx	#$50
    1ab9: a0 11        	ldy	#$11
    1abb: 84 1c        	sty	$1c                     ; 0x1c <__rc12>
    1abd: a0 c9        	ldy	#$c9
    1abf: 84 1d        	sty	$1d                     ; 0x1d <__zp_bss_size>
    1ac1: a0 10        	ldy	#$10
    1ac3: 84 1e        	sty	$1e                     ; 0x1e <__rc14>
    1ac5: a0 c9        	ldy	#$c9
    1ac7: 84 1f        	sty	$1f                     ; 0x1f <__rc15>
    1ac9: a4 1e        	ldy	$1e                     ; 0x1e <__rc14>
    1acb: 84 22        	sty	$22                     ; 0x22 <__rc18>
    1acd: a4 1f        	ldy	$1f                     ; 0x1f <__rc15>
    1acf: 84 23        	sty	$23                     ; 0x23 <__rc19>
    1ad1: a4 1c        	ldy	$1c                     ; 0x1c <__rc12>
    1ad3: 84 1e        	sty	$1e                     ; 0x1e <__rc14>
    1ad5: a4 1d        	ldy	$1d                     ; 0x1d <__zp_bss_size>
    1ad7: 84 1f        	sty	$1f                     ; 0x1f <__rc15>
    1ad9: 92 22        	sta	($22)                   ; 0x22 <__rc18>
    1adb: e6 1c        	inc	$1c                     ; 0x1c <__rc12>
    1add: d0 02        	bne	$1ae1 <textPrint+0x154>
    1adf: e6 1d        	inc	$1d                     ; 0x1d <__zp_bss_size>
    1ae1: ca           	dex
    1ae2: d0 e5        	bne	$1ac9 <textPrint+0x13c>
    1ae4: a2 02        	ldx	#$2
    1ae6: 86 01        	stx	$1                      ; 0x1 <__data_size+0x1>
    1ae8: a2 50        	ldx	#$50
    1aea: a0 11        	ldy	#$11
    1aec: 84 1c        	sty	$1c                     ; 0x1c <__rc12>
    1aee: a0 c9        	ldy	#$c9
    1af0: 84 1d        	sty	$1d                     ; 0x1d <__zp_bss_size>
    1af2: a0 10        	ldy	#$10
    1af4: 84 1e        	sty	$1e                     ; 0x1e <__rc14>
    1af6: a0 c9        	ldy	#$c9
    1af8: 84 1f        	sty	$1f                     ; 0x1f <__rc15>
    1afa: a5 a7        	lda	$a7                     ; 0xa7 <__sunset_size+0x13>
    1afc: a4 1e        	ldy	$1e                     ; 0x1e <__rc14>
    1afe: 84 22        	sty	$22                     ; 0x22 <__rc18>
    1b00: a4 1f        	ldy	$1f                     ; 0x1f <__rc15>
    1b02: 84 23        	sty	$23                     ; 0x23 <__rc19>
    1b04: a4 1c        	ldy	$1c                     ; 0x1c <__rc12>
    1b06: 84 1e        	sty	$1e                     ; 0x1e <__rc14>
    1b08: a4 1d        	ldy	$1d                     ; 0x1d <__zp_bss_size>
    1b0a: 84 1f        	sty	$1f                     ; 0x1f <__rc15>
    1b0c: 92 22        	sta	($22)                   ; 0x22 <__rc18>
    1b0e: e6 1c        	inc	$1c                     ; 0x1c <__rc12>
    1b10: d0 02        	bne	$1b14 <textPrint+0x187>
    1b12: e6 1d        	inc	$1d                     ; 0x1d <__zp_bss_size>
    1b14: ca           	dex
    1b15: d0 e5        	bne	$1afc <textPrint+0x16f>
    1b17: a2 20        	ldx	#$20
    1b19: 86 a7        	stx	$a7                     ; 0xa7 <__sunset_size+0x13>
    1b1b: c6 8b        	dec	$8b                     ; 0x8b <_row>
    1b1d: 9c 08 de     	stz	$de08                   ; 0xde08 <end_block9+0xc006>
    1b20: a2 c0        	ldx	#$c0
    1b22: 8e 09 de     	stx	$de09                   ; 0xde09 <end_block9+0xc007>
    1b25: 9c 0a de     	stz	$de0a                   ; 0xde0a <end_block9+0xc008>
    1b28: 9c 0b de     	stz	$de0b                   ; 0xde0b <end_block9+0xc009>
    1b2b: a2 1d        	ldx	#$1d
    1b2d: 8e 0c de     	stx	$de0c                   ; 0xde0c <end_block9+0xc00a>
    1b30: 9c 0d de     	stz	$de0d                   ; 0xde0d <end_block9+0xc00b>
    1b33: 9c 0e de     	stz	$de0e                   ; 0xde0e <end_block9+0xc00c>
    1b36: 9c 0f de     	stz	$de0f                   ; 0xde0f <end_block9+0xc00d>
    1b39: ae 18 de     	ldx	$de18                   ; 0xde18 <end_block9+0xc016>
    1b3c: ac 19 de     	ldy	$de19                   ; 0xde19 <end_block9+0xc017>
    1b3f: ad 1a de     	lda	$de1a                   ; 0xde1a <end_block9+0xc018>
    1b42: ad 1b de     	lda	$de1b                   ; 0xde1b <end_block9+0xc019>
    1b45: 86 1c        	stx	$1c                     ; 0x1c <__rc12>
    1b47: 84 1d        	sty	$1d                     ; 0x1d <__zp_bss_size>
    1b49: 4c 0e 1a     	jmp	$1a0e <textPrint+0x81>
    1b4c: a6 a6        	ldx	$a6                     ; 0xa6 <__sunset_size+0x12>
    1b4e: 86 01        	stx	$1                      ; 0x1 <__data_size+0x1>
    1b50: a6 8a        	ldx	$8a                     ; 0x8a <_col>
    1b52: a4 8b        	ldy	$8b                     ; 0x8b <_row>
    1b54: 8e 14 d0     	stx	$d014                   ; 0xd014 <end_block9+0xb212>
    1b57: 9c 15 d0     	stz	$d015                   ; 0xd015 <end_block9+0xb213>
    1b5a: 84 8b        	sty	$8b                     ; 0x8b <_row>
    1b5c: 8c 16 d0     	sty	$d016                   ; 0xd016 <end_block9+0xb214>
    1b5f: 9c 17 d0     	stz	$d017                   ; 0xd017 <end_block9+0xb215>
    1b62: 60           	rts

00001b63 <exit>:
    1b63: 20 70 03     	jsr	$370 <_fini>
    1b66: 80 fe        	bra	$1b66 <exit+0x3>

00001b68 <memcpy>:
    1b68: a8           	tay
    1b69: 8a           	txa
    1b6a: d0 03        	bne	$1b6f <memcpy+0x7>
    1b6c: 98           	tya
    1b6d: f0 24        	beq	$1b93 <memcpy+0x2b>
    1b6f: a5 12        	lda	$12                     ; 0x12 <__rc2>
    1b71: 85 16        	sta	$16                     ; 0x16 <__rc6>
    1b73: a5 13        	lda	$13                     ; 0x13 <__rc3>
    1b75: 85 17        	sta	$17                     ; 0x17 <__rc7>
    1b77: b2 14        	lda	($14)                   ; 0x14 <__rc4>
    1b79: 92 16        	sta	($16)                   ; 0x16 <__rc6>
    1b7b: e6 16        	inc	$16                     ; 0x16 <__rc6>
    1b7d: d0 02        	bne	$1b81 <memcpy+0x19>
    1b7f: e6 17        	inc	$17                     ; 0x17 <__rc7>
    1b81: e6 14        	inc	$14                     ; 0x14 <__rc4>
    1b83: d0 02        	bne	$1b87 <memcpy+0x1f>
    1b85: e6 15        	inc	$15                     ; 0x15 <__rc5>
    1b87: 88           	dey
    1b88: c0 ff        	cpy	#$ff
    1b8a: d0 01        	bne	$1b8d <memcpy+0x25>
    1b8c: ca           	dex
    1b8d: 8a           	txa
    1b8e: d0 e7        	bne	$1b77 <memcpy+0xf>
    1b90: 98           	tya
    1b91: d0 e4        	bne	$1b77 <memcpy+0xf>
    1b93: 60           	rts

00001b94 <__memset>:
    1b94: a4 14        	ldy	$14                     ; 0x14 <__rc4>
    1b96: d0 04        	bne	$1b9c <__memset+0x8>
    1b98: e0 00        	cpx	#$0
    1b9a: f0 17        	beq	$1bb3 <__memset+0x1f>
    1b9c: 92 12        	sta	($12)                   ; 0x12 <__rc2>
    1b9e: e6 12        	inc	$12                     ; 0x12 <__rc2>
    1ba0: d0 02        	bne	$1ba4 <__memset+0x10>
    1ba2: e6 13        	inc	$13                     ; 0x13 <__rc3>
    1ba4: ca           	dex
    1ba5: e0 ff        	cpx	#$ff
    1ba7: d0 02        	bne	$1bab <__memset+0x17>
    1ba9: c6 14        	dec	$14                     ; 0x14 <__rc4>
    1bab: a4 14        	ldy	$14                     ; 0x14 <__rc4>
    1bad: d0 ed        	bne	$1b9c <__memset+0x8>
    1baf: e0 00        	cpx	#$0
    1bb1: d0 e9        	bne	$1b9c <__memset+0x8>
    1bb3: 60           	rts

00001bb4 <__mulhi3>:
    1bb4: a4 13        	ldy	$13                     ; 0x13 <__rc3>
    1bb6: d0 04        	bne	$1bbc <__mulhi3+0x8>
    1bb8: a4 12        	ldy	$12                     ; 0x12 <__rc2>
    1bba: f0 25        	beq	$1be1 <__mulhi3+0x2d>
    1bbc: 85 14        	sta	$14                     ; 0x14 <__rc4>
    1bbe: 86 15        	stx	$15                     ; 0x15 <__rc5>
    1bc0: a0 00        	ldy	#$0
    1bc2: 98           	tya
    1bc3: 46 13        	lsr	$13                     ; 0x13 <__rc3>
    1bc5: 66 12        	ror	$12                     ; 0x12 <__rc2>
    1bc7: 90 09        	bcc	$1bd2 <__mulhi3+0x1e>
    1bc9: aa           	tax
    1bca: 98           	tya
    1bcb: 18           	clc
    1bcc: 65 14        	adc	$14                     ; 0x14 <__rc4>
    1bce: a8           	tay
    1bcf: 8a           	txa
    1bd0: 65 15        	adc	$15                     ; 0x15 <__rc5>
    1bd2: 06 14        	asl	$14                     ; 0x14 <__rc4>
    1bd4: 26 15        	rol	$15                     ; 0x15 <__rc5>
    1bd6: a6 13        	ldx	$13                     ; 0x13 <__rc3>
    1bd8: d0 e9        	bne	$1bc3 <__mulhi3+0xf>
    1bda: a6 12        	ldx	$12                     ; 0x12 <__rc2>
    1bdc: d0 e5        	bne	$1bc3 <__mulhi3+0xf>
    1bde: aa           	tax
    1bdf: 98           	tya
    1be0: 60           	rts
    1be1: a0 00        	ldy	#$0
    1be3: 98           	tya
    1be4: 80 f8        	bra	$1bde <__mulhi3+0x2a>
