
midisam2.elf:	file format elf32-mos

SYMBOL TABLE:
00000000 l    df *ABS*	00000000 zero-bss.c
00000000 l    df *ABS*	00000000 zero-zp-bss.c
00000000 l    df *ABS*	00000000 copy-zp-data.c
00000000 l    df *ABS*	00000000 ld-temp.o
000005a3 l     F .text	00000021 FAR_PEEK
000005c4 l     F .text	0000002a FAR_PEEKW
000005ee l     F .text	00000023 FAR_POKE
00000611 l     F .text	0000001c FAR_POKEW
00000077 l     O .zp.bss	00000007 kernelEventData
00000030 l     O .zp.data	00000001 _ccolor
00008488 l     O .rodata	00000030 textColors
00000047 l     O .zp.bss	00000001 _col
00000048 l     O .zp.bss	00000001 _row
0000004e l     O .zp.bss	00000001 _MAX_X
0000004d l     O .zp.bss	00000001 _color
00000049 l     O .zp.bss	00000004 _BITMAP_BASE.0
000087f9 l     O .bss	00000040 _spriteCtl
00008839 l     O .bss	00000008 _dirStream
00000076 l     O .zp.bss	00000001 kernelError
00005568 l     F .text	000004a7 displayImage
00006d1f l     F .text	00000060 lilpause
00000058 l     O .zp.bss	00000001 midiChip
00008775 l     O .rodata	00000038 rtmplugin
000027c7 l     F .text	00000039 zeroOutStuff
00006d7f l     F .text	000000f7 setColors
00000041 l     O .zp.bss	00000002 midiSpr_x
00000043 l     O .zp.bss	00000002 midiSpr_y
00000045 l     O .zp.bss	00000001 midiSpr_vx
00000046 l     O .zp.bss	00000001 midiSpr_vy
00002f12 l     F .text	00000437 bitmapLine
000087f7 l     O .bss	00000001 freakoutCoundDown
000087f8 l     O .bss	00000001 isFreakingOut
0000894f l     O .bss	00000078 name
00002800 l     F .text	00000120 fileOpenDir
0000343c l     F .text	00000048 fpr_set_currentPath
00002920 l     F .text	0000004b fileCloseDir
00007bdf l     F .text	00000090 printf
00005a0f l     F .text	000000c2 loadSMFile
00008943 l     O .bss	00000001 isTrulyDone
00008948 l     O .bss	00000001 fileOpenedErrorCode
000054cf l     F .text	00000099 wipeArea_far
00007c6f l     F .text	000000e2 sprintf
00002a88 l     F .text	00000130 fileOpen
0000296b l     F .text	0000011d fetchNextPLEntry
000053b9 l     F .text	00000116 reprepFPR_far
00003484 l     F .text	00000508 readDirectory_far
0000398c l     F .text	000005b7 sortFileList_far
00003f43 l     F .text	0000044d displayFileList_far
00004390 l     F .text	00001029 pickFile_far
00002bb8 l     F .text	000001ce textPrint
0000690c l     F .text	00000413 initTrack
00000069 l     O .zp.bss	00000002 theOne.0
00006816 l     F .text	000000f6 exhaustZeroes
000087ad l     O .data	0000004a nameVersion
00000051 l     O .zp.bss	00000001 isPaused
00000054 l     O .zp.bss	00000001 shimmerTimer.1
00000052 l     O .zp.bss	00000001 isLightShow
00000053 l     O .zp.bss	00000001 repeatFlag
0000006c l     O .zp.bss	00000004 theOne.5
0000006b l     O .zp.bss	00000001 theOne.4
00000074 l     O .zp.bss	00000002 theOne.8
00000070 l     O .zp.bss	00000002 theOne.6
0000894b l     O .bss	00000004 theOne.2
0000836f l     F .text	00000070 __mulsi3
00000072 l     O .zp.bss	00000002 theOne.7
00000059 l     O .zp.bss	00000010 shimmerBuffer
0000004f l     O .zp.bss	00000002 __putchar.s
00008112 l     F .text	00000013 __ashlhi3
00008755 l     O .rodata	00000020 disp
00007f39 l     F .text	0000018d free
00005ad1 l     F .text	00000280 detectStructure
000065de l     F .text	00000238 performMIDICmd
0000833d l     F .text	00000032 __mulhi3
00005d51 l     F .text	0000088d chainEvent
00008946 l     O .bss	00000002 myRecord.1
00000055 l     O .zp.bss	00000002 myRecord.2
00008944 l     O .bss	00000002 myRecord.0
00007d51 l     F .text	000001e8 malloc
00000057 l     O .zp.bss	00000001 myRecord.14
00002d86 l     F .text	0000017b fileRead
00002f01 l     F .text	00000011 textGotoXY
00003349 l     F .text	000000f3 fileReadDir
00008841 l     O .bss	00000102 fileReadDir.fileDirEntS
00008125 l     F .text	000000b9 __udivhi3
0800a000 l     F .block8	000001fa FAR8_loadSMFile
00008949 l     O .bss	00000002 theOne.1
000081de l     F .text	0000015f __udivsi3
00006e7b l     F .text	00000b76 _ZN12_GLOBAL__N_15printEPKcP6Status
000079f1 l     F .text	000000df _ZN12_GLOBAL__N_13putEcP6Status
00007ad0 l     F .text	0000010f _ZN12_GLOBAL__N_112print_stringEPKcP6Status
000089c7 l     O .bss	00000001 _ZN12_GLOBAL__N_111initializedE
0000032a l     F .text	0000014f _ZN12_GLOBAL__N_19FreeChunk6insertEPvj
000089c8 l     O .bss	00000001 _ZN12_GLOBAL__N_19last_freeE
000089c9 l     O .bss	00000002 _ZN12_GLOBAL__N_19free_listE
0000047a l     F .text	000000ec _ZN12_GLOBAL__N_19FreeChunk6removeEv
0000007e l     O .zp.bss	00000002 _ZN12_GLOBAL__N_19free_sizeE
0000062d g     F .text	0000219a main
00025000 g       .midigfxbounce	00000000 midigfxbounce_end
00050d00 g       .cozyLCD	00000000 cozyLCD_end
00030000 g       .cozyLCD	00000000 cozyLCD_start
00025e80 g       .midiinst	00000000 midiinst_end
00025000 g       .midigfxpal	00000000 midigfxpal_start
00025400 g       .midiinst	00000000 midiinst_start
00024c00 g       .midigfxbounce	00000000 midigfxbounce_start
00025080 g       .midigfxpal	00000000 midigfxpal_end
00000326 g       .text	00000000 __after_main
00000312 g       .text	00000000 __do_init_stack
00000320 g       .text	00000000 __do_copy_zp_data
0000058c g     F .text	00000017 __copy_zp_data
0000031a g       .text	00000000 __do_zero_bss
00000566 g     F .text	00000013 __zero_bss
0000031d g       .text	00000000 __do_zero_zp_bss
00000579 g     F .text	00000013 __zero_zp_bss
00006e76 g     F .text	00000005 exit
00000329 g       .text	00000000 _fini
000083df g       .rodata	00000000 __set_v
000080f2  w    F .text	00000020 __memset
00001000  w      *ABS*	00000000 __heap_default_limit
000089cc g       .noinit	00000000 __heap_start
000080c6  w    F .text	0000002c memcpy
00000010 g       *ABS*	00000000 __rc0
00000012 g       *ABS*	00000000 __rc2
00000014 g       *ABS*	00000000 __rc4
00000016 g       *ABS*	00000000 __rc6
00000018 g       *ABS*	00000000 __rc8
0000001a g       *ABS*	00000000 __rc10
0000001c g       *ABS*	00000000 __rc12
0000001e g       *ABS*	00000000 __rc14
00000020 g       *ABS*	00000000 __rc16
00000022 g       *ABS*	00000000 __rc18
00000024 g       *ABS*	00000000 __rc20
00000026 g       *ABS*	00000000 __rc22
00000028 g       *ABS*	00000000 __rc24
0000002a g       *ABS*	00000000 __rc26
0000002c g       *ABS*	00000000 __rc28
0000002e g       *ABS*	00000000 __rc30
0000002f g       *ABS*	00000000 __rc31
00000300 g       *ABS*	00000000 __f256_start
0000a000 g       *ABS*	00000000 __stack
0000a000 g       *ABS*	00000000 __SLOT_ADDR
0800a000 g       *ABS*	00000000 __block8_lma
00002000 g       *ABS*	00000000 __BLOCK_SIZE
0900a000 g       *ABS*	00000000 __block9_lma
0a00a000 g       *ABS*	00000000 __block10_lma
0b00a000 g       *ABS*	00000000 __block11_lma
0c00a000 g       *ABS*	00000000 __block12_lma
0d00a000 g       *ABS*	00000000 __block13_lma
0e00a000 g       *ABS*	00000000 __block14_lma
0f00a000 g       *ABS*	00000000 __block15_lma
1000a000 g       *ABS*	00000000 __block16_lma
1100a000 g       *ABS*	00000000 __block17_lma
1200a000 g       *ABS*	00000000 __block18_lma
1300a000 g       *ABS*	00000000 __block19_lma
1400a000 g       *ABS*	00000000 __block20_lma
1500a000 g       *ABS*	00000000 __block21_lma
1600a000 g       *ABS*	00000000 __block22_lma
1700a000 g       *ABS*	00000000 __block23_lma
00030000 g       *ABS*	00000000 __cozyLCD_lma
00020d00 g       *ABS*	00000000 __cozyLCD_size
00025400 g       *ABS*	00000000 __midiinst_lma
00000a80 g       *ABS*	00000000 __midiinst_size
00024c00 g       *ABS*	00000000 __midigfxbounce_lma
00000400 g       *ABS*	00000000 __midigfxbounce_size
00025000 g       *ABS*	00000000 __midigfxpal_lma
00000080 g       *ABS*	00000000 __midigfxpal_size
000087f7 g       .data	00000000 __data_end
00050d00 g       .cozyLCD	00000000 end_cozyLCD
00025e80 g       .midiinst	00000000 end_midiinst
00025000 g       .midigfxbounce	00000000 end_midigfxbounce
00025080 g       .midigfxpal	00000000 end_midigfxpal
0800a1fa g       .block8	00000000 end_block8
00000312 g       .text	00000000 _start
0000002d g       *ABS*	00000000 __rc29
0000002b g       *ABS*	00000000 __rc27
00000029 g       *ABS*	00000000 __rc25
00000027 g       *ABS*	00000000 __rc23
00000025 g       *ABS*	00000000 __rc21
00000023 g       *ABS*	00000000 __rc19
00000021 g       *ABS*	00000000 __rc17
0000001f g       *ABS*	00000000 __rc15
0000001d g       *ABS*	00000000 __rc13
0000001b g       *ABS*	00000000 __rc11
00000019 g       *ABS*	00000000 __rc9
00000017 g       *ABS*	00000000 __rc7
00000015 g       *ABS*	00000000 __rc5
00000013 g       *ABS*	00000000 __rc3
00000011 g       *ABS*	00000000 __rc1
00000030 g       .zp.data	00000000 __zp_data_start
00000300 g       *ABS*	00000000 __zp_data_load_start
00000011 g       *ABS*	00000000 __zp_data_size
00000041 g       .zp.bss	00000000 __zp_bss_start
0000003f g       *ABS*	00000000 __zp_bss_size
00000312 g       .text	00000000 _init
000083df g       .text	00000000 __init_array_start
000083df g       .text	00000000 __init_array_end
000083df g       .text	00000000 __fini_array_start
000083df g       .text	00000000 __fini_array_end
000087ad g       .data	00000000 __data_start
000087ad g       *ABS*	00000000 __data_load_start
0000004a g       *ABS*	00000000 __data_size
000087f7 g       .bss	00000000 __bss_start
000089cb g       .bss	00000000 __bss_end
000001d4 g       *ABS*	00000000 __bss_size
0800a1fa g       .block8	00000000 end_block9
0800a1fa g       .block8	00000000 end_block10
0800a1fa g       .block8	00000000 end_block11
0800a1fa g       .block8	00000000 end_block12
0800a1fa g       .block8	00000000 end_block13
0800a1fa g       .block8	00000000 end_block14
0800a1fa g       .block8	00000000 end_block15
0800a1fa g       .block8	00000000 end_block16
0800a1fa g       .block8	00000000 end_block17
0800a1fa g       .block8	00000000 end_block18
0800a1fa g       .block8	00000000 end_block19
0800a1fa g       .block8	00000000 end_block20
0800a1fa g       .block8	00000000 end_block21
0800a1fa g       .block8	00000000 end_block22
0800a1fa g       .block8	00000000 end_block23

Disassembly of section .text:

00000312 <_start>:
     312: a9 00        	lda	#$0
     314: 85 10        	sta	$10                     ; 0x10 <__rc0>
     316: a9 a0        	lda	#$a0
     318: 85 11        	sta	$11                     ; 0x11 <__zp_data_size>

0000031a <__do_zero_bss>:
     31a: 20 66 05     	jsr	$566 <__zero_bss>

0000031d <__do_zero_zp_bss>:
     31d: 20 79 05     	jsr	$579 <__zero_zp_bss>

00000320 <__do_copy_zp_data>:
     320: 20 8c 05     	jsr	$58c <__copy_zp_data>
     323: 20 2d 06     	jsr	$62d <main>

00000326 <__after_main>:
     326: 4c 76 6e     	jmp	$6e76 <exit>

00000329 <_fini>:
     329: 60           	rts

0000032a <_ZN12_GLOBAL__N_19FreeChunk6insertEPvj>:
     32a: 85 16        	sta	$16                     ; 0x16 <__rc6>
     32c: 29 fe        	and	#$fe
     32e: 85 14        	sta	$14                     ; 0x14 <__rc4>
     330: a0 01        	ldy	#$1
     332: 98           	tya
     333: 32 12        	and	($12)                   ; 0x12 <__rc2>
     335: 05 14        	ora	$14                     ; 0x14 <__rc4>
     337: 92 12        	sta	($12)                   ; 0x12 <__rc2>
     339: a5 12        	lda	$12                     ; 0x12 <__rc2>
     33b: 18           	clc
     33c: 65 14        	adc	$14                     ; 0x14 <__rc4>
     33e: 85 15        	sta	$15                     ; 0x15 <__rc5>
     340: 8a           	txa
     341: 65 13        	adc	$13                     ; 0x13 <__rc3>
     343: 85 14        	sta	$14                     ; 0x14 <__rc4>
     345: 18           	clc
     346: a5 15        	lda	$15                     ; 0x15 <__rc5>
     348: 69 fe        	adc	#$fe
     34a: 85 17        	sta	$17                     ; 0x17 <__rc7>
     34c: a5 14        	lda	$14                     ; 0x14 <__rc4>
     34e: 69 ff        	adc	#$ff
     350: 85 15        	sta	$15                     ; 0x15 <__rc5>
     352: a5 17        	lda	$17                     ; 0x17 <__rc7>
     354: 85 14        	sta	$14                     ; 0x14 <__rc4>
     356: 8a           	txa
     357: 91 12        	sta	($12),y                 ; 0x12 <__rc2>
     359: a5 16        	lda	$16                     ; 0x16 <__rc6>
     35b: 92 14        	sta	($14)                   ; 0x14 <__rc4>
     35d: 8a           	txa
     35e: 91 14        	sta	($14),y                 ; 0x14 <__rc4>
     360: a2 01        	ldx	#$1
     362: 86 18        	stx	$18                     ; 0x18 <__rc8>
     364: b1 12        	lda	($12),y                 ; 0x12 <__rc2>
     366: 85 14        	sta	$14                     ; 0x14 <__rc4>
     368: a9 fe        	lda	#$fe
     36a: 32 12        	and	($12)                   ; 0x12 <__rc2>
     36c: 18           	clc
     36d: 65 7e        	adc	$7e                     ; 0x7e <_ZN12_GLOBAL__N_19free_sizeE>
     36f: aa           	tax
     370: a5 14        	lda	$14                     ; 0x14 <__rc4>
     372: 65 7f        	adc	$7f                     ; 0x7f <_ZN12_GLOBAL__N_19free_sizeE+0x1>
     374: a8           	tay
     375: 18           	clc
     376: 8a           	txa
     377: 69 fe        	adc	#$fe
     379: aa           	tax
     37a: 98           	tya
     37b: 69 ff        	adc	#$ff
     37d: 86 7e        	stx	$7e                     ; 0x7e <_ZN12_GLOBAL__N_19free_sizeE>
     37f: 85 7f        	sta	$7f                     ; 0x7f <_ZN12_GLOBAL__N_19free_sizeE+0x1>
     381: ae c9 89     	ldx	$89c9                   ; 0x89c9 <_ZN12_GLOBAL__N_19free_listE>
     384: 86 16        	stx	$16                     ; 0x16 <__rc6>
     386: ac ca 89     	ldy	$89ca                   ; 0x89ca <_ZN12_GLOBAL__N_19free_listE+0x1>
     389: a2 00        	ldx	#$0
     38b: 86 14        	stx	$14                     ; 0x14 <__rc4>
     38d: a2 00        	ldx	#$0
     38f: 86 15        	stx	$15                     ; 0x15 <__rc5>
     391: 84 17        	sty	$17                     ; 0x17 <__rc7>
     393: c4 15        	cpy	$15                     ; 0x15 <__rc5>
     395: d0 3e        	bne	$3d5 <_ZN12_GLOBAL__N_19FreeChunk6insertEPvj+0xab>
     397: a6 16        	ldx	$16                     ; 0x16 <__rc6>
     399: e4 14        	cpx	$14                     ; 0x14 <__rc4>
     39b: d0 38        	bne	$3d5 <_ZN12_GLOBAL__N_19FreeChunk6insertEPvj+0xab>
     39d: a0 04        	ldy	#$4
     39f: a5 12        	lda	$12                     ; 0x12 <__rc2>
     3a1: 18           	clc
     3a2: 69 04        	adc	#$4
     3a4: 85 14        	sta	$14                     ; 0x14 <__rc4>
     3a6: a5 13        	lda	$13                     ; 0x13 <__rc3>
     3a8: 69 00        	adc	#$0
     3aa: 18           	clc
     3ab: 85 15        	sta	$15                     ; 0x15 <__rc5>
     3ad: a5 12        	lda	$12                     ; 0x12 <__rc2>
     3af: 91 12        	sta	($12),y                 ; 0x12 <__rc2>
     3b1: a0 02        	ldy	#$2
     3b3: 85 17        	sta	$17                     ; 0x17 <__rc7>
     3b5: 69 02        	adc	#$2
     3b7: 85 16        	sta	$16                     ; 0x16 <__rc6>
     3b9: a5 17        	lda	$17                     ; 0x17 <__rc7>
     3bb: 91 12        	sta	($12),y                 ; 0x12 <__rc2>
     3bd: a5 13        	lda	$13                     ; 0x13 <__rc3>
     3bf: 69 00        	adc	#$0
     3c1: 85 17        	sta	$17                     ; 0x17 <__rc7>
     3c3: 88           	dey
     3c4: a5 13        	lda	$13                     ; 0x13 <__rc3>
     3c6: 91 14        	sta	($14),y                 ; 0x14 <__rc4>
     3c8: 91 16        	sta	($16),y                 ; 0x16 <__rc6>
     3ca: a6 12        	ldx	$12                     ; 0x12 <__rc2>
     3cc: 8e c9 89     	stx	$89c9                   ; 0x89c9 <_ZN12_GLOBAL__N_19free_listE>
     3cf: a6 13        	ldx	$13                     ; 0x13 <__rc3>
     3d1: 8e ca 89     	stx	$89ca                   ; 0x89ca <_ZN12_GLOBAL__N_19free_listE+0x1>
     3d4: 60           	rts
     3d5: a6 12        	ldx	$12                     ; 0x12 <__rc2>
     3d7: a5 12        	lda	$12                     ; 0x12 <__rc2>
     3d9: 18           	clc
     3da: 69 02        	adc	#$2
     3dc: 85 14        	sta	$14                     ; 0x14 <__rc4>
     3de: a4 16        	ldy	$16                     ; 0x16 <__rc6>
     3e0: a5 13        	lda	$13                     ; 0x13 <__rc3>
     3e2: 69 00        	adc	#$0
     3e4: 85 15        	sta	$15                     ; 0x15 <__rc5>
     3e6: 84 19        	sty	$19                     ; 0x19 <__rc9>
     3e8: a4 17        	ldy	$17                     ; 0x17 <__rc7>
     3ea: 84 1a        	sty	$1a                     ; 0x1a <__rc10>
     3ec: a0 02        	ldy	#$2
     3ee: a5 19        	lda	$19                     ; 0x19 <__rc9>
     3f0: 91 12        	sta	($12),y                 ; 0x12 <__rc2>
     3f2: 84 1d        	sty	$1d                     ; 0x1d <__rc13>
     3f4: a4 18        	ldy	$18                     ; 0x18 <__rc8>
     3f6: a5 1a        	lda	$1a                     ; 0x1a <__rc10>
     3f8: 91 14        	sta	($14),y                 ; 0x14 <__rc4>
     3fa: 84 1e        	sty	$1e                     ; 0x1e <__rc14>
     3fc: 18           	clc
     3fd: a5 19        	lda	$19                     ; 0x19 <__rc9>
     3ff: 69 04        	adc	#$4
     401: 85 18        	sta	$18                     ; 0x18 <__rc8>
     403: a5 1a        	lda	$1a                     ; 0x1a <__rc10>
     405: 69 00        	adc	#$0
     407: 85 19        	sta	$19                     ; 0x19 <__rc9>
     409: 8a           	txa
     40a: 18           	clc
     40b: 69 04        	adc	#$4
     40d: 85 1a        	sta	$1a                     ; 0x1a <__rc10>
     40f: a5 13        	lda	$13                     ; 0x13 <__rc3>
     411: 69 00        	adc	#$0
     413: 85 1b        	sta	$1b                     ; 0x1b <__rc11>
     415: a0 04        	ldy	#$4
     417: b1 16        	lda	($16),y                 ; 0x16 <__rc6>
     419: 85 16        	sta	$16                     ; 0x16 <__rc6>
     41b: 85 22        	sta	$22                     ; 0x22 <__rc18>
     41d: a4 1e        	ldy	$1e                     ; 0x1e <__rc14>
     41f: b1 18        	lda	($18),y                 ; 0x18 <__rc8>
     421: 85 17        	sta	$17                     ; 0x17 <__rc7>
     423: 85 19        	sta	$19                     ; 0x19 <__rc9>
     425: a0 04        	ldy	#$4
     427: a5 22        	lda	$22                     ; 0x22 <__rc18>
     429: 91 12        	sta	($12),y                 ; 0x12 <__rc2>
     42b: 84 1f        	sty	$1f                     ; 0x1f <__rc15>
     42d: a4 1e        	ldy	$1e                     ; 0x1e <__rc14>
     42f: a5 19        	lda	$19                     ; 0x19 <__rc9>
     431: 91 1a        	sta	($1a),y                 ; 0x1a <__rc10>
     433: 84 1a        	sty	$1a                     ; 0x1a <__rc10>
     435: 18           	clc
     436: a5 22        	lda	$22                     ; 0x22 <__rc18>
     438: 69 02        	adc	#$2
     43a: 85 18        	sta	$18                     ; 0x18 <__rc8>
     43c: a5 19        	lda	$19                     ; 0x19 <__rc9>
     43e: 69 00        	adc	#$0
     440: 85 19        	sta	$19                     ; 0x19 <__rc9>
     442: 8a           	txa
     443: a4 1d        	ldy	$1d                     ; 0x1d <__rc13>
     445: 91 16        	sta	($16),y                 ; 0x16 <__rc6>
     447: a5 13        	lda	$13                     ; 0x13 <__rc3>
     449: a4 1a        	ldy	$1a                     ; 0x1a <__rc10>
     44b: 91 18        	sta	($18),y                 ; 0x18 <__rc8>
     44d: a4 1d        	ldy	$1d                     ; 0x1d <__rc13>
     44f: b1 12        	lda	($12),y                 ; 0x12 <__rc2>
     451: 85 16        	sta	$16                     ; 0x16 <__rc6>
     453: 85 19        	sta	$19                     ; 0x19 <__rc9>
     455: a4 1a        	ldy	$1a                     ; 0x1a <__rc10>
     457: b1 14        	lda	($14),y                 ; 0x14 <__rc4>
     459: 84 18        	sty	$18                     ; 0x18 <__rc8>
     45b: 85 17        	sta	$17                     ; 0x17 <__rc7>
     45d: 85 14        	sta	$14                     ; 0x14 <__rc4>
     45f: 8a           	txa
     460: a4 1f        	ldy	$1f                     ; 0x1f <__rc15>
     462: 91 16        	sta	($16),y                 ; 0x16 <__rc6>
     464: 18           	clc
     465: a5 19        	lda	$19                     ; 0x19 <__rc9>
     467: 69 04        	adc	#$4
     469: a8           	tay
     46a: a5 14        	lda	$14                     ; 0x14 <__rc4>
     46c: 69 00        	adc	#$0
     46e: 84 14        	sty	$14                     ; 0x14 <__rc4>
     470: 85 15        	sta	$15                     ; 0x15 <__rc5>
     472: a5 13        	lda	$13                     ; 0x13 <__rc3>
     474: a4 18        	ldy	$18                     ; 0x18 <__rc8>
     476: 91 14        	sta	($14),y                 ; 0x14 <__rc4>
     478: 60           	rts
     479: 00           	brk

0000047a <_ZN12_GLOBAL__N_19FreeChunk6removeEv>:
     47a: a0 01        	ldy	#$1
     47c: a9 fe        	lda	#$fe
     47e: 32 12        	and	($12)                   ; 0x12 <__rc2>
     480: 85 14        	sta	$14                     ; 0x14 <__rc4>
     482: a5 7e        	lda	$7e                     ; 0x7e <_ZN12_GLOBAL__N_19free_sizeE>
     484: a6 7f        	ldx	$7f                     ; 0x7f <_ZN12_GLOBAL__N_19free_sizeE+0x1>
     486: 38           	sec
     487: e5 14        	sbc	$14                     ; 0x14 <__rc4>
     489: 85 17        	sta	$17                     ; 0x17 <__rc7>
     48b: 8a           	txa
     48c: f1 12        	sbc	($12),y                 ; 0x12 <__rc2>
     48e: 85 14        	sta	$14                     ; 0x14 <__rc4>
     490: a2 01        	ldx	#$1
     492: 86 16        	stx	$16                     ; 0x16 <__rc6>
     494: 18           	clc
     495: a5 17        	lda	$17                     ; 0x17 <__rc7>
     497: 69 02        	adc	#$2
     499: 85 15        	sta	$15                     ; 0x15 <__rc5>
     49b: a5 14        	lda	$14                     ; 0x14 <__rc4>
     49d: 69 00        	adc	#$0
     49f: a6 15        	ldx	$15                     ; 0x15 <__rc5>
     4a1: 86 7e        	stx	$7e                     ; 0x7e <_ZN12_GLOBAL__N_19free_sizeE>
     4a3: 85 7f        	sta	$7f                     ; 0x7f <_ZN12_GLOBAL__N_19free_sizeE+0x1>
     4a5: a5 12        	lda	$12                     ; 0x12 <__rc2>
     4a7: 18           	clc
     4a8: 69 02        	adc	#$2
     4aa: 85 14        	sta	$14                     ; 0x14 <__rc4>
     4ac: a5 13        	lda	$13                     ; 0x13 <__rc3>
     4ae: 69 00        	adc	#$0
     4b0: c8           	iny
     4b1: 85 15        	sta	$15                     ; 0x15 <__rc5>
     4b3: b1 12        	lda	($12),y                 ; 0x12 <__rc2>
     4b5: aa           	tax
     4b6: a4 16        	ldy	$16                     ; 0x16 <__rc6>
     4b8: b1 14        	lda	($14),y                 ; 0x14 <__rc4>
     4ba: 85 19        	sta	$19                     ; 0x19 <__rc9>
     4bc: c5 13        	cmp	$13                     ; 0x13 <__rc3>
     4be: d0 0f        	bne	$4cf <_ZN12_GLOBAL__N_19FreeChunk6removeEv+0x55>
     4c0: e4 12        	cpx	$12                     ; 0x12 <__rc2>
     4c2: d0 0b        	bne	$4cf <_ZN12_GLOBAL__N_19FreeChunk6removeEv+0x55>
     4c4: a2 00        	ldx	#$0
     4c6: 86 14        	stx	$14                     ; 0x14 <__rc4>
     4c8: a2 00        	ldx	#$0
     4ca: 86 15        	stx	$15                     ; 0x15 <__rc5>
     4cc: 4c 5b 05     	jmp	$55b <_ZN12_GLOBAL__N_19FreeChunk6removeEv+0xe1>
     4cf: 86 18        	stx	$18                     ; 0x18 <__rc8>
     4d1: a6 12        	ldx	$12                     ; 0x12 <__rc2>
     4d3: a5 12        	lda	$12                     ; 0x12 <__rc2>
     4d5: 86 1c        	stx	$1c                     ; 0x1c <__rc12>
     4d7: 18           	clc
     4d8: 69 04        	adc	#$4
     4da: 85 14        	sta	$14                     ; 0x14 <__rc4>
     4dc: a5 13        	lda	$13                     ; 0x13 <__rc3>
     4de: 69 00        	adc	#$0
     4e0: a0 04        	ldy	#$4
     4e2: 85 15        	sta	$15                     ; 0x15 <__rc5>
     4e4: b1 12        	lda	($12),y                 ; 0x12 <__rc2>
     4e6: 85 1d        	sta	$1d                     ; 0x1d <__rc13>
     4e8: a2 04        	ldx	#$4
     4ea: 86 1a        	stx	$1a                     ; 0x1a <__rc10>
     4ec: 18           	clc
     4ed: 69 02        	adc	#$2
     4ef: 85 16        	sta	$16                     ; 0x16 <__rc6>
     4f1: a0 01        	ldy	#$1
     4f3: b1 14        	lda	($14),y                 ; 0x14 <__rc4>
     4f5: aa           	tax
     4f6: 84 1e        	sty	$1e                     ; 0x1e <__rc14>
     4f8: 69 00        	adc	#$0
     4fa: a4 16        	ldy	$16                     ; 0x16 <__rc6>
     4fc: 84 14        	sty	$14                     ; 0x14 <__rc4>
     4fe: 85 15        	sta	$15                     ; 0x15 <__rc5>
     500: a4 1d        	ldy	$1d                     ; 0x1d <__rc13>
     502: 84 16        	sty	$16                     ; 0x16 <__rc6>
     504: 86 17        	stx	$17                     ; 0x17 <__rc7>
     506: a5 18        	lda	$18                     ; 0x18 <__rc8>
     508: a0 02        	ldy	#$2
     50a: 91 16        	sta	($16),y                 ; 0x16 <__rc6>
     50c: 84 16        	sty	$16                     ; 0x16 <__rc6>
     50e: a5 19        	lda	$19                     ; 0x19 <__rc9>
     510: a4 1e        	ldy	$1e                     ; 0x1e <__rc14>
     512: 91 14        	sta	($14),y                 ; 0x14 <__rc4>
     514: 18           	clc
     515: a5 1c        	lda	$1c                     ; 0x1c <__rc12>
     517: 69 02        	adc	#$2
     519: 85 14        	sta	$14                     ; 0x14 <__rc4>
     51b: a5 13        	lda	$13                     ; 0x13 <__rc3>
     51d: 69 00        	adc	#$0
     51f: 85 15        	sta	$15                     ; 0x15 <__rc5>
     521: a4 16        	ldy	$16                     ; 0x16 <__rc6>
     523: b1 12        	lda	($12),y                 ; 0x12 <__rc2>
     525: 85 16        	sta	$16                     ; 0x16 <__rc6>
     527: a4 1e        	ldy	$1e                     ; 0x1e <__rc14>
     529: b1 14        	lda	($14),y                 ; 0x14 <__rc4>
     52b: 84 18        	sty	$18                     ; 0x18 <__rc8>
     52d: a4 16        	ldy	$16                     ; 0x16 <__rc6>
     52f: 84 14        	sty	$14                     ; 0x14 <__rc4>
     531: 85 15        	sta	$15                     ; 0x15 <__rc5>
     533: 85 17        	sta	$17                     ; 0x17 <__rc7>
     535: a4 1a        	ldy	$1a                     ; 0x1a <__rc10>
     537: a5 1d        	lda	$1d                     ; 0x1d <__rc13>
     539: 91 14        	sta	($14),y                 ; 0x14 <__rc4>
     53b: 18           	clc
     53c: a5 16        	lda	$16                     ; 0x16 <__rc6>
     53e: 69 04        	adc	#$4
     540: 85 16        	sta	$16                     ; 0x16 <__rc6>
     542: a5 17        	lda	$17                     ; 0x17 <__rc7>
     544: 69 00        	adc	#$0
     546: 85 17        	sta	$17                     ; 0x17 <__rc7>
     548: 8a           	txa
     549: a4 18        	ldy	$18                     ; 0x18 <__rc8>
     54b: 91 16        	sta	($16),y                 ; 0x16 <__rc6>
     54d: ae ca 89     	ldx	$89ca                   ; 0x89ca <_ZN12_GLOBAL__N_19free_listE+0x1>
     550: e4 13        	cpx	$13                     ; 0x13 <__rc3>
     552: d0 11        	bne	$565 <_ZN12_GLOBAL__N_19FreeChunk6removeEv+0xeb>
     554: ae c9 89     	ldx	$89c9                   ; 0x89c9 <_ZN12_GLOBAL__N_19free_listE>
     557: e4 12        	cpx	$12                     ; 0x12 <__rc2>
     559: d0 0a        	bne	$565 <_ZN12_GLOBAL__N_19FreeChunk6removeEv+0xeb>
     55b: a6 14        	ldx	$14                     ; 0x14 <__rc4>
     55d: a4 15        	ldy	$15                     ; 0x15 <__rc5>
     55f: 8e c9 89     	stx	$89c9                   ; 0x89c9 <_ZN12_GLOBAL__N_19free_listE>
     562: 8c ca 89     	sty	$89ca                   ; 0x89ca <_ZN12_GLOBAL__N_19free_listE+0x1>
     565: 60           	rts

00000566 <__zero_bss>:
     566: a2 d4        	ldx	#$d4
     568: a0 01        	ldy	#$1
     56a: a9 f7        	lda	#$f7
     56c: 85 12        	sta	$12                     ; 0x12 <__rc2>
     56e: a9 87        	lda	#$87
     570: 85 13        	sta	$13                     ; 0x13 <__rc3>
     572: a9 00        	lda	#$0
     574: 84 14        	sty	$14                     ; 0x14 <__rc4>
     576: 4c f2 80     	jmp	$80f2 <__memset>

00000579 <__zero_zp_bss>:
     579: a2 3f        	ldx	#$3f
     57b: a0 00        	ldy	#$0
     57d: a9 41        	lda	#$41
     57f: 85 12        	sta	$12                     ; 0x12 <__rc2>
     581: a9 00        	lda	#$0
     583: 85 13        	sta	$13                     ; 0x13 <__rc3>
     585: a9 00        	lda	#$0
     587: 84 14        	sty	$14                     ; 0x14 <__rc4>
     589: 4c f2 80     	jmp	$80f2 <__memset>

0000058c <__copy_zp_data>:
     58c: a9 11        	lda	#$11
     58e: a2 00        	ldx	#$0
     590: a0 30        	ldy	#$30
     592: 84 12        	sty	$12                     ; 0x12 <__rc2>
     594: a0 00        	ldy	#$0
     596: 84 13        	sty	$13                     ; 0x13 <__rc3>
     598: a0 00        	ldy	#$0
     59a: 84 14        	sty	$14                     ; 0x14 <__rc4>
     59c: a0 03        	ldy	#$3
     59e: 84 15        	sty	$15                     ; 0x15 <__rc5>
     5a0: 4c c6 80     	jmp	$80c6 <memcpy>

000005a3 <FAR_PEEK>:
     5a3: 85 14        	sta	$14                     ; 0x14 <__rc4>
     5a5: da           	phx
     5a6: 7a           	ply
     5a7: a5 12        	lda	$12                     ; 0x12 <__rc2>
     5a9: a6 0f        	ldx	$f                      ; 0xf
     5ab: 78           	sei
     5ac: 84 12        	sty	$12                     ; 0x12 <__rc2>
     5ae: 06 12        	asl	$12                     ; 0x12 <__rc2>
     5b0: 2a           	rol
     5b1: 06 12        	asl	$12                     ; 0x12 <__rc2>
     5b3: 2a           	rol
     5b4: 06 12        	asl	$12                     ; 0x12 <__rc2>
     5b6: 2a           	rol
     5b7: 85 0f        	sta	$f                      ; 0xf
     5b9: 98           	tya
     5ba: 09 e0        	ora	#$e0
     5bc: 85 15        	sta	$15                     ; 0x15 <__rc5>
     5be: b2 14        	lda	($14)                   ; 0x14 <__rc4>
     5c0: 86 0f        	stx	$f                      ; 0xf
     5c2: 58           	cli
     5c3: 60           	rts

000005c4 <FAR_PEEKW>:
     5c4: 85 14        	sta	$14                     ; 0x14 <__rc4>
     5c6: da           	phx
     5c7: 7a           	ply
     5c8: a5 12        	lda	$12                     ; 0x12 <__rc2>
     5ca: a6 0f        	ldx	$f                      ; 0xf
     5cc: 78           	sei
     5cd: 84 12        	sty	$12                     ; 0x12 <__rc2>
     5cf: 06 12        	asl	$12                     ; 0x12 <__rc2>
     5d1: 2a           	rol
     5d2: 06 12        	asl	$12                     ; 0x12 <__rc2>
     5d4: 2a           	rol
     5d5: 06 12        	asl	$12                     ; 0x12 <__rc2>
     5d7: 2a           	rol
     5d8: 85 0f        	sta	$f                      ; 0xf
     5da: 98           	tya
     5db: 09 e0        	ora	#$e0
     5dd: 85 15        	sta	$15                     ; 0x15 <__rc5>
     5df: b2 14        	lda	($14)                   ; 0x14 <__rc4>
     5e1: 85 12        	sta	$12                     ; 0x12 <__rc2>
     5e3: a0 01        	ldy	#$1
     5e5: b1 14        	lda	($14),y                 ; 0x14 <__rc4>
     5e7: 86 0f        	stx	$f                      ; 0xf
     5e9: 58           	cli
     5ea: aa           	tax
     5eb: a5 12        	lda	$12                     ; 0x12 <__rc2>
     5ed: 60           	rts

000005ee <FAR_POKE>:
     5ee: 85 16        	sta	$16                     ; 0x16 <__rc6>
     5f0: da           	phx
     5f1: 7a           	ply
     5f2: a5 12        	lda	$12                     ; 0x12 <__rc2>
     5f4: a6 0f        	ldx	$f                      ; 0xf
     5f6: 78           	sei
     5f7: 84 12        	sty	$12                     ; 0x12 <__rc2>
     5f9: 06 12        	asl	$12                     ; 0x12 <__rc2>
     5fb: 2a           	rol
     5fc: 06 12        	asl	$12                     ; 0x12 <__rc2>
     5fe: 2a           	rol
     5ff: 06 12        	asl	$12                     ; 0x12 <__rc2>
     601: 2a           	rol
     602: 85 0f        	sta	$f                      ; 0xf
     604: 98           	tya
     605: 09 e0        	ora	#$e0
     607: 85 17        	sta	$17                     ; 0x17 <__rc7>
     609: a5 14        	lda	$14                     ; 0x14 <__rc4>
     60b: 92 16        	sta	($16)                   ; 0x16 <__rc6>
     60d: 86 0f        	stx	$f                      ; 0xf
     60f: 58           	cli
     610: 60           	rts

00000611 <FAR_POKEW>:
     611: 85 12        	sta	$12                     ; 0x12 <__rc2>
     613: 8a           	txa
     614: a6 0f        	ldx	$f                      ; 0xf
     616: 78           	sei
     617: a0 1a        	ldy	#$1a
     619: 84 0f        	sty	$f                      ; 0xf
     61b: 09 e0        	ora	#$e0
     61d: 85 13        	sta	$13                     ; 0x13 <__rc3>
     61f: a5 14        	lda	$14                     ; 0x14 <__rc4>
     621: 92 12        	sta	($12)                   ; 0x12 <__rc2>
     623: a0 01        	ldy	#$1
     625: a5 15        	lda	$15                     ; 0x15 <__rc5>
     627: 91 12        	sta	($12),y                 ; 0x12 <__rc2>
     629: 86 0f        	stx	$f                      ; 0xf
     62b: 58           	cli
     62c: 60           	rts

0000062d <main>:
     62d: 18           	clc
     62e: a5 10        	lda	$10                     ; 0x10 <__rc0>
     630: 69 b3        	adc	#$b3
     632: 85 10        	sta	$10                     ; 0x10 <__rc0>
     634: a5 11        	lda	$11                     ; 0x11 <__zp_data_size>
     636: 69 fe        	adc	#$fe
     638: 85 11        	sta	$11                     ; 0x11 <__zp_data_size>
     63a: a6 24        	ldx	$24                     ; 0x24 <__rc20>
     63c: da           	phx
     63d: a6 25        	ldx	$25                     ; 0x25 <__rc21>
     63f: da           	phx
     640: a6 26        	ldx	$26                     ; 0x26 <__rc22>
     642: da           	phx
     643: a6 27        	ldx	$27                     ; 0x27 <__rc23>
     645: da           	phx
     646: a5 28        	lda	$28                     ; 0x28 <__rc24>
     648: a0 0b        	ldy	#$b
     64a: 91 10        	sta	($10),y                 ; 0x10 <__rc0>
     64c: a5 29        	lda	$29                     ; 0x29 <__rc25>
     64e: 88           	dey
     64f: 91 10        	sta	($10),y                 ; 0x10 <__rc0>
     651: a5 2a        	lda	$2a                     ; 0x2a <__rc26>
     653: 88           	dey
     654: 91 10        	sta	($10),y                 ; 0x10 <__rc0>
     656: a5 2b        	lda	$2b                     ; 0x2b <__rc27>
     658: 88           	dey
     659: 91 10        	sta	($10),y                 ; 0x10 <__rc0>
     65b: a5 2c        	lda	$2c                     ; 0x2c <__rc28>
     65d: 88           	dey
     65e: 91 10        	sta	($10),y                 ; 0x10 <__rc0>
     660: a5 2d        	lda	$2d                     ; 0x2d <__rc29>
     662: 88           	dey
     663: 91 10        	sta	($10),y                 ; 0x10 <__rc0>
     665: a5 2e        	lda	$2e                     ; 0x2e <__rc30>
     667: 88           	dey
     668: 91 10        	sta	($10),y                 ; 0x10 <__rc0>
     66a: a5 2f        	lda	$2f                     ; 0x2f <__rc31>
     66c: 88           	dey
     66d: 91 10        	sta	($10),y                 ; 0x10 <__rc0>
     66f: 64 14        	stz	$14                     ; 0x14 <__rc4>
     671: a2 00        	ldx	#$0
     673: 86 28        	stx	$28                     ; 0x28 <__rc24>
     675: a2 e0        	ldx	#$e0
     677: 86 29        	stx	$29                     ; 0x29 <__rc25>
     679: 64 01        	stz	$1                      ; 0x1
     67b: a2 3f        	ldx	#$3f
     67d: 8e 00 d0     	stx	$d000                   ; 0xd000 <__heap_start+0x4634>
     680: a2 b3        	ldx	#$b3
     682: 86 00        	stx	$0                      ; 0x0
     684: 64 08        	stz	$8                      ; 0x8
     686: a2 01        	ldx	#$1
     688: 86 09        	stx	$9                      ; 0x9
     68a: e8           	inx
     68b: 86 0a        	stx	$a                      ; 0xa
     68d: e8           	inx
     68e: 86 0b        	stx	$b                      ; 0xb
     690: e8           	inx
     691: 86 0c        	stx	$c                      ; 0xc
     693: e8           	inx
     694: 86 0d        	stx	$d                      ; 0xd
     696: a2 77        	ldx	#$77
     698: 86 f0        	stx	$f0                     ; 0xf0 <__midigfxpal_size+0x70>
     69a: a2 00        	ldx	#$0
     69c: 86 f1        	stx	$f1                     ; 0xf1 <__midigfxpal_size+0x71>
     69e: a2 b1        	ldx	#$b1
     6a0: 86 2e        	stx	$2e                     ; 0x2e <__rc30>
     6a2: a2 dd        	ldx	#$dd
     6a4: 86 2f        	stx	$2f                     ; 0x2f <__rc31>
     6a6: a2 a1        	ldx	#$a1
     6a8: 86 2a        	stx	$2a                     ; 0x2a <__rc26>
     6aa: a2 dd        	ldx	#$dd
     6ac: 86 2b        	stx	$2b                     ; 0x2b <__rc27>
     6ae: a2 00        	ldx	#$0
     6b0: 86 12        	stx	$12                     ; 0x12 <__rc2>
     6b2: a2 c0        	ldx	#$c0
     6b4: 86 13        	stx	$13                     ; 0x13 <__rc3>
     6b6: a2 00        	ldx	#$0
     6b8: 86 18        	stx	$18                     ; 0x18 <__rc8>
     6ba: ca           	dex
     6bb: 86 19        	stx	$19                     ; 0x19 <__rc9>
     6bd: 8a           	txa
     6be: 0a           	asl
     6bf: 0a           	asl
     6c0: 18           	clc
     6c1: 69 d4        	adc	#$d4
     6c3: 85 1a        	sta	$1a                     ; 0x1a <__rc10>
     6c5: a0 00        	ldy	#$0
     6c7: 64 17        	stz	$17                     ; 0x17 <__rc7>
     6c9: 64 16        	stz	$16                     ; 0x16 <__rc6>
     6cb: a6 19        	ldx	$19                     ; 0x19 <__rc9>
     6cd: e0 03        	cpx	#$3
     6cf: a6 01        	ldx	$1                      ; 0x1
     6d1: 86 1c        	stx	$1c                     ; 0x1c <__rc12>
     6d3: a2 d0        	ldx	#$d0
     6d5: 84 1b        	sty	$1b                     ; 0x1b <__rc11>
     6d7: b0 02        	bcs	$6db <main+0xae>
     6d9: a6 1a        	ldx	$1a                     ; 0x1a <__rc10>
     6db: 86 15        	stx	$15                     ; 0x15 <__rc5>
     6dd: a5 17        	lda	$17                     ; 0x17 <__rc7>
     6df: 18           	clc
     6e0: 65 14        	adc	$14                     ; 0x14 <__rc4>
     6e2: a8           	tay
     6e3: a6 17        	ldx	$17                     ; 0x17 <__rc7>
     6e5: a5 16        	lda	$16                     ; 0x16 <__rc6>
     6e7: 85 1d        	sta	$1d                     ; 0x1d <__rc13>
     6e9: a5 16        	lda	$16                     ; 0x16 <__rc6>
     6eb: 65 15        	adc	$15                     ; 0x15 <__rc5>
     6ed: 84 16        	sty	$16                     ; 0x16 <__rc6>
     6ef: a0 01        	ldy	#$1
     6f1: 84 01        	sty	$1                      ; 0x1
     6f3: 85 17        	sta	$17                     ; 0x17 <__rc7>
     6f5: a5 1b        	lda	$1b                     ; 0x1b <__rc11>
     6f7: 92 16        	sta	($16)                   ; 0x16 <__rc6>
     6f9: 91 16        	sta	($16),y                 ; 0x16 <__rc6>
     6fb: c8           	iny
     6fc: 91 16        	sta	($16),y                 ; 0x16 <__rc6>
     6fe: 85 15        	sta	$15                     ; 0x15 <__rc5>
     700: c8           	iny
     701: a9 ff        	lda	#$ff
     703: 91 16        	sta	($16),y                 ; 0x16 <__rc6>
     705: 8a           	txa
     706: a6 1c        	ldx	$1c                     ; 0x1c <__rc12>
     708: 86 01        	stx	$1                      ; 0x1
     70a: 18           	clc
     70b: 69 04        	adc	#$4
     70d: 85 17        	sta	$17                     ; 0x17 <__rc7>
     70f: a5 1d        	lda	$1d                     ; 0x1d <__rc13>
     711: 69 00        	adc	#$0
     713: e6 15        	inc	$15                     ; 0x15 <__rc5>
     715: a4 15        	ldy	$15                     ; 0x15 <__rc5>
     717: 85 16        	sta	$16                     ; 0x16 <__rc6>
     719: c9 04        	cmp	#$4
     71b: f0 03        	beq	$720 <main+0xf3>
     71d: 4c cb 06     	jmp	$6cb <main+0x9e>
     720: a5 17        	lda	$17                     ; 0x17 <__rc7>
     722: f0 03        	beq	$727 <main+0xfa>
     724: 4c cb 06     	jmp	$6cb <main+0x9e>
     727: a6 18        	ldx	$18                     ; 0x18 <__rc8>
     729: e8           	inx
     72a: e0 04        	cpx	#$4
     72c: f0 03        	beq	$731 <main+0x104>
     72e: 4c b8 06     	jmp	$6b8 <main+0x8b>
     731: ad 02 d0     	lda	$d002                   ; 0xd002 <__heap_start+0x4636>
     734: a2 f0        	ldx	#$f0
     736: 29 f0        	and	#$f0
     738: 8d 02 d0     	sta	$d002                   ; 0xd002 <__heap_start+0x4636>
     73b: ad 02 d0     	lda	$d002                   ; 0xd002 <__heap_start+0x4636>
     73e: 29 0f        	and	#$f
     740: 09 10        	ora	#$10
     742: 8d 02 d0     	sta	$d002                   ; 0xd002 <__heap_start+0x4636>
     745: a0 02        	ldy	#$2
     747: 8c 03 d0     	sty	$d003                   ; 0xd003 <__heap_start+0x4637>
     74a: 86 30        	stx	$30                     ; 0x30 <_ccolor>
     74c: ad 01 d0     	lda	$d001                   ; 0xd001 <__heap_start+0x4635>
     74f: 29 f9        	and	#$f9
     751: 09 04        	ora	#$4
     753: 8d 01 d0     	sta	$d001                   ; 0xd001 <__heap_start+0x4635>
     756: 64 14        	stz	$14                     ; 0x14 <__rc4>
     758: 9c 10 d0     	stz	$d010                   ; 0xd010 <__heap_start+0x4644>
     75b: a2 00        	ldx	#$0
     75d: 64 15        	stz	$15                     ; 0x15 <__rc5>
     75f: 86 18        	stx	$18                     ; 0x18 <__rc8>
     761: a4 18        	ldy	$18                     ; 0x18 <__rc8>
     763: be 88 84     	ldx	$8488,y                 ; 0x8488 <textColors>
     766: 86 19        	stx	$19                     ; 0x19 <__rc9>
     768: be 89 84     	ldx	$8489,y                 ; 0x8489 <textColors+0x1>
     76b: 86 1a        	stx	$1a                     ; 0x1a <__rc10>
     76d: be 8a 84     	ldx	$848a,y                 ; 0x848a <textColors+0x2>
     770: 86 1b        	stx	$1b                     ; 0x1b <__rc11>
     772: a6 15        	ldx	$15                     ; 0x15 <__rc5>
     774: 8e 00 de     	stx	$de00                   ; 0xde00 <__heap_start+0x5434>
     777: 86 17        	stx	$17                     ; 0x17 <__rc7>
     779: 9c 01 de     	stz	$de01                   ; 0xde01 <__heap_start+0x5435>
     77c: a2 04        	ldx	#$4
     77e: 8e 02 de     	stx	$de02                   ; 0xde02 <__heap_start+0x5436>
     781: 86 1d        	stx	$1d                     ; 0x1d <__rc13>
     783: 9c 03 de     	stz	$de03                   ; 0xde03 <__heap_start+0x5437>
     786: ad 10 de     	lda	$de10                   ; 0xde10 <__heap_start+0x5444>
     789: ac 11 de     	ldy	$de11                   ; 0xde11 <__heap_start+0x5445>
     78c: 84 15        	sty	$15                     ; 0x15 <__rc5>
     78e: ac 12 de     	ldy	$de12                   ; 0xde12 <__heap_start+0x5446>
     791: ac 13 de     	ldy	$de13                   ; 0xde13 <__heap_start+0x5447>
     794: a2 00        	ldx	#$0
     796: 18           	clc
     797: 65 14        	adc	$14                     ; 0x14 <__rc4>
     799: a8           	tay
     79a: 86 1f        	stx	$1f                     ; 0x1f <__rc15>
     79c: a6 17        	ldx	$17                     ; 0x17 <__rc7>
     79e: a9 d8        	lda	#$d8
     7a0: 65 15        	adc	$15                     ; 0x15 <__rc5>
     7a2: 84 16        	sty	$16                     ; 0x16 <__rc6>
     7a4: 85 17        	sta	$17                     ; 0x17 <__rc7>
     7a6: a5 1b        	lda	$1b                     ; 0x1b <__rc11>
     7a8: 92 16        	sta	($16)                   ; 0x16 <__rc6>
     7aa: a0 01        	ldy	#$1
     7ac: a5 1a        	lda	$1a                     ; 0x1a <__rc10>
     7ae: 91 16        	sta	($16),y                 ; 0x16 <__rc6>
     7b0: 84 1c        	sty	$1c                     ; 0x1c <__rc12>
     7b2: c8           	iny
     7b3: a5 19        	lda	$19                     ; 0x19 <__rc9>
     7b5: 91 16        	sta	($16),y                 ; 0x16 <__rc6>
     7b7: 84 1e        	sty	$1e                     ; 0x1e <__rc14>
     7b9: c8           	iny
     7ba: a9 ff        	lda	#$ff
     7bc: 91 16        	sta	($16),y                 ; 0x16 <__rc6>
     7be: 85 23        	sta	$23                     ; 0x23 <__rc19>
     7c0: 84 22        	sty	$22                     ; 0x22 <__rc18>
     7c2: 8e 00 de     	stx	$de00                   ; 0xde00 <__heap_start+0x5434>
     7c5: 9c 01 de     	stz	$de01                   ; 0xde01 <__heap_start+0x5435>
     7c8: a4 1d        	ldy	$1d                     ; 0x1d <__rc13>
     7ca: 8c 02 de     	sty	$de02                   ; 0xde02 <__heap_start+0x5436>
     7cd: 9c 03 de     	stz	$de03                   ; 0xde03 <__heap_start+0x5437>
     7d0: ad 10 de     	lda	$de10                   ; 0xde10 <__heap_start+0x5444>
     7d3: 85 15        	sta	$15                     ; 0x15 <__rc5>
     7d5: ad 11 de     	lda	$de11                   ; 0xde11 <__heap_start+0x5445>
     7d8: 85 16        	sta	$16                     ; 0x16 <__rc6>
     7da: a9 40        	lda	#$40
     7dc: a4 1f        	ldy	$1f                     ; 0x1f <__rc15>
     7de: c0 01        	cpy	#$1
     7e0: 65 15        	adc	$15                     ; 0x15 <__rc5>
     7e2: a8           	tay
     7e3: a9 d8        	lda	#$d8
     7e5: 65 16        	adc	$16                     ; 0x16 <__rc6>
     7e7: 85 17        	sta	$17                     ; 0x17 <__rc7>
     7e9: 84 16        	sty	$16                     ; 0x16 <__rc6>
     7eb: ad 12 de     	lda	$de12                   ; 0xde12 <__heap_start+0x5446>
     7ee: ad 13 de     	lda	$de13                   ; 0xde13 <__heap_start+0x5447>
     7f1: a5 1b        	lda	$1b                     ; 0x1b <__rc11>
     7f3: 92 16        	sta	($16)                   ; 0x16 <__rc6>
     7f5: a5 1a        	lda	$1a                     ; 0x1a <__rc10>
     7f7: a4 1c        	ldy	$1c                     ; 0x1c <__rc12>
     7f9: 91 16        	sta	($16),y                 ; 0x16 <__rc6>
     7fb: a5 19        	lda	$19                     ; 0x19 <__rc9>
     7fd: a4 1e        	ldy	$1e                     ; 0x1e <__rc14>
     7ff: 91 16        	sta	($16),y                 ; 0x16 <__rc6>
     801: a4 22        	ldy	$22                     ; 0x22 <__rc18>
     803: a5 23        	lda	$23                     ; 0x23 <__rc19>
     805: 91 16        	sta	($16),y                 ; 0x16 <__rc6>
     807: e8           	inx
     808: 86 15        	stx	$15                     ; 0x15 <__rc5>
     80a: 18           	clc
     80b: a5 18        	lda	$18                     ; 0x18 <__rc8>
     80d: 69 03        	adc	#$3
     80f: aa           	tax
     810: c9 30        	cmp	#$30
     812: f0 03        	beq	$817 <main+0x1ea>
     814: 4c 5f 07     	jmp	$75f <main+0x132>
     817: a6 01        	ldx	$1                      ; 0x1
     819: 86 18        	stx	$18                     ; 0x18 <__rc8>
     81b: a2 50        	ldx	#$50
     81d: 8e 00 de     	stx	$de00                   ; 0xde00 <__heap_start+0x5434>
     820: 9c 01 de     	stz	$de01                   ; 0xde01 <__heap_start+0x5435>
     823: a2 1e        	ldx	#$1e
     825: 8e 02 de     	stx	$de02                   ; 0xde02 <__heap_start+0x5436>
     828: 9c 03 de     	stz	$de03                   ; 0xde03 <__heap_start+0x5437>
     82b: ae 10 de     	ldx	$de10                   ; 0xde10 <__heap_start+0x5444>
     82e: ac 11 de     	ldy	$de11                   ; 0xde11 <__heap_start+0x5445>
     831: ad 12 de     	lda	$de12                   ; 0xde12 <__heap_start+0x5446>
     834: ad 13 de     	lda	$de13                   ; 0xde13 <__heap_start+0x5447>
     837: a9 02        	lda	#$2
     839: 85 01        	sta	$1                      ; 0x1
     83b: e0 01        	cpx	#$1
     83d: 98           	tya
     83e: e9 00        	sbc	#$0
     840: 50 02        	bvc	$844 <main+0x217>
     842: 49 80        	eor	#$80
     844: c9 00        	cmp	#$0
     846: 30 4c        	bmi	$894 <main+0x267>
     848: a9 20        	lda	#$20
     84a: 86 19        	stx	$19                     ; 0x19 <__rc9>
     84c: 86 14        	stx	$14                     ; 0x14 <__rc4>
     84e: 84 15        	sty	$15                     ; 0x15 <__rc5>
     850: a2 00        	ldx	#$0
     852: 86 16        	stx	$16                     ; 0x16 <__rc6>
     854: a2 c0        	ldx	#$c0
     856: 86 17        	stx	$17                     ; 0x17 <__rc7>
     858: 92 16        	sta	($16)                   ; 0x16 <__rc6>
     85a: e6 16        	inc	$16                     ; 0x16 <__rc6>
     85c: d0 02        	bne	$860 <main+0x233>
     85e: e6 17        	inc	$17                     ; 0x17 <__rc7>
     860: a2 ff        	ldx	#$ff
     862: c6 14        	dec	$14                     ; 0x14 <__rc4>
     864: e4 14        	cpx	$14                     ; 0x14 <__rc4>
     866: d0 02        	bne	$86a <main+0x23d>
     868: c6 15        	dec	$15                     ; 0x15 <__rc5>
     86a: a6 15        	ldx	$15                     ; 0x15 <__rc5>
     86c: d0 ea        	bne	$858 <main+0x22b>
     86e: a6 14        	ldx	$14                     ; 0x14 <__rc4>
     870: d0 e6        	bne	$858 <main+0x22b>
     872: a2 03        	ldx	#$3
     874: 86 01        	stx	$1                      ; 0x1
     876: a6 30        	ldx	$30                     ; 0x30 <_ccolor>
     878: 86 14        	stx	$14                     ; 0x14 <__rc4>
     87a: a6 19        	ldx	$19                     ; 0x19 <__rc9>
     87c: a5 14        	lda	$14                     ; 0x14 <__rc4>
     87e: 92 12        	sta	($12)                   ; 0x12 <__rc2>
     880: e6 12        	inc	$12                     ; 0x12 <__rc2>
     882: d0 02        	bne	$886 <main+0x259>
     884: e6 13        	inc	$13                     ; 0x13 <__rc3>
     886: ca           	dex
     887: e0 ff        	cpx	#$ff
     889: d0 01        	bne	$88c <main+0x25f>
     88b: 88           	dey
     88c: 98           	tya
     88d: d0 ed        	bne	$87c <main+0x24f>
     88f: 8a           	txa
     890: d0 ea        	bne	$87c <main+0x24f>
     892: 80 04        	bra	$898 <main+0x26b>
     894: a2 03        	ldx	#$3
     896: 86 01        	stx	$1                      ; 0x1
     898: a6 18        	ldx	$18                     ; 0x18 <__rc8>
     89a: 86 01        	stx	$1                      ; 0x1
     89c: 64 47        	stz	$47                     ; 0x47 <_col>
     89e: 9c 14 d0     	stz	$d014                   ; 0xd014 <__heap_start+0x4648>
     8a1: 9c 15 d0     	stz	$d015                   ; 0xd015 <__heap_start+0x4649>
     8a4: 64 48        	stz	$48                     ; 0x48 <_row>
     8a6: 9c 16 d0     	stz	$d016                   ; 0xd016 <__heap_start+0x464a>
     8a9: 9c 17 d0     	stz	$d017                   ; 0xd017 <__heap_start+0x464b>
     8ac: a2 01        	ldx	#$1
     8ae: 86 4e        	stx	$4e                     ; 0x4e <_MAX_X>
     8b0: a0 40        	ldy	#$40
     8b2: 8c 00 de     	sty	$de00                   ; 0xde00 <__heap_start+0x5434>
     8b5: 8e 01 de     	stx	$de01                   ; 0xde01 <__heap_start+0x5435>
     8b8: a2 f0        	ldx	#$f0
     8ba: 8e 02 de     	stx	$de02                   ; 0xde02 <__heap_start+0x5436>
     8bd: 9c 03 de     	stz	$de03                   ; 0xde03 <__heap_start+0x5437>
     8c0: ae 10 de     	ldx	$de10                   ; 0xde10 <__heap_start+0x5444>
     8c3: 86 17        	stx	$17                     ; 0x17 <__rc7>
     8c5: ae 11 de     	ldx	$de11                   ; 0xde11 <__heap_start+0x5445>
     8c8: 86 12        	stx	$12                     ; 0x12 <__rc2>
     8ca: ae 12 de     	ldx	$de12                   ; 0xde12 <__heap_start+0x5446>
     8cd: 86 13        	stx	$13                     ; 0x13 <__rc3>
     8cf: ae 13 de     	ldx	$de13                   ; 0xde13 <__heap_start+0x5447>
     8d2: 86 14        	stx	$14                     ; 0x14 <__rc4>
     8d4: a2 ff        	ldx	#$ff
     8d6: 86 4d        	stx	$4d                     ; 0x4d <_color>
     8d8: a6 12        	ldx	$12                     ; 0x12 <__rc2>
     8da: 86 15        	stx	$15                     ; 0x15 <__rc5>
     8dc: 06 15        	asl	$15                     ; 0x15 <__rc5>
     8de: a5 13        	lda	$13                     ; 0x13 <__rc3>
     8e0: 2a           	rol
     8e1: a6 14        	ldx	$14                     ; 0x14 <__rc4>
     8e3: 86 16        	stx	$16                     ; 0x16 <__rc6>
     8e5: 26 16        	rol	$16                     ; 0x16 <__rc6>
     8e7: 06 15        	asl	$15                     ; 0x15 <__rc5>
     8e9: 2a           	rol
     8ea: 26 16        	rol	$16                     ; 0x16 <__rc6>
     8ec: 06 15        	asl	$15                     ; 0x15 <__rc5>
     8ee: 2a           	rol
     8ef: 26 16        	rol	$16                     ; 0x16 <__rc6>
     8f1: 85 15        	sta	$15                     ; 0x15 <__rc5>
     8f3: 8d 00 de     	sta	$de00                   ; 0xde00 <__heap_start+0x5434>
     8f6: a5 16        	lda	$16                     ; 0x16 <__rc6>
     8f8: 8d 01 de     	sta	$de01                   ; 0xde01 <__heap_start+0x5435>
     8fb: 9c 02 de     	stz	$de02                   ; 0xde02 <__heap_start+0x5436>
     8fe: a2 20        	ldx	#$20
     900: 8e 03 de     	stx	$de03                   ; 0xde03 <__heap_start+0x5437>
     903: ae 10 de     	ldx	$de10                   ; 0xde10 <__heap_start+0x5444>
     906: 86 16        	stx	$16                     ; 0x16 <__rc6>
     908: ae 11 de     	ldx	$de11                   ; 0xde11 <__heap_start+0x5445>
     90b: 86 18        	stx	$18                     ; 0x18 <__rc8>
     90d: ac 12 de     	ldy	$de12                   ; 0xde12 <__heap_start+0x5446>
     910: ae 13 de     	ldx	$de13                   ; 0xde13 <__heap_start+0x5447>
     913: e4 14        	cpx	$14                     ; 0x14 <__rc4>
     915: d0 14        	bne	$92b <main+0x2fe>
     917: c4 13        	cpy	$13                     ; 0x13 <__rc3>
     919: d0 10        	bne	$92b <main+0x2fe>
     91b: a6 18        	ldx	$18                     ; 0x18 <__rc8>
     91d: e4 12        	cpx	$12                     ; 0x12 <__rc2>
     91f: d0 0a        	bne	$92b <main+0x2fe>
     921: a6 16        	ldx	$16                     ; 0x16 <__rc6>
     923: e4 17        	cpx	$17                     ; 0x17 <__rc7>
     925: d0 04        	bne	$92b <main+0x2fe>
     927: a6 15        	ldx	$15                     ; 0x15 <__rc5>
     929: 80 06        	bra	$931 <main+0x304>
     92b: a6 15        	ldx	$15                     ; 0x15 <__rc5>
     92d: e8           	inx
     92e: d0 01        	bne	$931 <main+0x304>
     930: 1a           	inc
     931: 8e 00 de     	stx	$de00                   ; 0xde00 <__heap_start+0x5434>
     934: 8d 01 de     	sta	$de01                   ; 0xde01 <__heap_start+0x5435>
     937: 9c 02 de     	stz	$de02                   ; 0xde02 <__heap_start+0x5436>
     93a: a2 20        	ldx	#$20
     93c: 8e 03 de     	stx	$de03                   ; 0xde03 <__heap_start+0x5437>
     93f: ae 10 de     	ldx	$de10                   ; 0xde10 <__heap_start+0x5444>
     942: 86 12        	stx	$12                     ; 0x12 <__rc2>
     944: ae 11 de     	ldx	$de11                   ; 0xde11 <__heap_start+0x5445>
     947: 86 13        	stx	$13                     ; 0x13 <__rc3>
     949: ae 12 de     	ldx	$de12                   ; 0xde12 <__heap_start+0x5446>
     94c: 86 14        	stx	$14                     ; 0x14 <__rc4>
     94e: ae 13 de     	ldx	$de13                   ; 0xde13 <__heap_start+0x5447>
     951: 86 15        	stx	$15                     ; 0x15 <__rc5>
     953: a9 00        	lda	#$0
     955: 38           	sec
     956: e5 12        	sbc	$12                     ; 0x12 <__rc2>
     958: 85 17        	sta	$17                     ; 0x17 <__rc7>
     95a: a9 00        	lda	#$0
     95c: e5 13        	sbc	$13                     ; 0x13 <__rc3>
     95e: aa           	tax
     95f: a9 08        	lda	#$8
     961: e5 14        	sbc	$14                     ; 0x14 <__rc4>
     963: 85 16        	sta	$16                     ; 0x16 <__rc6>
     965: a9 00        	lda	#$0
     967: e5 15        	sbc	$15                     ; 0x15 <__rc5>
     969: 86 4a        	stx	$4a                     ; 0x4a <_BITMAP_BASE.0+0x1>
     96b: a4 16        	ldy	$16                     ; 0x16 <__rc6>
     96d: 84 4b        	sty	$4b                     ; 0x4b <_BITMAP_BASE.0+0x2>
     96f: 85 4c        	sta	$4c                     ; 0x4c <_BITMAP_BASE.0+0x3>
     971: a5 17        	lda	$17                     ; 0x17 <__rc7>
     973: 38           	sec
     974: e5 12        	sbc	$12                     ; 0x12 <__rc2>
     976: a8           	tay
     977: 8a           	txa
     978: e5 13        	sbc	$13                     ; 0x13 <__rc3>
     97a: 85 18        	sta	$18                     ; 0x18 <__rc8>
     97c: a5 16        	lda	$16                     ; 0x16 <__rc6>
     97e: e5 14        	sbc	$14                     ; 0x14 <__rc4>
     980: 85 15        	sta	$15                     ; 0x15 <__rc5>
     982: 98           	tya
     983: 84 16        	sty	$16                     ; 0x16 <__rc6>
     985: 38           	sec
     986: e5 12        	sbc	$12                     ; 0x12 <__rc2>
     988: 85 12        	sta	$12                     ; 0x12 <__rc2>
     98a: a5 18        	lda	$18                     ; 0x18 <__rc8>
     98c: e5 13        	sbc	$13                     ; 0x13 <__rc3>
     98e: 85 13        	sta	$13                     ; 0x13 <__rc3>
     990: a4 15        	ldy	$15                     ; 0x15 <__rc5>
     992: a5 15        	lda	$15                     ; 0x15 <__rc5>
     994: e5 14        	sbc	$14                     ; 0x14 <__rc4>
     996: a6 17        	ldx	$17                     ; 0x17 <__rc7>
     998: 86 49        	stx	$49                     ; 0x49 <_BITMAP_BASE.0>
     99a: 8e 01 d1     	stx	$d101                   ; 0xd101 <__heap_start+0x4735>
     99d: a6 4a        	ldx	$4a                     ; 0x4a <_BITMAP_BASE.0+0x1>
     99f: 8e 02 d1     	stx	$d102                   ; 0xd102 <__heap_start+0x4736>
     9a2: a6 4b        	ldx	$4b                     ; 0x4b <_BITMAP_BASE.0+0x2>
     9a4: 8e 03 d1     	stx	$d103                   ; 0xd103 <__heap_start+0x4737>
     9a7: a6 16        	ldx	$16                     ; 0x16 <__rc6>
     9a9: 8e 09 d1     	stx	$d109                   ; 0xd109 <__heap_start+0x473d>
     9ac: a6 18        	ldx	$18                     ; 0x18 <__rc8>
     9ae: 8e 0a d1     	stx	$d10a                   ; 0xd10a <__heap_start+0x473e>
     9b1: 8c 0b d1     	sty	$d10b                   ; 0xd10b <__heap_start+0x473f>
     9b4: a6 12        	ldx	$12                     ; 0x12 <__rc2>
     9b6: 8e 11 d1     	stx	$d111                   ; 0xd111 <__heap_start+0x4745>
     9b9: a6 13        	ldx	$13                     ; 0x13 <__rc3>
     9bb: 8e 12 d1     	stx	$d112                   ; 0xd112 <__heap_start+0x4746>
     9be: 8d 13 d1     	sta	$d113                   ; 0xd113 <__heap_start+0x4747>
     9c1: 9c 00 d1     	stz	$d100                   ; 0xd100 <__heap_start+0x4734>
     9c4: 9c 08 d1     	stz	$d108                   ; 0xd108 <__heap_start+0x473c>
     9c7: 9c 10 d1     	stz	$d110                   ; 0xd110 <__heap_start+0x4744>
     9ca: a2 10        	ldx	#$10
     9cc: 8e 00 d2     	stx	$d200                   ; 0xd200 <__heap_start+0x4834>
     9cf: 8e 0c d2     	stx	$d20c                   ; 0xd20c <__heap_start+0x4840>
     9d2: 8e 18 d2     	stx	$d218                   ; 0xd218 <__heap_start+0x484c>
     9d5: a0 d9        	ldy	#$d9
     9d7: 64 12        	stz	$12                     ; 0x12 <__rc2>
     9d9: a2 00        	ldx	#$0
     9db: 84 13        	sty	$13                     ; 0x13 <__rc3>
     9dd: bd f9 87     	lda	$87f9,x                 ; 0x87f9 <_spriteCtl>
     9e0: 92 12        	sta	($12)                   ; 0x12 <__rc2>
     9e2: a5 12        	lda	$12                     ; 0x12 <__rc2>
     9e4: e8           	inx
     9e5: 18           	clc
     9e6: 69 08        	adc	#$8
     9e8: 85 12        	sta	$12                     ; 0x12 <__rc2>
     9ea: 98           	tya
     9eb: 69 00        	adc	#$0
     9ed: a8           	tay
     9ee: e0 40        	cpx	#$40
     9f0: d0 e9        	bne	$9db <main+0x3ae>
     9f2: a9 08        	lda	#$8
     9f4: a2 39        	ldx	#$39
     9f6: 86 12        	stx	$12                     ; 0x12 <__rc2>
     9f8: a2 88        	ldx	#$88
     9fa: 86 13        	stx	$13                     ; 0x13 <__rc3>
     9fc: 64 14        	stz	$14                     ; 0x14 <__rc4>
     9fe: aa           	tax
     9ff: 85 26        	sta	$26                     ; 0x26 <__rc22>
     a01: a9 00        	lda	#$0
     a03: 20 f2 80     	jsr	$80f2 <__memset>
     a06: 18           	clc
     a07: a5 10        	lda	$10                     ; 0x10 <__rc0>
     a09: 69 99        	adc	#$99
     a0b: 85 24        	sta	$24                     ; 0x24 <__rc20>
     a0d: a5 11        	lda	$11                     ; 0x11 <__zp_data_size>
     a0f: 69 00        	adc	#$0
     a11: 85 25        	sta	$25                     ; 0x25 <__rc21>
     a13: a6 24        	ldx	$24                     ; 0x24 <__rc20>
     a15: 86 fb        	stx	$fb                     ; 0xfb <__midigfxpal_size+0x7b>
     a17: 85 fc        	sta	$fc                     ; 0xfc <__midigfxpal_size+0x7c>
     a19: a6 26        	ldx	$26                     ; 0x26 <__rc22>
     a1b: 86 fd        	stx	$fd                     ; 0xfd <__midigfxpal_size+0x7d>
     a1d: 18           	clc
     a1e: a5 10        	lda	$10                     ; 0x10 <__rc0>
     a20: 69 59        	adc	#$59
     a22: 85 16        	sta	$16                     ; 0x16 <__rc6>
     a24: a5 11        	lda	$11                     ; 0x11 <__zp_data_size>
     a26: 69 00        	adc	#$0
     a28: 85 17        	sta	$17                     ; 0x17 <__rc7>
     a2a: a2 76        	ldx	#$76
     a2c: 86 12        	stx	$12                     ; 0x12 <__rc2>
     a2e: a2 00        	ldx	#$0
     a30: 86 13        	stx	$13                     ; 0x13 <__rc3>
     a32: a0 06        	ldy	#$6
     a34: 5a           	phy
     a35: a5 16        	lda	$16                     ; 0x16 <__rc6>
     a37: a0 13        	ldy	#$13
     a39: 91 10        	sta	($10),y                 ; 0x10 <__rc0>
     a3b: a5 17        	lda	$17                     ; 0x17 <__rc7>
     a3d: c8           	iny
     a3e: 91 10        	sta	($10),y                 ; 0x10 <__rc0>
     a40: 7a           	ply
     a41: 20 dc ff     	jsr	$ffdc <__heap_start+0x7610>
     a44: 92 16        	sta	($16)                   ; 0x16 <__rc6>
     a46: a9 00        	lda	#$0
     a48: 6a           	ror
     a49: 85 12        	sta	$12                     ; 0x12 <__rc2>
     a4b: b1 24        	lda	($24),y                 ; 0x24 <__rc20>
     a4d: 85 12        	sta	$12                     ; 0x12 <__rc2>
     a4f: a0 07        	ldy	#$7
     a51: b1 24        	lda	($24),y                 ; 0x24 <__rc20>
     a53: a6 12        	ldx	$12                     ; 0x12 <__rc2>
     a55: 8e 00 de     	stx	$de00                   ; 0xde00 <__heap_start+0x5434>
     a58: 9c 01 de     	stz	$de01                   ; 0xde01 <__heap_start+0x5435>
     a5b: 8d 02 de     	sta	$de02                   ; 0xde02 <__heap_start+0x5436>
     a5e: 9c 03 de     	stz	$de03                   ; 0xde03 <__heap_start+0x5437>
     a61: ae 10 de     	ldx	$de10                   ; 0xde10 <__heap_start+0x5444>
     a64: ac 11 de     	ldy	$de11                   ; 0xde11 <__heap_start+0x5445>
     a67: ad 12 de     	lda	$de12                   ; 0xde12 <__heap_start+0x5446>
     a6a: ad 13 de     	lda	$de13                   ; 0xde13 <__heap_start+0x5447>
     a6d: 8e a4 d6     	stx	$d6a4                   ; 0xd6a4 <__heap_start+0x4cd8>
     a70: 8c a5 d6     	sty	$d6a5                   ; 0xd6a5 <__heap_start+0x4cd9>
     a73: a2 03        	ldx	#$3
     a75: 8e a6 d6     	stx	$d6a6                   ; 0xd6a6 <__heap_start+0x4cda>
     a78: a6 fa        	ldx	$fa                     ; 0xfa <__midigfxpal_size+0x7a>
     a7a: 8a           	txa
     a7b: a0 18        	ldy	#$18
     a7d: 91 10        	sta	($10),y                 ; 0x10 <__rc0>
     a7f: a6 f8        	ldx	$f8                     ; 0xf8 <__midigfxpal_size+0x78>
     a81: 8a           	txa
     a82: c8           	iny
     a83: 91 10        	sta	($10),y                 ; 0x10 <__rc0>
     a85: a6 f9        	ldx	$f9                     ; 0xf9 <__midigfxpal_size+0x79>
     a87: 8a           	txa
     a88: a0 17        	ldy	#$17
     a8a: 91 10        	sta	($10),y                 ; 0x10 <__rc0>
     a8c: ad c1 dd     	lda	$ddc1                   ; 0xddc1 <__heap_start+0x53f5>
     a8f: 29 02        	and	#$2
     a91: d0 03        	bne	$a96 <main+0x469>
     a93: 20 68 55     	jsr	$5568 <displayImage>
     a96: a0 19        	ldy	#$19
     a98: b1 10        	lda	($10),y                 ; 0x10 <__rc0>
     a9a: 85 2c        	sta	$2c                     ; 0x2c <__rc28>
     a9c: a0 17        	ldy	#$17
     a9e: b1 10        	lda	($10),y                 ; 0x10 <__rc0>
     aa0: 85 2d        	sta	$2d                     ; 0x2d <__rc29>
     aa2: a9 01        	lda	#$1
     aa4: 85 26        	sta	$26                     ; 0x26 <__rc22>
     aa6: 20 1f 6d     	jsr	$6d1f <lilpause>
     aa9: 64 58        	stz	$58                     ; 0x58 <midiChip>
     aab: 64 01        	stz	$1                      ; 0x1
     aad: a2 2f        	ldx	#$2f
     aaf: 8e 00 d0     	stx	$d000                   ; 0xd000 <__heap_start+0x4634>
     ab2: a2 04        	ldx	#$4
     ab4: 8e 01 d0     	stx	$d001                   ; 0xd001 <__heap_start+0x4635>
     ab7: a2 10        	ldx	#$10
     ab9: 8e 02 d0     	stx	$d002                   ; 0xd002 <__heap_start+0x4636>
     abc: a2 02        	ldx	#$2
     abe: 8e 03 d0     	stx	$d003                   ; 0xd003 <__heap_start+0x4637>
     ac1: ae a7 d6     	ldx	$d6a7                   ; 0xd6a7 <__heap_start+0x4cdb>
     ac4: a2 03        	ldx	#$3
     ac6: 8e 01 d7     	stx	$d701                   ; 0xd701 <__heap_start+0x4d35>
     ac9: 9c 02 d7     	stz	$d702                   ; 0xd702 <__heap_start+0x4d36>
     acc: 9c 02 d7     	stz	$d702                   ; 0xd702 <__heap_start+0x4d36>
     acf: a2 e0        	ldx	#$e0
     ad1: 8e 03 d7     	stx	$d703                   ; 0xd703 <__heap_start+0x4d37>
     ad4: a6 26        	ldx	$26                     ; 0x26 <__rc22>
     ad6: 8e 00 d7     	stx	$d700                   ; 0xd700 <__heap_start+0x4d34>
     ad9: 9c 00 d7     	stz	$d700                   ; 0xd700 <__heap_start+0x4d34>
     adc: ae 00 d7     	ldx	$d700                   ; 0xd700 <__heap_start+0x4d34>
     adf: 30 fb        	bmi	$adc <main+0x4af>
     ae1: 64 12        	stz	$12                     ; 0x12 <__rc2>
     ae3: a0 01        	ldy	#$1
     ae5: a2 00        	ldx	#$0
     ae7: a5 12        	lda	$12                     ; 0x12 <__rc2>
     ae9: 85 14        	sta	$14                     ; 0x14 <__rc4>
     aeb: a5 12        	lda	$12                     ; 0x12 <__rc2>
     aed: 0a           	asl
     aee: 85 12        	sta	$12                     ; 0x12 <__rc2>
     af0: 8a           	txa
     af1: 2a           	rol
     af2: 85 13        	sta	$13                     ; 0x13 <__rc3>
     af4: a9 75        	lda	#$75
     af6: 18           	clc
     af7: 65 12        	adc	$12                     ; 0x12 <__rc2>
     af9: 85 12        	sta	$12                     ; 0x12 <__rc2>
     afb: a9 87        	lda	#$87
     afd: 65 13        	adc	$13                     ; 0x13 <__rc3>
     aff: 85 15        	sta	$15                     ; 0x15 <__rc5>
     b01: a5 12        	lda	$12                     ; 0x12 <__rc2>
     b03: 85 17        	sta	$17                     ; 0x17 <__rc7>
     b05: a5 15        	lda	$15                     ; 0x15 <__rc5>
     b07: 85 13        	sta	$13                     ; 0x13 <__rc3>
     b09: b2 12        	lda	($12)                   ; 0x12 <__rc2>
     b0b: 85 16        	sta	$16                     ; 0x16 <__rc6>
     b0d: 18           	clc
     b0e: a5 14        	lda	$14                     ; 0x14 <__rc4>
     b10: 85 1a        	sta	$1a                     ; 0x1a <__rc10>
     b12: a5 14        	lda	$14                     ; 0x14 <__rc4>
     b14: 69 02        	adc	#$2
     b16: 85 19        	sta	$19                     ; 0x19 <__rc9>
     b18: 86 18        	stx	$18                     ; 0x18 <__rc8>
     b1a: 8a           	txa
     b1b: 69 00        	adc	#$0
     b1d: aa           	tax
     b1e: 18           	clc
     b1f: a5 17        	lda	$17                     ; 0x17 <__rc7>
     b21: 69 02        	adc	#$2
     b23: 85 14        	sta	$14                     ; 0x14 <__rc4>
     b25: a5 15        	lda	$15                     ; 0x15 <__rc5>
     b27: 69 00        	adc	#$0
     b29: 85 15        	sta	$15                     ; 0x15 <__rc5>
     b2b: b1 12        	lda	($12),y                 ; 0x12 <__rc2>
     b2d: 85 17        	sta	$17                     ; 0x17 <__rc7>
     b2f: 84 1c        	sty	$1c                     ; 0x1c <__rc12>
     b31: a0 02        	ldy	#$2
     b33: b1 12        	lda	($12),y                 ; 0x12 <__rc2>
     b35: 85 1b        	sta	$1b                     ; 0x1b <__rc11>
     b37: a4 1c        	ldy	$1c                     ; 0x1c <__rc12>
     b39: b1 14        	lda	($14),y                 ; 0x14 <__rc4>
     b3b: 10 03        	bpl	$b40 <main+0x513>
     b3d: 4c c3 0b     	jmp	$bc3 <main+0x596>
     b40: 5a           	phy
     b41: a4 1b        	ldy	$1b                     ; 0x1b <__rc11>
     b43: 84 14        	sty	$14                     ; 0x14 <__rc4>
     b45: a4 19        	ldy	$19                     ; 0x19 <__rc9>
     b47: 84 18        	sty	$18                     ; 0x18 <__rc8>
     b49: 7a           	ply
     b4a: c9 00        	cmp	#$0
     b4c: d0 09        	bne	$b57 <main+0x52a>
     b4e: e6 14        	inc	$14                     ; 0x14 <__rc4>
     b50: c6 14        	dec	$14                     ; 0x14 <__rc4>
     b52: d0 03        	bne	$b57 <main+0x52a>
     b54: 4c 49 0c     	jmp	$c49 <main+0x61c>
     b57: 85 15        	sta	$15                     ; 0x15 <__rc5>
     b59: a5 18        	lda	$18                     ; 0x18 <__rc8>
     b5b: 85 19        	sta	$19                     ; 0x19 <__rc9>
     b5d: a5 18        	lda	$18                     ; 0x18 <__rc8>
     b5f: 0a           	asl
     b60: 85 12        	sta	$12                     ; 0x12 <__rc2>
     b62: 86 18        	stx	$18                     ; 0x18 <__rc8>
     b64: 8a           	txa
     b65: 2a           	rol
     b66: 85 13        	sta	$13                     ; 0x13 <__rc3>
     b68: a9 75        	lda	#$75
     b6a: 18           	clc
     b6b: 65 12        	adc	$12                     ; 0x12 <__rc2>
     b6d: 85 12        	sta	$12                     ; 0x12 <__rc2>
     b6f: a9 87        	lda	#$87
     b71: 65 13        	adc	$13                     ; 0x13 <__rc3>
     b73: 85 13        	sta	$13                     ; 0x13 <__rc3>
     b75: b2 12        	lda	($12)                   ; 0x12 <__rc2>
     b77: 85 1a        	sta	$1a                     ; 0x1a <__rc10>
     b79: b1 12        	lda	($12),y                 ; 0x12 <__rc2>
     b7b: a6 16        	ldx	$16                     ; 0x16 <__rc6>
     b7d: 8e 01 d7     	stx	$d701                   ; 0xd701 <__heap_start+0x4d35>
     b80: a6 17        	ldx	$17                     ; 0x17 <__rc7>
     b82: 8e 02 d7     	stx	$d702                   ; 0xd702 <__heap_start+0x4d36>
     b85: a6 1a        	ldx	$1a                     ; 0x1a <__rc10>
     b87: 8e 02 d7     	stx	$d702                   ; 0xd702 <__heap_start+0x4d36>
     b8a: 8d 03 d7     	sta	$d703                   ; 0xd703 <__heap_start+0x4d37>
     b8d: 8c 00 d7     	sty	$d700                   ; 0xd700 <__heap_start+0x4d34>
     b90: 9c 00 d7     	stz	$d700                   ; 0xd700 <__heap_start+0x4d34>
     b93: ae 00 d7     	ldx	$d700                   ; 0xd700 <__heap_start+0x4d34>
     b96: 30 fb        	bmi	$b93 <main+0x566>
     b98: a5 15        	lda	$15                     ; 0x15 <__rc5>
     b9a: a2 ff        	ldx	#$ff
     b9c: c6 14        	dec	$14                     ; 0x14 <__rc4>
     b9e: e4 14        	cpx	$14                     ; 0x14 <__rc4>
     ba0: d0 01        	bne	$ba3 <main+0x576>
     ba2: 3a           	dec
     ba3: a6 18        	ldx	$18                     ; 0x18 <__rc8>
     ba5: 5a           	phy
     ba6: a4 19        	ldy	$19                     ; 0x19 <__rc9>
     ba8: 84 18        	sty	$18                     ; 0x18 <__rc8>
     baa: 7a           	ply
     bab: e6 18        	inc	$18                     ; 0x18 <__rc8>
     bad: d0 01        	bne	$bb0 <main+0x583>
     baf: e8           	inx
     bb0: c9 00        	cmp	#$0
     bb2: f0 03        	beq	$bb7 <main+0x58a>
     bb4: 4c 57 0b     	jmp	$b57 <main+0x52a>
     bb7: e6 14        	inc	$14                     ; 0x14 <__rc4>
     bb9: c6 14        	dec	$14                     ; 0x14 <__rc4>
     bbb: f0 03        	beq	$bc0 <main+0x593>
     bbd: 4c 57 0b     	jmp	$b57 <main+0x52a>
     bc0: 4c 49 0c     	jmp	$c49 <main+0x61c>
     bc3: 29 7f        	and	#$7f
     bc5: 18           	clc
     bc6: 85 13        	sta	$13                     ; 0x13 <__rc3>
     bc8: a5 1a        	lda	$1a                     ; 0x1a <__rc10>
     bca: 69 03        	adc	#$3
     bcc: 85 12        	sta	$12                     ; 0x12 <__rc2>
     bce: a5 18        	lda	$18                     ; 0x18 <__rc8>
     bd0: 69 00        	adc	#$0
     bd2: 85 1a        	sta	$1a                     ; 0x1a <__rc10>
     bd4: a5 13        	lda	$13                     ; 0x13 <__rc3>
     bd6: 5a           	phy
     bd7: a4 1b        	ldy	$1b                     ; 0x1b <__rc11>
     bd9: 84 14        	sty	$14                     ; 0x14 <__rc4>
     bdb: 7a           	ply
     bdc: c9 00        	cmp	#$0
     bde: d0 09        	bne	$be9 <main+0x5bc>
     be0: e6 14        	inc	$14                     ; 0x14 <__rc4>
     be2: c6 14        	dec	$14                     ; 0x14 <__rc4>
     be4: d0 03        	bne	$be9 <main+0x5bc>
     be6: 4c e4 26     	jmp	$26e4 <main+0x20b7>
     be9: 5a           	phy
     bea: a4 12        	ldy	$12                     ; 0x12 <__rc2>
     bec: 84 18        	sty	$18                     ; 0x18 <__rc8>
     bee: 7a           	ply
     bef: 85 15        	sta	$15                     ; 0x15 <__rc5>
     bf1: a5 19        	lda	$19                     ; 0x19 <__rc9>
     bf3: 85 12        	sta	$12                     ; 0x12 <__rc2>
     bf5: 06 12        	asl	$12                     ; 0x12 <__rc2>
     bf7: 86 13        	stx	$13                     ; 0x13 <__rc3>
     bf9: 26 13        	rol	$13                     ; 0x13 <__rc3>
     bfb: a9 75        	lda	#$75
     bfd: 18           	clc
     bfe: 65 12        	adc	$12                     ; 0x12 <__rc2>
     c00: 85 12        	sta	$12                     ; 0x12 <__rc2>
     c02: a9 87        	lda	#$87
     c04: 65 13        	adc	$13                     ; 0x13 <__rc3>
     c06: 85 13        	sta	$13                     ; 0x13 <__rc3>
     c08: a6 1b        	ldx	$1b                     ; 0x1b <__rc11>
     c0a: 86 19        	stx	$19                     ; 0x19 <__rc9>
     c0c: b2 12        	lda	($12)                   ; 0x12 <__rc2>
     c0e: 85 14        	sta	$14                     ; 0x14 <__rc4>
     c10: b1 12        	lda	($12),y                 ; 0x12 <__rc2>
     c12: a6 16        	ldx	$16                     ; 0x16 <__rc6>
     c14: 8e 01 d7     	stx	$d701                   ; 0xd701 <__heap_start+0x4d35>
     c17: a6 17        	ldx	$17                     ; 0x17 <__rc7>
     c19: 8e 02 d7     	stx	$d702                   ; 0xd702 <__heap_start+0x4d36>
     c1c: a6 14        	ldx	$14                     ; 0x14 <__rc4>
     c1e: 8e 02 d7     	stx	$d702                   ; 0xd702 <__heap_start+0x4d36>
     c21: 8d 03 d7     	sta	$d703                   ; 0xd703 <__heap_start+0x4d37>
     c24: 8c 00 d7     	sty	$d700                   ; 0xd700 <__heap_start+0x4d34>
     c27: 9c 00 d7     	stz	$d700                   ; 0xd700 <__heap_start+0x4d34>
     c2a: ae 00 d7     	ldx	$d700                   ; 0xd700 <__heap_start+0x4d34>
     c2d: 30 fb        	bmi	$c2a <main+0x5fd>
     c2f: a6 15        	ldx	$15                     ; 0x15 <__rc5>
     c31: 86 12        	stx	$12                     ; 0x12 <__rc2>
     c33: a2 ff        	ldx	#$ff
     c35: c6 19        	dec	$19                     ; 0x19 <__rc9>
     c37: e4 19        	cpx	$19                     ; 0x19 <__rc9>
     c39: d0 02        	bne	$c3d <main+0x610>
     c3b: c6 12        	dec	$12                     ; 0x12 <__rc2>
     c3d: a6 12        	ldx	$12                     ; 0x12 <__rc2>
     c3f: 86 15        	stx	$15                     ; 0x15 <__rc5>
     c41: d0 cf        	bne	$c12 <main+0x5e5>
     c43: a6 19        	ldx	$19                     ; 0x19 <__rc9>
     c45: d0 cb        	bne	$c12 <main+0x5e5>
     c47: a6 1a        	ldx	$1a                     ; 0x1a <__rc10>
     c49: a5 18        	lda	$18                     ; 0x18 <__rc8>
     c4b: e0 00        	cpx	#$0
     c4d: d0 04        	bne	$c53 <main+0x626>
     c4f: c9 1c        	cmp	#$1c
     c51: 80 02        	bra	$c55 <main+0x628>
     c53: e0 00        	cpx	#$0
     c55: 85 12        	sta	$12                     ; 0x12 <__rc2>
     c57: b0 03        	bcs	$c5c <main+0x62f>
     c59: 4c e7 0a     	jmp	$ae7 <main+0x4ba>
     c5c: 20 c7 27     	jsr	$27c7 <zeroOutStuff>
     c5f: 20 7f 6d     	jsr	$6d7f <setColors>
     c62: a2 00        	ldx	#$0
     c64: 9c 0d d0     	stz	$d00d                   ; 0xd00d <__heap_start+0x4641>
     c67: 9c 0e d0     	stz	$d00e                   ; 0xd00e <__heap_start+0x4642>
     c6a: 9c 0f d0     	stz	$d00f                   ; 0xd00f <__heap_start+0x4643>
     c6d: ad 00 d1     	lda	$d100                   ; 0xd100 <__heap_start+0x4734>
     c70: 29 f9        	and	#$f9
     c72: 8d 00 d1     	sta	$d100                   ; 0xd100 <__heap_start+0x4734>
     c75: 64 4d        	stz	$4d                     ; 0x4d <_color>
     c77: a5 4a        	lda	$4a                     ; 0x4a <_BITMAP_BASE.0+0x1>
     c79: a4 4b        	ldy	$4b                     ; 0x4b <_BITMAP_BASE.0+0x2>
     c7b: 84 12        	sty	$12                     ; 0x12 <__rc2>
     c7d: 0a           	asl
     c7e: 26 12        	rol	$12                     ; 0x12 <__rc2>
     c80: 0a           	asl
     c81: 26 12        	rol	$12                     ; 0x12 <__rc2>
     c83: 0a           	asl
     c84: a5 12        	lda	$12                     ; 0x12 <__rc2>
     c86: 2a           	rol
     c87: a4 0f        	ldy	$f                      ; 0xf
     c89: 84 16        	sty	$16                     ; 0x16 <__rc6>
     c8b: 78           	sei
     c8c: 85 17        	sta	$17                     ; 0x17 <__rc7>
     c8e: 85 0f        	sta	$f                      ; 0xf
     c90: a5 4d        	lda	$4d                     ; 0x4d <_color>
     c92: a0 20        	ldy	#$20
     c94: 48           	pha
     c95: a9 00        	lda	#$0
     c97: 85 12        	sta	$12                     ; 0x12 <__rc2>
     c99: a9 e0        	lda	#$e0
     c9b: 85 13        	sta	$13                     ; 0x13 <__rc3>
     c9d: 68           	pla
     c9e: 64 14        	stz	$14                     ; 0x14 <__rc4>
     ca0: 84 15        	sty	$15                     ; 0x15 <__rc5>
     ca2: 92 12        	sta	($12)                   ; 0x12 <__rc2>
     ca4: a0 ff        	ldy	#$ff
     ca6: c6 14        	dec	$14                     ; 0x14 <__rc4>
     ca8: c4 14        	cpy	$14                     ; 0x14 <__rc4>
     caa: d0 02        	bne	$cae <main+0x681>
     cac: c6 15        	dec	$15                     ; 0x15 <__rc5>
     cae: e6 12        	inc	$12                     ; 0x12 <__rc2>
     cb0: d0 02        	bne	$cb4 <main+0x687>
     cb2: e6 13        	inc	$13                     ; 0x13 <__rc3>
     cb4: a4 15        	ldy	$15                     ; 0x15 <__rc5>
     cb6: d0 ea        	bne	$ca2 <main+0x675>
     cb8: a4 14        	ldy	$14                     ; 0x14 <__rc4>
     cba: d0 e6        	bne	$ca2 <main+0x675>
     cbc: a5 17        	lda	$17                     ; 0x17 <__rc7>
     cbe: 1a           	inc
     cbf: e8           	inx
     cc0: e0 09        	cpx	#$9
     cc2: d0 c8        	bne	$c8c <main+0x65f>
     cc4: 85 0f        	sta	$f                      ; 0xf
     cc6: a5 4d        	lda	$4d                     ; 0x4d <_color>
     cc8: a0 14        	ldy	#$14
     cca: a2 00        	ldx	#$0
     ccc: 84 12        	sty	$12                     ; 0x12 <__rc2>
     cce: 92 28        	sta	($28)                   ; 0x28 <__rc24>
     cd0: ca           	dex
     cd1: e0 ff        	cpx	#$ff
     cd3: d0 02        	bne	$cd7 <main+0x6aa>
     cd5: c6 12        	dec	$12                     ; 0x12 <__rc2>
     cd7: e6 28        	inc	$28                     ; 0x28 <__rc24>
     cd9: d0 02        	bne	$cdd <main+0x6b0>
     cdb: e6 29        	inc	$29                     ; 0x29 <__rc25>
     cdd: a4 12        	ldy	$12                     ; 0x12 <__rc2>
     cdf: d0 ed        	bne	$cce <main+0x6a1>
     ce1: e0 00        	cpx	#$0
     ce3: d0 e9        	bne	$cce <main+0x6a1>
     ce5: a6 16        	ldx	$16                     ; 0x16 <__rc6>
     ce7: 86 0f        	stx	$f                      ; 0xf
     ce9: 58           	cli
     cea: a2 00        	ldx	#$0
     cec: 9c 00 d1     	stz	$d100                   ; 0xd100 <__heap_start+0x4734>
     cef: 9c 08 d1     	stz	$d108                   ; 0xd108 <__heap_start+0x473c>
     cf2: 9c 10 d1     	stz	$d110                   ; 0xd110 <__heap_start+0x4744>
     cf5: a0 88        	ldy	#$88
     cf7: 84 41        	sty	$41                     ; 0x41 <midiSpr_x>
     cf9: 64 42        	stz	$42                     ; 0x42 <midiSpr_x+0x1>
     cfb: a0 15        	ldy	#$15
     cfd: 84 43        	sty	$43                     ; 0x43 <midiSpr_y>
     cff: 64 44        	stz	$44                     ; 0x44 <midiSpr_y+0x1>
     d01: a0 02        	ldy	#$2
     d03: 84 45        	sty	$45                     ; 0x45 <midiSpr_vx>
     d05: c8           	iny
     d06: 84 46        	sty	$46                     ; 0x46 <midiSpr_vy>
     d08: a0 01        	ldy	#$1
     d0a: 84 01        	sty	$1                      ; 0x1
     d0c: 88           	dey
     d0d: 98           	tya
     d0e: 09 50        	ora	#$50
     d10: 85 13        	sta	$13                     ; 0x13 <__rc3>
     d12: a5 0f        	lda	$f                      ; 0xf
     d14: 85 14        	sta	$14                     ; 0x14 <__rc4>
     d16: 78           	sei
     d17: a5 13        	lda	$13                     ; 0x13 <__rc3>
     d19: 85 12        	sta	$12                     ; 0x12 <__rc2>
     d1b: 06 12        	asl	$12                     ; 0x12 <__rc2>
     d1d: a9 02        	lda	#$2
     d1f: 2a           	rol
     d20: 06 12        	asl	$12                     ; 0x12 <__rc2>
     d22: 2a           	rol
     d23: 06 12        	asl	$12                     ; 0x12 <__rc2>
     d25: 2a           	rol
     d26: 85 0f        	sta	$f                      ; 0xf
     d28: a5 13        	lda	$13                     ; 0x13 <__rc3>
     d2a: 09 e0        	ora	#$e0
     d2c: 86 12        	stx	$12                     ; 0x12 <__rc2>
     d2e: 85 13        	sta	$13                     ; 0x13 <__rc3>
     d30: b2 12        	lda	($12)                   ; 0x12 <__rc2>
     d32: 85 15        	sta	$15                     ; 0x15 <__rc5>
     d34: a5 14        	lda	$14                     ; 0x14 <__rc4>
     d36: 85 0f        	sta	$f                      ; 0xf
     d38: 8a           	txa
     d39: 18           	clc
     d3a: 69 00        	adc	#$0
     d3c: 85 12        	sta	$12                     ; 0x12 <__rc2>
     d3e: 98           	tya
     d3f: 69 d0        	adc	#$d0
     d41: 58           	cli
     d42: 85 13        	sta	$13                     ; 0x13 <__rc3>
     d44: a5 15        	lda	$15                     ; 0x15 <__rc5>
     d46: 92 12        	sta	($12)                   ; 0x12 <__rc2>
     d48: e8           	inx
     d49: d0 01        	bne	$d4c <main+0x71f>
     d4b: c8           	iny
     d4c: c0 03        	cpy	#$3
     d4e: d0 bd        	bne	$d0d <main+0x6e0>
     d50: e0 ff        	cpx	#$ff
     d52: d0 b9        	bne	$d0d <main+0x6e0>
     d54: 64 01        	stz	$1                      ; 0x1
     d56: a6 01        	ldx	$1                      ; 0x1
     d58: a0 01        	ldy	#$1
     d5a: 84 01        	sty	$1                      ; 0x1
     d5c: a0 ff        	ldy	#$ff
     d5e: 8c 08 d0     	sty	$d008                   ; 0xd008 <__heap_start+0x463c>
     d61: 8c 09 d0     	sty	$d009                   ; 0xd009 <__heap_start+0x463d>
     d64: 8c 0a d0     	sty	$d00a                   ; 0xd00a <__heap_start+0x463e>
     d67: 8c 0b d0     	sty	$d00b                   ; 0xd00b <__heap_start+0x463f>
     d6a: 86 01        	stx	$1                      ; 0x1
     d6c: 9c f9 87     	stz	$87f9                   ; 0x87f9 <_spriteCtl>
     d6f: 9c 00 d9     	stz	$d900                   ; 0xd900 <__heap_start+0x4f34>
     d72: 9c 01 d9     	stz	$d901                   ; 0xd901 <__heap_start+0x4f35>
     d75: a2 4c        	ldx	#$4c
     d77: 8e 02 d9     	stx	$d902                   ; 0xd902 <__heap_start+0x4f36>
     d7a: a0 02        	ldy	#$2
     d7c: 8c 03 d9     	sty	$d903                   ; 0xd903 <__heap_start+0x4f37>
     d7f: a5 41        	lda	$41                     ; 0x41 <midiSpr_x>
     d81: a6 42        	ldx	$42                     ; 0x42 <midiSpr_x+0x1>
     d83: 86 12        	stx	$12                     ; 0x12 <__rc2>
     d85: 18           	clc
     d86: 69 20        	adc	#$20
     d88: aa           	tax
     d89: a5 12        	lda	$12                     ; 0x12 <__rc2>
     d8b: 69 00        	adc	#$0
     d8d: 85 12        	sta	$12                     ; 0x12 <__rc2>
     d8f: a5 43        	lda	$43                     ; 0x43 <midiSpr_y>
     d91: 85 14        	sta	$14                     ; 0x14 <__rc4>
     d93: a5 44        	lda	$44                     ; 0x44 <midiSpr_y+0x1>
     d95: 85 13        	sta	$13                     ; 0x13 <__rc3>
     d97: 18           	clc
     d98: a5 14        	lda	$14                     ; 0x14 <__rc4>
     d9a: 69 20        	adc	#$20
     d9c: 85 14        	sta	$14                     ; 0x14 <__rc4>
     d9e: a5 13        	lda	$13                     ; 0x13 <__rc3>
     da0: 69 00        	adc	#$0
     da2: 8e 04 d9     	stx	$d904                   ; 0xd904 <__heap_start+0x4f38>
     da5: a6 12        	ldx	$12                     ; 0x12 <__rc2>
     da7: 8e 05 d9     	stx	$d905                   ; 0xd905 <__heap_start+0x4f39>
     daa: a6 14        	ldx	$14                     ; 0x14 <__rc4>
     dac: 8e 06 d9     	stx	$d906                   ; 0xd906 <__heap_start+0x4f3a>
     daf: 8d 07 d9     	sta	$d907                   ; 0xd907 <__heap_start+0x4f3b>
     db2: a2 80        	ldx	#$80
     db4: 86 f3        	stx	$f3                     ; 0xf3 <__midigfxpal_size+0x73>
     db6: a2 76        	ldx	#$76
     db8: 86 12        	stx	$12                     ; 0x12 <__rc2>
     dba: a2 00        	ldx	#$0
     dbc: 86 13        	stx	$13                     ; 0x13 <__rc3>
     dbe: 20 f0 ff     	jsr	$fff0 <__heap_start+0x7624>
     dc1: 92 24        	sta	($24)                   ; 0x24 <__rc20>
     dc3: a9 00        	lda	#$0
     dc5: 6a           	ror
     dc6: 85 12        	sta	$12                     ; 0x12 <__rc2>
     dc8: b2 24        	lda	($24)                   ; 0x24 <__rc20>
     dca: 8d a4 d6     	sta	$d6a4                   ; 0xd6a4 <__heap_start+0x4cd8>
     dcd: 9c a5 d6     	stz	$d6a5                   ; 0xd6a5 <__heap_start+0x4cd9>
     dd0: a2 03        	ldx	#$3
     dd2: 8e a6 d6     	stx	$d6a6                   ; 0xd6a6 <__heap_start+0x4cda>
     dd5: 84 4d        	sty	$4d                     ; 0x4d <_color>
     dd7: a9 1e        	lda	#$1e
     dd9: a2 3e        	ldx	#$3e
     ddb: 88           	dey
     ddc: 85 12        	sta	$12                     ; 0x12 <__rc2>
     dde: 64 13        	stz	$13                     ; 0x13 <__rc3>
     de0: 86 14        	stx	$14                     ; 0x14 <__rc4>
     de2: 84 15        	sty	$15                     ; 0x15 <__rc5>
     de4: 84 29        	sty	$29                     ; 0x29 <__rc25>
     de6: 85 16        	sta	$16                     ; 0x16 <__rc6>
     de8: 85 27        	sta	$27                     ; 0x27 <__rc23>
     dea: 64 17        	stz	$17                     ; 0x17 <__rc7>
     dec: a2 00        	ldx	#$0
     dee: a9 8a        	lda	#$8a
     df0: 20 12 2f     	jsr	$2f12 <bitmapLine>
     df3: a2 be        	ldx	#$be
     df5: a4 27        	ldy	$27                     ; 0x27 <__rc23>
     df7: 84 12        	sty	$12                     ; 0x12 <__rc2>
     df9: 64 13        	stz	$13                     ; 0x13 <__rc3>
     dfb: a0 8a        	ldy	#$8a
     dfd: 84 28        	sty	$28                     ; 0x28 <__rc24>
     dff: 84 14        	sty	$14                     ; 0x14 <__rc4>
     e01: 64 15        	stz	$15                     ; 0x15 <__rc5>
     e03: 86 16        	stx	$16                     ; 0x16 <__rc6>
     e05: 86 26        	stx	$26                     ; 0x26 <__rc22>
     e07: 64 17        	stz	$17                     ; 0x17 <__rc7>
     e09: a2 00        	ldx	#$0
     e0b: 98           	tya
     e0c: 20 12 2f     	jsr	$2f12 <bitmapLine>
     e0f: a6 27        	ldx	$27                     ; 0x27 <__rc23>
     e11: 86 12        	stx	$12                     ; 0x12 <__rc2>
     e13: 64 13        	stz	$13                     ; 0x13 <__rc3>
     e15: a2 3e        	ldx	#$3e
     e17: 86 14        	stx	$14                     ; 0x14 <__rc4>
     e19: a6 29        	ldx	$29                     ; 0x29 <__rc25>
     e1b: 86 27        	stx	$27                     ; 0x27 <__rc23>
     e1d: a6 29        	ldx	$29                     ; 0x29 <__rc25>
     e1f: 86 15        	stx	$15                     ; 0x15 <__rc5>
     e21: a6 26        	ldx	$26                     ; 0x26 <__rc22>
     e23: 86 16        	stx	$16                     ; 0x16 <__rc6>
     e25: 64 17        	stz	$17                     ; 0x17 <__rc7>
     e27: a6 29        	ldx	$29                     ; 0x29 <__rc25>
     e29: a5 14        	lda	$14                     ; 0x14 <__rc4>
     e2b: a4 14        	ldy	$14                     ; 0x14 <__rc4>
     e2d: 84 29        	sty	$29                     ; 0x29 <__rc25>
     e2f: 20 12 2f     	jsr	$2f12 <bitmapLine>
     e32: a6 26        	ldx	$26                     ; 0x26 <__rc22>
     e34: 86 12        	stx	$12                     ; 0x12 <__rc2>
     e36: 64 13        	stz	$13                     ; 0x13 <__rc3>
     e38: a6 29        	ldx	$29                     ; 0x29 <__rc25>
     e3a: 86 14        	stx	$14                     ; 0x14 <__rc4>
     e3c: a6 27        	ldx	$27                     ; 0x27 <__rc23>
     e3e: 86 15        	stx	$15                     ; 0x15 <__rc5>
     e40: a6 26        	ldx	$26                     ; 0x26 <__rc22>
     e42: 86 16        	stx	$16                     ; 0x16 <__rc6>
     e44: 64 17        	stz	$17                     ; 0x17 <__rc7>
     e46: a2 00        	ldx	#$0
     e48: a5 28        	lda	$28                     ; 0x28 <__rc24>
     e4a: 20 12 2f     	jsr	$2f12 <bitmapLine>
     e4d: a2 0a        	ldx	#$a
     e4f: 8e f7 87     	stx	$87f7                   ; 0x87f7 <freakoutCoundDown>
     e52: 9c f8 87     	stz	$87f8                   ; 0x87f8 <isFreakingOut>
     e55: a0 18        	ldy	#$18
     e57: b1 10        	lda	($10),y                 ; 0x10 <__rc0>
     e59: 29 fe        	and	#$fe
     e5b: 91 10        	sta	($10),y                 ; 0x10 <__rc0>
     e5d: c9 06        	cmp	#$6
     e5f: f0 03        	beq	$e64 <main+0x837>
     e61: 4c 0c 0f     	jmp	$f0c <main+0x8df>
     e64: a0 19        	ldy	#$19
     e66: b1 10        	lda	($10),y                 ; 0x10 <__rc0>
     e68: 18           	clc
     e69: 69 02        	adc	#$2
     e6b: aa           	tax
     e6c: a0 17        	ldy	#$17
     e6e: b1 10        	lda	($10),y                 ; 0x10 <__rc0>
     e70: 69 00        	adc	#$0
     e72: 86 12        	stx	$12                     ; 0x12 <__rc2>
     e74: 85 13        	sta	$13                     ; 0x13 <__rc3>
     e76: a0 02        	ldy	#$2
     e78: b1 2c        	lda	($2c),y                 ; 0x2c <__rc28>
     e7a: aa           	tax
     e7b: 88           	dey
     e7c: b1 12        	lda	($12),y                 ; 0x12 <__rc2>
     e7e: 86 12        	stx	$12                     ; 0x12 <__rc2>
     e80: 85 13        	sta	$13                     ; 0x13 <__rc3>
     e82: b2 12        	lda	($12)                   ; 0x12 <__rc2>
     e84: d0 03        	bne	$e89 <main+0x85c>
     e86: 4c d3 0e     	jmp	$ed3 <main+0x8a6>
     e89: 85 15        	sta	$15                     ; 0x15 <__rc5>
     e8b: 84 14        	sty	$14                     ; 0x14 <__rc4>
     e8d: 88           	dey
     e8e: 91 24        	sta	($24),y                 ; 0x24 <__rc20>
     e90: a4 14        	ldy	$14                     ; 0x14 <__rc4>
     e92: b1 12        	lda	($12),y                 ; 0x12 <__rc2>
     e94: c8           	iny
     e95: aa           	tax
     e96: d0 f3        	bne	$e8b <main+0x85e>
     e98: a0 01        	ldy	#$1
     e9a: 5a           	phy
     e9b: a0 19        	ldy	#$19
     e9d: b1 10        	lda	($10),y                 ; 0x10 <__rc0>
     e9f: 85 26        	sta	$26                     ; 0x26 <__rc22>
     ea1: a0 17        	ldy	#$17
     ea3: b1 10        	lda	($10),y                 ; 0x10 <__rc0>
     ea5: 7a           	ply
     ea6: 85 14        	sta	$14                     ; 0x14 <__rc4>
     ea8: a5 15        	lda	$15                     ; 0x15 <__rc5>
     eaa: 5a           	phy
     eab: fa           	plx
     eac: ca           	dex
     ead: 9d 4f 89     	sta	$894f,x                 ; 0x894f <name>
     eb0: a5 26        	lda	$26                     ; 0x26 <__rc22>
     eb2: 18           	clc
     eb3: 69 02        	adc	#$2
     eb5: 85 12        	sta	$12                     ; 0x12 <__rc2>
     eb7: a5 14        	lda	$14                     ; 0x14 <__rc4>
     eb9: 69 00        	adc	#$0
     ebb: 85 13        	sta	$13                     ; 0x13 <__rc3>
     ebd: 84 15        	sty	$15                     ; 0x15 <__rc5>
     ebf: a0 02        	ldy	#$2
     ec1: b1 2c        	lda	($2c),y                 ; 0x2c <__rc28>
     ec3: aa           	tax
     ec4: 88           	dey
     ec5: b1 12        	lda	($12),y                 ; 0x12 <__rc2>
     ec7: a4 15        	ldy	$15                     ; 0x15 <__rc5>
     ec9: 86 12        	stx	$12                     ; 0x12 <__rc2>
     ecb: 85 13        	sta	$13                     ; 0x13 <__rc3>
     ecd: b1 12        	lda	($12),y                 ; 0x12 <__rc2>
     ecf: c8           	iny
     ed0: aa           	tax
     ed1: d0 d7        	bne	$eaa <main+0x87d>
     ed3: ad 4f 89     	lda	$894f                   ; 0x894f <name>
     ed6: d0 03        	bne	$edb <main+0x8ae>
     ed8: 4c 5a 0f     	jmp	$f5a <main+0x92d>
     edb: a2 4f        	ldx	#$4f
     edd: 86 14        	stx	$14                     ; 0x14 <__rc4>
     edf: a2 89        	ldx	#$89
     ee1: 86 15        	stx	$15                     ; 0x15 <__rc5>
     ee3: a2 00        	ldx	#$0
     ee5: 86 12        	stx	$12                     ; 0x12 <__rc2>
     ee7: a2 00        	ldx	#$0
     ee9: 86 13        	stx	$13                     ; 0x13 <__rc3>
     eeb: a0 01        	ldy	#$1
     eed: c9 2f        	cmp	#$2f
     eef: d0 08        	bne	$ef9 <main+0x8cc>
     ef1: a6 14        	ldx	$14                     ; 0x14 <__rc4>
     ef3: 86 12        	stx	$12                     ; 0x12 <__rc2>
     ef5: a6 15        	ldx	$15                     ; 0x15 <__rc5>
     ef7: 86 13        	stx	$13                     ; 0x13 <__rc3>
     ef9: b1 14        	lda	($14),y                 ; 0x14 <__rc4>
     efb: e6 14        	inc	$14                     ; 0x14 <__rc4>
     efd: d0 02        	bne	$f01 <main+0x8d4>
     eff: e6 15        	inc	$15                     ; 0x15 <__rc5>
     f01: aa           	tax
     f02: d0 e9        	bne	$eed <main+0x8c0>
     f04: a5 12        	lda	$12                     ; 0x12 <__rc2>
     f06: a6 13        	ldx	$13                     ; 0x13 <__rc3>
     f08: 86 14        	stx	$14                     ; 0x14 <__rc4>
     f0a: 80 52        	bra	$f5e <main+0x931>
     f0c: a2 f8        	ldx	#$f8
     f0e: 86 12        	stx	$12                     ; 0x12 <__rc2>
     f10: a2 86        	ldx	#$86
     f12: 86 13        	stx	$13                     ; 0x13 <__rc3>
     f14: 20 00 28     	jsr	$2800 <fileOpenDir>
     f17: a6 12        	ldx	$12                     ; 0x12 <__rc2>
     f19: 86 28        	stx	$28                     ; 0x28 <__rc24>
     f1b: a6 13        	ldx	$13                     ; 0x13 <__rc3>
     f1d: 86 29        	stx	$29                     ; 0x29 <__rc25>
     f1f: a2 00        	ldx	#$0
     f21: 86 12        	stx	$12                     ; 0x12 <__rc2>
     f23: a2 00        	ldx	#$0
     f25: 86 13        	stx	$13                     ; 0x13 <__rc3>
     f27: a6 29        	ldx	$29                     ; 0x29 <__rc25>
     f29: e4 13        	cpx	$13                     ; 0x13 <__rc3>
     f2b: d0 14        	bne	$f41 <main+0x914>
     f2d: a6 28        	ldx	$28                     ; 0x28 <__rc24>
     f2f: e4 12        	cpx	$12                     ; 0x12 <__rc2>
     f31: d0 0e        	bne	$f41 <main+0x914>
     f33: a2 1c        	ldx	#$1c
     f35: 86 12        	stx	$12                     ; 0x12 <__rc2>
     f37: a2 86        	ldx	#$86
     f39: 86 13        	stx	$13                     ; 0x13 <__rc3>
     f3b: 20 3c 34     	jsr	$343c <fpr_set_currentPath>
     f3e: 4c 7a 10     	jmp	$107a <main+0xa4d>
     f41: a2 f8        	ldx	#$f8
     f43: 86 12        	stx	$12                     ; 0x12 <__rc2>
     f45: a2 86        	ldx	#$86
     f47: 86 13        	stx	$13                     ; 0x13 <__rc3>
     f49: 20 3c 34     	jsr	$343c <fpr_set_currentPath>
     f4c: a6 28        	ldx	$28                     ; 0x28 <__rc24>
     f4e: 86 12        	stx	$12                     ; 0x12 <__rc2>
     f50: a6 29        	ldx	$29                     ; 0x29 <__rc25>
     f52: 86 13        	stx	$13                     ; 0x13 <__rc3>
     f54: 20 20 29     	jsr	$2920 <fileCloseDir>
     f57: 4c 7a 10     	jmp	$107a <main+0xa4d>
     f5a: a9 00        	lda	#$0
     f5c: 64 14        	stz	$14                     ; 0x14 <__rc4>
     f5e: a2 4f        	ldx	#$4f
     f60: 86 12        	stx	$12                     ; 0x12 <__rc2>
     f62: a2 89        	ldx	#$89
     f64: 86 13        	stx	$13                     ; 0x13 <__rc3>
     f66: 38           	sec
     f67: e5 12        	sbc	$12                     ; 0x12 <__rc2>
     f69: 85 26        	sta	$26                     ; 0x26 <__rc22>
     f6b: a5 14        	lda	$14                     ; 0x14 <__rc4>
     f6d: e5 13        	sbc	$13                     ; 0x13 <__rc3>
     f6f: 85 29        	sta	$29                     ; 0x29 <__rc25>
     f71: a6 24        	ldx	$24                     ; 0x24 <__rc20>
     f73: 86 12        	stx	$12                     ; 0x12 <__rc2>
     f75: a6 25        	ldx	$25                     ; 0x25 <__rc21>
     f77: 86 13        	stx	$13                     ; 0x13 <__rc3>
     f79: 64 28        	stz	$28                     ; 0x28 <__rc24>
     f7b: a2 3c        	ldx	#$3c
     f7d: 64 14        	stz	$14                     ; 0x14 <__rc4>
     f7f: a9 00        	lda	#$0
     f81: 20 f2 80     	jsr	$80f2 <__memset>
     f84: a6 26        	ldx	$26                     ; 0x26 <__rc22>
     f86: a5 29        	lda	$29                     ; 0x29 <__rc25>
     f88: d0 06        	bne	$f90 <main+0x963>
     f8a: 8a           	txa
     f8b: d0 03        	bne	$f90 <main+0x963>
     f8d: 4c 27 10     	jmp	$1027 <main+0x9fa>
     f90: 64 12        	stz	$12                     ; 0x12 <__rc2>
     f92: a6 26        	ldx	$26                     ; 0x26 <__rc22>
     f94: a4 29        	ldy	$29                     ; 0x29 <__rc25>
     f96: 18           	clc
     f97: a5 10        	lda	$10                     ; 0x10 <__rc0>
     f99: 69 99        	adc	#$99
     f9b: 48           	pha
     f9c: a5 11        	lda	$11                     ; 0x11 <__zp_data_size>
     f9e: 69 00        	adc	#$0
     fa0: 85 14        	sta	$14                     ; 0x14 <__rc4>
     fa2: 68           	pla
     fa3: 18           	clc
     fa4: 5a           	phy
     fa5: a0 01        	ldy	#$1
     fa7: b0 02        	bcs	$fab <main+0x97e>
     fa9: a0 00        	ldy	#$0
     fab: 84 13        	sty	$13                     ; 0x13 <__rc3>
     fad: 65 28        	adc	$28                     ; 0x28 <__rc24>
     faf: 85 16        	sta	$16                     ; 0x16 <__rc6>
     fb1: a5 14        	lda	$14                     ; 0x14 <__rc4>
     fb3: 65 12        	adc	$12                     ; 0x12 <__rc2>
     fb5: a4 16        	ldy	$16                     ; 0x16 <__rc6>
     fb7: 84 14        	sty	$14                     ; 0x14 <__rc4>
     fb9: 85 15        	sta	$15                     ; 0x15 <__rc5>
     fbb: a9 4f        	lda	#$4f
     fbd: a4 13        	ldy	$13                     ; 0x13 <__rc3>
     fbf: c0 01        	cpy	#$1
     fc1: 7a           	ply
     fc2: 65 28        	adc	$28                     ; 0x28 <__rc24>
     fc4: 85 16        	sta	$16                     ; 0x16 <__rc6>
     fc6: a9 89        	lda	#$89
     fc8: 65 12        	adc	$12                     ; 0x12 <__rc2>
     fca: 85 17        	sta	$17                     ; 0x17 <__rc7>
     fcc: b2 16        	lda	($16)                   ; 0x16 <__rc6>
     fce: 85 13        	sta	$13                     ; 0x13 <__rc3>
     fd0: b2 16        	lda	($16)                   ; 0x16 <__rc6>
     fd2: 92 14        	sta	($14)                   ; 0x14 <__rc4>
     fd4: a5 13        	lda	$13                     ; 0x13 <__rc3>
     fd6: f0 18        	beq	$ff0 <main+0x9c3>
     fd8: ca           	dex
     fd9: e0 ff        	cpx	#$ff
     fdb: d0 01        	bne	$fde <main+0x9b1>
     fdd: 88           	dey
     fde: e6 28        	inc	$28                     ; 0x28 <__rc24>
     fe0: d0 02        	bne	$fe4 <main+0x9b7>
     fe2: e6 12        	inc	$12                     ; 0x12 <__rc2>
     fe4: 98           	tya
     fe5: f0 03        	beq	$fea <main+0x9bd>
     fe7: 4c 96 0f     	jmp	$f96 <main+0x969>
     fea: 8a           	txa
     feb: f0 3a        	beq	$1027 <main+0x9fa>
     fed: 4c 96 0f     	jmp	$f96 <main+0x969>
     ff0: ca           	dex
     ff1: e0 ff        	cpx	#$ff
     ff3: d0 01        	bne	$ff6 <main+0x9c9>
     ff5: 88           	dey
     ff6: 98           	tya
     ff7: d0 03        	bne	$ffc <main+0x9cf>
     ff9: 8a           	txa
     ffa: f0 2b        	beq	$1027 <main+0x9fa>
     ffc: 18           	clc
     ffd: a5 10        	lda	$10                     ; 0x10 <__rc0>
     fff: 69 99        	adc	#$99
    1001: 48           	pha
    1002: a5 11        	lda	$11                     ; 0x11 <__zp_data_size>
    1004: 69 00        	adc	#$0
    1006: 85 13        	sta	$13                     ; 0x13 <__rc3>
    1008: 68           	pla
    1009: 18           	clc
    100a: 65 28        	adc	$28                     ; 0x28 <__rc24>
    100c: 85 14        	sta	$14                     ; 0x14 <__rc4>
    100e: a5 13        	lda	$13                     ; 0x13 <__rc3>
    1010: 65 12        	adc	$12                     ; 0x12 <__rc2>
    1012: 5a           	phy
    1013: a4 14        	ldy	$14                     ; 0x14 <__rc4>
    1015: 84 12        	sty	$12                     ; 0x12 <__rc2>
    1017: 7a           	ply
    1018: 85 13        	sta	$13                     ; 0x13 <__rc3>
    101a: e6 12        	inc	$12                     ; 0x12 <__rc2>
    101c: d0 02        	bne	$1020 <main+0x9f3>
    101e: e6 13        	inc	$13                     ; 0x13 <__rc3>
    1020: a9 00        	lda	#$0
    1022: 84 14        	sty	$14                     ; 0x14 <__rc4>
    1024: 20 f2 80     	jsr	$80f2 <__memset>
    1027: 18           	clc
    1028: a5 10        	lda	$10                     ; 0x10 <__rc0>
    102a: 69 99        	adc	#$99
    102c: 85 12        	sta	$12                     ; 0x12 <__rc2>
    102e: a5 11        	lda	$11                     ; 0x11 <__zp_data_size>
    1030: 69 00        	adc	#$0
    1032: aa           	tax
    1033: 85 13        	sta	$13                     ; 0x13 <__rc3>
    1035: 18           	clc
    1036: a5 26        	lda	$26                     ; 0x26 <__rc22>
    1038: 65 12        	adc	$12                     ; 0x12 <__rc2>
    103a: 85 14        	sta	$14                     ; 0x14 <__rc4>
    103c: 8a           	txa
    103d: 65 29        	adc	$29                     ; 0x29 <__rc25>
    103f: 85 15        	sta	$15                     ; 0x15 <__rc5>
    1041: a9 00        	lda	#$0
    1043: 92 14        	sta	($14)                   ; 0x14 <__rc4>
    1045: 20 3c 34     	jsr	$343c <fpr_set_currentPath>
    1048: 20 7f 6d     	jsr	$6d7f <setColors>
    104b: 64 47        	stz	$47                     ; 0x47 <_col>
    104d: 9c 14 d0     	stz	$d014                   ; 0xd014 <__heap_start+0x4648>
    1050: 9c 15 d0     	stz	$d015                   ; 0xd015 <__heap_start+0x4649>
    1053: a2 19        	ldx	#$19
    1055: 86 48        	stx	$48                     ; 0x48 <_row>
    1057: 8e 16 d0     	stx	$d016                   ; 0xd016 <__heap_start+0x464a>
    105a: 9c 17 d0     	stz	$d017                   ; 0xd017 <__heap_start+0x464b>
    105d: a9 4f        	lda	#$4f
    105f: 92 10        	sta	($10)                   ; 0x10 <__rc0>
    1061: a0 01        	ldy	#$1
    1063: a9 89        	lda	#$89
    1065: 91 10        	sta	($10),y                 ; 0x10 <__rc0>
    1067: a2 11        	ldx	#$11
    1069: 86 12        	stx	$12                     ; 0x12 <__rc2>
    106b: a2 87        	ldx	#$87
    106d: 86 13        	stx	$13                     ; 0x13 <__rc3>
    106f: 20 df 7b     	jsr	$7bdf <printf>
    1072: 20 0f 5a     	jsr	$5a0f <loadSMFile>
    1075: a9 01        	lda	#$1
    1077: 20 1f 6d     	jsr	$6d1f <lilpause>
    107a: 18           	clc
    107b: a5 10        	lda	$10                     ; 0x10 <__rc0>
    107d: 69 1b        	adc	#$1b
    107f: 85 14        	sta	$14                     ; 0x14 <__rc4>
    1081: a5 11        	lda	$11                     ; 0x11 <__zp_data_size>
    1083: 69 00        	adc	#$0
    1085: 85 15        	sta	$15                     ; 0x15 <__rc5>
    1087: a9 00        	lda	#$0
    1089: 92 14        	sta	($14)                   ; 0x14 <__rc4>
    108b: a0 01        	ldy	#$1
    108d: 48           	pha
    108e: 5a           	phy
    108f: a5 14        	lda	$14                     ; 0x14 <__rc4>
    1091: a0 15        	ldy	#$15
    1093: 91 10        	sta	($10),y                 ; 0x10 <__rc0>
    1095: a5 15        	lda	$15                     ; 0x15 <__rc5>
    1097: c8           	iny
    1098: 91 10        	sta	($10),y                 ; 0x10 <__rc0>
    109a: 7a           	ply
    109b: 68           	pla
    109c: 91 14        	sta	($14),y                 ; 0x14 <__rc4>
    109e: ad 43 89     	lda	$8943                   ; 0x8943 <isTrulyDone>
    10a1: 29 01        	and	#$1
    10a3: d0 03        	bne	$10a8 <main+0xa7b>
    10a5: 4c 0c 11     	jmp	$110c <main+0xadf>
    10a8: 78           	sei
    10a9: a2 07        	ldx	#$7
    10ab: 86 0f        	stx	$f                      ; 0xf
    10ad: a2 de        	ldx	#$de
    10af: 8e a2 d6     	stx	$d6a2                   ; 0xd6a2 <__heap_start+0x4cd6>
    10b2: a2 ad        	ldx	#$ad
    10b4: 8e a3 d6     	stx	$d6a3                   ; 0xd6a3 <__heap_start+0x4cd7>
    10b7: a2 f0        	ldx	#$f0
    10b9: 8e a0 d6     	stx	$d6a0                   ; 0xd6a0 <__heap_start+0x4cd4>
    10bc: 9c a0 d6     	stz	$d6a0                   ; 0xd6a0 <__heap_start+0x4cd4>
    10bf: 6c fc ff     	jmp	($fffc)                 ; 0xfffc <__heap_start+0x7630>
    10c2: a2 00        	ldx	#$0
    10c4: 8a           	txa
    10c5: 85 20        	sta	$20                     ; 0x20 <__rc16>
    10c7: a0 04        	ldy	#$4
    10c9: b1 10        	lda	($10),y                 ; 0x10 <__rc0>
    10cb: 85 2f        	sta	$2f                     ; 0x2f <__rc31>
    10cd: c8           	iny
    10ce: b1 10        	lda	($10),y                 ; 0x10 <__rc0>
    10d0: 85 2e        	sta	$2e                     ; 0x2e <__rc30>
    10d2: c8           	iny
    10d3: b1 10        	lda	($10),y                 ; 0x10 <__rc0>
    10d5: 85 2d        	sta	$2d                     ; 0x2d <__rc29>
    10d7: c8           	iny
    10d8: b1 10        	lda	($10),y                 ; 0x10 <__rc0>
    10da: 85 2c        	sta	$2c                     ; 0x2c <__rc28>
    10dc: c8           	iny
    10dd: b1 10        	lda	($10),y                 ; 0x10 <__rc0>
    10df: 85 2b        	sta	$2b                     ; 0x2b <__rc27>
    10e1: c8           	iny
    10e2: b1 10        	lda	($10),y                 ; 0x10 <__rc0>
    10e4: 85 2a        	sta	$2a                     ; 0x2a <__rc26>
    10e6: c8           	iny
    10e7: b1 10        	lda	($10),y                 ; 0x10 <__rc0>
    10e9: 85 29        	sta	$29                     ; 0x29 <__rc25>
    10eb: c8           	iny
    10ec: b1 10        	lda	($10),y                 ; 0x10 <__rc0>
    10ee: 85 28        	sta	$28                     ; 0x28 <__rc24>
    10f0: 7a           	ply
    10f1: 84 27        	sty	$27                     ; 0x27 <__rc23>
    10f3: 7a           	ply
    10f4: 84 26        	sty	$26                     ; 0x26 <__rc22>
    10f6: 7a           	ply
    10f7: 84 25        	sty	$25                     ; 0x25 <__rc21>
    10f9: 7a           	ply
    10fa: 84 24        	sty	$24                     ; 0x24 <__rc20>
    10fc: 18           	clc
    10fd: a5 10        	lda	$10                     ; 0x10 <__rc0>
    10ff: 69 4d        	adc	#$4d
    1101: 85 10        	sta	$10                     ; 0x10 <__rc0>
    1103: a5 11        	lda	$11                     ; 0x11 <__zp_data_size>
    1105: 69 01        	adc	#$1
    1107: 85 11        	sta	$11                     ; 0x11 <__zp_data_size>
    1109: a5 20        	lda	$20                     ; 0x20 <__rc16>
    110b: 60           	rts
    110c: a2 00        	ldx	#$0
    110e: 86 2c        	stx	$2c                     ; 0x2c <__rc28>
    1110: a2 02        	ldx	#$2
    1112: 18           	clc
    1113: a9 00        	lda	#$0
    1115: 5a           	phy
    1116: a0 17        	ldy	#$17
    1118: 91 10        	sta	($10),y                 ; 0x10 <__rc0>
    111a: 7a           	ply
    111b: 8c 48 89     	sty	$8948                   ; 0x8948 <fileOpenedErrorCode>
    111e: a4 01        	ldy	$1                      ; 0x1
    1120: 84 16        	sty	$16                     ; 0x16 <__rc6>
    1122: a0 02        	ldy	#$2
    1124: 84 26        	sty	$26                     ; 0x26 <__rc22>
    1126: 86 01        	stx	$1                      ; 0x1
    1128: a2 c0        	ldx	#$c0
    112a: 64 13        	stz	$13                     ; 0x13 <__rc3>
    112c: 86 12        	stx	$12                     ; 0x12 <__rc2>
    112e: a2 3c        	ldx	#$3c
    1130: a4 13        	ldy	$13                     ; 0x13 <__rc3>
    1132: 84 14        	sty	$14                     ; 0x14 <__rc4>
    1134: a4 12        	ldy	$12                     ; 0x12 <__rc2>
    1136: 84 15        	sty	$15                     ; 0x15 <__rc5>
    1138: a0 20        	ldy	#$20
    113a: 98           	tya
    113b: 92 14        	sta	($14)                   ; 0x14 <__rc4>
    113d: ca           	dex
    113e: 18           	clc
    113f: a5 14        	lda	$14                     ; 0x14 <__rc4>
    1141: 69 50        	adc	#$50
    1143: 85 14        	sta	$14                     ; 0x14 <__rc4>
    1145: a5 15        	lda	$15                     ; 0x15 <__rc5>
    1147: 69 00        	adc	#$0
    1149: 85 15        	sta	$15                     ; 0x15 <__rc5>
    114b: 8a           	txa
    114c: d0 ec        	bne	$113a <main+0xb0d>
    114e: e6 13        	inc	$13                     ; 0x13 <__rc3>
    1150: d0 02        	bne	$1154 <main+0xb27>
    1152: e6 12        	inc	$12                     ; 0x12 <__rc2>
    1154: a5 13        	lda	$13                     ; 0x13 <__rc3>
    1156: c9 50        	cmp	#$50
    1158: d0 d4        	bne	$112e <main+0xb01>
    115a: a6 16        	ldx	$16                     ; 0x16 <__rc6>
    115c: 86 01        	stx	$1                      ; 0x1
    115e: a6 58        	ldx	$58                     ; 0x58 <midiChip>
    1160: a4 2a        	ldy	$2a                     ; 0x2a <__rc26>
    1162: 84 12        	sty	$12                     ; 0x12 <__rc2>
    1164: a4 2b        	ldy	$2b                     ; 0x2b <__rc27>
    1166: 84 13        	sty	$13                     ; 0x13 <__rc3>
    1168: 8a           	txa
    1169: f0 08        	beq	$1173 <main+0xb46>
    116b: a2 b1        	ldx	#$b1
    116d: 86 12        	stx	$12                     ; 0x12 <__rc2>
    116f: a2 dd        	ldx	#$dd
    1171: 86 13        	stx	$13                     ; 0x13 <__rc3>
    1173: a9 b0        	lda	#$b0
    1175: a2 79        	ldx	#$79
    1177: 86 14        	stx	$14                     ; 0x14 <__rc4>
    1179: 18           	clc
    117a: aa           	tax
    117b: 69 10        	adc	#$10
    117d: 92 12        	sta	($12)                   ; 0x12 <__rc2>
    117f: a9 00        	lda	#$0
    1181: 92 12        	sta	($12)                   ; 0x12 <__rc2>
    1183: 8a           	txa
    1184: 92 12        	sta	($12)                   ; 0x12 <__rc2>
    1186: a5 14        	lda	$14                     ; 0x14 <__rc4>
    1188: 92 12        	sta	($12)                   ; 0x12 <__rc2>
    118a: a9 00        	lda	#$0
    118c: 92 12        	sta	($12)                   ; 0x12 <__rc2>
    118e: e8           	inx
    118f: 8a           	txa
    1190: e0 c0        	cpx	#$c0
    1192: d0 e5        	bne	$1179 <main+0xb4c>
    1194: a9 ff        	lda	#$ff
    1196: 92 12        	sta	($12)                   ; 0x12 <__rc2>
    1198: 8d b1 dd     	sta	$ddb1                   ; 0xddb1 <__heap_start+0x53e5>
    119b: 8d a1 dd     	sta	$dda1                   ; 0xdda1 <__heap_start+0x53d5>
    119e: a2 b0        	ldx	#$b0
    11a0: a0 7b        	ldy	#$7b
    11a2: 8e b1 dd     	stx	$ddb1                   ; 0xddb1 <__heap_start+0x53e5>
    11a5: 8c b1 dd     	sty	$ddb1                   ; 0xddb1 <__heap_start+0x53e5>
    11a8: 9c b1 dd     	stz	$ddb1                   ; 0xddb1 <__heap_start+0x53e5>
    11ab: e8           	inx
    11ac: e0 c0        	cpx	#$c0
    11ae: d0 f2        	bne	$11a2 <main+0xb75>
    11b0: a2 b0        	ldx	#$b0
    11b2: 8e a1 dd     	stx	$dda1                   ; 0xdda1 <__heap_start+0x53d5>
    11b5: 8c a1 dd     	sty	$dda1                   ; 0xdda1 <__heap_start+0x53d5>
    11b8: 9c a1 dd     	stz	$dda1                   ; 0xdda1 <__heap_start+0x53d5>
    11bb: e8           	inx
    11bc: e0 c0        	cpx	#$c0
    11be: d0 f2        	bne	$11b2 <main+0xb85>
    11c0: 9c 00 d1     	stz	$d100                   ; 0xd100 <__heap_start+0x4734>
    11c3: 9c 00 d9     	stz	$d900                   ; 0xd900 <__heap_start+0x4f34>
    11c6: 4c 11 14     	jmp	$1411 <main+0xde4>
    11c9: a4 0f        	ldy	$f                      ; 0xf
    11cb: 78           	sei
    11cc: a2 18        	ldx	#$18
    11ce: 86 0f        	stx	$f                      ; 0xf
    11d0: 86 12        	stx	$12                     ; 0x12 <__rc2>
    11d2: ae 00 e0     	ldx	$e000                   ; 0xe000 <__heap_start+0x5634>
    11d5: 84 0f        	sty	$f                      ; 0xf
    11d7: 58           	cli
    11d8: a5 0f        	lda	$f                      ; 0xf
    11da: 78           	sei
    11db: a4 12        	ldy	$12                     ; 0x12 <__rc2>
    11dd: 84 0f        	sty	$f                      ; 0xf
    11df: ac 01 e0     	ldy	$e001                   ; 0xe001 <__heap_start+0x5635>
    11e2: 85 0f        	sta	$f                      ; 0xf
    11e4: 58           	cli
    11e5: 86 47        	stx	$47                     ; 0x47 <_col>
    11e7: 8e 14 d0     	stx	$d014                   ; 0xd014 <__heap_start+0x4648>
    11ea: 9c 15 d0     	stz	$d015                   ; 0xd015 <__heap_start+0x4649>
    11ed: 84 48        	sty	$48                     ; 0x48 <_row>
    11ef: 8c 16 d0     	sty	$d016                   ; 0xd016 <__heap_start+0x464a>
    11f2: 9c 17 d0     	stz	$d017                   ; 0xd017 <__heap_start+0x464b>
    11f5: 20 cf 54     	jsr	$54cf <wipeArea_far>
    11f8: 64 30        	stz	$30                     ; 0x30 <_ccolor>
    11fa: a2 02        	ldx	#$2
    11fc: 64 47        	stz	$47                     ; 0x47 <_col>
    11fe: 9c 14 d0     	stz	$d014                   ; 0xd014 <__heap_start+0x4648>
    1201: 9c 15 d0     	stz	$d015                   ; 0xd015 <__heap_start+0x4649>
    1204: 86 48        	stx	$48                     ; 0x48 <_row>
    1206: 8e 16 d0     	stx	$d016                   ; 0xd016 <__heap_start+0x464a>
    1209: 9c 17 d0     	stz	$d017                   ; 0xd017 <__heap_start+0x464b>
    120c: 86 28        	stx	$28                     ; 0x28 <__rc24>
    120e: a2 c2        	ldx	#$c2
    1210: 86 12        	stx	$12                     ; 0x12 <__rc2>
    1212: a2 84        	ldx	#$84
    1214: 86 13        	stx	$13                     ; 0x13 <__rc3>
    1216: 20 df 7b     	jsr	$7bdf <printf>
    1219: a6 28        	ldx	$28                     ; 0x28 <__rc24>
    121b: e8           	inx
    121c: e0 06        	cpx	#$6
    121e: d0 dc        	bne	$11fc <main+0xbcf>
    1220: a2 f0        	ldx	#$f0
    1222: 86 30        	stx	$30                     ; 0x30 <_ccolor>
    1224: a0 00        	ldy	#$0
    1226: 98           	tya
    1227: 18           	clc
    1228: 69 02        	adc	#$2
    122a: 85 12        	sta	$12                     ; 0x12 <__rc2>
    122c: a9 00        	lda	#$0
    122e: 69 e0        	adc	#$e0
    1230: 85 13        	sta	$13                     ; 0x13 <__rc3>
    1232: a6 0f        	ldx	$f                      ; 0xf
    1234: 78           	sei
    1235: a9 18        	lda	#$18
    1237: 85 0f        	sta	$f                      ; 0xf
    1239: b2 12        	lda	($12)                   ; 0x12 <__rc2>
    123b: 86 0f        	stx	$f                      ; 0xf
    123d: 58           	cli
    123e: 91 26        	sta	($26),y                 ; 0x26 <__rc22>
    1240: aa           	tax
    1241: f0 0b        	beq	$124e <main+0xc21>
    1243: c8           	iny
    1244: c0 3c        	cpy	#$3c
    1246: d0 de        	bne	$1226 <main+0xbf9>
    1248: a9 00        	lda	#$0
    124a: a0 3b        	ldy	#$3b
    124c: 91 26        	sta	($26),y                 ; 0x26 <__rc22>
    124e: a0 00        	ldy	#$0
    1250: 98           	tya
    1251: 18           	clc
    1252: 69 3e        	adc	#$3e
    1254: 85 12        	sta	$12                     ; 0x12 <__rc2>
    1256: a9 00        	lda	#$0
    1258: 69 e0        	adc	#$e0
    125a: 85 13        	sta	$13                     ; 0x13 <__rc3>
    125c: a6 0f        	ldx	$f                      ; 0xf
    125e: 78           	sei
    125f: a9 18        	lda	#$18
    1261: 85 0f        	sta	$f                      ; 0xf
    1263: b2 12        	lda	($12)                   ; 0x12 <__rc2>
    1265: 86 0f        	stx	$f                      ; 0xf
    1267: 58           	cli
    1268: 91 24        	sta	($24),y                 ; 0x24 <__rc20>
    126a: aa           	tax
    126b: f0 05        	beq	$1272 <main+0xc45>
    126d: c8           	iny
    126e: c0 78        	cpy	#$78
    1270: d0 de        	bne	$1250 <main+0xc23>
    1272: a6 11        	ldx	$11                     ; 0x11 <__zp_data_size>
    1274: 18           	clc
    1275: a5 10        	lda	$10                     ; 0x10 <__rc0>
    1277: 69 59        	adc	#$59
    1279: 48           	pha
    127a: a5 11        	lda	$11                     ; 0x11 <__zp_data_size>
    127c: 69 00        	adc	#$0
    127e: 85 14        	sta	$14                     ; 0x14 <__rc4>
    1280: 68           	pla
    1281: 92 10        	sta	($10)                   ; 0x10 <__rc0>
    1283: a0 01        	ldy	#$1
    1285: a5 14        	lda	$14                     ; 0x14 <__rc4>
    1287: 91 10        	sta	($10),y                 ; 0x10 <__rc0>
    1289: 84 14        	sty	$14                     ; 0x14 <__rc4>
    128b: 18           	clc
    128c: a5 10        	lda	$10                     ; 0x10 <__rc0>
    128e: 69 02        	adc	#$2
    1290: 85 12        	sta	$12                     ; 0x12 <__rc2>
    1292: 8a           	txa
    1293: 69 00        	adc	#$0
    1295: 85 13        	sta	$13                     ; 0x13 <__rc3>
    1297: 18           	clc
    1298: a5 10        	lda	$10                     ; 0x10 <__rc0>
    129a: 69 99        	adc	#$99
    129c: 48           	pha
    129d: a5 11        	lda	$11                     ; 0x11 <__zp_data_size>
    129f: 69 00        	adc	#$0
    12a1: 85 15        	sta	$15                     ; 0x15 <__rc5>
    12a3: 68           	pla
    12a4: c8           	iny
    12a5: a2 02        	ldx	#$2
    12a7: 86 26        	stx	$26                     ; 0x26 <__rc22>
    12a9: 91 10        	sta	($10),y                 ; 0x10 <__rc0>
    12ab: a4 14        	ldy	$14                     ; 0x14 <__rc4>
    12ad: a5 15        	lda	$15                     ; 0x15 <__rc5>
    12af: 91 12        	sta	($12),y                 ; 0x12 <__rc2>
    12b1: a2 4f        	ldx	#$4f
    12b3: 86 12        	stx	$12                     ; 0x12 <__rc2>
    12b5: a2 89        	ldx	#$89
    12b7: 86 13        	stx	$13                     ; 0x13 <__rc3>
    12b9: 20 6f 7c     	jsr	$7c6f <sprintf>
    12bc: 20 7f 6d     	jsr	$6d7f <setColors>
    12bf: 64 47        	stz	$47                     ; 0x47 <_col>
    12c1: 9c 14 d0     	stz	$d014                   ; 0xd014 <__heap_start+0x4648>
    12c4: 9c 15 d0     	stz	$d015                   ; 0xd015 <__heap_start+0x4649>
    12c7: a2 1a        	ldx	#$1a
    12c9: 86 48        	stx	$48                     ; 0x48 <_row>
    12cb: 8e 16 d0     	stx	$d016                   ; 0xd016 <__heap_start+0x464a>
    12ce: 9c 17 d0     	stz	$d017                   ; 0xd017 <__heap_start+0x464b>
    12d1: a9 4f        	lda	#$4f
    12d3: 92 10        	sta	($10)                   ; 0x10 <__rc0>
    12d5: a0 01        	ldy	#$1
    12d7: a9 89        	lda	#$89
    12d9: 91 10        	sta	($10),y                 ; 0x10 <__rc0>
    12db: a2 11        	ldx	#$11
    12dd: 86 12        	stx	$12                     ; 0x12 <__rc2>
    12df: a2 87        	ldx	#$87
    12e1: 86 13        	stx	$13                     ; 0x13 <__rc3>
    12e3: 20 df 7b     	jsr	$7bdf <printf>
    12e6: ae 4f 89     	ldx	$894f                   ; 0x894f <name>
    12e9: 64 28        	stz	$28                     ; 0x28 <__rc24>
    12eb: 64 29        	stz	$29                     ; 0x29 <__rc25>
    12ed: a4 2c        	ldy	$2c                     ; 0x2c <__rc28>
    12ef: 84 27        	sty	$27                     ; 0x27 <__rc23>
    12f1: 8a           	txa
    12f2: f0 27        	beq	$131b <main+0xcee>
    12f4: 64 12        	stz	$12                     ; 0x12 <__rc2>
    12f6: 64 13        	stz	$13                     ; 0x13 <__rc3>
    12f8: e6 28        	inc	$28                     ; 0x28 <__rc24>
    12fa: d0 02        	bne	$12fe <main+0xcd1>
    12fc: e6 29        	inc	$29                     ; 0x29 <__rc25>
    12fe: a9 50        	lda	#$50
    1300: a6 2c        	ldx	$2c                     ; 0x2c <__rc28>
    1302: e0 01        	cpx	#$1
    1304: 65 12        	adc	$12                     ; 0x12 <__rc2>
    1306: 85 12        	sta	$12                     ; 0x12 <__rc2>
    1308: a9 89        	lda	#$89
    130a: 65 13        	adc	$13                     ; 0x13 <__rc3>
    130c: 85 13        	sta	$13                     ; 0x13 <__rc3>
    130e: b2 12        	lda	($12)                   ; 0x12 <__rc2>
    1310: a6 28        	ldx	$28                     ; 0x28 <__rc24>
    1312: 86 12        	stx	$12                     ; 0x12 <__rc2>
    1314: a6 29        	ldx	$29                     ; 0x29 <__rc25>
    1316: 86 13        	stx	$13                     ; 0x13 <__rc3>
    1318: aa           	tax
    1319: d0 dd        	bne	$12f8 <main+0xccb>
    131b: a9 4f        	lda	#$4f
    131d: a6 2c        	ldx	$2c                     ; 0x2c <__rc28>
    131f: e0 01        	cpx	#$1
    1321: 65 28        	adc	$28                     ; 0x28 <__rc24>
    1323: aa           	tax
    1324: a9 89        	lda	#$89
    1326: 65 29        	adc	$29                     ; 0x29 <__rc25>
    1328: a8           	tay
    1329: 18           	clc
    132a: 8a           	txa
    132b: 69 fd        	adc	#$fd
    132d: 85 2c        	sta	$2c                     ; 0x2c <__rc28>
    132f: 98           	tya
    1330: 69 ff        	adc	#$ff
    1332: 85 2d        	sta	$2d                     ; 0x2d <__rc29>
    1334: a9 0a        	lda	#$a
    1336: 20 1f 6d     	jsr	$6d1f <lilpause>
    1339: b2 2c        	lda	($2c)                   ; 0x2c <__rc28>
    133b: f0 35        	beq	$1372 <main+0xd45>
    133d: a2 00        	ldx	#$0
    133f: 86 2c        	stx	$2c                     ; 0x2c <__rc28>
    1341: a6 27        	ldx	$27                     ; 0x27 <__rc23>
    1343: e0 01        	cpx	#$1
    1345: aa           	tax
    1346: a9 4d        	lda	#$4d
    1348: 65 28        	adc	$28                     ; 0x28 <__rc24>
    134a: 85 14        	sta	$14                     ; 0x14 <__rc4>
    134c: a9 89        	lda	#$89
    134e: 65 29        	adc	$29                     ; 0x29 <__rc25>
    1350: 85 15        	sta	$15                     ; 0x15 <__rc5>
    1352: 8a           	txa
    1353: a2 35        	ldx	#$35
    1355: 86 12        	stx	$12                     ; 0x12 <__rc2>
    1357: a2 00        	ldx	#$0
    1359: 86 13        	stx	$13                     ; 0x13 <__rc3>
    135b: d2 12        	cmp	($12)                   ; 0x12 <__rc2>
    135d: d0 21        	bne	$1380 <main+0xd53>
    135f: e6 12        	inc	$12                     ; 0x12 <__rc2>
    1361: d0 02        	bne	$1365 <main+0xd38>
    1363: e6 13        	inc	$13                     ; 0x13 <__rc3>
    1365: b2 14        	lda	($14)                   ; 0x14 <__rc4>
    1367: e6 14        	inc	$14                     ; 0x14 <__rc4>
    1369: d0 02        	bne	$136d <main+0xd40>
    136b: e6 15        	inc	$15                     ; 0x15 <__rc5>
    136d: aa           	tax
    136e: d0 eb        	bne	$135b <main+0xd2e>
    1370: 80 0c        	bra	$137e <main+0xd51>
    1372: a2 00        	ldx	#$0
    1374: 86 2c        	stx	$2c                     ; 0x2c <__rc28>
    1376: a2 35        	ldx	#$35
    1378: 86 12        	stx	$12                     ; 0x12 <__rc2>
    137a: a2 00        	ldx	#$0
    137c: 86 13        	stx	$13                     ; 0x13 <__rc3>
    137e: a9 00        	lda	#$0
    1380: d2 12        	cmp	($12)                   ; 0x12 <__rc2>
    1382: d0 33        	bne	$13b7 <main+0xd8a>
    1384: a2 4f        	ldx	#$4f
    1386: 86 12        	stx	$12                     ; 0x12 <__rc2>
    1388: a2 89        	ldx	#$89
    138a: 86 13        	stx	$13                     ; 0x13 <__rc3>
    138c: a2 30        	ldx	#$30
    138e: 86 14        	stx	$14                     ; 0x14 <__rc4>
    1390: a2 87        	ldx	#$87
    1392: 86 15        	stx	$15                     ; 0x15 <__rc5>
    1394: 20 88 2a     	jsr	$2a88 <fileOpen>
    1397: a5 12        	lda	$12                     ; 0x12 <__rc2>
    1399: a0 11        	ldy	#$11
    139b: 91 10        	sta	($10),y                 ; 0x10 <__rc0>
    139d: a5 13        	lda	$13                     ; 0x13 <__rc3>
    139f: c8           	iny
    13a0: 91 10        	sta	($10),y                 ; 0x10 <__rc0>
    13a2: a0 15        	ldy	#$15
    13a4: b1 10        	lda	($10),y                 ; 0x10 <__rc0>
    13a6: 85 14        	sta	$14                     ; 0x14 <__rc4>
    13a8: c8           	iny
    13a9: b1 10        	lda	($10),y                 ; 0x10 <__rc0>
    13ab: 85 15        	sta	$15                     ; 0x15 <__rc5>
    13ad: 20 6b 29     	jsr	$296b <fetchNextPLEntry>
    13b0: 38           	sec
    13b1: a9 01        	lda	#$1
    13b3: a0 17        	ldy	#$17
    13b5: 91 10        	sta	($10),y                 ; 0x10 <__rc0>
    13b7: 20 0f 5a     	jsr	$5a0f <loadSMFile>
    13ba: 8d 48 89     	sta	$8948                   ; 0x8948 <fileOpenedErrorCode>
    13bd: 85 27        	sta	$27                     ; 0x27 <__rc23>
    13bf: a9 01        	lda	#$1
    13c1: 20 1f 6d     	jsr	$6d1f <lilpause>
    13c4: a6 27        	ldx	$27                     ; 0x27 <__rc23>
    13c6: 64 47        	stz	$47                     ; 0x47 <_col>
    13c8: 9c 14 d0     	stz	$d014                   ; 0xd014 <__heap_start+0x4648>
    13cb: 9c 15 d0     	stz	$d015                   ; 0xd015 <__heap_start+0x4649>
    13ce: a4 26        	ldy	$26                     ; 0x26 <__rc22>
    13d0: 8a           	txa
    13d1: d0 03        	bne	$13d6 <main+0xda9>
    13d3: 4c ec 25     	jmp	$25ec <main+0x1fbf>
    13d6: 84 48        	sty	$48                     ; 0x48 <_row>
    13d8: a2 02        	ldx	#$2
    13da: 86 26        	stx	$26                     ; 0x26 <__rc22>
    13dc: 8c 16 d0     	sty	$d016                   ; 0xd016 <__heap_start+0x464a>
    13df: 9c 17 d0     	stz	$d017                   ; 0xd017 <__heap_start+0x464b>
    13e2: a2 03        	ldx	#$3
    13e4: 86 12        	stx	$12                     ; 0x12 <__rc2>
    13e6: a2 87        	ldx	#$87
    13e8: 86 13        	stx	$13                     ; 0x13 <__rc3>
    13ea: 20 df 7b     	jsr	$7bdf <printf>
    13ed: 64 77        	stz	$77                     ; 0x77 <kernelEventData>
    13ef: a2 76        	ldx	#$76
    13f1: 86 12        	stx	$12                     ; 0x12 <__rc2>
    13f3: a2 00        	ldx	#$0
    13f5: 86 13        	stx	$13                     ; 0x13 <__rc3>
    13f7: 20 00 ff     	jsr	$ff00 <__heap_start+0x7534>
    13fa: 92 24        	sta	($24)                   ; 0x24 <__rc20>
    13fc: a9 00        	lda	#$0
    13fe: 6a           	ror
    13ff: 85 12        	sta	$12                     ; 0x12 <__rc2>
    1401: a6 77        	ldx	$77                     ; 0x77 <kernelEventData>
    1403: e0 08        	cpx	#$8
    1405: d0 e6        	bne	$13ed <main+0xdc0>
    1407: a6 7b        	ldx	$7b                     ; 0x7b <kernelEventData+0x4>
    1409: e0 20        	cpx	#$20
    140b: f0 04        	beq	$1411 <main+0xde4>
    140d: e0 94        	cpx	#$94
    140f: d0 dc        	bne	$13ed <main+0xdc0>
    1411: a0 18        	ldy	#$18
    1413: b1 10        	lda	($10),y                 ; 0x10 <__rc0>
    1415: c9 06        	cmp	#$6
    1417: d0 08        	bne	$1421 <main+0xdf4>
    1419: 20 0f 5a     	jsr	$5a0f <loadSMFile>
    141c: ae 48 89     	ldx	$8948                   ; 0x8948 <fileOpenedErrorCode>
    141f: 80 a5        	bra	$13c6 <main+0xd99>
    1421: a0 17        	ldy	#$17
    1423: b1 10        	lda	($10),y                 ; 0x10 <__rc0>
    1425: 85 12        	sta	$12                     ; 0x12 <__rc2>
    1427: a5 12        	lda	$12                     ; 0x12 <__rc2>
    1429: f0 1c        	beq	$1447 <main+0xe1a>
    142b: a0 11        	ldy	#$11
    142d: b1 10        	lda	($10),y                 ; 0x10 <__rc0>
    142f: 85 12        	sta	$12                     ; 0x12 <__rc2>
    1431: c8           	iny
    1432: b1 10        	lda	($10),y                 ; 0x10 <__rc0>
    1434: 85 13        	sta	$13                     ; 0x13 <__rc3>
    1436: a0 15        	ldy	#$15
    1438: b1 10        	lda	($10),y                 ; 0x10 <__rc0>
    143a: 85 14        	sta	$14                     ; 0x14 <__rc4>
    143c: c8           	iny
    143d: b1 10        	lda	($10),y                 ; 0x10 <__rc0>
    143f: 85 15        	sta	$15                     ; 0x15 <__rc5>
    1441: 20 6b 29     	jsr	$296b <fetchNextPLEntry>
    1444: 4c bc 12     	jmp	$12bc <main+0xc8f>
    1447: a0 00        	ldy	#$0
    1449: 5a           	phy
    144a: a0 13        	ldy	#$13
    144c: b1 10        	lda	($10),y                 ; 0x10 <__rc0>
    144e: 85 26        	sta	$26                     ; 0x26 <__rc22>
    1450: c8           	iny
    1451: b1 10        	lda	($10),y                 ; 0x10 <__rc0>
    1453: 7a           	ply
    1454: 85 27        	sta	$27                     ; 0x27 <__rc23>
    1456: 98           	tya
    1457: 18           	clc
    1458: 69 02        	adc	#$2
    145a: 85 12        	sta	$12                     ; 0x12 <__rc2>
    145c: a9 00        	lda	#$0
    145e: 69 e0        	adc	#$e0
    1460: a6 0f        	ldx	$f                      ; 0xf
    1462: 86 14        	stx	$14                     ; 0x14 <__rc4>
    1464: 78           	sei
    1465: a2 18        	ldx	#$18
    1467: 86 29        	stx	$29                     ; 0x29 <__rc25>
    1469: 86 0f        	stx	$f                      ; 0xf
    146b: 85 13        	sta	$13                     ; 0x13 <__rc3>
    146d: b2 12        	lda	($12)                   ; 0x12 <__rc2>
    146f: a6 14        	ldx	$14                     ; 0x14 <__rc4>
    1471: 86 0f        	stx	$f                      ; 0xf
    1473: 18           	clc
    1474: 48           	pha
    1475: a5 10        	lda	$10                     ; 0x10 <__rc0>
    1477: 69 1d        	adc	#$1d
    1479: 85 12        	sta	$12                     ; 0x12 <__rc2>
    147b: a5 11        	lda	$11                     ; 0x11 <__zp_data_size>
    147d: 69 00        	adc	#$0
    147f: 85 13        	sta	$13                     ; 0x13 <__rc3>
    1481: 68           	pla
    1482: 58           	cli
    1483: 91 12        	sta	($12),y                 ; 0x12 <__rc2>
    1485: aa           	tax
    1486: f0 0b        	beq	$1493 <main+0xe66>
    1488: c8           	iny
    1489: c0 3c        	cpy	#$3c
    148b: d0 c9        	bne	$1456 <main+0xe29>
    148d: a9 00        	lda	#$0
    148f: a0 3b        	ldy	#$3b
    1491: 91 12        	sta	($12),y                 ; 0x12 <__rc2>
    1493: 20 00 28     	jsr	$2800 <fileOpenDir>
    1496: a2 00        	ldx	#$0
    1498: 86 14        	stx	$14                     ; 0x14 <__rc4>
    149a: a2 00        	ldx	#$0
    149c: 86 15        	stx	$15                     ; 0x15 <__rc5>
    149e: a6 13        	ldx	$13                     ; 0x13 <__rc3>
    14a0: e4 15        	cpx	$15                     ; 0x15 <__rc5>
    14a2: d0 2e        	bne	$14d2 <main+0xea5>
    14a4: a6 12        	ldx	$12                     ; 0x12 <__rc2>
    14a6: e4 14        	cpx	$14                     ; 0x14 <__rc4>
    14a8: d0 28        	bne	$14d2 <main+0xea5>
    14aa: a2 00        	ldx	#$0
    14ac: 18           	clc
    14ad: 8a           	txa
    14ae: 69 02        	adc	#$2
    14b0: 85 12        	sta	$12                     ; 0x12 <__rc2>
    14b2: a9 00        	lda	#$0
    14b4: 69 e0        	adc	#$e0
    14b6: bc 1c 86     	ldy	$861c,x                 ; 0x861c <textColors+0x194>
    14b9: 84 14        	sty	$14                     ; 0x14 <__rc4>
    14bb: 85 13        	sta	$13                     ; 0x13 <__rc3>
    14bd: a4 0f        	ldy	$f                      ; 0xf
    14bf: 78           	sei
    14c0: a5 29        	lda	$29                     ; 0x29 <__rc25>
    14c2: 85 0f        	sta	$f                      ; 0xf
    14c4: a5 14        	lda	$14                     ; 0x14 <__rc4>
    14c6: 92 12        	sta	($12)                   ; 0x12 <__rc2>
    14c8: 84 0f        	sty	$f                      ; 0xf
    14ca: 58           	cli
    14cb: e8           	inx
    14cc: e0 03        	cpx	#$3
    14ce: d0 dc        	bne	$14ac <main+0xe7f>
    14d0: 80 03        	bra	$14d5 <main+0xea8>
    14d2: 20 20 29     	jsr	$2920 <fileCloseDir>
    14d5: a2 18        	ldx	#$18
    14d7: 86 29        	stx	$29                     ; 0x29 <__rc25>
    14d9: a2 75        	ldx	#$75
    14db: 86 30        	stx	$30                     ; 0x30 <_ccolor>
    14dd: a2 02        	ldx	#$2
    14df: a9 00        	lda	#$0
    14e1: a0 01        	ldy	#$1
    14e3: 84 28        	sty	$28                     ; 0x28 <__rc24>
    14e5: 64 47        	stz	$47                     ; 0x47 <_col>
    14e7: 9c 14 d0     	stz	$d014                   ; 0xd014 <__heap_start+0x4648>
    14ea: 9c 15 d0     	stz	$d015                   ; 0xd015 <__heap_start+0x4649>
    14ed: 86 48        	stx	$48                     ; 0x48 <_row>
    14ef: 8e 16 d0     	stx	$d016                   ; 0xd016 <__heap_start+0x464a>
    14f2: 9c 17 d0     	stz	$d017                   ; 0xd017 <__heap_start+0x464b>
    14f5: 86 2c        	stx	$2c                     ; 0x2c <__rc28>
    14f7: aa           	tax
    14f8: 85 2d        	sta	$2d                     ; 0x2d <__rc29>
    14fa: b5 39        	lda	$39,x                   ; 0x39 <_ccolor+0x9>
    14fc: 48           	pha
    14fd: b5 3a        	lda	$3a,x                   ; 0x3a <_ccolor+0xa>
    14ff: aa           	tax
    1500: 68           	pla
    1501: 92 10        	sta	($10)                   ; 0x10 <__rc0>
    1503: a4 28        	ldy	$28                     ; 0x28 <__rc24>
    1505: 8a           	txa
    1506: 91 10        	sta	($10),y                 ; 0x10 <__rc0>
    1508: a2 3e        	ldx	#$3e
    150a: 86 12        	stx	$12                     ; 0x12 <__rc2>
    150c: a2 86        	ldx	#$86
    150e: 86 13        	stx	$13                     ; 0x13 <__rc3>
    1510: 20 df 7b     	jsr	$7bdf <printf>
    1513: a5 2d        	lda	$2d                     ; 0x2d <__rc29>
    1515: a6 2c        	ldx	$2c                     ; 0x2c <__rc28>
    1517: 18           	clc
    1518: 69 02        	adc	#$2
    151a: e8           	inx
    151b: c9 08        	cmp	#$8
    151d: d0 c6        	bne	$14e5 <main+0xeb8>
    151f: a2 00        	ldx	#$0
    1521: a0 e0        	ldy	#$e0
    1523: 84 14        	sty	$14                     ; 0x14 <__rc4>
    1525: 18           	clc
    1526: 8a           	txa
    1527: 69 3e        	adc	#$3e
    1529: 85 12        	sta	$12                     ; 0x12 <__rc2>
    152b: a4 0f        	ldy	$f                      ; 0xf
    152d: 78           	sei
    152e: a5 29        	lda	$29                     ; 0x29 <__rc25>
    1530: 85 0f        	sta	$f                      ; 0xf
    1532: a5 14        	lda	$14                     ; 0x14 <__rc4>
    1534: 85 13        	sta	$13                     ; 0x13 <__rc3>
    1536: a9 00        	lda	#$0
    1538: 92 12        	sta	($12)                   ; 0x12 <__rc2>
    153a: 84 0f        	sty	$f                      ; 0xf
    153c: 58           	cli
    153d: e8           	inx
    153e: e0 78        	cpx	#$78
    1540: d0 e3        	bne	$1525 <main+0xef8>
    1542: 20 b9 53     	jsr	$53b9 <reprepFPR_far>
    1545: 64 12        	stz	$12                     ; 0x12 <__rc2>
    1547: 64 13        	stz	$13                     ; 0x13 <__rc3>
    1549: a5 12        	lda	$12                     ; 0x12 <__rc2>
    154b: 0a           	asl
    154c: a6 13        	ldx	$13                     ; 0x13 <__rc3>
    154e: 86 14        	stx	$14                     ; 0x14 <__rc4>
    1550: 26 14        	rol	$14                     ; 0x14 <__rc4>
    1552: 18           	clc
    1553: a2 01        	ldx	#$1
    1555: b0 02        	bcs	$1559 <main+0xf2c>
    1557: a2 00        	ldx	#$0
    1559: 86 19        	stx	$19                     ; 0x19 <__rc9>
    155b: 65 12        	adc	$12                     ; 0x12 <__rc2>
    155d: 85 1a        	sta	$1a                     ; 0x1a <__rc10>
    155f: a5 14        	lda	$14                     ; 0x14 <__rc4>
    1561: 65 13        	adc	$13                     ; 0x13 <__rc3>
    1563: 85 18        	sta	$18                     ; 0x18 <__rc8>
    1565: 64 14        	stz	$14                     ; 0x14 <__rc4>
    1567: a5 1a        	lda	$1a                     ; 0x1a <__rc10>
    1569: a6 19        	ldx	$19                     ; 0x19 <__rc9>
    156b: e0 01        	cpx	#$1
    156d: 65 14        	adc	$14                     ; 0x14 <__rc4>
    156f: 85 15        	sta	$15                     ; 0x15 <__rc5>
    1571: a5 18        	lda	$18                     ; 0x18 <__rc8>
    1573: 69 00        	adc	#$0
    1575: a8           	tay
    1576: a9 00        	lda	#$0
    1578: 69 00        	adc	#$0
    157a: aa           	tax
    157b: 18           	clc
    157c: a5 15        	lda	$15                     ; 0x15 <__rc5>
    157e: 69 4e        	adc	#$4e
    1580: 85 16        	sta	$16                     ; 0x16 <__rc6>
    1582: 98           	tya
    1583: 69 5f        	adc	#$5f
    1585: a8           	tay
    1586: 8a           	txa
    1587: 69 03        	adc	#$3
    1589: 85 17        	sta	$17                     ; 0x17 <__rc7>
    158b: 98           	tya
    158c: 84 15        	sty	$15                     ; 0x15 <__rc5>
    158e: 06 15        	asl	$15                     ; 0x15 <__rc5>
    1590: 26 17        	rol	$17                     ; 0x17 <__rc7>
    1592: 06 15        	asl	$15                     ; 0x15 <__rc5>
    1594: 26 17        	rol	$17                     ; 0x17 <__rc7>
    1596: 06 15        	asl	$15                     ; 0x15 <__rc5>
    1598: 26 17        	rol	$17                     ; 0x17 <__rc7>
    159a: a4 17        	ldy	$17                     ; 0x17 <__rc7>
    159c: a6 0f        	ldx	$f                      ; 0xf
    159e: 78           	sei
    159f: 84 0f        	sty	$f                      ; 0xf
    15a1: 09 e0        	ora	#$e0
    15a3: 85 17        	sta	$17                     ; 0x17 <__rc7>
    15a5: a9 00        	lda	#$0
    15a7: 92 16        	sta	($16)                   ; 0x16 <__rc6>
    15a9: 86 0f        	stx	$f                      ; 0xf
    15ab: 58           	cli
    15ac: a6 14        	ldx	$14                     ; 0x14 <__rc4>
    15ae: e8           	inx
    15af: 86 14        	stx	$14                     ; 0x14 <__rc4>
    15b1: e0 03        	cpx	#$3
    15b3: f0 03        	beq	$15b8 <main+0xf8b>
    15b5: 4c 67 15     	jmp	$1567 <main+0xf3a>
    15b8: a2 00        	ldx	#$0
    15ba: 86 2c        	stx	$2c                     ; 0x2c <__rc28>
    15bc: a6 13        	ldx	$13                     ; 0x13 <__rc3>
    15be: a4 12        	ldy	$12                     ; 0x12 <__rc2>
    15c0: c8           	iny
    15c1: d0 01        	bne	$15c4 <main+0xf97>
    15c3: e8           	inx
    15c4: 84 12        	sty	$12                     ; 0x12 <__rc2>
    15c6: 86 13        	stx	$13                     ; 0x13 <__rc3>
    15c8: 8a           	txa
    15c9: f0 03        	beq	$15ce <main+0xfa1>
    15cb: 4c 49 15     	jmp	$1549 <main+0xf1c>
    15ce: 84 12        	sty	$12                     ; 0x12 <__rc2>
    15d0: 86 13        	stx	$13                     ; 0x13 <__rc3>
    15d2: c0 04        	cpy	#$4
    15d4: f0 03        	beq	$15d9 <main+0xfac>
    15d6: 4c 49 15     	jmp	$1549 <main+0xf1c>
    15d9: a6 0f        	ldx	$f                      ; 0xf
    15db: 78           	sei
    15dc: a9 18        	lda	#$18
    15de: 85 0f        	sta	$f                      ; 0xf
    15e0: a0 01        	ldy	#$1
    15e2: 8c 00 e0     	sty	$e000                   ; 0xe000 <__heap_start+0x5634>
    15e5: 86 0f        	stx	$f                      ; 0xf
    15e7: 58           	cli
    15e8: a6 0f        	ldx	$f                      ; 0xf
    15ea: 78           	sei
    15eb: 85 0f        	sta	$f                      ; 0xf
    15ed: a0 06        	ldy	#$6
    15ef: 8c 01 e0     	sty	$e001                   ; 0xe001 <__heap_start+0x5635>
    15f2: 86 0f        	stx	$f                      ; 0xf
    15f4: 58           	cli
    15f5: a2 00        	ldx	#$0
    15f7: a0 1a        	ldy	#$1a
    15f9: 8a           	txa
    15fa: 18           	clc
    15fb: 69 4e        	adc	#$4e
    15fd: 85 12        	sta	$12                     ; 0x12 <__rc2>
    15ff: 84 14        	sty	$14                     ; 0x14 <__rc4>
    1601: a9 00        	lda	#$0
    1603: 69 ff        	adc	#$ff
    1605: b4 31        	ldy	$31,x                   ; 0x31 <_ccolor+0x1>
    1607: 84 15        	sty	$15                     ; 0x15 <__rc5>
    1609: 85 13        	sta	$13                     ; 0x13 <__rc3>
    160b: a4 14        	ldy	$14                     ; 0x14 <__rc4>
    160d: a5 0f        	lda	$f                      ; 0xf
    160f: 85 16        	sta	$16                     ; 0x16 <__rc6>
    1611: 78           	sei
    1612: 84 0f        	sty	$f                      ; 0xf
    1614: a5 15        	lda	$15                     ; 0x15 <__rc5>
    1616: 92 12        	sta	($12)                   ; 0x12 <__rc2>
    1618: a5 16        	lda	$16                     ; 0x16 <__rc6>
    161a: 85 0f        	sta	$f                      ; 0xf
    161c: 58           	cli
    161d: e8           	inx
    161e: e0 03        	cpx	#$3
    1620: d0 d7        	bne	$15f9 <main+0xfcc>
    1622: a2 00        	ldx	#$0
    1624: 18           	clc
    1625: 8a           	txa
    1626: 69 51        	adc	#$51
    1628: 85 12        	sta	$12                     ; 0x12 <__rc2>
    162a: a9 00        	lda	#$0
    162c: 69 ff        	adc	#$ff
    162e: b4 35        	ldy	$35,x                   ; 0x35 <_ccolor+0x5>
    1630: 84 15        	sty	$15                     ; 0x15 <__rc5>
    1632: 85 13        	sta	$13                     ; 0x13 <__rc3>
    1634: a5 14        	lda	$14                     ; 0x14 <__rc4>
    1636: a4 0f        	ldy	$f                      ; 0xf
    1638: 78           	sei
    1639: 85 16        	sta	$16                     ; 0x16 <__rc6>
    163b: 85 0f        	sta	$f                      ; 0xf
    163d: a5 15        	lda	$15                     ; 0x15 <__rc5>
    163f: 92 12        	sta	($12)                   ; 0x12 <__rc2>
    1641: 84 0f        	sty	$f                      ; 0xf
    1643: 58           	cli
    1644: e8           	inx
    1645: e0 03        	cpx	#$3
    1647: d0 db        	bne	$1624 <main+0xff7>
    1649: a2 00        	ldx	#$0
    164b: a0 ff        	ldy	#$ff
    164d: 84 28        	sty	$28                     ; 0x28 <__rc24>
    164f: a4 0f        	ldy	$f                      ; 0xf
    1651: 78           	sei
    1652: a5 16        	lda	$16                     ; 0x16 <__rc6>
    1654: 85 0f        	sta	$f                      ; 0xf
    1656: 8a           	txa
    1657: 09 54        	ora	#$54
    1659: 85 12        	sta	$12                     ; 0x12 <__rc2>
    165b: a5 28        	lda	$28                     ; 0x28 <__rc24>
    165d: 85 13        	sta	$13                     ; 0x13 <__rc3>
    165f: a9 00        	lda	#$0
    1661: 92 12        	sta	($12)                   ; 0x12 <__rc2>
    1663: 84 0f        	sty	$f                      ; 0xf
    1665: 58           	cli
    1666: e8           	inx
    1667: e0 03        	cpx	#$3
    1669: d0 e4        	bne	$164f <main+0x1022>
    166b: a2 57        	ldx	#$57
    166d: a0 ff        	ldy	#$ff
    166f: 86 12        	stx	$12                     ; 0x12 <__rc2>
    1671: 84 13        	sty	$13                     ; 0x13 <__rc3>
    1673: a4 16        	ldy	$16                     ; 0x16 <__rc6>
    1675: a6 0f        	ldx	$f                      ; 0xf
    1677: 78           	sei
    1678: 84 0f        	sty	$f                      ; 0xf
    167a: 92 12        	sta	($12)                   ; 0x12 <__rc2>
    167c: 86 0f        	stx	$f                      ; 0xf
    167e: 58           	cli
    167f: e6 12        	inc	$12                     ; 0x12 <__rc2>
    1681: d0 02        	bne	$1685 <main+0x1058>
    1683: e6 13        	inc	$13                     ; 0x13 <__rc3>
    1685: a6 12        	ldx	$12                     ; 0x12 <__rc2>
    1687: e0 5a        	cpx	#$5a
    1689: d0 ea        	bne	$1675 <main+0x1048>
    168b: 84 28        	sty	$28                     ; 0x28 <__rc24>
    168d: 20 84 34     	jsr	$3484 <readDirectory_far>
    1690: 20 8c 39     	jsr	$398c <sortFileList_far>
    1693: a2 a0        	ldx	#$a0
    1695: 86 30        	stx	$30                     ; 0x30 <_ccolor>
    1697: a4 0f        	ldy	$f                      ; 0xf
    1699: 78           	sei
    169a: a6 28        	ldx	$28                     ; 0x28 <__rc24>
    169c: 86 0f        	stx	$f                      ; 0xf
    169e: ad 4a ff     	lda	$ff4a                   ; 0xff4a <__heap_start+0x757e>
    16a1: ae 4b ff     	ldx	$ff4b                   ; 0xff4b <__heap_start+0x757f>
    16a4: 84 0f        	sty	$f                      ; 0xf
    16a6: 58           	cli
    16a7: 4c 9b 18     	jmp	$189b <main+0x126e>
    16aa: a4 0f        	ldy	$f                      ; 0xf
    16ac: 78           	sei
    16ad: a9 18        	lda	#$18
    16af: 85 0f        	sta	$f                      ; 0xf
    16b1: ae 02 e0     	ldx	$e002                   ; 0xe002 <__heap_start+0x5636>
    16b4: 84 0f        	sty	$f                      ; 0xf
    16b6: 58           	cli
    16b7: e0 00        	cpx	#$0
    16b9: d0 03        	bne	$16be <main+0x1091>
    16bb: 4c 82 18     	jmp	$1882 <main+0x1255>
    16be: e0 2f        	cpx	#$2f
    16c0: d0 11        	bne	$16d3 <main+0x10a6>
    16c2: a6 0f        	ldx	$f                      ; 0xf
    16c4: 78           	sei
    16c5: 85 0f        	sta	$f                      ; 0xf
    16c7: ac 03 e0     	ldy	$e003                   ; 0xe003 <__heap_start+0x5637>
    16ca: 86 0f        	stx	$f                      ; 0xf
    16cc: 58           	cli
    16cd: 98           	tya
    16ce: d0 03        	bne	$16d3 <main+0x10a6>
    16d0: 4c 82 18     	jmp	$1882 <main+0x1255>
    16d3: a2 e0        	ldx	#$e0
    16d5: 86 15        	stx	$15                     ; 0x15 <__rc5>
    16d7: a2 ff        	ldx	#$ff
    16d9: 86 16        	stx	$16                     ; 0x16 <__rc6>
    16db: e8           	inx
    16dc: a0 ff        	ldy	#$ff
    16de: 84 17        	sty	$17                     ; 0x17 <__rc7>
    16e0: 80 09        	bra	$16eb <main+0x10be>
    16e2: 64 17        	stz	$17                     ; 0x17 <__rc7>
    16e4: 86 16        	stx	$16                     ; 0x16 <__rc6>
    16e6: e8           	inx
    16e7: e0 3c        	cpx	#$3c
    16e9: f0 23        	beq	$170e <main+0x10e1>
    16eb: 8a           	txa
    16ec: 18           	clc
    16ed: 69 02        	adc	#$2
    16ef: a4 0f        	ldy	$f                      ; 0xf
    16f1: 84 18        	sty	$18                     ; 0x18 <__rc8>
    16f3: 78           	sei
    16f4: a0 18        	ldy	#$18
    16f6: 84 14        	sty	$14                     ; 0x14 <__rc4>
    16f8: 84 0f        	sty	$f                      ; 0xf
    16fa: 85 12        	sta	$12                     ; 0x12 <__rc2>
    16fc: a4 15        	ldy	$15                     ; 0x15 <__rc5>
    16fe: 84 13        	sty	$13                     ; 0x13 <__rc3>
    1700: b2 12        	lda	($12)                   ; 0x12 <__rc2>
    1702: a4 18        	ldy	$18                     ; 0x18 <__rc8>
    1704: 84 0f        	sty	$f                      ; 0xf
    1706: 58           	cli
    1707: c9 2f        	cmp	#$2f
    1709: f0 d7        	beq	$16e2 <main+0x10b5>
    170b: a8           	tay
    170c: d0 d8        	bne	$16e6 <main+0x10b9>
    170e: a6 16        	ldx	$16                     ; 0x16 <__rc6>
    1710: e0 01        	cpx	#$1
    1712: a5 17        	lda	$17                     ; 0x17 <__rc7>
    1714: e9 00        	sbc	#$0
    1716: 50 02        	bvc	$171a <main+0x10ed>
    1718: 49 80        	eor	#$80
    171a: aa           	tax
    171b: 10 03        	bpl	$1720 <main+0x10f3>
    171d: 4c 63 18     	jmp	$1863 <main+0x1236>
    1720: 18           	clc
    1721: a5 16        	lda	$16                     ; 0x16 <__rc6>
    1723: 69 02        	adc	#$2
    1725: 85 12        	sta	$12                     ; 0x12 <__rc2>
    1727: a5 17        	lda	$17                     ; 0x17 <__rc7>
    1729: 69 00        	adc	#$0
    172b: a8           	tay
    172c: a9 00        	lda	#$0
    172e: 69 03        	adc	#$3
    1730: 85 13        	sta	$13                     ; 0x13 <__rc3>
    1732: a6 0f        	ldx	$f                      ; 0xf
    1734: 78           	sei
    1735: 98           	tya
    1736: 0a           	asl
    1737: 26 13        	rol	$13                     ; 0x13 <__rc3>
    1739: 0a           	asl
    173a: 26 13        	rol	$13                     ; 0x13 <__rc3>
    173c: 0a           	asl
    173d: a5 13        	lda	$13                     ; 0x13 <__rc3>
    173f: 2a           	rol
    1740: 85 0f        	sta	$f                      ; 0xf
    1742: 98           	tya
    1743: 09 e0        	ora	#$e0
    1745: 85 13        	sta	$13                     ; 0x13 <__rc3>
    1747: a9 00        	lda	#$0
    1749: 92 12        	sta	($12)                   ; 0x12 <__rc2>
    174b: 86 0f        	stx	$f                      ; 0xf
    174d: 58           	cli
    174e: 4c 82 18     	jmp	$1882 <main+0x1255>
    1751: a0 00        	ldy	#$0
    1753: 98           	tya
    1754: 18           	clc
    1755: 69 02        	adc	#$2
    1757: 85 12        	sta	$12                     ; 0x12 <__rc2>
    1759: a9 00        	lda	#$0
    175b: 69 e0        	adc	#$e0
    175d: a6 0f        	ldx	$f                      ; 0xf
    175f: 86 14        	stx	$14                     ; 0x14 <__rc4>
    1761: 78           	sei
    1762: a2 18        	ldx	#$18
    1764: 86 0f        	stx	$f                      ; 0xf
    1766: 85 13        	sta	$13                     ; 0x13 <__rc3>
    1768: b2 12        	lda	($12)                   ; 0x12 <__rc2>
    176a: a6 14        	ldx	$14                     ; 0x14 <__rc4>
    176c: 86 0f        	stx	$f                      ; 0xf
    176e: 18           	clc
    176f: 48           	pha
    1770: a5 10        	lda	$10                     ; 0x10 <__rc0>
    1772: 69 11        	adc	#$11
    1774: 85 12        	sta	$12                     ; 0x12 <__rc2>
    1776: a5 11        	lda	$11                     ; 0x11 <__zp_data_size>
    1778: 69 01        	adc	#$1
    177a: 85 13        	sta	$13                     ; 0x13 <__rc3>
    177c: 68           	pla
    177d: 58           	cli
    177e: 91 12        	sta	($12),y                 ; 0x12 <__rc2>
    1780: aa           	tax
    1781: f0 05        	beq	$1788 <main+0x115b>
    1783: c8           	iny
    1784: c0 3c        	cpy	#$3c
    1786: d0 cb        	bne	$1753 <main+0x1126>
    1788: a0 00        	ldy	#$0
    178a: 98           	tya
    178b: 18           	clc
    178c: 69 3e        	adc	#$3e
    178e: 85 12        	sta	$12                     ; 0x12 <__rc2>
    1790: a9 00        	lda	#$0
    1792: 69 e0        	adc	#$e0
    1794: 85 13        	sta	$13                     ; 0x13 <__rc3>
    1796: a6 0f        	ldx	$f                      ; 0xf
    1798: 78           	sei
    1799: a9 18        	lda	#$18
    179b: 85 0f        	sta	$f                      ; 0xf
    179d: b2 12        	lda	($12)                   ; 0x12 <__rc2>
    179f: 86 0f        	stx	$f                      ; 0xf
    17a1: 58           	cli
    17a2: 91 24        	sta	($24),y                 ; 0x24 <__rc20>
    17a4: aa           	tax
    17a5: f0 05        	beq	$17ac <main+0x117f>
    17a7: c8           	iny
    17a8: c0 78        	cpy	#$78
    17aa: d0 de        	bne	$178a <main+0x115d>
    17ac: a6 11        	ldx	$11                     ; 0x11 <__zp_data_size>
    17ae: 18           	clc
    17af: a5 10        	lda	$10                     ; 0x10 <__rc0>
    17b1: 69 11        	adc	#$11
    17b3: 48           	pha
    17b4: a5 11        	lda	$11                     ; 0x11 <__zp_data_size>
    17b6: 69 01        	adc	#$1
    17b8: 85 14        	sta	$14                     ; 0x14 <__rc4>
    17ba: 68           	pla
    17bb: 92 10        	sta	($10)                   ; 0x10 <__rc0>
    17bd: a0 01        	ldy	#$1
    17bf: a5 14        	lda	$14                     ; 0x14 <__rc4>
    17c1: 91 10        	sta	($10),y                 ; 0x10 <__rc0>
    17c3: 84 14        	sty	$14                     ; 0x14 <__rc4>
    17c5: 18           	clc
    17c6: a5 10        	lda	$10                     ; 0x10 <__rc0>
    17c8: 69 02        	adc	#$2
    17ca: 85 12        	sta	$12                     ; 0x12 <__rc2>
    17cc: 8a           	txa
    17cd: 69 00        	adc	#$0
    17cf: 85 13        	sta	$13                     ; 0x13 <__rc3>
    17d1: 18           	clc
    17d2: a5 10        	lda	$10                     ; 0x10 <__rc0>
    17d4: 69 99        	adc	#$99
    17d6: 48           	pha
    17d7: a5 11        	lda	$11                     ; 0x11 <__zp_data_size>
    17d9: 69 00        	adc	#$0
    17db: 85 15        	sta	$15                     ; 0x15 <__rc5>
    17dd: 68           	pla
    17de: c8           	iny
    17df: 91 10        	sta	($10),y                 ; 0x10 <__rc0>
    17e1: a4 14        	ldy	$14                     ; 0x14 <__rc4>
    17e3: a5 15        	lda	$15                     ; 0x15 <__rc5>
    17e5: 91 12        	sta	($12),y                 ; 0x12 <__rc2>
    17e7: a6 26        	ldx	$26                     ; 0x26 <__rc22>
    17e9: 86 12        	stx	$12                     ; 0x12 <__rc2>
    17eb: a6 27        	ldx	$27                     ; 0x27 <__rc23>
    17ed: 86 13        	stx	$13                     ; 0x13 <__rc3>
    17ef: 20 6f 7c     	jsr	$7c6f <sprintf>
    17f2: 20 b9 53     	jsr	$53b9 <reprepFPR_far>
    17f5: b2 26        	lda	($26)                   ; 0x26 <__rc22>
    17f7: a6 0f        	ldx	$f                      ; 0xf
    17f9: 78           	sei
    17fa: a0 18        	ldy	#$18
    17fc: 84 0f        	sty	$f                      ; 0xf
    17fe: 8d 02 e0     	sta	$e002                   ; 0xe002 <__heap_start+0x5636>
    1801: 86 0f        	stx	$f                      ; 0xf
    1803: 58           	cli
    1804: a2 00        	ldx	#$0
    1806: 80 3c        	bra	$1844 <main+0x1217>
    1808: 18           	clc
    1809: a5 10        	lda	$10                     ; 0x10 <__rc0>
    180b: 69 59        	adc	#$59
    180d: 85 12        	sta	$12                     ; 0x12 <__rc2>
    180f: a5 11        	lda	$11                     ; 0x11 <__zp_data_size>
    1811: 69 00        	adc	#$0
    1813: 85 13        	sta	$13                     ; 0x13 <__rc3>
    1815: 8a           	txa
    1816: 18           	clc
    1817: a0 00        	ldy	#$0
    1819: 84 2c        	sty	$2c                     ; 0x2c <__rc28>
    181b: 65 12        	adc	$12                     ; 0x12 <__rc2>
    181d: 85 12        	sta	$12                     ; 0x12 <__rc2>
    181f: a5 13        	lda	$13                     ; 0x13 <__rc3>
    1821: 69 00        	adc	#$0
    1823: 85 13        	sta	$13                     ; 0x13 <__rc3>
    1825: 18           	clc
    1826: 8a           	txa
    1827: 69 03        	adc	#$3
    1829: 85 14        	sta	$14                     ; 0x14 <__rc4>
    182b: 98           	tya
    182c: 69 e0        	adc	#$e0
    182e: 85 15        	sta	$15                     ; 0x15 <__rc5>
    1830: c8           	iny
    1831: b1 12        	lda	($12),y                 ; 0x12 <__rc2>
    1833: 85 12        	sta	$12                     ; 0x12 <__rc2>
    1835: a4 0f        	ldy	$f                      ; 0xf
    1837: 78           	sei
    1838: a9 18        	lda	#$18
    183a: 85 0f        	sta	$f                      ; 0xf
    183c: a5 12        	lda	$12                     ; 0x12 <__rc2>
    183e: 92 14        	sta	($14)                   ; 0x14 <__rc4>
    1840: 84 0f        	sty	$f                      ; 0xf
    1842: 58           	cli
    1843: e8           	inx
    1844: a8           	tay
    1845: f0 04        	beq	$184b <main+0x121e>
    1847: e0 3b        	cpx	#$3b
    1849: d0 bd        	bne	$1808 <main+0x11db>
    184b: 20 84 34     	jsr	$3484 <readDirectory_far>
    184e: 20 8c 39     	jsr	$398c <sortFileList_far>
    1851: a4 0f        	ldy	$f                      ; 0xf
    1853: 78           	sei
    1854: a2 1a        	ldx	#$1a
    1856: 86 0f        	stx	$f                      ; 0xf
    1858: ad 4a ff     	lda	$ff4a                   ; 0xff4a <__heap_start+0x757e>
    185b: ae 4b ff     	ldx	$ff4b                   ; 0xff4b <__heap_start+0x757f>
    185e: 84 0f        	sty	$f                      ; 0xf
    1860: 58           	cli
    1861: 80 38        	bra	$189b <main+0x126e>
    1863: a2 00        	ldx	#$0
    1865: 18           	clc
    1866: 8a           	txa
    1867: 69 02        	adc	#$2
    1869: 85 12        	sta	$12                     ; 0x12 <__rc2>
    186b: a4 0f        	ldy	$f                      ; 0xf
    186d: 78           	sei
    186e: a5 14        	lda	$14                     ; 0x14 <__rc4>
    1870: 85 0f        	sta	$f                      ; 0xf
    1872: a5 15        	lda	$15                     ; 0x15 <__rc5>
    1874: 85 13        	sta	$13                     ; 0x13 <__rc3>
    1876: a9 00        	lda	#$0
    1878: 92 12        	sta	($12)                   ; 0x12 <__rc2>
    187a: 84 0f        	sty	$f                      ; 0xf
    187c: 58           	cli
    187d: e8           	inx
    187e: e0 3c        	cpx	#$3c
    1880: d0 e3        	bne	$1865 <main+0x1238>
    1882: 20 b9 53     	jsr	$53b9 <reprepFPR_far>
    1885: 20 84 34     	jsr	$3484 <readDirectory_far>
    1888: 20 8c 39     	jsr	$398c <sortFileList_far>
    188b: a4 0f        	ldy	$f                      ; 0xf
    188d: 78           	sei
    188e: a2 1a        	ldx	#$1a
    1890: 86 0f        	stx	$f                      ; 0xf
    1892: ad 4a ff     	lda	$ff4a                   ; 0xff4a <__heap_start+0x757e>
    1895: ae 4b ff     	ldx	$ff4b                   ; 0xff4b <__heap_start+0x757f>
    1898: 84 0f        	sty	$f                      ; 0xf
    189a: 58           	cli
    189b: 20 43 3f     	jsr	$3f43 <displayFileList_far>
    189e: 20 90 43     	jsr	$4390 <pickFile_far>
    18a1: c9 04        	cmp	#$4
    18a3: b0 f9        	bcs	$189e <main+0x1271>
    18a5: 0a           	asl
    18a6: aa           	tax
    18a7: 7c e0 83     	jmp	($83e0,x)               ; 0x83e0 <__set_v+0x1>
    18aa: a2 1b        	ldx	#$1b
    18ac: 86 12        	stx	$12                     ; 0x12 <__rc2>
    18ae: a2 85        	ldx	#$85
    18b0: 86 13        	stx	$13                     ; 0x13 <__rc3>
    18b2: a6 28        	ldx	$28                     ; 0x28 <__rc24>
    18b4: 86 2a        	stx	$2a                     ; 0x2a <__rc26>
    18b6: a6 29        	ldx	$29                     ; 0x29 <__rc25>
    18b8: 86 2b        	stx	$2b                     ; 0x2b <__rc27>
    18ba: a0 13        	ldy	#$13
    18bc: b1 10        	lda	($10),y                 ; 0x10 <__rc0>
    18be: 85 26        	sta	$26                     ; 0x26 <__rc22>
    18c0: c8           	iny
    18c1: b1 10        	lda	($10),y                 ; 0x10 <__rc0>
    18c3: 85 27        	sta	$27                     ; 0x27 <__rc23>
    18c5: b0 03        	bcs	$18ca <main+0x129d>
    18c7: 4c f8 26     	jmp	$26f8 <main+0x20cb>
    18ca: 20 b8 2b     	jsr	$2bb8 <textPrint>
    18cd: 64 29        	stz	$29                     ; 0x29 <__rc25>
    18cf: 64 30        	stz	$30                     ; 0x30 <_ccolor>
    18d1: a2 01        	ldx	#$1
    18d3: 86 47        	stx	$47                     ; 0x47 <_col>
    18d5: 86 28        	stx	$28                     ; 0x28 <__rc24>
    18d7: 8e 14 d0     	stx	$d014                   ; 0xd014 <__heap_start+0x4648>
    18da: 9c 15 d0     	stz	$d015                   ; 0xd015 <__heap_start+0x4649>
    18dd: a2 07        	ldx	#$7
    18df: 86 48        	stx	$48                     ; 0x48 <_row>
    18e1: 8e 16 d0     	stx	$d016                   ; 0xd016 <__heap_start+0x464a>
    18e4: 9c 17 d0     	stz	$d017                   ; 0xd017 <__heap_start+0x464b>
    18e7: a2 d8        	ldx	#$d8
    18e9: 86 12        	stx	$12                     ; 0x12 <__rc2>
    18eb: a2 85        	ldx	#$85
    18ed: 86 13        	stx	$13                     ; 0x13 <__rc3>
    18ef: 20 b8 2b     	jsr	$2bb8 <textPrint>
    18f2: 18           	clc
    18f3: a5 29        	lda	$29                     ; 0x29 <__rc25>
    18f5: 69 08        	adc	#$8
    18f7: a4 28        	ldy	$28                     ; 0x28 <__rc24>
    18f9: 84 47        	sty	$47                     ; 0x47 <_col>
    18fb: 8c 14 d0     	sty	$d014                   ; 0xd014 <__heap_start+0x4648>
    18fe: 9c 15 d0     	stz	$d015                   ; 0xd015 <__heap_start+0x4649>
    1901: 85 48        	sta	$48                     ; 0x48 <_row>
    1903: 8d 16 d0     	sta	$d016                   ; 0xd016 <__heap_start+0x464a>
    1906: 9c 17 d0     	stz	$d017                   ; 0xd017 <__heap_start+0x464b>
    1909: a5 29        	lda	$29                     ; 0x29 <__rc25>
    190b: 92 10        	sta	($10)                   ; 0x10 <__rc0>
    190d: a9 00        	lda	#$0
    190f: 91 10        	sta	($10),y                 ; 0x10 <__rc0>
    1911: a2 a6        	ldx	#$a6
    1913: 86 12        	stx	$12                     ; 0x12 <__rc2>
    1915: a2 85        	ldx	#$85
    1917: 86 13        	stx	$13                     ; 0x13 <__rc3>
    1919: 20 df 7b     	jsr	$7bdf <printf>
    191c: a6 29        	ldx	$29                     ; 0x29 <__rc25>
    191e: e8           	inx
    191f: 86 29        	stx	$29                     ; 0x29 <__rc25>
    1921: e0 10        	cpx	#$10
    1923: d0 cd        	bne	$18f2 <main+0x12c5>
    1925: a2 06        	ldx	#$6
    1927: 86 47        	stx	$47                     ; 0x47 <_col>
    1929: 8e 14 d0     	stx	$d014                   ; 0xd014 <__heap_start+0x4648>
    192c: 9c 15 d0     	stz	$d015                   ; 0xd015 <__heap_start+0x4649>
    192f: a2 11        	ldx	#$11
    1931: 86 48        	stx	$48                     ; 0x48 <_row>
    1933: 8e 16 d0     	stx	$d016                   ; 0xd016 <__heap_start+0x464a>
    1936: 9c 17 d0     	stz	$d017                   ; 0xd017 <__heap_start+0x464b>
    1939: a2 a0        	ldx	#$a0
    193b: 86 30        	stx	$30                     ; 0x30 <_ccolor>
    193d: a2 d1        	ldx	#$d1
    193f: 86 12        	stx	$12                     ; 0x12 <__rc2>
    1941: a2 86        	ldx	#$86
    1943: 86 13        	stx	$13                     ; 0x13 <__rc3>
    1945: 20 b8 2b     	jsr	$2bb8 <textPrint>
    1948: 64 47        	stz	$47                     ; 0x47 <_col>
    194a: 9c 14 d0     	stz	$d014                   ; 0xd014 <__heap_start+0x4648>
    194d: 9c 15 d0     	stz	$d015                   ; 0xd015 <__heap_start+0x4649>
    1950: a2 1a        	ldx	#$1a
    1952: 86 48        	stx	$48                     ; 0x48 <_row>
    1954: 8e 16 d0     	stx	$d016                   ; 0xd016 <__heap_start+0x464a>
    1957: 9c 17 d0     	stz	$d017                   ; 0xd017 <__heap_start+0x464b>
    195a: a9 4f        	lda	#$4f
    195c: 92 10        	sta	($10)                   ; 0x10 <__rc0>
    195e: a9 89        	lda	#$89
    1960: a4 28        	ldy	$28                     ; 0x28 <__rc24>
    1962: 91 10        	sta	($10),y                 ; 0x10 <__rc0>
    1964: a2 83        	ldx	#$83
    1966: 86 12        	stx	$12                     ; 0x12 <__rc2>
    1968: a2 86        	ldx	#$86
    196a: 86 13        	stx	$13                     ; 0x13 <__rc3>
    196c: 20 df 7b     	jsr	$7bdf <printf>
    196f: 20 0c 69     	jsr	$690c <initTrack>
    1972: a6 69        	ldx	$69                     ; 0x69 <theOne.0>
    1974: a4 6a        	ldy	$6a                     ; 0x6a <theOne.0+0x1>
    1976: d0 03        	bne	$197b <main+0x134e>
    1978: 4c 49 27     	jmp	$2749 <main+0x211c>
    197b: a0 00        	ldy	#$0
    197d: 98           	tya
    197e: 85 29        	sta	$29                     ; 0x29 <__rc25>
    1980: 98           	tya
    1981: 84 28        	sty	$28                     ; 0x28 <__rc24>
    1983: 20 16 68     	jsr	$6816 <exhaustZeroes>
    1986: a6 29        	ldx	$29                     ; 0x29 <__rc25>
    1988: a4 28        	ldy	$28                     ; 0x28 <__rc24>
    198a: c8           	iny
    198b: d0 01        	bne	$198e <main+0x1361>
    198d: e8           	inx
    198e: 8a           	txa
    198f: e4 6a        	cpx	$6a                     ; 0x6a <theOne.0+0x1>
    1991: d0 0a        	bne	$199d <main+0x1370>
    1993: a6 69        	ldx	$69                     ; 0x69 <theOne.0>
    1995: 86 12        	stx	$12                     ; 0x12 <__rc2>
    1997: c4 12        	cpy	$12                     ; 0x12 <__rc2>
    1999: b0 06        	bcs	$19a1 <main+0x1374>
    199b: 80 e1        	bra	$197e <main+0x1351>
    199d: c5 6a        	cmp	$6a                     ; 0x6a <theOne.0+0x1>
    199f: 90 dd        	bcc	$197e <main+0x1351>
    19a1: a6 58        	ldx	$58                     ; 0x58 <midiChip>
    19a3: 86 28        	stx	$28                     ; 0x28 <__rc24>
    19a5: a2 10        	ldx	#$10
    19a7: 86 30        	stx	$30                     ; 0x30 <_ccolor>
    19a9: 86 29        	stx	$29                     ; 0x29 <__rc25>
    19ab: a2 01        	ldx	#$1
    19ad: 86 47        	stx	$47                     ; 0x47 <_col>
    19af: 8e 14 d0     	stx	$d014                   ; 0xd014 <__heap_start+0x4648>
    19b2: 86 2d        	stx	$2d                     ; 0x2d <__rc29>
    19b4: 9c 15 d0     	stz	$d015                   ; 0xd015 <__heap_start+0x4649>
    19b7: a2 1d        	ldx	#$1d
    19b9: 86 48        	stx	$48                     ; 0x48 <_row>
    19bb: 8e 16 d0     	stx	$d016                   ; 0xd016 <__heap_start+0x464a>
    19be: 9c 17 d0     	stz	$d017                   ; 0xd017 <__heap_start+0x464b>
    19c1: a2 f7        	ldx	#$f7
    19c3: 86 12        	stx	$12                     ; 0x12 <__rc2>
    19c5: a2 85        	ldx	#$85
    19c7: 86 13        	stx	$13                     ; 0x13 <__rc3>
    19c9: 20 b8 2b     	jsr	$2bb8 <textPrint>
    19cc: 64 30        	stz	$30                     ; 0x30 <_ccolor>
    19ce: a2 32        	ldx	#$32
    19d0: 86 12        	stx	$12                     ; 0x12 <__rc2>
    19d2: a2 87        	ldx	#$87
    19d4: 86 13        	stx	$13                     ; 0x13 <__rc3>
    19d6: 20 b8 2b     	jsr	$2bb8 <textPrint>
    19d9: a6 29        	ldx	$29                     ; 0x29 <__rc25>
    19db: 86 30        	stx	$30                     ; 0x30 <_ccolor>
    19dd: a2 e8        	ldx	#$e8
    19df: 86 12        	stx	$12                     ; 0x12 <__rc2>
    19e1: a2 85        	ldx	#$85
    19e3: 86 13        	stx	$13                     ; 0x13 <__rc3>
    19e5: 20 b8 2b     	jsr	$2bb8 <textPrint>
    19e8: 64 30        	stz	$30                     ; 0x30 <_ccolor>
    19ea: a2 f1        	ldx	#$f1
    19ec: 86 12        	stx	$12                     ; 0x12 <__rc2>
    19ee: a2 86        	ldx	#$86
    19f0: 86 13        	stx	$13                     ; 0x13 <__rc3>
    19f2: 20 b8 2b     	jsr	$2bb8 <textPrint>
    19f5: a6 29        	ldx	$29                     ; 0x29 <__rc25>
    19f7: 86 30        	stx	$30                     ; 0x30 <_ccolor>
    19f9: a2 3c        	ldx	#$3c
    19fb: 86 12        	stx	$12                     ; 0x12 <__rc2>
    19fd: a2 87        	ldx	#$87
    19ff: 86 13        	stx	$13                     ; 0x13 <__rc3>
    1a01: 20 b8 2b     	jsr	$2bb8 <textPrint>
    1a04: 64 30        	stz	$30                     ; 0x30 <_ccolor>
    1a06: a2 dc        	ldx	#$dc
    1a08: 86 12        	stx	$12                     ; 0x12 <__rc2>
    1a0a: a2 86        	ldx	#$86
    1a0c: 86 13        	stx	$13                     ; 0x13 <__rc3>
    1a0e: 20 b8 2b     	jsr	$2bb8 <textPrint>
    1a11: a6 29        	ldx	$29                     ; 0x29 <__rc25>
    1a13: 86 30        	stx	$30                     ; 0x30 <_ccolor>
    1a15: a2 41        	ldx	#$41
    1a17: 86 12        	stx	$12                     ; 0x12 <__rc2>
    1a19: a2 86        	ldx	#$86
    1a1b: 86 13        	stx	$13                     ; 0x13 <__rc3>
    1a1d: 20 b8 2b     	jsr	$2bb8 <textPrint>
    1a20: 64 30        	stz	$30                     ; 0x30 <_ccolor>
    1a22: a2 f1        	ldx	#$f1
    1a24: 86 12        	stx	$12                     ; 0x12 <__rc2>
    1a26: a2 85        	ldx	#$85
    1a28: 86 13        	stx	$13                     ; 0x13 <__rc3>
    1a2a: 20 b8 2b     	jsr	$2bb8 <textPrint>
    1a2d: a6 29        	ldx	$29                     ; 0x29 <__rc25>
    1a2f: 86 30        	stx	$30                     ; 0x30 <_ccolor>
    1a31: a2 b7        	ldx	#$b7
    1a33: 86 12        	stx	$12                     ; 0x12 <__rc2>
    1a35: a2 85        	ldx	#$85
    1a37: 86 13        	stx	$13                     ; 0x13 <__rc3>
    1a39: 20 b8 2b     	jsr	$2bb8 <textPrint>
    1a3c: 64 30        	stz	$30                     ; 0x30 <_ccolor>
    1a3e: a2 fe        	ldx	#$fe
    1a40: 86 12        	stx	$12                     ; 0x12 <__rc2>
    1a42: a2 85        	ldx	#$85
    1a44: 86 13        	stx	$13                     ; 0x13 <__rc3>
    1a46: 20 b8 2b     	jsr	$2bb8 <textPrint>
    1a49: a6 2d        	ldx	$2d                     ; 0x2d <__rc29>
    1a4b: 86 47        	stx	$47                     ; 0x47 <_col>
    1a4d: 8e 14 d0     	stx	$d014                   ; 0xd014 <__heap_start+0x4648>
    1a50: 9c 15 d0     	stz	$d015                   ; 0xd015 <__heap_start+0x4649>
    1a53: a2 1b        	ldx	#$1b
    1a55: 86 48        	stx	$48                     ; 0x48 <_row>
    1a57: 8e 16 d0     	stx	$d016                   ; 0xd016 <__heap_start+0x464a>
    1a5a: 9c 17 d0     	stz	$d017                   ; 0xd017 <__heap_start+0x464b>
    1a5d: a2 1f        	ldx	#$1f
    1a5f: 86 12        	stx	$12                     ; 0x12 <__rc2>
    1a61: a2 86        	ldx	#$86
    1a63: 86 13        	stx	$13                     ; 0x13 <__rc3>
    1a65: 20 b8 2b     	jsr	$2bb8 <textPrint>
    1a68: a6 29        	ldx	$29                     ; 0x29 <__rc25>
    1a6a: 86 30        	stx	$30                     ; 0x30 <_ccolor>
    1a6c: a2 0e        	ldx	#$e
    1a6e: 86 12        	stx	$12                     ; 0x12 <__rc2>
    1a70: a2 86        	ldx	#$86
    1a72: 86 13        	stx	$13                     ; 0x13 <__rc3>
    1a74: 20 b8 2b     	jsr	$2bb8 <textPrint>
    1a77: 64 30        	stz	$30                     ; 0x30 <_ccolor>
    1a79: a2 9e        	ldx	#$9e
    1a7b: 86 12        	stx	$12                     ; 0x12 <__rc2>
    1a7d: a2 85        	ldx	#$85
    1a7f: 86 13        	stx	$13                     ; 0x13 <__rc3>
    1a81: 20 b8 2b     	jsr	$2bb8 <textPrint>
    1a84: 64 47        	stz	$47                     ; 0x47 <_col>
    1a86: 9c 14 d0     	stz	$d014                   ; 0xd014 <__heap_start+0x4648>
    1a89: 9c 15 d0     	stz	$d015                   ; 0xd015 <__heap_start+0x4649>
    1a8c: a2 1a        	ldx	#$1a
    1a8e: 86 48        	stx	$48                     ; 0x48 <_row>
    1a90: 8e 16 d0     	stx	$d016                   ; 0xd016 <__heap_start+0x464a>
    1a93: 9c 17 d0     	stz	$d017                   ; 0xd017 <__heap_start+0x464b>
    1a96: a9 ad        	lda	#$ad
    1a98: 92 10        	sta	($10)                   ; 0x10 <__rc0>
    1a9a: a9 87        	lda	#$87
    1a9c: a4 2d        	ldy	$2d                     ; 0x2d <__rc29>
    1a9e: 91 10        	sta	($10),y                 ; 0x10 <__rc0>
    1aa0: a2 3e        	ldx	#$3e
    1aa2: 86 12        	stx	$12                     ; 0x12 <__rc2>
    1aa4: a2 86        	ldx	#$86
    1aa6: 86 13        	stx	$13                     ; 0x13 <__rc3>
    1aa8: 20 df 7b     	jsr	$7bdf <printf>
    1aab: a6 29        	ldx	$29                     ; 0x29 <__rc25>
    1aad: 86 30        	stx	$30                     ; 0x30 <_ccolor>
    1aaf: a5 26        	lda	$26                     ; 0x26 <__rc22>
    1ab1: a0 13        	ldy	#$13
    1ab3: 91 10        	sta	($10),y                 ; 0x10 <__rc0>
    1ab5: a5 27        	lda	$27                     ; 0x27 <__rc23>
    1ab7: c8           	iny
    1ab8: 91 10        	sta	($10),y                 ; 0x10 <__rc0>
    1aba: a5 28        	lda	$28                     ; 0x28 <__rc24>
    1abc: d0 03        	bne	$1ac1 <main+0x1494>
    1abe: 4c 52 27     	jmp	$2752 <main+0x2125>
    1ac1: 4c eb 26     	jmp	$26eb <main+0x20be>
    1ac4: 86 47        	stx	$47                     ; 0x47 <_col>
    1ac6: 8e 14 d0     	stx	$d014                   ; 0xd014 <__heap_start+0x4648>
    1ac9: 9c 15 d0     	stz	$d015                   ; 0xd015 <__heap_start+0x4649>
    1acc: a2 1d        	ldx	#$1d
    1ace: 86 48        	stx	$48                     ; 0x48 <_row>
    1ad0: 8e 16 d0     	stx	$d016                   ; 0xd016 <__heap_start+0x464a>
    1ad3: 9c 17 d0     	stz	$d017                   ; 0xd017 <__heap_start+0x464b>
    1ad6: 20 b8 2b     	jsr	$2bb8 <textPrint>
    1ad9: 20 7f 6d     	jsr	$6d7f <setColors>
    1adc: a0 01        	ldy	#$1
    1ade: 8c 00 d1     	sty	$d100                   ; 0xd100 <__heap_start+0x4734>
    1ae1: 8c 00 d9     	sty	$d900                   ; 0xd900 <__heap_start+0x4f34>
    1ae4: 64 51        	stz	$51                     ; 0x51 <isPaused>
    1ae6: 9c 54 d6     	stz	$d654                   ; 0xd654 <__heap_start+0x4c88>
    1ae9: a2 02        	ldx	#$2
    1aeb: 8e 50 d6     	stx	$d650                   ; 0xd650 <__heap_start+0x4c84>
    1aee: 86 14        	stx	$14                     ; 0x14 <__rc4>
    1af0: a2 89        	ldx	#$89
    1af2: 8e 50 d6     	stx	$d650                   ; 0xd650 <__heap_start+0x4c84>
    1af5: a2 80        	ldx	#$80
    1af7: 86 f3        	stx	$f3                     ; 0xf3 <__midigfxpal_size+0x73>
    1af9: a2 76        	ldx	#$76
    1afb: 86 12        	stx	$12                     ; 0x12 <__rc2>
    1afd: a2 00        	ldx	#$0
    1aff: 86 13        	stx	$13                     ; 0x13 <__rc3>
    1b01: 20 f0 ff     	jsr	$fff0 <__heap_start+0x7624>
    1b04: 92 24        	sta	($24)                   ; 0x24 <__rc20>
    1b06: a9 00        	lda	#$0
    1b08: 6a           	ror
    1b09: 85 12        	sta	$12                     ; 0x12 <__rc2>
    1b0b: 18           	clc
    1b0c: a9 03        	lda	#$3
    1b0e: 72 24        	adc	($24)                   ; 0x24 <__rc20>
    1b10: 85 54        	sta	$54                     ; 0x54 <shimmerTimer.1>
    1b12: 64 f3        	stz	$f3                     ; 0xf3 <__midigfxpal_size+0x73>
    1b14: a6 54        	ldx	$54                     ; 0x54 <shimmerTimer.1>
    1b16: 86 f4        	stx	$f4                     ; 0xf4 <__midigfxpal_size+0x74>
    1b18: a2 02        	ldx	#$2
    1b1a: 86 29        	stx	$29                     ; 0x29 <__rc25>
    1b1c: a6 14        	ldx	$14                     ; 0x14 <__rc4>
    1b1e: 86 f5        	stx	$f5                     ; 0xf5 <__midigfxpal_size+0x75>
    1b20: 5a           	phy
    1b21: a5 12        	lda	$12                     ; 0x12 <__rc2>
    1b23: a0 19        	ldy	#$19
    1b25: 91 10        	sta	($10),y                 ; 0x10 <__rc0>
    1b27: a5 13        	lda	$13                     ; 0x13 <__rc3>
    1b29: c8           	iny
    1b2a: 91 10        	sta	($10),y                 ; 0x10 <__rc0>
    1b2c: 7a           	ply
    1b2d: 20 f0 ff     	jsr	$fff0 <__heap_start+0x7624>
    1b30: 92 24        	sta	($24)                   ; 0x24 <__rc20>
    1b32: a9 00        	lda	#$0
    1b34: 6a           	ror
    1b35: 85 12        	sta	$12                     ; 0x12 <__rc2>
    1b37: 4c d9 20     	jmp	$20d9 <main+0x1aac>
    1b3a: e0 20        	cpx	#$20
    1b3c: f0 03        	beq	$1b41 <main+0x1514>
    1b3e: 4c a4 1b     	jmp	$1ba4 <main+0x1577>
    1b41: a5 51        	lda	$51                     ; 0x51 <isPaused>
    1b43: 29 01        	and	#$1
    1b45: a2 00        	ldx	#$0
    1b47: a0 00        	ldy	#$0
    1b49: c9 00        	cmp	#$0
    1b4b: d0 30        	bne	$1b7d <main+0x1550>
    1b4d: a6 58        	ldx	$58                     ; 0x58 <midiChip>
    1b4f: a4 2a        	ldy	$2a                     ; 0x2a <__rc26>
    1b51: 84 12        	sty	$12                     ; 0x12 <__rc2>
    1b53: a4 2b        	ldy	$2b                     ; 0x2b <__rc27>
    1b55: 84 13        	sty	$13                     ; 0x13 <__rc3>
    1b57: 8a           	txa
    1b58: f0 08        	beq	$1b62 <main+0x1535>
    1b5a: a2 b1        	ldx	#$b1
    1b5c: 86 12        	stx	$12                     ; 0x12 <__rc2>
    1b5e: a2 dd        	ldx	#$dd
    1b60: 86 13        	stx	$13                     ; 0x13 <__rc3>
    1b62: a9 b0        	lda	#$b0
    1b64: a2 7b        	ldx	#$7b
    1b66: 86 14        	stx	$14                     ; 0x14 <__rc4>
    1b68: 92 12        	sta	($12)                   ; 0x12 <__rc2>
    1b6a: aa           	tax
    1b6b: a5 14        	lda	$14                     ; 0x14 <__rc4>
    1b6d: 92 12        	sta	($12)                   ; 0x12 <__rc2>
    1b6f: a9 00        	lda	#$0
    1b71: 92 12        	sta	($12)                   ; 0x12 <__rc2>
    1b73: e8           	inx
    1b74: 8a           	txa
    1b75: e0 c0        	cpx	#$c0
    1b77: d0 ef        	bne	$1b68 <main+0x153b>
    1b79: a2 01        	ldx	#$1
    1b7b: a0 10        	ldy	#$10
    1b7d: 86 51        	stx	$51                     ; 0x51 <isPaused>
    1b7f: 84 30        	sty	$30                     ; 0x30 <_ccolor>
    1b81: a2 14        	ldx	#$14
    1b83: 86 47        	stx	$47                     ; 0x47 <_col>
    1b85: 8e 14 d0     	stx	$d014                   ; 0xd014 <__heap_start+0x4648>
    1b88: 9c 15 d0     	stz	$d015                   ; 0xd015 <__heap_start+0x4649>
    1b8b: a2 1d        	ldx	#$1d
    1b8d: 86 48        	stx	$48                     ; 0x48 <_row>
    1b8f: 8e 16 d0     	stx	$d016                   ; 0xd016 <__heap_start+0x464a>
    1b92: 9c 17 d0     	stz	$d017                   ; 0xd017 <__heap_start+0x464b>
    1b95: a2 49        	ldx	#$49
    1b97: 86 12        	stx	$12                     ; 0x12 <__rc2>
    1b99: a2 87        	ldx	#$87
    1b9b: 86 13        	stx	$13                     ; 0x13 <__rc3>
    1b9d: 20 b8 2b     	jsr	$2bb8 <textPrint>
    1ba0: a6 7b        	ldx	$7b                     ; 0x7b <kernelEventData+0x4>
    1ba2: a0 01        	ldy	#$1
    1ba4: e0 81        	cpx	#$81
    1ba6: f0 03        	beq	$1bab <main+0x157e>
    1ba8: 4c 65 1c     	jmp	$1c65 <main+0x1638>
    1bab: a2 01        	ldx	#$1
    1bad: a5 52        	lda	$52                     ; 0x52 <isLightShow>
    1baf: 29 01        	and	#$1
    1bb1: f0 5f        	beq	$1c12 <main+0x15e5>
    1bb3: 64 30        	stz	$30                     ; 0x30 <_ccolor>
    1bb5: 86 28        	stx	$28                     ; 0x28 <__rc24>
    1bb7: a2 1f        	ldx	#$1f
    1bb9: 86 47        	stx	$47                     ; 0x47 <_col>
    1bbb: 8e 14 d0     	stx	$d014                   ; 0xd014 <__heap_start+0x4648>
    1bbe: 9c 15 d0     	stz	$d015                   ; 0xd015 <__heap_start+0x4649>
    1bc1: a2 1d        	ldx	#$1d
    1bc3: 86 48        	stx	$48                     ; 0x48 <_row>
    1bc5: 8e 16 d0     	stx	$d016                   ; 0xd016 <__heap_start+0x464a>
    1bc8: 9c 17 d0     	stz	$d017                   ; 0xd017 <__heap_start+0x464b>
    1bcb: a2 bd        	ldx	#$bd
    1bcd: 86 12        	stx	$12                     ; 0x12 <__rc2>
    1bcf: a2 85        	ldx	#$85
    1bd1: 86 13        	stx	$13                     ; 0x13 <__rc3>
    1bd3: 20 b8 2b     	jsr	$2bb8 <textPrint>
    1bd6: 64 52        	stz	$52                     ; 0x52 <isLightShow>
    1bd8: 9c a7 d6     	stz	$d6a7                   ; 0xd6a7 <__heap_start+0x4cdb>
    1bdb: 9c aa d6     	stz	$d6aa                   ; 0xd6aa <__heap_start+0x4cde>
    1bde: 9c ad d6     	stz	$d6ad                   ; 0xd6ad <__heap_start+0x4ce1>
    1be1: 9c b3 d6     	stz	$d6b3                   ; 0xd6b3 <__heap_start+0x4ce7>
    1be4: 9c a8 d6     	stz	$d6a8                   ; 0xd6a8 <__heap_start+0x4cdc>
    1be7: 9c ab d6     	stz	$d6ab                   ; 0xd6ab <__heap_start+0x4cdf>
    1bea: 9c ae d6     	stz	$d6ae                   ; 0xd6ae <__heap_start+0x4ce2>
    1bed: 9c b4 d6     	stz	$d6b4                   ; 0xd6b4 <__heap_start+0x4ce8>
    1bf0: 9c a9 d6     	stz	$d6a9                   ; 0xd6a9 <__heap_start+0x4cdd>
    1bf3: 9c ac d6     	stz	$d6ac                   ; 0xd6ac <__heap_start+0x4ce0>
    1bf6: 9c af d6     	stz	$d6af                   ; 0xd6af <__heap_start+0x4ce3>
    1bf9: 9c b5 d6     	stz	$d6b5                   ; 0xd6b5 <__heap_start+0x4ce9>
    1bfc: a2 5f        	ldx	#$5f
    1bfe: 8e a8 d6     	stx	$d6a8                   ; 0xd6a8 <__heap_start+0x4cdc>
    1c01: a5 28        	lda	$28                     ; 0x28 <__rc24>
    1c03: 20 1f 6d     	jsr	$6d1f <lilpause>
    1c06: a4 28        	ldy	$28                     ; 0x28 <__rc24>
    1c08: ad a0 d6     	lda	$d6a0                   ; 0xd6a0 <__heap_start+0x4cd4>
    1c0b: 29 9d        	and	#$9d
    1c0d: 8d a0 d6     	sta	$d6a0                   ; 0xd6a0 <__heap_start+0x4cd4>
    1c10: 80 53        	bra	$1c65 <main+0x1638>
    1c12: a2 10        	ldx	#$10
    1c14: 86 30        	stx	$30                     ; 0x30 <_ccolor>
    1c16: a2 1f        	ldx	#$1f
    1c18: 86 47        	stx	$47                     ; 0x47 <_col>
    1c1a: 8e 14 d0     	stx	$d014                   ; 0xd014 <__heap_start+0x4648>
    1c1d: 9c 15 d0     	stz	$d015                   ; 0xd015 <__heap_start+0x4649>
    1c20: a2 1d        	ldx	#$1d
    1c22: 86 48        	stx	$48                     ; 0x48 <_row>
    1c24: 8e 16 d0     	stx	$d016                   ; 0xd016 <__heap_start+0x464a>
    1c27: 9c 17 d0     	stz	$d017                   ; 0xd017 <__heap_start+0x464b>
    1c2a: a2 bd        	ldx	#$bd
    1c2c: 86 12        	stx	$12                     ; 0x12 <__rc2>
    1c2e: a2 85        	ldx	#$85
    1c30: 86 13        	stx	$13                     ; 0x13 <__rc3>
    1c32: 20 b8 2b     	jsr	$2bb8 <textPrint>
    1c35: a0 01        	ldy	#$1
    1c37: 84 52        	sty	$52                     ; 0x52 <isLightShow>
    1c39: ad a0 d6     	lda	$d6a0                   ; 0xd6a0 <__heap_start+0x4cd4>
    1c3c: 09 63        	ora	#$63
    1c3e: 8d a0 d6     	sta	$d6a0                   ; 0xd6a0 <__heap_start+0x4cd4>
    1c41: 9c a7 d6     	stz	$d6a7                   ; 0xd6a7 <__heap_start+0x4cdb>
    1c44: 9c aa d6     	stz	$d6aa                   ; 0xd6aa <__heap_start+0x4cde>
    1c47: 9c ad d6     	stz	$d6ad                   ; 0xd6ad <__heap_start+0x4ce1>
    1c4a: 9c b3 d6     	stz	$d6b3                   ; 0xd6b3 <__heap_start+0x4ce7>
    1c4d: 9c a8 d6     	stz	$d6a8                   ; 0xd6a8 <__heap_start+0x4cdc>
    1c50: 9c ab d6     	stz	$d6ab                   ; 0xd6ab <__heap_start+0x4cdf>
    1c53: 9c ae d6     	stz	$d6ae                   ; 0xd6ae <__heap_start+0x4ce2>
    1c56: 9c b4 d6     	stz	$d6b4                   ; 0xd6b4 <__heap_start+0x4ce8>
    1c59: 9c a9 d6     	stz	$d6a9                   ; 0xd6a9 <__heap_start+0x4cdd>
    1c5c: 9c ac d6     	stz	$d6ac                   ; 0xd6ac <__heap_start+0x4ce0>
    1c5f: 9c af d6     	stz	$d6af                   ; 0xd6af <__heap_start+0x4ce3>
    1c62: 9c b5 d6     	stz	$d6b5                   ; 0xd6b5 <__heap_start+0x4ce9>
    1c65: a6 7b        	ldx	$7b                     ; 0x7b <kernelEventData+0x4>
    1c67: e0 85        	cpx	#$85
    1c69: f0 03        	beq	$1c6e <main+0x1641>
    1c6b: 4c 06 1d     	jmp	$1d06 <main+0x16d9>
    1c6e: a6 58        	ldx	$58                     ; 0x58 <midiChip>
    1c70: a4 2a        	ldy	$2a                     ; 0x2a <__rc26>
    1c72: 84 12        	sty	$12                     ; 0x12 <__rc2>
    1c74: a4 2b        	ldy	$2b                     ; 0x2b <__rc27>
    1c76: 84 13        	sty	$13                     ; 0x13 <__rc3>
    1c78: 8a           	txa
    1c79: f0 08        	beq	$1c83 <main+0x1656>
    1c7b: a2 b1        	ldx	#$b1
    1c7d: 86 12        	stx	$12                     ; 0x12 <__rc2>
    1c7f: a2 dd        	ldx	#$dd
    1c81: 86 13        	stx	$13                     ; 0x13 <__rc3>
    1c83: a9 b0        	lda	#$b0
    1c85: a2 7b        	ldx	#$7b
    1c87: 86 14        	stx	$14                     ; 0x14 <__rc4>
    1c89: 92 12        	sta	($12)                   ; 0x12 <__rc2>
    1c8b: aa           	tax
    1c8c: a5 14        	lda	$14                     ; 0x14 <__rc4>
    1c8e: 92 12        	sta	($12)                   ; 0x12 <__rc2>
    1c90: a9 00        	lda	#$0
    1c92: 92 12        	sta	($12)                   ; 0x12 <__rc2>
    1c94: e8           	inx
    1c95: 8a           	txa
    1c96: e0 c0        	cpx	#$c0
    1c98: d0 ef        	bne	$1c89 <main+0x165c>
    1c9a: a4 58        	ldy	$58                     ; 0x58 <midiChip>
    1c9c: c0 01        	cpy	#$1
    1c9e: f0 08        	beq	$1ca8 <main+0x167b>
    1ca0: a2 10        	ldx	#$10
    1ca2: 86 26        	stx	$26                     ; 0x26 <__rc22>
    1ca4: a2 00        	ldx	#$0
    1ca6: 80 04        	bra	$1cac <main+0x167f>
    1ca8: a2 10        	ldx	#$10
    1caa: 64 26        	stz	$26                     ; 0x26 <__rc22>
    1cac: c0 01        	cpy	#$1
    1cae: d0 04        	bne	$1cb4 <main+0x1687>
    1cb0: 64 27        	stz	$27                     ; 0x27 <__rc23>
    1cb2: 80 04        	bra	$1cb8 <main+0x168b>
    1cb4: a0 01        	ldy	#$1
    1cb6: 84 27        	sty	$27                     ; 0x27 <__rc23>
    1cb8: 86 30        	stx	$30                     ; 0x30 <_ccolor>
    1cba: a2 39        	ldx	#$39
    1cbc: 86 47        	stx	$47                     ; 0x47 <_col>
    1cbe: 8e 14 d0     	stx	$d014                   ; 0xd014 <__heap_start+0x4648>
    1cc1: 9c 15 d0     	stz	$d015                   ; 0xd015 <__heap_start+0x4649>
    1cc4: a2 1d        	ldx	#$1d
    1cc6: 86 48        	stx	$48                     ; 0x48 <_row>
    1cc8: 8e 16 d0     	stx	$d016                   ; 0xd016 <__heap_start+0x464a>
    1ccb: 86 28        	stx	$28                     ; 0x28 <__rc24>
    1ccd: 9c 17 d0     	stz	$d017                   ; 0xd017 <__heap_start+0x464b>
    1cd0: a2 14        	ldx	#$14
    1cd2: 86 12        	stx	$12                     ; 0x12 <__rc2>
    1cd4: a2 86        	ldx	#$86
    1cd6: 86 13        	stx	$13                     ; 0x13 <__rc3>
    1cd8: 20 b8 2b     	jsr	$2bb8 <textPrint>
    1cdb: a6 26        	ldx	$26                     ; 0x26 <__rc22>
    1cdd: 86 30        	stx	$30                     ; 0x30 <_ccolor>
    1cdf: a2 41        	ldx	#$41
    1ce1: 86 47        	stx	$47                     ; 0x47 <_col>
    1ce3: 8e 14 d0     	stx	$d014                   ; 0xd014 <__heap_start+0x4648>
    1ce6: 9c 15 d0     	stz	$d015                   ; 0xd015 <__heap_start+0x4649>
    1ce9: a6 28        	ldx	$28                     ; 0x28 <__rc24>
    1ceb: 86 48        	stx	$48                     ; 0x48 <_row>
    1ced: 8e 16 d0     	stx	$d016                   ; 0xd016 <__heap_start+0x464a>
    1cf0: 9c 17 d0     	stz	$d017                   ; 0xd017 <__heap_start+0x464b>
    1cf3: a2 13        	ldx	#$13
    1cf5: 86 12        	stx	$12                     ; 0x12 <__rc2>
    1cf7: a2 85        	ldx	#$85
    1cf9: 86 13        	stx	$13                     ; 0x13 <__rc3>
    1cfb: 20 b8 2b     	jsr	$2bb8 <textPrint>
    1cfe: a6 27        	ldx	$27                     ; 0x27 <__rc23>
    1d00: 86 58        	stx	$58                     ; 0x58 <midiChip>
    1d02: a6 7b        	ldx	$7b                     ; 0x7b <kernelEventData+0x4>
    1d04: a0 01        	ldy	#$1
    1d06: e0 72        	cpx	#$72
    1d08: d0 36        	bne	$1d40 <main+0x1713>
    1d0a: a6 53        	ldx	$53                     ; 0x53 <repeatFlag>
    1d0c: a9 01        	lda	#$1
    1d0e: 45 53        	eor	$53                     ; 0x53 <repeatFlag>
    1d10: 85 53        	sta	$53                     ; 0x53 <repeatFlag>
    1d12: 8a           	txa
    1d13: 0a           	asl
    1d14: 0a           	asl
    1d15: 0a           	asl
    1d16: 0a           	asl
    1d17: 49 10        	eor	#$10
    1d19: 85 30        	sta	$30                     ; 0x30 <_ccolor>
    1d1b: a2 03        	ldx	#$3
    1d1d: 86 47        	stx	$47                     ; 0x47 <_col>
    1d1f: 8e 14 d0     	stx	$d014                   ; 0xd014 <__heap_start+0x4648>
    1d22: 9c 15 d0     	stz	$d015                   ; 0xd015 <__heap_start+0x4649>
    1d25: a2 1b        	ldx	#$1b
    1d27: 86 48        	stx	$48                     ; 0x48 <_row>
    1d29: 8e 16 d0     	stx	$d016                   ; 0xd016 <__heap_start+0x464a>
    1d2c: 9c 17 d0     	stz	$d017                   ; 0xd017 <__heap_start+0x464b>
    1d2f: a2 47        	ldx	#$47
    1d31: 86 12        	stx	$12                     ; 0x12 <__rc2>
    1d33: a2 86        	ldx	#$86
    1d35: 86 13        	stx	$13                     ; 0x13 <__rc3>
    1d37: 84 28        	sty	$28                     ; 0x28 <__rc24>
    1d39: 20 b8 2b     	jsr	$2bb8 <textPrint>
    1d3c: a4 28        	ldy	$28                     ; 0x28 <__rc24>
    1d3e: a6 7b        	ldx	$7b                     ; 0x7b <kernelEventData+0x4>
    1d40: e0 2e        	cpx	#$2e
    1d42: f0 03        	beq	$1d47 <main+0x171a>
    1d44: 4c ee 1d     	jmp	$1dee <main+0x17c1>
    1d47: a9 b0        	lda	#$b0
    1d49: a6 58        	ldx	$58                     ; 0x58 <midiChip>
    1d4b: 5a           	phy
    1d4c: a4 2a        	ldy	$2a                     ; 0x2a <__rc26>
    1d4e: 84 12        	sty	$12                     ; 0x12 <__rc2>
    1d50: a4 2b        	ldy	$2b                     ; 0x2b <__rc27>
    1d52: 84 13        	sty	$13                     ; 0x13 <__rc3>
    1d54: 7a           	ply
    1d55: e0 00        	cpx	#$0
    1d57: f0 08        	beq	$1d61 <main+0x1734>
    1d59: a2 b1        	ldx	#$b1
    1d5b: 86 12        	stx	$12                     ; 0x12 <__rc2>
    1d5d: a2 dd        	ldx	#$dd
    1d5f: 86 13        	stx	$13                     ; 0x13 <__rc3>
    1d61: 85 14        	sta	$14                     ; 0x14 <__rc4>
    1d63: 92 12        	sta	($12)                   ; 0x12 <__rc2>
    1d65: a6 58        	ldx	$58                     ; 0x58 <midiChip>
    1d67: a5 2a        	lda	$2a                     ; 0x2a <__rc26>
    1d69: 85 12        	sta	$12                     ; 0x12 <__rc2>
    1d6b: a5 2b        	lda	$2b                     ; 0x2b <__rc27>
    1d6d: 85 13        	sta	$13                     ; 0x13 <__rc3>
    1d6f: 8a           	txa
    1d70: f0 08        	beq	$1d7a <main+0x174d>
    1d72: a2 b1        	ldx	#$b1
    1d74: 86 12        	stx	$12                     ; 0x12 <__rc2>
    1d76: a2 dd        	ldx	#$dd
    1d78: 86 13        	stx	$13                     ; 0x13 <__rc3>
    1d7a: a9 5b        	lda	#$5b
    1d7c: 92 12        	sta	($12)                   ; 0x12 <__rc2>
    1d7e: a6 58        	ldx	$58                     ; 0x58 <midiChip>
    1d80: a5 2a        	lda	$2a                     ; 0x2a <__rc26>
    1d82: 85 12        	sta	$12                     ; 0x12 <__rc2>
    1d84: a5 2b        	lda	$2b                     ; 0x2b <__rc27>
    1d86: 85 13        	sta	$13                     ; 0x13 <__rc3>
    1d88: 8a           	txa
    1d89: f0 08        	beq	$1d93 <main+0x1766>
    1d8b: a2 b1        	ldx	#$b1
    1d8d: 86 12        	stx	$12                     ; 0x12 <__rc2>
    1d8f: a2 dd        	ldx	#$dd
    1d91: 86 13        	stx	$13                     ; 0x13 <__rc3>
    1d93: a9 00        	lda	#$0
    1d95: 92 12        	sta	($12)                   ; 0x12 <__rc2>
    1d97: a6 58        	ldx	$58                     ; 0x58 <midiChip>
    1d99: a5 2a        	lda	$2a                     ; 0x2a <__rc26>
    1d9b: 85 12        	sta	$12                     ; 0x12 <__rc2>
    1d9d: a5 2b        	lda	$2b                     ; 0x2b <__rc27>
    1d9f: 85 13        	sta	$13                     ; 0x13 <__rc3>
    1da1: 8a           	txa
    1da2: f0 08        	beq	$1dac <main+0x177f>
    1da4: a2 b1        	ldx	#$b1
    1da6: 86 12        	stx	$12                     ; 0x12 <__rc2>
    1da8: a2 dd        	ldx	#$dd
    1daa: 86 13        	stx	$13                     ; 0x13 <__rc3>
    1dac: a5 14        	lda	$14                     ; 0x14 <__rc4>
    1dae: 92 12        	sta	($12)                   ; 0x12 <__rc2>
    1db0: a6 58        	ldx	$58                     ; 0x58 <midiChip>
    1db2: a5 2a        	lda	$2a                     ; 0x2a <__rc26>
    1db4: 85 12        	sta	$12                     ; 0x12 <__rc2>
    1db6: a5 2b        	lda	$2b                     ; 0x2b <__rc27>
    1db8: 85 13        	sta	$13                     ; 0x13 <__rc3>
    1dba: 8a           	txa
    1dbb: f0 08        	beq	$1dc5 <main+0x1798>
    1dbd: a2 b1        	ldx	#$b1
    1dbf: 86 12        	stx	$12                     ; 0x12 <__rc2>
    1dc1: a2 dd        	ldx	#$dd
    1dc3: 86 13        	stx	$13                     ; 0x13 <__rc3>
    1dc5: a9 5d        	lda	#$5d
    1dc7: 92 12        	sta	($12)                   ; 0x12 <__rc2>
    1dc9: a6 58        	ldx	$58                     ; 0x58 <midiChip>
    1dcb: a5 2a        	lda	$2a                     ; 0x2a <__rc26>
    1dcd: 85 12        	sta	$12                     ; 0x12 <__rc2>
    1dcf: a5 2b        	lda	$2b                     ; 0x2b <__rc27>
    1dd1: 85 13        	sta	$13                     ; 0x13 <__rc3>
    1dd3: 8a           	txa
    1dd4: f0 08        	beq	$1dde <main+0x17b1>
    1dd6: a2 b1        	ldx	#$b1
    1dd8: 86 12        	stx	$12                     ; 0x12 <__rc2>
    1dda: a2 dd        	ldx	#$dd
    1ddc: 86 13        	stx	$13                     ; 0x13 <__rc3>
    1dde: a9 00        	lda	#$0
    1de0: 92 12        	sta	($12)                   ; 0x12 <__rc2>
    1de2: a5 14        	lda	$14                     ; 0x14 <__rc4>
    1de4: 1a           	inc
    1de5: c9 c0        	cmp	#$c0
    1de7: f0 03        	beq	$1dec <main+0x17bf>
    1de9: 4c 49 1d     	jmp	$1d49 <main+0x171c>
    1dec: a6 7b        	ldx	$7b                     ; 0x7b <kernelEventData+0x4>
    1dee: b8           	clv
    1def: e0 2c        	cpx	#$2c
    1df1: f0 03        	beq	$1df6 <main+0x17c9>
    1df3: 4c 51 1e     	jmp	$1e51 <main+0x1824>
    1df6: a9 b0        	lda	#$b0
    1df8: a6 58        	ldx	$58                     ; 0x58 <midiChip>
    1dfa: 5a           	phy
    1dfb: a4 2a        	ldy	$2a                     ; 0x2a <__rc26>
    1dfd: 84 12        	sty	$12                     ; 0x12 <__rc2>
    1dff: a4 2b        	ldy	$2b                     ; 0x2b <__rc27>
    1e01: 84 13        	sty	$13                     ; 0x13 <__rc3>
    1e03: 7a           	ply
    1e04: e0 00        	cpx	#$0
    1e06: f0 08        	beq	$1e10 <main+0x17e3>
    1e08: a2 b1        	ldx	#$b1
    1e0a: 86 12        	stx	$12                     ; 0x12 <__rc2>
    1e0c: a2 dd        	ldx	#$dd
    1e0e: 86 13        	stx	$13                     ; 0x13 <__rc3>
    1e10: 85 14        	sta	$14                     ; 0x14 <__rc4>
    1e12: 92 12        	sta	($12)                   ; 0x12 <__rc2>
    1e14: a6 58        	ldx	$58                     ; 0x58 <midiChip>
    1e16: a5 2a        	lda	$2a                     ; 0x2a <__rc26>
    1e18: 85 12        	sta	$12                     ; 0x12 <__rc2>
    1e1a: a5 2b        	lda	$2b                     ; 0x2b <__rc27>
    1e1c: 85 13        	sta	$13                     ; 0x13 <__rc3>
    1e1e: 8a           	txa
    1e1f: f0 08        	beq	$1e29 <main+0x17fc>
    1e21: a2 b1        	ldx	#$b1
    1e23: 86 12        	stx	$12                     ; 0x12 <__rc2>
    1e25: a2 dd        	ldx	#$dd
    1e27: 86 13        	stx	$13                     ; 0x13 <__rc3>
    1e29: a9 07        	lda	#$7
    1e2b: 92 12        	sta	($12)                   ; 0x12 <__rc2>
    1e2d: a6 58        	ldx	$58                     ; 0x58 <midiChip>
    1e2f: a5 2a        	lda	$2a                     ; 0x2a <__rc26>
    1e31: 85 12        	sta	$12                     ; 0x12 <__rc2>
    1e33: a5 2b        	lda	$2b                     ; 0x2b <__rc27>
    1e35: 85 13        	sta	$13                     ; 0x13 <__rc3>
    1e37: 8a           	txa
    1e38: f0 08        	beq	$1e42 <main+0x1815>
    1e3a: a2 b1        	ldx	#$b1
    1e3c: 86 12        	stx	$12                     ; 0x12 <__rc2>
    1e3e: a2 dd        	ldx	#$dd
    1e40: 86 13        	stx	$13                     ; 0x13 <__rc3>
    1e42: a9 7f        	lda	#$7f
    1e44: 92 12        	sta	($12)                   ; 0x12 <__rc2>
    1e46: a5 14        	lda	$14                     ; 0x14 <__rc4>
    1e48: 1a           	inc
    1e49: c9 c0        	cmp	#$c0
    1e4b: f0 03        	beq	$1e50 <main+0x1823>
    1e4d: 4c f8 1d     	jmp	$1df8 <main+0x17cb>
    1e50: b8           	clv
    1e51: a5 51        	lda	$51                     ; 0x51 <isPaused>
    1e53: 29 01        	and	#$1
    1e55: f0 03        	beq	$1e5a <main+0x182d>
    1e57: 4c af 20     	jmp	$20af <main+0x1a82>
    1e5a: ad 60 d6     	lda	$d660                   ; 0xd660 <__heap_start+0x4c94>
    1e5d: 29 10        	and	#$10
    1e5f: d0 03        	bne	$1e64 <main+0x1837>
    1e61: 4c 3c 1f     	jmp	$1f3c <main+0x190f>
    1e64: a2 10        	ldx	#$10
    1e66: 8e 60 d6     	stx	$d660                   ; 0xd660 <__heap_start+0x4c94>
    1e69: a6 6c        	ldx	$6c                     ; 0x6c <theOne.5>
    1e6b: 86 14        	stx	$14                     ; 0x14 <__rc4>
    1e6d: a6 6d        	ldx	$6d                     ; 0x6d <theOne.5+0x1>
    1e6f: 86 16        	stx	$16                     ; 0x16 <__rc6>
    1e71: a6 6e        	ldx	$6e                     ; 0x6e <theOne.5+0x2>
    1e73: a5 6f        	lda	$6f                     ; 0x6f <theOne.5+0x3>
    1e75: c9 01        	cmp	#$1
    1e77: d0 0f        	bne	$1e88 <main+0x185b>
    1e79: 85 15        	sta	$15                     ; 0x15 <__rc5>
    1e7b: 8a           	txa
    1e7c: d0 54        	bne	$1ed2 <main+0x18a5>
    1e7e: 86 13        	stx	$13                     ; 0x13 <__rc3>
    1e80: a5 16        	lda	$16                     ; 0x16 <__rc6>
    1e82: d0 52        	bne	$1ed6 <main+0x18a9>
    1e84: a6 14        	ldx	$14                     ; 0x14 <__rc4>
    1e86: 80 50        	bra	$1ed8 <main+0x18ab>
    1e88: 86 13        	stx	$13                     ; 0x13 <__rc3>
    1e8a: 85 15        	sta	$15                     ; 0x15 <__rc5>
    1e8c: c9 01        	cmp	#$1
    1e8e: b0 4c        	bcs	$1edc <main+0x18af>
    1e90: a6 14        	ldx	$14                     ; 0x14 <__rc4>
    1e92: a5 16        	lda	$16                     ; 0x16 <__rc6>
    1e94: e6 15        	inc	$15                     ; 0x15 <__rc5>
    1e96: c6 15        	dec	$15                     ; 0x15 <__rc5>
    1e98: d0 0d        	bne	$1ea7 <main+0x187a>
    1e9a: e6 13        	inc	$13                     ; 0x13 <__rc3>
    1e9c: c6 13        	dec	$13                     ; 0x13 <__rc3>
    1e9e: d0 07        	bne	$1ea7 <main+0x187a>
    1ea0: c9 00        	cmp	#$0
    1ea2: d0 03        	bne	$1ea7 <main+0x187a>
    1ea4: 4c 43 24     	jmp	$2443 <main+0x1e16>
    1ea7: a9 02        	lda	#$2
    1ea9: 8d 50 d6     	sta	$d650                   ; 0xd650 <__heap_start+0x4c84>
    1eac: 8e 55 d6     	stx	$d655                   ; 0xd655 <__heap_start+0x4c89>
    1eaf: a6 16        	ldx	$16                     ; 0x16 <__rc6>
    1eb1: 8e 56 d6     	stx	$d656                   ; 0xd656 <__heap_start+0x4c8a>
    1eb4: a6 13        	ldx	$13                     ; 0x13 <__rc3>
    1eb6: 8e 57 d6     	stx	$d657                   ; 0xd657 <__heap_start+0x4c8b>
    1eb9: 9c 54 d6     	stz	$d654                   ; 0xd654 <__heap_start+0x4c88>
    1ebc: aa           	tax
    1ebd: 86 29        	stx	$29                     ; 0x29 <__rc25>
    1ebf: 8d 50 d6     	sta	$d650                   ; 0xd650 <__heap_start+0x4c84>
    1ec2: a2 89        	ldx	#$89
    1ec4: 8e 50 d6     	stx	$d650                   ; 0xd650 <__heap_start+0x4c84>
    1ec7: 64 6c        	stz	$6c                     ; 0x6c <theOne.5>
    1ec9: 64 6d        	stz	$6d                     ; 0x6d <theOne.5+0x1>
    1ecb: 64 6e        	stz	$6e                     ; 0x6e <theOne.5+0x2>
    1ecd: 64 6f        	stz	$6f                     ; 0x6f <theOne.5+0x3>
    1ecf: 4c 3c 1f     	jmp	$1f3c <main+0x190f>
    1ed2: 86 13        	stx	$13                     ; 0x13 <__rc3>
    1ed4: 80 02        	bra	$1ed8 <main+0x18ab>
    1ed6: a6 16        	ldx	$16                     ; 0x16 <__rc6>
    1ed8: e0 00        	cpx	#$0
    1eda: 90 b4        	bcc	$1e90 <main+0x1863>
    1edc: a2 01        	ldx	#$1
    1ede: 70 02        	bvs	$1ee2 <main+0x18b5>
    1ee0: a2 00        	ldx	#$0
    1ee2: 86 12        	stx	$12                     ; 0x12 <__rc2>
    1ee4: 18           	clc
    1ee5: a5 14        	lda	$14                     ; 0x14 <__rc4>
    1ee7: 69 01        	adc	#$1
    1ee9: 85 14        	sta	$14                     ; 0x14 <__rc4>
    1eeb: a5 16        	lda	$16                     ; 0x16 <__rc6>
    1eed: 69 00        	adc	#$0
    1eef: 85 16        	sta	$16                     ; 0x16 <__rc6>
    1ef1: a5 13        	lda	$13                     ; 0x13 <__rc3>
    1ef3: 69 00        	adc	#$0
    1ef5: 85 17        	sta	$17                     ; 0x17 <__rc7>
    1ef7: a5 15        	lda	$15                     ; 0x15 <__rc5>
    1ef9: 69 ff        	adc	#$ff
    1efb: 85 13        	sta	$13                     ; 0x13 <__rc3>
    1efd: a6 14        	ldx	$14                     ; 0x14 <__rc4>
    1eff: 86 6c        	stx	$6c                     ; 0x6c <theOne.5>
    1f01: a6 16        	ldx	$16                     ; 0x16 <__rc6>
    1f03: 86 6d        	stx	$6d                     ; 0x6d <theOne.5+0x1>
    1f05: a5 17        	lda	$17                     ; 0x17 <__rc7>
    1f07: 85 6e        	sta	$6e                     ; 0x6e <theOne.5+0x2>
    1f09: a6 13        	ldx	$13                     ; 0x13 <__rc3>
    1f0b: 86 6f        	stx	$6f                     ; 0x6f <theOne.5+0x3>
    1f0d: a2 02        	ldx	#$2
    1f0f: 8e 50 d6     	stx	$d650                   ; 0xd650 <__heap_start+0x4c84>
    1f12: 86 13        	stx	$13                     ; 0x13 <__rc3>
    1f14: a6 14        	ldx	$14                     ; 0x14 <__rc4>
    1f16: 8e 55 d6     	stx	$d655                   ; 0xd655 <__heap_start+0x4c89>
    1f19: a6 16        	ldx	$16                     ; 0x16 <__rc6>
    1f1b: 8e 56 d6     	stx	$d656                   ; 0xd656 <__heap_start+0x4c8a>
    1f1e: 8d 57 d6     	sta	$d657                   ; 0xd657 <__heap_start+0x4c8b>
    1f21: 9c 54 d6     	stz	$d654                   ; 0xd654 <__heap_start+0x4c88>
    1f24: a2 02        	ldx	#$2
    1f26: 86 29        	stx	$29                     ; 0x29 <__rc25>
    1f28: a6 13        	ldx	$13                     ; 0x13 <__rc3>
    1f2a: 8e 50 d6     	stx	$d650                   ; 0xd650 <__heap_start+0x4c84>
    1f2d: a2 89        	ldx	#$89
    1f2f: 8e 50 d6     	stx	$d650                   ; 0xd650 <__heap_start+0x4c84>
    1f32: a6 12        	ldx	$12                     ; 0x12 <__rc2>
    1f34: f0 05        	beq	$1f3b <main+0x190e>
    1f36: 2c df 83     	bit	$83df                   ; 0x83df <__set_v>
    1f39: 80 01        	bra	$1f3c <main+0x190f>
    1f3b: b8           	clv
    1f3c: a5 6b        	lda	$6b                     ; 0x6b <theOne.4>
    1f3e: 29 01        	and	#$1
    1f40: f0 03        	beq	$1f45 <main+0x1918>
    1f42: 4c af 20     	jmp	$20af <main+0x1a82>
    1f45: a2 01        	ldx	#$1
    1f47: 70 02        	bvs	$1f4b <main+0x191e>
    1f49: a2 00        	ldx	#$0
    1f4b: 86 28        	stx	$28                     ; 0x28 <__rc24>
    1f4d: a2 01        	ldx	#$1
    1f4f: 86 26        	stx	$26                     ; 0x26 <__rc22>
    1f51: a6 69        	ldx	$69                     ; 0x69 <theOne.0>
    1f53: a4 6a        	ldy	$6a                     ; 0x6a <theOne.0+0x1>
    1f55: d0 06        	bne	$1f5d <main+0x1930>
    1f57: 8a           	txa
    1f58: d0 03        	bne	$1f5d <main+0x1930>
    1f5a: 4c 35 20     	jmp	$2035 <main+0x1a08>
    1f5d: 86 1a        	stx	$1a                     ; 0x1a <__rc10>
    1f5f: 84 1b        	sty	$1b                     ; 0x1b <__rc11>
    1f61: a5 74        	lda	$74                     ; 0x74 <theOne.8>
    1f63: a6 75        	ldx	$75                     ; 0x75 <theOne.8+0x1>
    1f65: 86 12        	stx	$12                     ; 0x12 <__rc2>
    1f67: 18           	clc
    1f68: 69 0c        	adc	#$c
    1f6a: aa           	tax
    1f6b: a5 12        	lda	$12                     ; 0x12 <__rc2>
    1f6d: 69 00        	adc	#$0
    1f6f: 86 12        	stx	$12                     ; 0x12 <__rc2>
    1f71: 85 13        	sta	$13                     ; 0x13 <__rc3>
    1f73: a9 ff        	lda	#$ff
    1f75: a2 00        	ldx	#$0
    1f77: 85 14        	sta	$14                     ; 0x14 <__rc4>
    1f79: 85 15        	sta	$15                     ; 0x15 <__rc5>
    1f7b: 85 16        	sta	$16                     ; 0x16 <__rc6>
    1f7d: 85 17        	sta	$17                     ; 0x17 <__rc7>
    1f7f: 8a           	txa
    1f80: 85 18        	sta	$18                     ; 0x18 <__rc8>
    1f82: a0 0c        	ldy	#$c
    1f84: b1 12        	lda	($12),y                 ; 0x12 <__rc2>
    1f86: f0 05        	beq	$1f8d <main+0x1960>
    1f88: a5 18        	lda	$18                     ; 0x18 <__rc8>
    1f8a: 4c f6 1f     	jmp	$1ff6 <main+0x19c9>
    1f8d: b2 12        	lda	($12)                   ; 0x12 <__rc2>
    1f8f: 85 1e        	sta	$1e                     ; 0x1e <__rc14>
    1f91: a0 01        	ldy	#$1
    1f93: b1 12        	lda	($12),y                 ; 0x12 <__rc2>
    1f95: 85 1d        	sta	$1d                     ; 0x1d <__rc13>
    1f97: c8           	iny
    1f98: b1 12        	lda	($12),y                 ; 0x12 <__rc2>
    1f9a: 85 1c        	sta	$1c                     ; 0x1c <__rc12>
    1f9c: c8           	iny
    1f9d: b1 12        	lda	($12),y                 ; 0x12 <__rc2>
    1f9f: c5 17        	cmp	$17                     ; 0x17 <__rc7>
    1fa1: d0 22        	bne	$1fc5 <main+0x1998>
    1fa3: 85 19        	sta	$19                     ; 0x19 <__rc9>
    1fa5: a5 18        	lda	$18                     ; 0x18 <__rc8>
    1fa7: a4 1c        	ldy	$1c                     ; 0x1c <__rc12>
    1fa9: c4 16        	cpy	$16                     ; 0x16 <__rc6>
    1fab: f0 03        	beq	$1fb0 <main+0x1983>
    1fad: 4c 21 20     	jmp	$2021 <main+0x19f4>
    1fb0: a0 01        	ldy	#$1
    1fb2: 84 26        	sty	$26                     ; 0x26 <__rc22>
    1fb4: a4 1d        	ldy	$1d                     ; 0x1d <__rc13>
    1fb6: c4 15        	cpy	$15                     ; 0x15 <__rc5>
    1fb8: f0 03        	beq	$1fbd <main+0x1990>
    1fba: 4c 2e 20     	jmp	$202e <main+0x1a01>
    1fbd: a4 1e        	ldy	$1e                     ; 0x1e <__rc14>
    1fbf: c4 14        	cpy	$14                     ; 0x14 <__rc4>
    1fc1: 90 0e        	bcc	$1fd1 <main+0x19a4>
    1fc3: 80 31        	bra	$1ff6 <main+0x19c9>
    1fc5: a0 01        	ldy	#$1
    1fc7: 84 26        	sty	$26                     ; 0x26 <__rc22>
    1fc9: 85 19        	sta	$19                     ; 0x19 <__rc9>
    1fcb: c5 17        	cmp	$17                     ; 0x17 <__rc7>
    1fcd: a5 18        	lda	$18                     ; 0x18 <__rc8>
    1fcf: b0 25        	bcs	$1ff6 <main+0x19c9>
    1fd1: a4 1e        	ldy	$1e                     ; 0x1e <__rc14>
    1fd3: 84 6c        	sty	$6c                     ; 0x6c <theOne.5>
    1fd5: 84 14        	sty	$14                     ; 0x14 <__rc4>
    1fd7: a4 1d        	ldy	$1d                     ; 0x1d <__rc13>
    1fd9: 84 6d        	sty	$6d                     ; 0x6d <theOne.5+0x1>
    1fdb: 84 15        	sty	$15                     ; 0x15 <__rc5>
    1fdd: a4 1c        	ldy	$1c                     ; 0x1c <__rc12>
    1fdf: 84 6e        	sty	$6e                     ; 0x6e <theOne.5+0x2>
    1fe1: 84 16        	sty	$16                     ; 0x16 <__rc6>
    1fe3: a4 19        	ldy	$19                     ; 0x19 <__rc9>
    1fe5: 84 6f        	sty	$6f                     ; 0x6f <theOne.5+0x3>
    1fe7: 84 17        	sty	$17                     ; 0x17 <__rc7>
    1fe9: a9 01        	lda	#$1
    1feb: a8           	tay
    1fec: 84 26        	sty	$26                     ; 0x26 <__rc22>
    1fee: 85 6b        	sta	$6b                     ; 0x6b <theOne.4>
    1ff0: a5 18        	lda	$18                     ; 0x18 <__rc8>
    1ff2: 85 70        	sta	$70                     ; 0x70 <theOne.6>
    1ff4: 86 71        	stx	$71                     ; 0x71 <theOne.6+0x1>
    1ff6: a8           	tay
    1ff7: c8           	iny
    1ff8: d0 01        	bne	$1ffb <main+0x19ce>
    1ffa: e8           	inx
    1ffb: 84 18        	sty	$18                     ; 0x18 <__rc8>
    1ffd: 86 19        	stx	$19                     ; 0x19 <__rc9>
    1fff: a5 12        	lda	$12                     ; 0x12 <__rc2>
    2001: 18           	clc
    2002: 69 19        	adc	#$19
    2004: 85 12        	sta	$12                     ; 0x12 <__rc2>
    2006: a5 13        	lda	$13                     ; 0x13 <__rc3>
    2008: 69 00        	adc	#$0
    200a: 85 13        	sta	$13                     ; 0x13 <__rc3>
    200c: 98           	tya
    200d: a4 1b        	ldy	$1b                     ; 0x1b <__rc11>
    200f: c4 19        	cpy	$19                     ; 0x19 <__rc9>
    2011: f0 03        	beq	$2016 <main+0x19e9>
    2013: 4c 80 1f     	jmp	$1f80 <main+0x1953>
    2016: a5 18        	lda	$18                     ; 0x18 <__rc8>
    2018: a4 1a        	ldy	$1a                     ; 0x1a <__rc10>
    201a: c4 18        	cpy	$18                     ; 0x18 <__rc8>
    201c: f0 17        	beq	$2035 <main+0x1a08>
    201e: 4c 80 1f     	jmp	$1f80 <main+0x1953>
    2021: a0 01        	ldy	#$1
    2023: 84 26        	sty	$26                     ; 0x26 <__rc22>
    2025: a4 1c        	ldy	$1c                     ; 0x1c <__rc12>
    2027: c4 16        	cpy	$16                     ; 0x16 <__rc6>
    2029: b0 cb        	bcs	$1ff6 <main+0x19c9>
    202b: 4c d1 1f     	jmp	$1fd1 <main+0x19a4>
    202e: c4 15        	cpy	$15                     ; 0x15 <__rc5>
    2030: b0 c4        	bcs	$1ff6 <main+0x19c9>
    2032: 4c d1 1f     	jmp	$1fd1 <main+0x19a4>
    2035: a6 6c        	ldx	$6c                     ; 0x6c <theOne.5>
    2037: 86 12        	stx	$12                     ; 0x12 <__rc2>
    2039: a5 6d        	lda	$6d                     ; 0x6d <theOne.5+0x1>
    203b: a4 6e        	ldy	$6e                     ; 0x6e <theOne.5+0x2>
    203d: a6 6f        	ldx	$6f                     ; 0x6f <theOne.5+0x3>
    203f: d0 11        	bne	$2052 <main+0x1a25>
    2041: c0 00        	cpy	#$0
    2043: d0 0d        	bne	$2052 <main+0x1a25>
    2045: c9 00        	cmp	#$0
    2047: d0 09        	bne	$2052 <main+0x1a25>
    2049: e6 12        	inc	$12                     ; 0x12 <__rc2>
    204b: c6 12        	dec	$12                     ; 0x12 <__rc2>
    204d: d0 03        	bne	$2052 <main+0x1a25>
    204f: 4c e3 25     	jmp	$25e3 <main+0x1fb6>
    2052: 86 17        	stx	$17                     ; 0x17 <__rc7>
    2054: 84 16        	sty	$16                     ; 0x16 <__rc6>
    2056: a6 12        	ldx	$12                     ; 0x12 <__rc2>
    2058: 86 14        	stx	$14                     ; 0x14 <__rc4>
    205a: 85 15        	sta	$15                     ; 0x15 <__rc5>
    205c: ad 4b 89     	lda	$894b                   ; 0x894b <theOne.2>
    205f: ae 4c 89     	ldx	$894c                   ; 0x894c <theOne.2+0x1>
    2062: ac 4d 89     	ldy	$894d                   ; 0x894d <theOne.2+0x2>
    2065: 84 12        	sty	$12                     ; 0x12 <__rc2>
    2067: ac 4e 89     	ldy	$894e                   ; 0x894e <theOne.2+0x3>
    206a: 84 13        	sty	$13                     ; 0x13 <__rc3>
    206c: 20 6f 83     	jsr	$836f <__mulsi3>
    206f: a4 12        	ldy	$12                     ; 0x12 <__rc2>
    2071: 85 12        	sta	$12                     ; 0x12 <__rc2>
    2073: 85 6c        	sta	$6c                     ; 0x6c <theOne.5>
    2075: 86 15        	stx	$15                     ; 0x15 <__rc5>
    2077: 86 6d        	stx	$6d                     ; 0x6d <theOne.5+0x1>
    2079: 84 14        	sty	$14                     ; 0x14 <__rc4>
    207b: 84 6e        	sty	$6e                     ; 0x6e <theOne.5+0x2>
    207d: a6 13        	ldx	$13                     ; 0x13 <__rc3>
    207f: 86 6f        	stx	$6f                     ; 0x6f <theOne.5+0x3>
    2081: a6 28        	ldx	$28                     ; 0x28 <__rc24>
    2083: f0 05        	beq	$208a <main+0x1a5d>
    2085: 2c df 83     	bit	$83df                   ; 0x83df <__set_v>
    2088: 80 01        	bra	$208b <main+0x1a5e>
    208a: b8           	clv
    208b: a9 02        	lda	#$2
    208d: 8d 50 d6     	sta	$d650                   ; 0xd650 <__heap_start+0x4c84>
    2090: a4 12        	ldy	$12                     ; 0x12 <__rc2>
    2092: 8c 55 d6     	sty	$d655                   ; 0xd655 <__heap_start+0x4c89>
    2095: a6 15        	ldx	$15                     ; 0x15 <__rc5>
    2097: 8e 56 d6     	stx	$d656                   ; 0xd656 <__heap_start+0x4c8a>
    209a: a6 14        	ldx	$14                     ; 0x14 <__rc4>
    209c: 8e 57 d6     	stx	$d657                   ; 0xd657 <__heap_start+0x4c8b>
    209f: 9c 54 d6     	stz	$d654                   ; 0xd654 <__heap_start+0x4c88>
    20a2: aa           	tax
    20a3: 86 29        	stx	$29                     ; 0x29 <__rc25>
    20a5: 8d 50 d6     	sta	$d650                   ; 0xd650 <__heap_start+0x4c84>
    20a8: a2 89        	ldx	#$89
    20aa: 8e 50 d6     	stx	$d650                   ; 0xd650 <__heap_start+0x4c84>
    20ad: a4 26        	ldy	$26                     ; 0x26 <__rc22>
    20af: a6 73        	ldx	$73                     ; 0x73 <theOne.7+0x1>
    20b1: e4 6a        	cpx	$6a                     ; 0x6a <theOne.0+0x1>
    20b3: d0 0c        	bne	$20c1 <main+0x1a94>
    20b5: a6 72        	ldx	$72                     ; 0x72 <theOne.7>
    20b7: 98           	tya
    20b8: a4 69        	ldy	$69                     ; 0x69 <theOne.0>
    20ba: 84 12        	sty	$12                     ; 0x12 <__rc2>
    20bc: a8           	tay
    20bd: e4 12        	cpx	$12                     ; 0x12 <__rc2>
    20bf: 80 02        	bra	$20c3 <main+0x1a96>
    20c1: e4 6a        	cpx	$6a                     ; 0x6a <theOne.0+0x1>
    20c3: a2 01        	ldx	#$1
    20c5: 8a           	txa
    20c6: b0 02        	bcs	$20ca <main+0x1a9d>
    20c8: a9 00        	lda	#$0
    20ca: 86 12        	stx	$12                     ; 0x12 <__rc2>
    20cc: 70 02        	bvs	$20d0 <main+0x1aa3>
    20ce: 64 12        	stz	$12                     ; 0x12 <__rc2>
    20d0: 05 12        	ora	$12                     ; 0x12 <__rc2>
    20d2: 29 01        	and	#$1
    20d4: f0 03        	beq	$20d9 <main+0x1aac>
    20d6: 4c bc 23     	jmp	$23bc <main+0x1d8f>
    20d9: 64 77        	stz	$77                     ; 0x77 <kernelEventData>
    20db: 5a           	phy
    20dc: a0 19        	ldy	#$19
    20de: b1 10        	lda	($10),y                 ; 0x10 <__rc0>
    20e0: 85 12        	sta	$12                     ; 0x12 <__rc2>
    20e2: c8           	iny
    20e3: b1 10        	lda	($10),y                 ; 0x10 <__rc0>
    20e5: 7a           	ply
    20e6: 85 13        	sta	$13                     ; 0x13 <__rc3>
    20e8: 20 00 ff     	jsr	$ff00 <__heap_start+0x7534>
    20eb: 92 24        	sta	($24)                   ; 0x24 <__rc20>
    20ed: a9 00        	lda	#$0
    20ef: 6a           	ror
    20f0: 85 12        	sta	$12                     ; 0x12 <__rc2>
    20f2: a6 77        	ldx	$77                     ; 0x77 <kernelEventData>
    20f4: e0 52        	cpx	#$52
    20f6: f0 03        	beq	$20fb <main+0x1ace>
    20f8: 4c 88 23     	jmp	$2388 <main+0x1d5b>
    20fb: a5 51        	lda	$51                     ; 0x51 <isPaused>
    20fd: 29 01        	and	#$1
    20ff: f0 03        	beq	$2104 <main+0x1ad7>
    2101: 4c 55 22     	jmp	$2255 <main+0x1c28>
    2104: ad f8 87     	lda	$87f8                   ; 0x87f8 <isFreakingOut>
    2107: 29 01        	and	#$1
    2109: f0 4d        	beq	$2158 <main+0x1b2b>
    210b: 8c a6 d6     	sty	$d6a6                   ; 0xd6a6 <__heap_start+0x4cda>
    210e: ae a4 d6     	ldx	$d6a4                   ; 0xd6a4 <__heap_start+0x4cd8>
    2111: 86 12        	stx	$12                     ; 0x12 <__rc2>
    2113: 5a           	phy
    2114: fa           	plx
    2115: ac a5 d6     	ldy	$d6a5                   ; 0xd6a5 <__heap_start+0x4cd9>
    2118: 8e a6 d6     	stx	$d6a6                   ; 0xd6a6 <__heap_start+0x4cda>
    211b: ac a4 d6     	ldy	$d6a4                   ; 0xd6a4 <__heap_start+0x4cd8>
    211e: 84 13        	sty	$13                     ; 0x13 <__rc3>
    2120: ad a5 d6     	lda	$d6a5                   ; 0xd6a5 <__heap_start+0x4cd9>
    2123: 8e a6 d6     	stx	$d6a6                   ; 0xd6a6 <__heap_start+0x4cda>
    2126: 8a           	txa
    2127: ac a4 d6     	ldy	$d6a4                   ; 0xd6a4 <__heap_start+0x4cd8>
    212a: ae a5 d6     	ldx	$d6a5                   ; 0xd6a5 <__heap_start+0x4cd9>
    212d: a6 01        	ldx	$1                      ; 0x1
    212f: 85 01        	sta	$1                      ; 0x1
    2131: 8c 08 d0     	sty	$d008                   ; 0xd008 <__heap_start+0x463c>
    2134: a4 13        	ldy	$13                     ; 0x13 <__rc3>
    2136: 8c 09 d0     	sty	$d009                   ; 0xd009 <__heap_start+0x463d>
    2139: a8           	tay
    213a: a5 12        	lda	$12                     ; 0x12 <__rc2>
    213c: 8d 0a d0     	sta	$d00a                   ; 0xd00a <__heap_start+0x463e>
    213f: a9 ff        	lda	#$ff
    2141: 8d 0b d0     	sta	$d00b                   ; 0xd00b <__heap_start+0x463f>
    2144: 86 01        	stx	$1                      ; 0x1
    2146: ae f7 87     	ldx	$87f7                   ; 0x87f7 <freakoutCoundDown>
    2149: ca           	dex
    214a: ce f7 87     	dec	$87f7                   ; 0x87f7 <freakoutCoundDown>
    214d: 8a           	txa
    214e: d0 08        	bne	$2158 <main+0x1b2b>
    2150: 9c f8 87     	stz	$87f8                   ; 0x87f8 <isFreakingOut>
    2153: a2 0a        	ldx	#$a
    2155: 8e f7 87     	stx	$87f7                   ; 0x87f7 <freakoutCoundDown>
    2158: a6 45        	ldx	$45                     ; 0x45 <midiSpr_vx>
    215a: 86 12        	stx	$12                     ; 0x12 <__rc2>
    215c: 86 13        	stx	$13                     ; 0x13 <__rc3>
    215e: a2 ff        	ldx	#$ff
    2160: 86 15        	stx	$15                     ; 0x15 <__rc5>
    2162: 8a           	txa
    2163: a6 13        	ldx	$13                     ; 0x13 <__rc3>
    2165: 30 02        	bmi	$2169 <main+0x1b3c>
    2167: a9 00        	lda	#$0
    2169: 18           	clc
    216a: aa           	tax
    216b: a5 12        	lda	$12                     ; 0x12 <__rc2>
    216d: 65 41        	adc	$41                     ; 0x41 <midiSpr_x>
    216f: 85 12        	sta	$12                     ; 0x12 <__rc2>
    2171: 8a           	txa
    2172: 65 42        	adc	$42                     ; 0x42 <midiSpr_x+0x1>
    2174: aa           	tax
    2175: a5 12        	lda	$12                     ; 0x12 <__rc2>
    2177: 85 14        	sta	$14                     ; 0x14 <__rc4>
    2179: 85 41        	sta	$41                     ; 0x41 <midiSpr_x>
    217b: 86 16        	stx	$16                     ; 0x16 <__rc6>
    217d: 86 42        	stx	$42                     ; 0x42 <midiSpr_x+0x1>
    217f: a5 46        	lda	$46                     ; 0x46 <midiSpr_vy>
    2181: 85 12        	sta	$12                     ; 0x12 <__rc2>
    2183: 30 02        	bmi	$2187 <main+0x1b5a>
    2185: 64 15        	stz	$15                     ; 0x15 <__rc5>
    2187: 18           	clc
    2188: 65 43        	adc	$43                     ; 0x43 <midiSpr_y>
    218a: aa           	tax
    218b: a5 15        	lda	$15                     ; 0x15 <__rc5>
    218d: 65 44        	adc	$44                     ; 0x44 <midiSpr_y+0x1>
    218f: 86 17        	stx	$17                     ; 0x17 <__rc7>
    2191: 86 43        	stx	$43                     ; 0x43 <midiSpr_y>
    2193: 85 15        	sta	$15                     ; 0x15 <__rc5>
    2195: 85 44        	sta	$44                     ; 0x44 <midiSpr_y+0x1>
    2197: a5 16        	lda	$16                     ; 0x16 <__rc6>
    2199: d0 08        	bne	$21a3 <main+0x1b76>
    219b: a6 14        	ldx	$14                     ; 0x14 <__rc4>
    219d: e0 89        	cpx	#$89
    219f: b0 06        	bcs	$21a7 <main+0x1b7a>
    21a1: 80 16        	bra	$21b9 <main+0x1b8c>
    21a3: c9 00        	cmp	#$0
    21a5: 90 12        	bcc	$21b9 <main+0x1b8c>
    21a7: c9 01        	cmp	#$1
    21a9: d0 06        	bne	$21b1 <main+0x1b84>
    21ab: a6 14        	ldx	$14                     ; 0x14 <__rc4>
    21ad: e0 20        	cpx	#$20
    21af: 80 02        	bra	$21b3 <main+0x1b86>
    21b1: c9 01        	cmp	#$1
    21b3: a2 00        	ldx	#$0
    21b5: 86 18        	stx	$18                     ; 0x18 <__rc8>
    21b7: 90 0b        	bcc	$21c4 <main+0x1b97>
    21b9: 38           	sec
    21ba: a9 00        	lda	#$0
    21bc: e5 13        	sbc	$13                     ; 0x13 <__rc3>
    21be: 85 45        	sta	$45                     ; 0x45 <midiSpr_vx>
    21c0: a2 01        	ldx	#$1
    21c2: 86 18        	stx	$18                     ; 0x18 <__rc8>
    21c4: a5 15        	lda	$15                     ; 0x15 <__rc5>
    21c6: c9 00        	cmp	#$0
    21c8: a2 01        	ldx	#$1
    21ca: b0 02        	bcs	$21ce <main+0x1ba1>
    21cc: a2 00        	ldx	#$0
    21ce: 86 13        	stx	$13                     ; 0x13 <__rc3>
    21d0: a5 15        	lda	$15                     ; 0x15 <__rc5>
    21d2: d0 08        	bne	$21dc <main+0x1baf>
    21d4: a5 17        	lda	$17                     ; 0x17 <__rc7>
    21d6: c9 18        	cmp	#$18
    21d8: b0 06        	bcs	$21e0 <main+0x1bb3>
    21da: 80 40        	bra	$221c <main+0x1bef>
    21dc: a5 13        	lda	$13                     ; 0x13 <__rc3>
    21de: f0 3c        	beq	$221c <main+0x1bef>
    21e0: a5 16        	lda	$16                     ; 0x16 <__rc6>
    21e2: a6 15        	ldx	$15                     ; 0x15 <__rc5>
    21e4: d0 32        	bne	$2218 <main+0x1beb>
    21e6: a6 17        	ldx	$17                     ; 0x17 <__rc7>
    21e8: e0 a7        	cpx	#$a7
    21ea: b0 30        	bcs	$221c <main+0x1bef>
    21ec: 18           	clc
    21ed: aa           	tax
    21ee: a5 14        	lda	$14                     ; 0x14 <__rc4>
    21f0: 69 20        	adc	#$20
    21f2: 85 12        	sta	$12                     ; 0x12 <__rc2>
    21f4: 8a           	txa
    21f5: 69 00        	adc	#$0
    21f7: 85 14        	sta	$14                     ; 0x14 <__rc4>
    21f9: 18           	clc
    21fa: a5 17        	lda	$17                     ; 0x17 <__rc7>
    21fc: 69 20        	adc	#$20
    21fe: 85 13        	sta	$13                     ; 0x13 <__rc3>
    2200: a5 15        	lda	$15                     ; 0x15 <__rc5>
    2202: 69 00        	adc	#$0
    2204: a6 12        	ldx	$12                     ; 0x12 <__rc2>
    2206: 8e 04 d9     	stx	$d904                   ; 0xd904 <__heap_start+0x4f38>
    2209: a6 14        	ldx	$14                     ; 0x14 <__rc4>
    220b: 8e 05 d9     	stx	$d905                   ; 0xd905 <__heap_start+0x4f39>
    220e: a6 13        	ldx	$13                     ; 0x13 <__rc3>
    2210: 8e 06 d9     	stx	$d906                   ; 0xd906 <__heap_start+0x4f3a>
    2213: 8d 07 d9     	sta	$d907                   ; 0xd907 <__heap_start+0x4f3b>
    2216: 80 3d        	bra	$2255 <main+0x1c28>
    2218: a6 13        	ldx	$13                     ; 0x13 <__rc3>
    221a: f0 d0        	beq	$21ec <main+0x1bbf>
    221c: 38           	sec
    221d: a9 00        	lda	#$0
    221f: e5 12        	sbc	$12                     ; 0x12 <__rc2>
    2221: 85 46        	sta	$46                     ; 0x46 <midiSpr_vy>
    2223: 18           	clc
    2224: a5 14        	lda	$14                     ; 0x14 <__rc4>
    2226: 69 20        	adc	#$20
    2228: 85 13        	sta	$13                     ; 0x13 <__rc3>
    222a: a5 16        	lda	$16                     ; 0x16 <__rc6>
    222c: 69 00        	adc	#$0
    222e: 85 14        	sta	$14                     ; 0x14 <__rc4>
    2230: 18           	clc
    2231: a5 17        	lda	$17                     ; 0x17 <__rc7>
    2233: 69 20        	adc	#$20
    2235: aa           	tax
    2236: a5 15        	lda	$15                     ; 0x15 <__rc5>
    2238: 69 00        	adc	#$0
    223a: 85 12        	sta	$12                     ; 0x12 <__rc2>
    223c: a5 13        	lda	$13                     ; 0x13 <__rc3>
    223e: 8d 04 d9     	sta	$d904                   ; 0xd904 <__heap_start+0x4f38>
    2241: a5 14        	lda	$14                     ; 0x14 <__rc4>
    2243: 8d 05 d9     	sta	$d905                   ; 0xd905 <__heap_start+0x4f39>
    2246: 8e 06 d9     	stx	$d906                   ; 0xd906 <__heap_start+0x4f3a>
    2249: a5 12        	lda	$12                     ; 0x12 <__rc2>
    224b: 8d 07 d9     	sta	$d907                   ; 0xd907 <__heap_start+0x4f3b>
    224e: a5 18        	lda	$18                     ; 0x18 <__rc8>
    2250: f0 03        	beq	$2255 <main+0x1c28>
    2252: 8c f8 87     	sty	$87f8                   ; 0x87f8 <isFreakingOut>
    2255: a6 7b        	ldx	$7b                     ; 0x7b <kernelEventData+0x4>
    2257: e0 02        	cpx	#$2
    2259: f0 03        	beq	$225e <main+0x1c31>
    225b: 4c 86 23     	jmp	$2386 <main+0x1d59>
    225e: a2 10        	ldx	#$10
    2260: 86 26        	stx	$26                     ; 0x26 <__rc22>
    2262: a2 00        	ldx	#$0
    2264: 64 27        	stz	$27                     ; 0x27 <__rc23>
    2266: 4c ee 22     	jmp	$22ee <main+0x1cc1>
    2269: a2 01        	ldx	#$1
    226b: 86 28        	stx	$28                     ; 0x28 <__rc24>
    226d: a6 26        	ldx	$26                     ; 0x26 <__rc22>
    226f: 86 30        	stx	$30                     ; 0x30 <_ccolor>
    2271: a4 12        	ldy	$12                     ; 0x12 <__rc2>
    2273: a5 12        	lda	$12                     ; 0x12 <__rc2>
    2275: 18           	clc
    2276: 69 08        	adc	#$8
    2278: a2 04        	ldx	#$4
    227a: 86 47        	stx	$47                     ; 0x47 <_col>
    227c: 8e 14 d0     	stx	$d014                   ; 0xd014 <__heap_start+0x4648>
    227f: 9c 15 d0     	stz	$d015                   ; 0xd015 <__heap_start+0x4649>
    2282: 85 48        	sta	$48                     ; 0x48 <_row>
    2284: 8d 16 d0     	sta	$d016                   ; 0xd016 <__heap_start+0x464a>
    2287: 9c 17 d0     	stz	$d017                   ; 0xd017 <__heap_start+0x464b>
    228a: 84 29        	sty	$29                     ; 0x29 <__rc25>
    228c: b6 59        	ldx	$59,y                   ; 0x59 <shimmerBuffer>
    228e: 86 2d        	stx	$2d                     ; 0x2d <__rc29>
    2290: 86 4f        	stx	$4f                     ; 0x4f <__putchar.s>
    2292: a2 4f        	ldx	#$4f
    2294: 86 12        	stx	$12                     ; 0x12 <__rc2>
    2296: a2 00        	ldx	#$0
    2298: 86 13        	stx	$13                     ; 0x13 <__rc3>
    229a: 20 b8 2b     	jsr	$2bb8 <textPrint>
    229d: a5 52        	lda	$52                     ; 0x52 <isLightShow>
    229f: 29 01        	and	#$1
    22a1: f0 27        	beq	$22ca <main+0x1c9d>
    22a3: 18           	clc
    22a4: a5 2d        	lda	$2d                     ; 0x2d <__rc29>
    22a6: 69 f2        	adc	#$f2
    22a8: 85 12        	sta	$12                     ; 0x12 <__rc2>
    22aa: a2 00        	ldx	#$0
    22ac: a5 28        	lda	$28                     ; 0x28 <__rc24>
    22ae: 20 12 81     	jsr	$8112 <__ashlhi3>
    22b1: a6 27        	ldx	$27                     ; 0x27 <__rc23>
    22b3: bc 55 87     	ldy	$8755,x                 ; 0x8755 <disp>
    22b6: 48           	pha
    22b7: bd 56 87     	lda	$8756,x                 ; 0x8756 <disp+0x1>
    22ba: aa           	tax
    22bb: 68           	pla
    22bc: 84 12        	sty	$12                     ; 0x12 <__rc2>
    22be: a4 28        	ldy	$28                     ; 0x28 <__rc24>
    22c0: 86 13        	stx	$13                     ; 0x13 <__rc3>
    22c2: 92 12        	sta	($12)                   ; 0x12 <__rc2>
    22c4: a6 29        	ldx	$29                     ; 0x29 <__rc25>
    22c6: b5 59        	lda	$59,x                   ; 0x59 <shimmerBuffer>
    22c8: 80 06        	bra	$22d0 <main+0x1ca3>
    22ca: a6 29        	ldx	$29                     ; 0x29 <__rc25>
    22cc: a4 28        	ldy	$28                     ; 0x28 <__rc24>
    22ce: a5 2d        	lda	$2d                     ; 0x2d <__rc29>
    22d0: 3a           	dec
    22d1: 9d 59 00     	sta	$59,x                   ; 0x59 <shimmerBuffer>
    22d4: 86 28        	stx	$28                     ; 0x28 <__rc24>
    22d6: a6 28        	ldx	$28                     ; 0x28 <__rc24>
    22d8: e8           	inx
    22d9: 18           	clc
    22da: a5 27        	lda	$27                     ; 0x27 <__rc23>
    22dc: 69 02        	adc	#$2
    22de: 85 27        	sta	$27                     ; 0x27 <__rc23>
    22e0: 18           	clc
    22e1: a5 26        	lda	$26                     ; 0x26 <__rc22>
    22e3: 69 10        	adc	#$10
    22e5: 85 26        	sta	$26                     ; 0x26 <__rc22>
    22e7: e0 10        	cpx	#$10
    22e9: d0 03        	bne	$22ee <main+0x1cc1>
    22eb: 4c 52 23     	jmp	$2352 <main+0x1d25>
    22ee: 86 28        	stx	$28                     ; 0x28 <__rc24>
    22f0: b5 59        	lda	$59,x                   ; 0x59 <shimmerBuffer>
    22f2: aa           	tax
    22f3: f0 e1        	beq	$22d6 <main+0x1ca9>
    22f5: a4 28        	ldy	$28                     ; 0x28 <__rc24>
    22f7: 84 12        	sty	$12                     ; 0x12 <__rc2>
    22f9: a0 01        	ldy	#$1
    22fb: e0 0e        	cpx	#$e
    22fd: f0 03        	beq	$2302 <main+0x1cd5>
    22ff: 4c 69 22     	jmp	$2269 <main+0x1c3c>
    2302: a6 28        	ldx	$28                     ; 0x28 <__rc24>
    2304: a5 28        	lda	$28                     ; 0x28 <__rc24>
    2306: 18           	clc
    2307: 69 08        	adc	#$8
    2309: 84 29        	sty	$29                     ; 0x29 <__rc25>
    230b: a0 04        	ldy	#$4
    230d: 84 47        	sty	$47                     ; 0x47 <_col>
    230f: 8c 14 d0     	sty	$d014                   ; 0xd014 <__heap_start+0x4648>
    2312: 9c 15 d0     	stz	$d015                   ; 0xd015 <__heap_start+0x4649>
    2315: 85 48        	sta	$48                     ; 0x48 <_row>
    2317: 8d 16 d0     	sta	$d016                   ; 0xd016 <__heap_start+0x464a>
    231a: 9c 17 d0     	stz	$d017                   ; 0xd017 <__heap_start+0x464b>
    231d: 74 59        	stz	$59,x                   ; 0x59 <shimmerBuffer>
    231f: a2 20        	ldx	#$20
    2321: 86 4f        	stx	$4f                     ; 0x4f <__putchar.s>
    2323: a2 4f        	ldx	#$4f
    2325: 86 12        	stx	$12                     ; 0x12 <__rc2>
    2327: a2 00        	ldx	#$0
    2329: 86 13        	stx	$13                     ; 0x13 <__rc3>
    232b: 20 b8 2b     	jsr	$2bb8 <textPrint>
    232e: a5 52        	lda	$52                     ; 0x52 <isLightShow>
    2330: 29 01        	and	#$1
    2332: a4 29        	ldy	$29                     ; 0x29 <__rc25>
    2334: aa           	tax
    2335: d0 03        	bne	$233a <main+0x1d0d>
    2337: 4c d6 22     	jmp	$22d6 <main+0x1ca9>
    233a: a6 27        	ldx	$27                     ; 0x27 <__rc23>
    233c: 98           	tya
    233d: bc 55 87     	ldy	$8755,x                 ; 0x8755 <disp>
    2340: 48           	pha
    2341: bd 56 87     	lda	$8756,x                 ; 0x8756 <disp+0x1>
    2344: aa           	tax
    2345: 68           	pla
    2346: 84 12        	sty	$12                     ; 0x12 <__rc2>
    2348: a8           	tay
    2349: 86 13        	stx	$13                     ; 0x13 <__rc3>
    234b: a9 00        	lda	#$0
    234d: 92 12        	sta	($12)                   ; 0x12 <__rc2>
    234f: 4c d6 22     	jmp	$22d6 <main+0x1ca9>
    2352: a2 80        	ldx	#$80
    2354: 86 f3        	stx	$f3                     ; 0xf3 <__midigfxpal_size+0x73>
    2356: a2 76        	ldx	#$76
    2358: 86 12        	stx	$12                     ; 0x12 <__rc2>
    235a: a2 00        	ldx	#$0
    235c: 86 13        	stx	$13                     ; 0x13 <__rc3>
    235e: 20 f0 ff     	jsr	$fff0 <__heap_start+0x7624>
    2361: 92 24        	sta	($24)                   ; 0x24 <__rc20>
    2363: a9 00        	lda	#$0
    2365: 6a           	ror
    2366: 85 12        	sta	$12                     ; 0x12 <__rc2>
    2368: 18           	clc
    2369: a9 03        	lda	#$3
    236b: 72 24        	adc	($24)                   ; 0x24 <__rc20>
    236d: 85 54        	sta	$54                     ; 0x54 <shimmerTimer.1>
    236f: 64 f3        	stz	$f3                     ; 0xf3 <__midigfxpal_size+0x73>
    2371: a6 54        	ldx	$54                     ; 0x54 <shimmerTimer.1>
    2373: 86 f4        	stx	$f4                     ; 0xf4 <__midigfxpal_size+0x74>
    2375: a9 02        	lda	#$2
    2377: aa           	tax
    2378: 86 29        	stx	$29                     ; 0x29 <__rc25>
    237a: 85 f5        	sta	$f5                     ; 0xf5 <__midigfxpal_size+0x75>
    237c: 20 f0 ff     	jsr	$fff0 <__heap_start+0x7624>
    237f: 92 24        	sta	($24)                   ; 0x24 <__rc20>
    2381: a9 00        	lda	#$0
    2383: 6a           	ror
    2384: 85 12        	sta	$12                     ; 0x12 <__rc2>
    2386: a6 77        	ldx	$77                     ; 0x77 <kernelEventData>
    2388: b8           	clv
    2389: e0 08        	cpx	#$8
    238b: f0 03        	beq	$2390 <main+0x1d63>
    238d: 4c 51 1e     	jmp	$1e51 <main+0x1824>
    2390: a6 7b        	ldx	$7b                     ; 0x7b <kernelEventData+0x4>
    2392: 8a           	txa
    2393: 38           	sec
    2394: e9 20        	sbc	#$20
    2396: 50 02        	bvc	$239a <main+0x1d6d>
    2398: 49 80        	eor	#$80
    239a: c9 00        	cmp	#$0
    239c: 30 03        	bmi	$23a1 <main+0x1d74>
    239e: 4c 3a 1b     	jmp	$1b3a <main+0x150d>
    23a1: 2c df 83     	bit	$83df                   ; 0x83df <__set_v>
    23a4: e0 93        	cpx	#$93
    23a6: d0 03        	bne	$23ab <main+0x1d7e>
    23a8: 4c 51 1e     	jmp	$1e51 <main+0x1824>
    23ab: e0 83        	cpx	#$83
    23ad: d0 03        	bne	$23b2 <main+0x1d85>
    23af: 4c 08 27     	jmp	$2708 <main+0x20db>
    23b2: e0 92        	cpx	#$92
    23b4: f0 03        	beq	$23b9 <main+0x1d8c>
    23b6: 4c a4 1b     	jmp	$1ba4 <main+0x1577>
    23b9: 4c 22 27     	jmp	$2722 <main+0x20f5>
    23bc: a5 53        	lda	$53                     ; 0x53 <repeatFlag>
    23be: 29 01        	and	#$1
    23c0: d0 03        	bne	$23c5 <main+0x1d98>
    23c2: 4c 11 27     	jmp	$2711 <main+0x20e4>
    23c5: a2 b0        	ldx	#$b0
    23c7: a0 7b        	ldy	#$7b
    23c9: 8e b1 dd     	stx	$ddb1                   ; 0xddb1 <__heap_start+0x53e5>
    23cc: 8c b1 dd     	sty	$ddb1                   ; 0xddb1 <__heap_start+0x53e5>
    23cf: 9c b1 dd     	stz	$ddb1                   ; 0xddb1 <__heap_start+0x53e5>
    23d2: e8           	inx
    23d3: e0 c0        	cpx	#$c0
    23d5: d0 f2        	bne	$23c9 <main+0x1d9c>
    23d7: a2 b0        	ldx	#$b0
    23d9: 8e a1 dd     	stx	$dda1                   ; 0xdda1 <__heap_start+0x53d5>
    23dc: 8c a1 dd     	sty	$dda1                   ; 0xdda1 <__heap_start+0x53d5>
    23df: 9c a1 dd     	stz	$dda1                   ; 0xdda1 <__heap_start+0x53d5>
    23e2: e8           	inx
    23e3: e0 c0        	cpx	#$c0
    23e5: d0 f2        	bne	$23d9 <main+0x1dac>
    23e7: a6 74        	ldx	$74                     ; 0x74 <theOne.8>
    23e9: a4 75        	ldy	$75                     ; 0x75 <theOne.8+0x1>
    23eb: a9 00        	lda	#$0
    23ed: 85 12        	sta	$12                     ; 0x12 <__rc2>
    23ef: a9 00        	lda	#$0
    23f1: 85 13        	sta	$13                     ; 0x13 <__rc3>
    23f3: c4 13        	cpy	$13                     ; 0x13 <__rc3>
    23f5: d0 04        	bne	$23fb <main+0x1dce>
    23f7: e4 12        	cpx	$12                     ; 0x12 <__rc2>
    23f9: f0 07        	beq	$2402 <main+0x1dd5>
    23fb: 86 12        	stx	$12                     ; 0x12 <__rc2>
    23fd: 84 13        	sty	$13                     ; 0x13 <__rc3>
    23ff: 20 39 7f     	jsr	$7f39 <free>
    2402: a2 00        	ldx	#$0
    2404: 86 12        	stx	$12                     ; 0x12 <__rc2>
    2406: a2 00        	ldx	#$0
    2408: 86 13        	stx	$13                     ; 0x13 <__rc3>
    240a: a6 12        	ldx	$12                     ; 0x12 <__rc2>
    240c: a4 13        	ldy	$13                     ; 0x13 <__rc3>
    240e: 86 74        	stx	$74                     ; 0x74 <theOne.8>
    2410: 84 75        	sty	$75                     ; 0x75 <theOne.8+0x1>
    2412: 20 c7 27     	jsr	$27c7 <zeroOutStuff>
    2415: 20 d1 5a     	jsr	$5ad1 <detectStructure>
    2418: 20 0c 69     	jsr	$690c <initTrack>
    241b: a2 10        	ldx	#$10
    241d: 86 30        	stx	$30                     ; 0x30 <_ccolor>
    241f: a2 03        	ldx	#$3
    2421: 86 47        	stx	$47                     ; 0x47 <_col>
    2423: 8e 14 d0     	stx	$d014                   ; 0xd014 <__heap_start+0x4648>
    2426: 9c 15 d0     	stz	$d015                   ; 0xd015 <__heap_start+0x4649>
    2429: a2 1b        	ldx	#$1b
    242b: 86 48        	stx	$48                     ; 0x48 <_row>
    242d: 8e 16 d0     	stx	$d016                   ; 0xd016 <__heap_start+0x464a>
    2430: 9c 17 d0     	stz	$d017                   ; 0xd017 <__heap_start+0x464b>
    2433: a2 47        	ldx	#$47
    2435: 86 12        	stx	$12                     ; 0x12 <__rc2>
    2437: a2 86        	ldx	#$86
    2439: 86 13        	stx	$13                     ; 0x13 <__rc3>
    243b: 20 b8 2b     	jsr	$2bb8 <textPrint>
    243e: a0 01        	ldy	#$1
    2440: 4c e6 1a     	jmp	$1ae6 <main+0x14b9>
    2443: 8a           	txa
    2444: f0 03        	beq	$2449 <main+0x1e1c>
    2446: 4c a7 1e     	jmp	$1ea7 <main+0x187a>
    2449: a9 01        	lda	#$1
    244b: 70 03        	bvs	$2450 <main+0x1e23>
    244d: 4c 5f 27     	jmp	$275f <main+0x2132>
    2450: a0 10        	ldy	#$10
    2452: 91 10        	sta	($10),y                 ; 0x10 <__rc0>
    2454: a5 70        	lda	$70                     ; 0x70 <theOne.6>
    2456: 20 de 65     	jsr	$65de <performMIDICmd>
    2459: a6 69        	ldx	$69                     ; 0x69 <theOne.0>
    245b: a4 6a        	ldy	$6a                     ; 0x6a <theOne.0+0x1>
    245d: d0 03        	bne	$2462 <main+0x1e35>
    245f: 4c 6e 27     	jmp	$276e <main+0x2141>
    2462: a5 74        	lda	$74                     ; 0x74 <theOne.8>
    2464: 85 18        	sta	$18                     ; 0x18 <__rc8>
    2466: a5 75        	lda	$75                     ; 0x75 <theOne.8+0x1>
    2468: 85 19        	sta	$19                     ; 0x19 <__rc9>
    246a: a9 0c        	lda	#$c
    246c: 64 29        	stz	$29                     ; 0x29 <__rc25>
    246e: 86 15        	stx	$15                     ; 0x15 <__rc5>
    2470: 84 28        	sty	$28                     ; 0x28 <__rc24>
    2472: a0 00        	ldy	#$0
    2474: a2 00        	ldx	#$0
    2476: 86 26        	stx	$26                     ; 0x26 <__rc22>
    2478: 84 27        	sty	$27                     ; 0x27 <__rc23>
    247a: 85 2d        	sta	$2d                     ; 0x2d <__rc29>
    247c: 18           	clc
    247d: a2 00        	ldx	#$0
    247f: 86 2c        	stx	$2c                     ; 0x2c <__rc28>
    2481: 65 18        	adc	$18                     ; 0x18 <__rc8>
    2483: 85 12        	sta	$12                     ; 0x12 <__rc2>
    2485: a5 29        	lda	$29                     ; 0x29 <__rc25>
    2487: 65 19        	adc	$19                     ; 0x19 <__rc9>
    2489: 85 13        	sta	$13                     ; 0x13 <__rc3>
    248b: a0 0c        	ldy	#$c
    248d: b1 12        	lda	($12),y                 ; 0x12 <__rc2>
    248f: f0 0b        	beq	$249c <main+0x1e6f>
    2491: a5 2d        	lda	$2d                     ; 0x2d <__rc29>
    2493: a6 27        	ldx	$27                     ; 0x27 <__rc23>
    2495: 86 14        	stx	$14                     ; 0x14 <__rc4>
    2497: a6 26        	ldx	$26                     ; 0x26 <__rc22>
    2499: 4c a7 25     	jmp	$25a7 <main+0x1f7a>
    249c: a6 70        	ldx	$70                     ; 0x70 <theOne.6>
    249e: 86 14        	stx	$14                     ; 0x14 <__rc4>
    24a0: a6 71        	ldx	$71                     ; 0x71 <theOne.6+0x1>
    24a2: a5 26        	lda	$26                     ; 0x26 <__rc22>
    24a4: c5 71        	cmp	$71                     ; 0x71 <theOne.6+0x1>
    24a6: d0 0f        	bne	$24b7 <main+0x1e8a>
    24a8: a4 27        	ldy	$27                     ; 0x27 <__rc23>
    24aa: 64 13        	stz	$13                     ; 0x13 <__rc3>
    24ac: c4 14        	cpy	$14                     ; 0x14 <__rc4>
    24ae: d0 09        	bne	$24b9 <main+0x1e8c>
    24b0: a5 2d        	lda	$2d                     ; 0x2d <__rc29>
    24b2: a6 26        	ldx	$26                     ; 0x26 <__rc22>
    24b4: 4c a5 25     	jmp	$25a5 <main+0x1f78>
    24b7: 64 13        	stz	$13                     ; 0x13 <__rc3>
    24b9: a5 15        	lda	$15                     ; 0x15 <__rc5>
    24bb: a0 0d        	ldy	#$d
    24bd: 91 10        	sta	($10),y                 ; 0x10 <__rc0>
    24bf: a5 18        	lda	$18                     ; 0x18 <__rc8>
    24c1: c8           	iny
    24c2: 91 10        	sta	($10),y                 ; 0x10 <__rc0>
    24c4: a5 19        	lda	$19                     ; 0x19 <__rc9>
    24c6: c8           	iny
    24c7: 91 10        	sta	($10),y                 ; 0x10 <__rc0>
    24c9: a4 18        	ldy	$18                     ; 0x18 <__rc8>
    24cb: 84 2c        	sty	$2c                     ; 0x2c <__rc28>
    24cd: a0 19        	ldy	#$19
    24cf: 84 12        	sty	$12                     ; 0x12 <__rc2>
    24d1: a5 14        	lda	$14                     ; 0x14 <__rc4>
    24d3: 20 3d 83     	jsr	$833d <__mulhi3>
    24d6: 85 12        	sta	$12                     ; 0x12 <__rc2>
    24d8: 86 13        	stx	$13                     ; 0x13 <__rc3>
    24da: a6 2c        	ldx	$2c                     ; 0x2c <__rc28>
    24dc: 86 18        	stx	$18                     ; 0x18 <__rc8>
    24de: a5 2c        	lda	$2c                     ; 0x2c <__rc28>
    24e0: a2 00        	ldx	#$0
    24e2: 86 14        	stx	$14                     ; 0x14 <__rc4>
    24e4: 18           	clc
    24e5: 65 12        	adc	$12                     ; 0x12 <__rc2>
    24e7: aa           	tax
    24e8: a4 14        	ldy	$14                     ; 0x14 <__rc4>
    24ea: 84 1d        	sty	$1d                     ; 0x1d <__rc13>
    24ec: a0 0e        	ldy	#$e
    24ee: b1 10        	lda	($10),y                 ; 0x10 <__rc0>
    24f0: c8           	iny
    24f1: b1 10        	lda	($10),y                 ; 0x10 <__rc0>
    24f3: 85 19        	sta	$19                     ; 0x19 <__rc9>
    24f5: 65 13        	adc	$13                     ; 0x13 <__rc3>
    24f7: 86 12        	stx	$12                     ; 0x12 <__rc2>
    24f9: 85 13        	sta	$13                     ; 0x13 <__rc3>
    24fb: a8           	tay
    24fc: 18           	clc
    24fd: 8a           	txa
    24fe: 69 0c        	adc	#$c
    2500: 85 16        	sta	$16                     ; 0x16 <__rc6>
    2502: 98           	tya
    2503: 69 00        	adc	#$0
    2505: 85 17        	sta	$17                     ; 0x17 <__rc7>
    2507: a0 0c        	ldy	#$c
    2509: b1 12        	lda	($12),y                 ; 0x12 <__rc2>
    250b: 85 12        	sta	$12                     ; 0x12 <__rc2>
    250d: a0 01        	ldy	#$1
    250f: b1 16        	lda	($16),y                 ; 0x16 <__rc6>
    2511: 84 1a        	sty	$1a                     ; 0x1a <__rc10>
    2513: 85 13        	sta	$13                     ; 0x13 <__rc3>
    2515: c8           	iny
    2516: b1 16        	lda	($16),y                 ; 0x16 <__rc6>
    2518: 84 1b        	sty	$1b                     ; 0x1b <__rc11>
    251a: 85 14        	sta	$14                     ; 0x14 <__rc4>
    251c: c8           	iny
    251d: b1 16        	lda	($16),y                 ; 0x16 <__rc6>
    251f: 84 1c        	sty	$1c                     ; 0x1c <__rc12>
    2521: 85 15        	sta	$15                     ; 0x15 <__rc5>
    2523: a5 2d        	lda	$2d                     ; 0x2d <__rc29>
    2525: a2 00        	ldx	#$0
    2527: 86 2c        	stx	$2c                     ; 0x2c <__rc28>
    2529: a6 1d        	ldx	$1d                     ; 0x1d <__rc13>
    252b: e0 01        	cpx	#$1
    252d: 65 18        	adc	$18                     ; 0x18 <__rc8>
    252f: 85 16        	sta	$16                     ; 0x16 <__rc6>
    2531: a5 29        	lda	$29                     ; 0x29 <__rc25>
    2533: 65 19        	adc	$19                     ; 0x19 <__rc9>
    2535: 85 17        	sta	$17                     ; 0x17 <__rc7>
    2537: b2 16        	lda	($16)                   ; 0x16 <__rc6>
    2539: 85 1d        	sta	$1d                     ; 0x1d <__rc13>
    253b: a4 1a        	ldy	$1a                     ; 0x1a <__rc10>
    253d: b1 16        	lda	($16),y                 ; 0x16 <__rc6>
    253f: 85 1a        	sta	$1a                     ; 0x1a <__rc10>
    2541: a4 1b        	ldy	$1b                     ; 0x1b <__rc11>
    2543: b1 16        	lda	($16),y                 ; 0x16 <__rc6>
    2545: aa           	tax
    2546: a5 1d        	lda	$1d                     ; 0x1d <__rc13>
    2548: a0 0c        	ldy	#$c
    254a: 91 10        	sta	($10),y                 ; 0x10 <__rc0>
    254c: 38           	sec
    254d: e5 12        	sbc	$12                     ; 0x12 <__rc2>
    254f: 85 1f        	sta	$1f                     ; 0x1f <__rc15>
    2551: a5 1a        	lda	$1a                     ; 0x1a <__rc10>
    2553: 85 23        	sta	$23                     ; 0x23 <__rc19>
    2555: e5 13        	sbc	$13                     ; 0x13 <__rc3>
    2557: 85 22        	sta	$22                     ; 0x22 <__rc18>
    2559: 8a           	txa
    255a: 86 1e        	stx	$1e                     ; 0x1e <__rc14>
    255c: e5 14        	sbc	$14                     ; 0x14 <__rc4>
    255e: 85 1a        	sta	$1a                     ; 0x1a <__rc10>
    2560: a4 1c        	ldy	$1c                     ; 0x1c <__rc12>
    2562: b1 16        	lda	($16),y                 ; 0x16 <__rc6>
    2564: aa           	tax
    2565: e5 15        	sbc	$15                     ; 0x15 <__rc5>
    2567: 85 1d        	sta	$1d                     ; 0x1d <__rc13>
    2569: a5 1f        	lda	$1f                     ; 0x1f <__rc15>
    256b: 92 16        	sta	($16)                   ; 0x16 <__rc6>
    256d: a5 22        	lda	$22                     ; 0x22 <__rc18>
    256f: a0 01        	ldy	#$1
    2571: 91 16        	sta	($16),y                 ; 0x16 <__rc6>
    2573: a4 1b        	ldy	$1b                     ; 0x1b <__rc11>
    2575: a5 1a        	lda	$1a                     ; 0x1a <__rc10>
    2577: 91 16        	sta	($16),y                 ; 0x16 <__rc6>
    2579: a4 1c        	ldy	$1c                     ; 0x1c <__rc12>
    257b: a5 1d        	lda	$1d                     ; 0x1d <__rc13>
    257d: 91 16        	sta	($16),y                 ; 0x16 <__rc6>
    257f: e4 15        	cpx	$15                     ; 0x15 <__rc5>
    2581: d0 0e        	bne	$2591 <main+0x1f64>
    2583: a6 26        	ldx	$26                     ; 0x26 <__rc22>
    2585: a5 1e        	lda	$1e                     ; 0x1e <__rc14>
    2587: c5 14        	cmp	$14                     ; 0x14 <__rc4>
    2589: f0 03        	beq	$258e <main+0x1f61>
    258b: 4c ba 27     	jmp	$27ba <main+0x218d>
    258e: 4c 77 27     	jmp	$2777 <main+0x214a>
    2591: a5 2d        	lda	$2d                     ; 0x2d <__rc29>
    2593: a6 27        	ldx	$27                     ; 0x27 <__rc23>
    2595: 86 14        	stx	$14                     ; 0x14 <__rc4>
    2597: a6 26        	ldx	$26                     ; 0x26 <__rc22>
    2599: 48           	pha
    259a: a0 0d        	ldy	#$d
    259c: b1 10        	lda	($10),y                 ; 0x10 <__rc0>
    259e: 85 15        	sta	$15                     ; 0x15 <__rc5>
    25a0: 68           	pla
    25a1: 80 04        	bra	$25a7 <main+0x1f7a>
    25a3: a4 27        	ldy	$27                     ; 0x27 <__rc23>
    25a5: 84 14        	sty	$14                     ; 0x14 <__rc4>
    25a7: a4 14        	ldy	$14                     ; 0x14 <__rc4>
    25a9: c8           	iny
    25aa: d0 01        	bne	$25ad <main+0x1f80>
    25ac: e8           	inx
    25ad: 18           	clc
    25ae: 69 19        	adc	#$19
    25b0: 85 12        	sta	$12                     ; 0x12 <__rc2>
    25b2: a5 29        	lda	$29                     ; 0x29 <__rc25>
    25b4: 69 00        	adc	#$0
    25b6: 85 29        	sta	$29                     ; 0x29 <__rc25>
    25b8: e4 28        	cpx	$28                     ; 0x28 <__rc24>
    25ba: d0 04        	bne	$25c0 <main+0x1f93>
    25bc: c4 15        	cpy	$15                     ; 0x15 <__rc5>
    25be: 80 02        	bra	$25c2 <main+0x1f95>
    25c0: e4 28        	cpx	$28                     ; 0x28 <__rc24>
    25c2: a5 12        	lda	$12                     ; 0x12 <__rc2>
    25c4: b0 03        	bcs	$25c9 <main+0x1f9c>
    25c6: 4c 76 24     	jmp	$2476 <main+0x1e49>
    25c9: a5 70        	lda	$70                     ; 0x70 <theOne.6>
    25cb: 20 51 5d     	jsr	$5d51 <chainEvent>
    25ce: a5 70        	lda	$70                     ; 0x70 <theOne.6>
    25d0: 20 16 68     	jsr	$6816 <exhaustZeroes>
    25d3: 64 6b        	stz	$6b                     ; 0x6b <theOne.4>
    25d5: a0 10        	ldy	#$10
    25d7: b1 10        	lda	($10),y                 ; 0x10 <__rc0>
    25d9: 09 00        	ora	#$0
    25db: d0 03        	bne	$25e0 <main+0x1fb3>
    25dd: 4c 6a 27     	jmp	$276a <main+0x213d>
    25e0: 4c 64 27     	jmp	$2764 <main+0x2137>
    25e3: 64 12        	stz	$12                     ; 0x12 <__rc2>
    25e5: 64 15        	stz	$15                     ; 0x15 <__rc5>
    25e7: 64 14        	stz	$14                     ; 0x14 <__rc4>
    25e9: 4c 81 20     	jmp	$2081 <main+0x1a54>
    25ec: a6 2a        	ldx	$2a                     ; 0x2a <__rc26>
    25ee: 86 28        	stx	$28                     ; 0x28 <__rc24>
    25f0: a6 2b        	ldx	$2b                     ; 0x2b <__rc27>
    25f2: 86 29        	stx	$29                     ; 0x29 <__rc25>
    25f4: a2 19        	ldx	#$19
    25f6: 86 48        	stx	$48                     ; 0x48 <_row>
    25f8: 8e 16 d0     	stx	$d016                   ; 0xd016 <__heap_start+0x464a>
    25fb: 86 26        	stx	$26                     ; 0x26 <__rc22>
    25fd: 9c 17 d0     	stz	$d017                   ; 0xd017 <__heap_start+0x464b>
    2600: a2 a3        	ldx	#$a3
    2602: 86 2a        	stx	$2a                     ; 0x2a <__rc26>
    2604: a2 86        	ldx	#$86
    2606: 86 2b        	stx	$2b                     ; 0x2b <__rc27>
    2608: a2 a3        	ldx	#$a3
    260a: 86 12        	stx	$12                     ; 0x12 <__rc2>
    260c: a2 86        	ldx	#$86
    260e: 86 13        	stx	$13                     ; 0x13 <__rc3>
    2610: 84 27        	sty	$27                     ; 0x27 <__rc23>
    2612: 20 b8 2b     	jsr	$2bb8 <textPrint>
    2615: 20 d1 5a     	jsr	$5ad1 <detectStructure>
    2618: 64 47        	stz	$47                     ; 0x47 <_col>
    261a: 9c 14 d0     	stz	$d014                   ; 0xd014 <__heap_start+0x4648>
    261d: 9c 15 d0     	stz	$d015                   ; 0xd015 <__heap_start+0x4649>
    2620: a6 26        	ldx	$26                     ; 0x26 <__rc22>
    2622: 86 48        	stx	$48                     ; 0x48 <_row>
    2624: 8e 16 d0     	stx	$d016                   ; 0xd016 <__heap_start+0x464a>
    2627: 9c 17 d0     	stz	$d017                   ; 0xd017 <__heap_start+0x464b>
    262a: a2 a3        	ldx	#$a3
    262c: 86 12        	stx	$12                     ; 0x12 <__rc2>
    262e: a2 86        	ldx	#$86
    2630: 86 13        	stx	$13                     ; 0x13 <__rc3>
    2632: 20 b8 2b     	jsr	$2bb8 <textPrint>
    2635: a2 01        	ldx	#$1
    2637: 86 47        	stx	$47                     ; 0x47 <_col>
    2639: 8e 14 d0     	stx	$d014                   ; 0xd014 <__heap_start+0x4648>
    263c: 9c 15 d0     	stz	$d015                   ; 0xd015 <__heap_start+0x4649>
    263f: 86 48        	stx	$48                     ; 0x48 <_row>
    2641: 8e 16 d0     	stx	$d016                   ; 0xd016 <__heap_start+0x464a>
    2644: 86 2a        	stx	$2a                     ; 0x2a <__rc26>
    2646: 9c 17 d0     	stz	$d017                   ; 0xd017 <__heap_start+0x464b>
    2649: a2 10        	ldx	#$10
    264b: 86 30        	stx	$30                     ; 0x30 <_ccolor>
    264d: 86 26        	stx	$26                     ; 0x26 <__rc22>
    264f: a2 ac        	ldx	#$ac
    2651: 86 12        	stx	$12                     ; 0x12 <__rc2>
    2653: a2 85        	ldx	#$85
    2655: 86 13        	stx	$13                     ; 0x13 <__rc3>
    2657: 20 b8 2b     	jsr	$2bb8 <textPrint>
    265a: 64 30        	stz	$30                     ; 0x30 <_ccolor>
    265c: a9 4f        	lda	#$4f
    265e: 92 10        	sta	($10)                   ; 0x10 <__rc0>
    2660: a9 89        	lda	#$89
    2662: a4 2a        	ldy	$2a                     ; 0x2a <__rc26>
    2664: 91 10        	sta	($10),y                 ; 0x10 <__rc0>
    2666: a2 3e        	ldx	#$3e
    2668: 86 12        	stx	$12                     ; 0x12 <__rc2>
    266a: a2 86        	ldx	#$86
    266c: 86 13        	stx	$13                     ; 0x13 <__rc3>
    266e: 20 df 7b     	jsr	$7bdf <printf>
    2671: a6 2a        	ldx	$2a                     ; 0x2a <__rc26>
    2673: 86 47        	stx	$47                     ; 0x47 <_col>
    2675: 8e 14 d0     	stx	$d014                   ; 0xd014 <__heap_start+0x4648>
    2678: 9c 15 d0     	stz	$d015                   ; 0xd015 <__heap_start+0x4649>
    267b: a6 27        	ldx	$27                     ; 0x27 <__rc23>
    267d: 86 48        	stx	$48                     ; 0x48 <_row>
    267f: 8e 16 d0     	stx	$d016                   ; 0xd016 <__heap_start+0x464a>
    2682: 9c 17 d0     	stz	$d017                   ; 0xd017 <__heap_start+0x464b>
    2685: a6 26        	ldx	$26                     ; 0x26 <__rc22>
    2687: 86 30        	stx	$30                     ; 0x30 <_ccolor>
    2689: a2 eb        	ldx	#$eb
    268b: 86 12        	stx	$12                     ; 0x12 <__rc2>
    268d: a2 86        	ldx	#$86
    268f: 86 13        	stx	$13                     ; 0x13 <__rc3>
    2691: 20 b8 2b     	jsr	$2bb8 <textPrint>
    2694: 64 30        	stz	$30                     ; 0x30 <_ccolor>
    2696: ad 46 89     	lda	$8946                   ; 0x8946 <myRecord.1>
    2699: ae 47 89     	ldx	$8947                   ; 0x8947 <myRecord.1+0x1>
    269c: 92 10        	sta	($10)                   ; 0x10 <__rc0>
    269e: a4 2a        	ldy	$2a                     ; 0x2a <__rc26>
    26a0: 8a           	txa
    26a1: 91 10        	sta	($10),y                 ; 0x10 <__rc0>
    26a3: a2 cc        	ldx	#$cc
    26a5: 86 12        	stx	$12                     ; 0x12 <__rc2>
    26a7: a2 86        	ldx	#$86
    26a9: 86 13        	stx	$13                     ; 0x13 <__rc3>
    26ab: 20 df 7b     	jsr	$7bdf <printf>
    26ae: a6 26        	ldx	$26                     ; 0x26 <__rc22>
    26b0: 86 30        	stx	$30                     ; 0x30 <_ccolor>
    26b2: a2 c8        	ldx	#$c8
    26b4: 86 12        	stx	$12                     ; 0x12 <__rc2>
    26b6: a2 85        	ldx	#$85
    26b8: 86 13        	stx	$13                     ; 0x13 <__rc3>
    26ba: 20 b8 2b     	jsr	$2bb8 <textPrint>
    26bd: 64 30        	stz	$30                     ; 0x30 <_ccolor>
    26bf: a5 55        	lda	$55                     ; 0x55 <myRecord.2>
    26c1: a6 56        	ldx	$56                     ; 0x56 <myRecord.2+0x1>
    26c3: 92 10        	sta	($10)                   ; 0x10 <__rc0>
    26c5: a4 2a        	ldy	$2a                     ; 0x2a <__rc26>
    26c7: 8a           	txa
    26c8: 91 10        	sta	($10),y                 ; 0x10 <__rc0>
    26ca: a2 38        	ldx	#$38
    26cc: 86 12        	stx	$12                     ; 0x12 <__rc2>
    26ce: a2 87        	ldx	#$87
    26d0: 86 13        	stx	$13                     ; 0x13 <__rc3>
    26d2: 20 df 7b     	jsr	$7bdf <printf>
    26d5: a6 26        	ldx	$26                     ; 0x26 <__rc22>
    26d7: 86 30        	stx	$30                     ; 0x30 <_ccolor>
    26d9: a6 56        	ldx	$56                     ; 0x56 <myRecord.2+0x1>
    26db: d0 26        	bne	$2703 <main+0x20d6>
    26dd: a6 55        	ldx	$55                     ; 0x55 <myRecord.2>
    26df: e0 02        	cpx	#$2
    26e1: 4c aa 18     	jmp	$18aa <main+0x127d>
    26e4: a6 12        	ldx	$12                     ; 0x12 <__rc2>
    26e6: 86 18        	stx	$18                     ; 0x18 <__rc8>
    26e8: 4c 47 0c     	jmp	$c47 <main+0x61a>
    26eb: a2 13        	ldx	#$13
    26ed: 86 12        	stx	$12                     ; 0x12 <__rc2>
    26ef: a2 85        	ldx	#$85
    26f1: 86 13        	stx	$13                     ; 0x13 <__rc3>
    26f3: a2 41        	ldx	#$41
    26f5: 4c c4 1a     	jmp	$1ac4 <main+0x1497>
    26f8: a2 98        	ldx	#$98
    26fa: 86 12        	stx	$12                     ; 0x12 <__rc2>
    26fc: a2 85        	ldx	#$85
    26fe: 86 13        	stx	$13                     ; 0x13 <__rc3>
    2700: 4c ca 18     	jmp	$18ca <main+0x129d>
    2703: e0 00        	cpx	#$0
    2705: 4c aa 18     	jmp	$18aa <main+0x127d>
    2708: 18           	clc
    2709: a9 00        	lda	#$0
    270b: 5a           	phy
    270c: a0 17        	ldy	#$17
    270e: 91 10        	sta	($10),y                 ; 0x10 <__rc0>
    2710: 7a           	ply
    2711: ad 43 89     	lda	$8943                   ; 0x8943 <isTrulyDone>
    2714: 29 01        	and	#$1
    2716: a6 29        	ldx	$29                     ; 0x29 <__rc25>
    2718: c9 00        	cmp	#$0
    271a: d0 03        	bne	$271f <main+0x20f2>
    271c: 4c 1b 11     	jmp	$111b <main+0xaee>
    271f: 4c a8 10     	jmp	$10a8 <main+0xa7b>
    2722: a6 58        	ldx	$58                     ; 0x58 <midiChip>
    2724: f0 08        	beq	$272e <main+0x2101>
    2726: a2 b1        	ldx	#$b1
    2728: 86 2a        	stx	$2a                     ; 0x2a <__rc26>
    272a: a2 dd        	ldx	#$dd
    272c: 86 2b        	stx	$2b                     ; 0x2b <__rc27>
    272e: a9 b0        	lda	#$b0
    2730: 92 2a        	sta	($2a)                   ; 0x2a <__rc26>
    2732: aa           	tax
    2733: a9 7b        	lda	#$7b
    2735: 92 2a        	sta	($2a)                   ; 0x2a <__rc26>
    2737: a9 00        	lda	#$0
    2739: 92 2a        	sta	($2a)                   ; 0x2a <__rc26>
    273b: e8           	inx
    273c: 8a           	txa
    273d: e0 c0        	cpx	#$c0
    273f: d0 ef        	bne	$2730 <main+0x2103>
    2741: a2 01        	ldx	#$1
    2743: 8e 43 89     	stx	$8943                   ; 0x8943 <isTrulyDone>
    2746: 4c a8 10     	jmp	$10a8 <main+0xa7b>
    2749: 8a           	txa
    274a: f0 03        	beq	$274f <main+0x2122>
    274c: 4c 7b 19     	jmp	$197b <main+0x134e>
    274f: 4c a1 19     	jmp	$19a1 <main+0x1374>
    2752: a2 14        	ldx	#$14
    2754: 86 12        	stx	$12                     ; 0x12 <__rc2>
    2756: a2 86        	ldx	#$86
    2758: 86 13        	stx	$13                     ; 0x13 <__rc3>
    275a: a2 39        	ldx	#$39
    275c: 4c c4 1a     	jmp	$1ac4 <main+0x1497>
    275f: a9 00        	lda	#$0
    2761: 4c 50 24     	jmp	$2450 <main+0x1e23>
    2764: 2c df 83     	bit	$83df                   ; 0x83df <__set_v>
    2767: 4c 45 1f     	jmp	$1f45 <main+0x1918>
    276a: b8           	clv
    276b: 4c 45 1f     	jmp	$1f45 <main+0x1918>
    276e: 8a           	txa
    276f: f0 03        	beq	$2774 <main+0x2147>
    2771: 4c 62 24     	jmp	$2462 <main+0x1e35>
    2774: 4c c9 25     	jmp	$25c9 <main+0x1f9c>
    2777: a5 2d        	lda	$2d                     ; 0x2d <__rc29>
    2779: 48           	pha
    277a: a0 0d        	ldy	#$d
    277c: b1 10        	lda	($10),y                 ; 0x10 <__rc0>
    277e: 85 15        	sta	$15                     ; 0x15 <__rc5>
    2780: 68           	pla
    2781: a4 23        	ldy	$23                     ; 0x23 <__rc19>
    2783: c4 13        	cpy	$13                     ; 0x13 <__rc3>
    2785: f0 03        	beq	$278a <main+0x215d>
    2787: 4c a3 25     	jmp	$25a3 <main+0x1f76>
    278a: a4 27        	ldy	$27                     ; 0x27 <__rc23>
    278c: 84 14        	sty	$14                     ; 0x14 <__rc4>
    278e: 48           	pha
    278f: a0 0c        	ldy	#$c
    2791: b1 10        	lda	($10),y                 ; 0x10 <__rc0>
    2793: a8           	tay
    2794: 68           	pla
    2795: c4 12        	cpy	$12                     ; 0x12 <__rc2>
    2797: f0 03        	beq	$279c <main+0x216f>
    2799: 4c a7 25     	jmp	$25a7 <main+0x1f7a>
    279c: a5 27        	lda	$27                     ; 0x27 <__rc23>
    279e: 20 16 68     	jsr	$6816 <exhaustZeroes>
    27a1: a6 74        	ldx	$74                     ; 0x74 <theOne.8>
    27a3: a4 75        	ldy	$75                     ; 0x75 <theOne.8+0x1>
    27a5: 86 18        	stx	$18                     ; 0x18 <__rc8>
    27a7: 84 19        	sty	$19                     ; 0x19 <__rc9>
    27a9: a6 69        	ldx	$69                     ; 0x69 <theOne.0>
    27ab: a4 6a        	ldy	$6a                     ; 0x6a <theOne.0+0x1>
    27ad: 86 15        	stx	$15                     ; 0x15 <__rc5>
    27af: 84 28        	sty	$28                     ; 0x28 <__rc24>
    27b1: a6 27        	ldx	$27                     ; 0x27 <__rc23>
    27b3: 86 14        	stx	$14                     ; 0x14 <__rc4>
    27b5: a5 2d        	lda	$2d                     ; 0x2d <__rc29>
    27b7: 4c 97 24     	jmp	$2497 <main+0x1e6a>
    27ba: a5 2d        	lda	$2d                     ; 0x2d <__rc29>
    27bc: 48           	pha
    27bd: a0 0d        	ldy	#$d
    27bf: b1 10        	lda	($10),y                 ; 0x10 <__rc0>
    27c1: 85 15        	sta	$15                     ; 0x15 <__rc5>
    27c3: 68           	pla
    27c4: 4c a3 25     	jmp	$25a3 <main+0x1f76>

000027c7 <zeroOutStuff>:
    27c7: a2 00        	ldx	#$0
    27c9: a9 0e        	lda	#$e
    27cb: 9d 59 00     	sta	$59,x                   ; 0x59 <shimmerBuffer>
    27ce: e8           	inx
    27cf: e0 10        	cpx	#$10
    27d1: d0 f8        	bne	$27cb <zeroOutStuff+0x4>
    27d3: ae 44 89     	ldx	$8944                   ; 0x8944 <myRecord.0>
    27d6: ac 45 89     	ldy	$8945                   ; 0x8945 <myRecord.0+0x1>
    27d9: 86 12        	stx	$12                     ; 0x12 <__rc2>
    27db: 84 13        	sty	$13                     ; 0x13 <__rc3>
    27dd: 20 39 7f     	jsr	$7f39 <free>
    27e0: a9 40        	lda	#$40
    27e2: a2 00        	ldx	#$0
    27e4: 20 51 7d     	jsr	$7d51 <malloc>
    27e7: a6 12        	ldx	$12                     ; 0x12 <__rc2>
    27e9: a4 13        	ldy	$13                     ; 0x13 <__rc3>
    27eb: 8e 44 89     	stx	$8944                   ; 0x8944 <myRecord.0>
    27ee: 8c 45 89     	sty	$8945                   ; 0x8945 <myRecord.0+0x1>
    27f1: 9c 46 89     	stz	$8946                   ; 0x8946 <myRecord.1>
    27f4: 9c 47 89     	stz	$8947                   ; 0x8947 <myRecord.1+0x1>
    27f7: 64 55        	stz	$55                     ; 0x55 <myRecord.2>
    27f9: 64 56        	stz	$56                     ; 0x56 <myRecord.2+0x1>
    27fb: a2 01        	ldx	#$1
    27fd: 86 57        	stx	$57                     ; 0x57 <myRecord.14>
    27ff: 60           	rts

00002800 <fileOpenDir>:
    2800: b2 12        	lda	($12)                   ; 0x12 <__rc2>
    2802: a0 00        	ldy	#$0
    2804: aa           	tax
    2805: d0 03        	bne	$280a <fileOpenDir+0xa>
    2807: 4c 66 28     	jmp	$2866 <fileOpenDir+0x66>
    280a: 85 16        	sta	$16                     ; 0x16 <__rc6>
    280c: a2 00        	ldx	#$0
    280e: 86 14        	stx	$14                     ; 0x14 <__rc4>
    2810: 98           	tya
    2811: c8           	iny
    2812: d0 01        	bne	$2815 <fileOpenDir+0x15>
    2814: e8           	inx
    2815: 18           	clc
    2816: 65 12        	adc	$12                     ; 0x12 <__rc2>
    2818: 85 18        	sta	$18                     ; 0x18 <__rc8>
    281a: a5 14        	lda	$14                     ; 0x14 <__rc4>
    281c: 65 13        	adc	$13                     ; 0x13 <__rc3>
    281e: 84 17        	sty	$17                     ; 0x17 <__rc7>
    2820: a4 18        	ldy	$18                     ; 0x18 <__rc8>
    2822: 84 14        	sty	$14                     ; 0x14 <__rc4>
    2824: 85 15        	sta	$15                     ; 0x15 <__rc5>
    2826: a0 01        	ldy	#$1
    2828: b1 14        	lda	($14),y                 ; 0x14 <__rc4>
    282a: a4 17        	ldy	$17                     ; 0x17 <__rc7>
    282c: c9 00        	cmp	#$0
    282e: d0 de        	bne	$280e <fileOpenDir+0xe>
    2830: 8a           	txa
    2831: d0 06        	bne	$2839 <fileOpenDir+0x39>
    2833: c0 02        	cpy	#$2
    2835: b0 06        	bcs	$283d <fileOpenDir+0x3d>
    2837: 80 2b        	bra	$2864 <fileOpenDir+0x64>
    2839: e0 00        	cpx	#$0
    283b: 90 27        	bcc	$2864 <fileOpenDir+0x64>
    283d: a0 01        	ldy	#$1
    283f: b1 12        	lda	($12),y                 ; 0x12 <__rc2>
    2841: c9 3a        	cmp	#$3a
    2843: d0 1f        	bne	$2864 <fileOpenDir+0x64>
    2845: a5 16        	lda	$16                     ; 0x16 <__rc6>
    2847: c9 30        	cmp	#$30
    2849: a0 00        	ldy	#$0
    284b: 90 08        	bcc	$2855 <fileOpenDir+0x55>
    284d: c9 38        	cmp	#$38
    284f: b0 04        	bcs	$2855 <fileOpenDir+0x55>
    2851: 18           	clc
    2852: 69 d0        	adc	#$d0
    2854: a8           	tay
    2855: a5 12        	lda	$12                     ; 0x12 <__rc2>
    2857: 18           	clc
    2858: 69 02        	adc	#$2
    285a: 85 12        	sta	$12                     ; 0x12 <__rc2>
    285c: a5 13        	lda	$13                     ; 0x13 <__rc3>
    285e: 69 00        	adc	#$0
    2860: 85 13        	sta	$13                     ; 0x13 <__rc3>
    2862: 80 02        	bra	$2866 <fileOpenDir+0x66>
    2864: a0 00        	ldy	#$0
    2866: a2 00        	ldx	#$0
    2868: 86 14        	stx	$14                     ; 0x14 <__rc4>
    286a: a2 00        	ldx	#$0
    286c: 86 15        	stx	$15                     ; 0x15 <__rc5>
    286e: be 39 88     	ldx	$8839,y                 ; 0x8839 <_dirStream>
    2871: f0 03        	beq	$2876 <fileOpenDir+0x76>
    2873: 4c d8 28     	jmp	$28d8 <fileOpenDir+0xd8>
    2876: 84 1a        	sty	$1a                     ; 0x1a <__rc10>
    2878: 84 f3        	sty	$f3                     ; 0xf3 <__midigfxpal_size+0x73>
    287a: a6 12        	ldx	$12                     ; 0x12 <__rc2>
    287c: a4 13        	ldy	$13                     ; 0x13 <__rc3>
    287e: 86 fb        	stx	$fb                     ; 0xfb <__midigfxpal_size+0x7b>
    2880: 84 fc        	sty	$fc                     ; 0xfc <__midigfxpal_size+0x7c>
    2882: b2 12        	lda	($12)                   ; 0x12 <__rc2>
    2884: f0 30        	beq	$28b6 <fileOpenDir+0xb6>
    2886: 64 16        	stz	$16                     ; 0x16 <__rc6>
    2888: a0 01        	ldy	#$1
    288a: a9 00        	lda	#$0
    288c: aa           	tax
    288d: 5a           	phy
    288e: a4 16        	ldy	$16                     ; 0x16 <__rc6>
    2890: 84 17        	sty	$17                     ; 0x17 <__rc7>
    2892: 7a           	ply
    2893: e6 16        	inc	$16                     ; 0x16 <__rc6>
    2895: d0 01        	bne	$2898 <fileOpenDir+0x98>
    2897: e8           	inx
    2898: 18           	clc
    2899: 85 19        	sta	$19                     ; 0x19 <__rc9>
    289b: a5 17        	lda	$17                     ; 0x17 <__rc7>
    289d: 65 12        	adc	$12                     ; 0x12 <__rc2>
    289f: 85 18        	sta	$18                     ; 0x18 <__rc8>
    28a1: a5 19        	lda	$19                     ; 0x19 <__rc9>
    28a3: 65 13        	adc	$13                     ; 0x13 <__rc3>
    28a5: 85 19        	sta	$19                     ; 0x19 <__rc9>
    28a7: b1 18        	lda	($18),y                 ; 0x18 <__rc8>
    28a9: 85 17        	sta	$17                     ; 0x17 <__rc7>
    28ab: 8a           	txa
    28ac: e6 17        	inc	$17                     ; 0x17 <__rc7>
    28ae: c6 17        	dec	$17                     ; 0x17 <__rc7>
    28b0: d0 db        	bne	$288d <fileOpenDir+0x8d>
    28b2: a6 16        	ldx	$16                     ; 0x16 <__rc6>
    28b4: 80 02        	bra	$28b8 <fileOpenDir+0xb8>
    28b6: a2 00        	ldx	#$0
    28b8: 86 fd        	stx	$fd                     ; 0xfd <__midigfxpal_size+0x7d>
    28ba: a2 80        	ldx	#$80
    28bc: a0 00        	ldy	#$0
    28be: 86 12        	stx	$12                     ; 0x12 <__rc2>
    28c0: 84 13        	sty	$13                     ; 0x13 <__rc3>
    28c2: a2 76        	ldx	#$76
    28c4: 86 16        	stx	$16                     ; 0x16 <__rc6>
    28c6: a2 00        	ldx	#$0
    28c8: 86 17        	stx	$17                     ; 0x17 <__rc7>
    28ca: 20 78 ff     	jsr	$ff78 <__heap_start+0x75ac>
    28cd: 92 12        	sta	($12)                   ; 0x12 <__rc2>
    28cf: a9 00        	lda	#$0
    28d1: 6a           	ror
    28d2: 85 16        	sta	$16                     ; 0x16 <__rc6>
    28d4: a6 76        	ldx	$76                     ; 0x76 <kernelError>
    28d6: f0 09        	beq	$28e1 <fileOpenDir+0xe1>
    28d8: a2 00        	ldx	#$0
    28da: 86 12        	stx	$12                     ; 0x12 <__rc2>
    28dc: a2 00        	ldx	#$0
    28de: 86 13        	stx	$13                     ; 0x13 <__rc3>
    28e0: 60           	rts
    28e1: a9 39        	lda	#$39
    28e3: 18           	clc
    28e4: 65 1a        	adc	$1a                     ; 0x1a <__rc10>
    28e6: 85 12        	sta	$12                     ; 0x12 <__rc2>
    28e8: a9 88        	lda	#$88
    28ea: 69 00        	adc	#$0
    28ec: 85 13        	sta	$13                     ; 0x13 <__rc3>
    28ee: a6 80        	ldx	$80                     ; 0x80 <__midigfxpal_size>
    28f0: 86 1b        	stx	$1b                     ; 0x1b <__rc11>
    28f2: a2 81        	ldx	#$81
    28f4: a0 00        	ldy	#$0
    28f6: 86 16        	stx	$16                     ; 0x16 <__rc6>
    28f8: 84 17        	sty	$17                     ; 0x17 <__rc7>
    28fa: a2 76        	ldx	#$76
    28fc: 86 18        	stx	$18                     ; 0x18 <__rc8>
    28fe: a2 00        	ldx	#$0
    2900: 86 19        	stx	$19                     ; 0x19 <__rc9>
    2902: 64 77        	stz	$77                     ; 0x77 <kernelEventData>
    2904: 20 00 ff     	jsr	$ff00 <__heap_start+0x7534>
    2907: 92 16        	sta	($16)                   ; 0x16 <__rc6>
    2909: a9 00        	lda	#$0
    290b: 6a           	ror
    290c: 85 18        	sta	$18                     ; 0x18 <__rc8>
    290e: a6 77        	ldx	$77                     ; 0x77 <kernelEventData>
    2910: e0 48        	cpx	#$48
    2912: f0 c4        	beq	$28d8 <fileOpenDir+0xd8>
    2914: e0 3c        	cpx	#$3c
    2916: d0 ea        	bne	$2902 <fileOpenDir+0x102>
    2918: a6 1a        	ldx	$1a                     ; 0x1a <__rc10>
    291a: a5 1b        	lda	$1b                     ; 0x1b <__rc11>
    291c: 9d 39 88     	sta	$8839,x                 ; 0x8839 <_dirStream>
    291f: 60           	rts

00002920 <fileCloseDir>:
    2920: a2 81        	ldx	#$81
    2922: a0 00        	ldy	#$0
    2924: 86 14        	stx	$14                     ; 0x14 <__rc4>
    2926: 84 15        	sty	$15                     ; 0x15 <__rc5>
    2928: a2 80        	ldx	#$80
    292a: a0 00        	ldy	#$0
    292c: b2 12        	lda	($12)                   ; 0x12 <__rc2>
    292e: f0 20        	beq	$2950 <fileCloseDir+0x30>
    2930: 85 f3        	sta	$f3                     ; 0xf3 <__midigfxpal_size+0x73>
    2932: 86 16        	stx	$16                     ; 0x16 <__rc6>
    2934: 84 17        	sty	$17                     ; 0x17 <__rc7>
    2936: a9 76        	lda	#$76
    2938: 85 18        	sta	$18                     ; 0x18 <__rc8>
    293a: a9 00        	lda	#$0
    293c: 85 19        	sta	$19                     ; 0x19 <__rc9>
    293e: 20 80 ff     	jsr	$ff80 <__heap_start+0x75b4>
    2941: 92 16        	sta	($16)                   ; 0x16 <__rc6>
    2943: a9 00        	lda	#$0
    2945: 6a           	ror
    2946: 85 18        	sta	$18                     ; 0x18 <__rc8>
    2948: a5 76        	lda	$76                     ; 0x76 <kernelError>
    294a: d0 04        	bne	$2950 <fileCloseDir+0x30>
    294c: a9 00        	lda	#$0
    294e: 92 12        	sta	($12)                   ; 0x12 <__rc2>
    2950: 64 77        	stz	$77                     ; 0x77 <kernelEventData>
    2952: a9 76        	lda	#$76
    2954: 85 16        	sta	$16                     ; 0x16 <__rc6>
    2956: a9 00        	lda	#$0
    2958: 85 17        	sta	$17                     ; 0x17 <__rc7>
    295a: 20 00 ff     	jsr	$ff00 <__heap_start+0x7534>
    295d: 92 14        	sta	($14)                   ; 0x14 <__rc4>
    295f: a9 00        	lda	#$0
    2961: 6a           	ror
    2962: 85 16        	sta	$16                     ; 0x16 <__rc6>
    2964: a5 77        	lda	$77                     ; 0x77 <kernelEventData>
    2966: c9 46        	cmp	#$46
    2968: d0 c2        	bne	$292c <fileCloseDir+0xc>
    296a: 60           	rts

0000296b <fetchNextPLEntry>:
    296b: a6 12        	ldx	$12                     ; 0x12 <__rc2>
    296d: 86 82        	stx	$82                     ; 0x82 <__midigfxpal_size+0x2>
    296f: a6 13        	ldx	$13                     ; 0x13 <__rc3>
    2971: 86 83        	stx	$83                     ; 0x83 <__midigfxpal_size+0x3>
    2973: a6 14        	ldx	$14                     ; 0x14 <__rc4>
    2975: 86 86        	stx	$86                     ; 0x86 <__midigfxpal_size+0x6>
    2977: a6 15        	ldx	$15                     ; 0x15 <__rc5>
    2979: 86 87        	stx	$87                     ; 0x87 <__midigfxpal_size+0x7>
    297b: a2 00        	ldx	#$0
    297d: 86 12        	stx	$12                     ; 0x12 <__rc2>
    297f: a2 00        	ldx	#$0
    2981: 86 13        	stx	$13                     ; 0x13 <__rc3>
    2983: a6 83        	ldx	$83                     ; 0x83 <__midigfxpal_size+0x3>
    2985: e4 13        	cpx	$13                     ; 0x13 <__rc3>
    2987: d0 09        	bne	$2992 <fetchNextPLEntry+0x27>
    2989: a6 82        	ldx	$82                     ; 0x82 <__midigfxpal_size+0x2>
    298b: e4 12        	cpx	$12                     ; 0x12 <__rc2>
    298d: d0 03        	bne	$2992 <fetchNextPLEntry+0x27>
    298f: 4c 54 2a     	jmp	$2a54 <fetchNextPLEntry+0xe9>
    2992: a2 4f        	ldx	#$4f
    2994: 86 12        	stx	$12                     ; 0x12 <__rc2>
    2996: a2 89        	ldx	#$89
    2998: 86 13        	stx	$13                     ; 0x13 <__rc3>
    299a: a2 78        	ldx	#$78
    299c: 64 14        	stz	$14                     ; 0x14 <__rc4>
    299e: a9 00        	lda	#$0
    29a0: 20 f2 80     	jsr	$80f2 <__memset>
    29a3: a2 01        	ldx	#$1
    29a5: 86 88        	stx	$88                     ; 0x88 <__midigfxpal_size+0x8>
    29a7: a2 89        	ldx	#$89
    29a9: a0 00        	ldy	#$0
    29ab: 86 12        	stx	$12                     ; 0x12 <__rc2>
    29ad: 84 13        	sty	$13                     ; 0x13 <__rc3>
    29af: 64 85        	stz	$85                     ; 0x85 <__midigfxpal_size+0x5>
    29b1: 64 84        	stz	$84                     ; 0x84 <__midigfxpal_size+0x4>
    29b3: a6 12        	ldx	$12                     ; 0x12 <__rc2>
    29b5: 86 80        	stx	$80                     ; 0x80 <__midigfxpal_size>
    29b7: a6 13        	ldx	$13                     ; 0x13 <__rc3>
    29b9: 86 81        	stx	$81                     ; 0x81 <__midigfxpal_size+0x1>
    29bb: a6 82        	ldx	$82                     ; 0x82 <__midigfxpal_size+0x2>
    29bd: 86 14        	stx	$14                     ; 0x14 <__rc4>
    29bf: a6 83        	ldx	$83                     ; 0x83 <__midigfxpal_size+0x3>
    29c1: 86 15        	stx	$15                     ; 0x15 <__rc5>
    29c3: a2 00        	ldx	#$0
    29c5: a5 88        	lda	$88                     ; 0x88 <__midigfxpal_size+0x8>
    29c7: 20 86 2d     	jsr	$2d86 <fileRead>
    29ca: e0 00        	cpx	#$0
    29cc: d0 24        	bne	$29f2 <fetchNextPLEntry+0x87>
    29ce: c9 01        	cmp	#$1
    29d0: d0 20        	bne	$29f2 <fetchNextPLEntry+0x87>
    29d2: a4 89        	ldy	$89                     ; 0x89 <__midigfxpal_size+0x9>
    29d4: a6 80        	ldx	$80                     ; 0x80 <__midigfxpal_size>
    29d6: 86 12        	stx	$12                     ; 0x12 <__rc2>
    29d8: a6 81        	ldx	$81                     ; 0x81 <__midigfxpal_size+0x1>
    29da: 86 13        	stx	$13                     ; 0x13 <__rc3>
    29dc: c0 0a        	cpy	#$a
    29de: f0 d3        	beq	$29b3 <fetchNextPLEntry+0x48>
    29e0: c0 0d        	cpy	#$d
    29e2: f0 0e        	beq	$29f2 <fetchNextPLEntry+0x87>
    29e4: a5 84        	lda	$84                     ; 0x84 <__midigfxpal_size+0x4>
    29e6: f0 03        	beq	$29eb <fetchNextPLEntry+0x80>
    29e8: 4c 55 2a     	jmp	$2a55 <fetchNextPLEntry+0xea>
    29eb: a6 85        	ldx	$85                     ; 0x85 <__midigfxpal_size+0x5>
    29ed: e0 77        	cpx	#$77
    29ef: 4c 59 2a     	jmp	$2a59 <fetchNextPLEntry+0xee>
    29f2: a5 84        	lda	$84                     ; 0x84 <__midigfxpal_size+0x4>
    29f4: d0 0a        	bne	$2a00 <fetchNextPLEntry+0x95>
    29f6: a5 85        	lda	$85                     ; 0x85 <__midigfxpal_size+0x5>
    29f8: d0 06        	bne	$2a00 <fetchNextPLEntry+0x95>
    29fa: a6 89        	ldx	$89                     ; 0x89 <__midigfxpal_size+0x9>
    29fc: e0 0d        	cpx	#$d
    29fe: d0 11        	bne	$2a11 <fetchNextPLEntry+0xa6>
    2a00: a9 4f        	lda	#$4f
    2a02: 18           	clc
    2a03: 65 85        	adc	$85                     ; 0x85 <__midigfxpal_size+0x5>
    2a05: 85 12        	sta	$12                     ; 0x12 <__rc2>
    2a07: a9 89        	lda	#$89
    2a09: 65 84        	adc	$84                     ; 0x84 <__midigfxpal_size+0x4>
    2a0b: 85 13        	sta	$13                     ; 0x13 <__rc3>
    2a0d: a9 00        	lda	#$0
    2a0f: 92 12        	sta	($12)                   ; 0x12 <__rc2>
    2a11: a9 01        	lda	#$1
    2a13: 85 80        	sta	$80                     ; 0x80 <__midigfxpal_size>
    2a15: 20 1f 6d     	jsr	$6d1f <lilpause>
    2a18: a4 80        	ldy	$80                     ; 0x80 <__midigfxpal_size>
    2a1a: b1 86        	lda	($86),y                 ; 0x86 <__midigfxpal_size+0x6>
    2a1c: c9 02        	cmp	#$2
    2a1e: d0 34        	bne	$2a54 <fetchNextPLEntry+0xe9>
    2a20: b2 86        	lda	($86)                   ; 0x86 <__midigfxpal_size+0x6>
    2a22: c9 1a        	cmp	#$1a
    2a24: d0 2e        	bne	$2a54 <fetchNextPLEntry+0xe9>
    2a26: b2 82        	lda	($82)                   ; 0x82 <__midigfxpal_size+0x2>
    2a28: 85 f3        	sta	$f3                     ; 0xf3 <__midigfxpal_size+0x73>
    2a2a: 64 f4        	stz	$f4                     ; 0xf4 <__midigfxpal_size+0x74>
    2a2c: 64 f5        	stz	$f5                     ; 0xf5 <__midigfxpal_size+0x75>
    2a2e: 64 f6        	stz	$f6                     ; 0xf6 <__midigfxpal_size+0x76>
    2a30: 64 f7        	stz	$f7                     ; 0xf7 <__midigfxpal_size+0x77>
    2a32: a2 8a        	ldx	#$8a
    2a34: a0 00        	ldy	#$0
    2a36: 86 12        	stx	$12                     ; 0x12 <__rc2>
    2a38: 84 13        	sty	$13                     ; 0x13 <__rc3>
    2a3a: a2 76        	ldx	#$76
    2a3c: 86 14        	stx	$14                     ; 0x14 <__rc4>
    2a3e: a2 00        	ldx	#$0
    2a40: 86 15        	stx	$15                     ; 0x15 <__rc5>
    2a42: 20 74 ff     	jsr	$ff74 <__heap_start+0x75a8>
    2a45: 92 12        	sta	($12)                   ; 0x12 <__rc2>
    2a47: a9 00        	lda	#$0
    2a49: 6a           	ror
    2a4a: 85 14        	sta	$14                     ; 0x14 <__rc4>
    2a4c: a9 00        	lda	#$0
    2a4e: 92 86        	sta	($86)                   ; 0x86 <__midigfxpal_size+0x6>
    2a50: a0 01        	ldy	#$1
    2a52: 91 86        	sta	($86),y                 ; 0x86 <__midigfxpal_size+0x6>
    2a54: 60           	rts
    2a55: a6 84        	ldx	$84                     ; 0x84 <__midigfxpal_size+0x4>
    2a57: e0 00        	cpx	#$0
    2a59: a6 80        	ldx	$80                     ; 0x80 <__midigfxpal_size>
    2a5b: 86 12        	stx	$12                     ; 0x12 <__rc2>
    2a5d: a6 81        	ldx	$81                     ; 0x81 <__midigfxpal_size+0x1>
    2a5f: 86 13        	stx	$13                     ; 0x13 <__rc3>
    2a61: 90 03        	bcc	$2a66 <fetchNextPLEntry+0xfb>
    2a63: 4c b3 29     	jmp	$29b3 <fetchNextPLEntry+0x48>
    2a66: 84 16        	sty	$16                     ; 0x16 <__rc6>
    2a68: a6 85        	ldx	$85                     ; 0x85 <__midigfxpal_size+0x5>
    2a6a: a4 84        	ldy	$84                     ; 0x84 <__midigfxpal_size+0x4>
    2a6c: e8           	inx
    2a6d: d0 01        	bne	$2a70 <fetchNextPLEntry+0x105>
    2a6f: c8           	iny
    2a70: 18           	clc
    2a71: a9 4f        	lda	#$4f
    2a73: 65 85        	adc	$85                     ; 0x85 <__midigfxpal_size+0x5>
    2a75: 85 14        	sta	$14                     ; 0x14 <__rc4>
    2a77: a9 89        	lda	#$89
    2a79: 65 84        	adc	$84                     ; 0x84 <__midigfxpal_size+0x4>
    2a7b: 85 15        	sta	$15                     ; 0x15 <__rc5>
    2a7d: a5 16        	lda	$16                     ; 0x16 <__rc6>
    2a7f: 92 14        	sta	($14)                   ; 0x14 <__rc4>
    2a81: 86 85        	stx	$85                     ; 0x85 <__midigfxpal_size+0x5>
    2a83: 84 84        	sty	$84                     ; 0x84 <__midigfxpal_size+0x4>
    2a85: 4c b3 29     	jmp	$29b3 <fetchNextPLEntry+0x48>

00002a88 <fileOpen>:
    2a88: b2 12        	lda	($12)                   ; 0x12 <__rc2>
    2a8a: 64 16        	stz	$16                     ; 0x16 <__rc6>
    2a8c: d0 03        	bne	$2a91 <fileOpen+0x9>
    2a8e: 4c ee 2a     	jmp	$2aee <fileOpen+0x66>
    2a91: 85 18        	sta	$18                     ; 0x18 <__rc8>
    2a93: a0 00        	ldy	#$0
    2a95: a2 00        	ldx	#$0
    2a97: 86 16        	stx	$16                     ; 0x16 <__rc6>
    2a99: 98           	tya
    2a9a: c8           	iny
    2a9b: d0 01        	bne	$2a9e <fileOpen+0x16>
    2a9d: e8           	inx
    2a9e: 18           	clc
    2a9f: 65 12        	adc	$12                     ; 0x12 <__rc2>
    2aa1: 85 1a        	sta	$1a                     ; 0x1a <__rc10>
    2aa3: a5 16        	lda	$16                     ; 0x16 <__rc6>
    2aa5: 65 13        	adc	$13                     ; 0x13 <__rc3>
    2aa7: 84 19        	sty	$19                     ; 0x19 <__rc9>
    2aa9: a4 1a        	ldy	$1a                     ; 0x1a <__rc10>
    2aab: 84 16        	sty	$16                     ; 0x16 <__rc6>
    2aad: 85 17        	sta	$17                     ; 0x17 <__rc7>
    2aaf: a0 01        	ldy	#$1
    2ab1: b1 16        	lda	($16),y                 ; 0x16 <__rc6>
    2ab3: a4 19        	ldy	$19                     ; 0x19 <__rc9>
    2ab5: c9 00        	cmp	#$0
    2ab7: d0 de        	bne	$2a97 <fileOpen+0xf>
    2ab9: 8a           	txa
    2aba: d0 04        	bne	$2ac0 <fileOpen+0x38>
    2abc: c0 02        	cpy	#$2
    2abe: 80 02        	bra	$2ac2 <fileOpen+0x3a>
    2ac0: e0 00        	cpx	#$0
    2ac2: 64 16        	stz	$16                     ; 0x16 <__rc6>
    2ac4: 90 28        	bcc	$2aee <fileOpen+0x66>
    2ac6: a0 01        	ldy	#$1
    2ac8: b1 12        	lda	($12),y                 ; 0x12 <__rc2>
    2aca: c9 3a        	cmp	#$3a
    2acc: d0 20        	bne	$2aee <fileOpen+0x66>
    2ace: a5 18        	lda	$18                     ; 0x18 <__rc8>
    2ad0: c9 30        	cmp	#$30
    2ad2: 64 19        	stz	$19                     ; 0x19 <__rc9>
    2ad4: 90 09        	bcc	$2adf <fileOpen+0x57>
    2ad6: c9 38        	cmp	#$38
    2ad8: b0 05        	bcs	$2adf <fileOpen+0x57>
    2ada: 18           	clc
    2adb: 69 d0        	adc	#$d0
    2add: 85 19        	sta	$19                     ; 0x19 <__rc9>
    2adf: a5 12        	lda	$12                     ; 0x12 <__rc2>
    2ae1: 18           	clc
    2ae2: 69 02        	adc	#$2
    2ae4: 85 12        	sta	$12                     ; 0x12 <__rc2>
    2ae6: a5 13        	lda	$13                     ; 0x13 <__rc3>
    2ae8: 69 00        	adc	#$0
    2aea: 85 13        	sta	$13                     ; 0x13 <__rc3>
    2aec: 80 0e        	bra	$2afc <fileOpen+0x74>
    2aee: 64 19        	stz	$19                     ; 0x19 <__rc9>
    2af0: 80 0a        	bra	$2afc <fileOpen+0x74>
    2af2: a0 02        	ldy	#$2
    2af4: e6 14        	inc	$14                     ; 0x14 <__rc4>
    2af6: d0 02        	bne	$2afa <fileOpen+0x72>
    2af8: e6 15        	inc	$15                     ; 0x15 <__rc5>
    2afa: 84 16        	sty	$16                     ; 0x16 <__rc6>
    2afc: b2 14        	lda	($14)                   ; 0x14 <__rc4>
    2afe: c9 61        	cmp	#$61
    2b00: f0 f0        	beq	$2af2 <fileOpen+0x6a>
    2b02: a0 01        	ldy	#$1
    2b04: c9 77        	cmp	#$77
    2b06: f0 ec        	beq	$2af4 <fileOpen+0x6c>
    2b08: aa           	tax
    2b09: f0 04        	beq	$2b0f <fileOpen+0x87>
    2b0b: a4 16        	ldy	$16                     ; 0x16 <__rc6>
    2b0d: 80 e5        	bra	$2af4 <fileOpen+0x6c>
    2b0f: a6 16        	ldx	$16                     ; 0x16 <__rc6>
    2b11: 86 18        	stx	$18                     ; 0x18 <__rc8>
    2b13: a6 12        	ldx	$12                     ; 0x12 <__rc2>
    2b15: a4 13        	ldy	$13                     ; 0x13 <__rc3>
    2b17: 86 fb        	stx	$fb                     ; 0xfb <__midigfxpal_size+0x7b>
    2b19: 84 fc        	sty	$fc                     ; 0xfc <__midigfxpal_size+0x7c>
    2b1b: b2 12        	lda	($12)                   ; 0x12 <__rc2>
    2b1d: f0 2b        	beq	$2b4a <fileOpen+0xc2>
    2b1f: 64 15        	stz	$15                     ; 0x15 <__rc5>
    2b21: a0 01        	ldy	#$1
    2b23: a9 00        	lda	#$0
    2b25: 64 14        	stz	$14                     ; 0x14 <__rc4>
    2b27: a6 15        	ldx	$15                     ; 0x15 <__rc5>
    2b29: e6 15        	inc	$15                     ; 0x15 <__rc5>
    2b2b: d0 02        	bne	$2b2f <fileOpen+0xa7>
    2b2d: e6 14        	inc	$14                     ; 0x14 <__rc4>
    2b2f: 18           	clc
    2b30: 85 17        	sta	$17                     ; 0x17 <__rc7>
    2b32: 8a           	txa
    2b33: 65 12        	adc	$12                     ; 0x12 <__rc2>
    2b35: 85 16        	sta	$16                     ; 0x16 <__rc6>
    2b37: a5 17        	lda	$17                     ; 0x17 <__rc7>
    2b39: 65 13        	adc	$13                     ; 0x13 <__rc3>
    2b3b: 85 17        	sta	$17                     ; 0x17 <__rc7>
    2b3d: b1 16        	lda	($16),y                 ; 0x16 <__rc6>
    2b3f: aa           	tax
    2b40: a5 14        	lda	$14                     ; 0x14 <__rc4>
    2b42: e0 00        	cpx	#$0
    2b44: d0 e1        	bne	$2b27 <fileOpen+0x9f>
    2b46: a4 15        	ldy	$15                     ; 0x15 <__rc5>
    2b48: 80 02        	bra	$2b4c <fileOpen+0xc4>
    2b4a: a0 00        	ldy	#$0
    2b4c: a6 18        	ldx	$18                     ; 0x18 <__rc8>
    2b4e: 84 fd        	sty	$fd                     ; 0xfd <__midigfxpal_size+0x7d>
    2b50: a4 19        	ldy	$19                     ; 0x19 <__rc9>
    2b52: 84 f3        	sty	$f3                     ; 0xf3 <__midigfxpal_size+0x73>
    2b54: 86 f5        	stx	$f5                     ; 0xf5 <__midigfxpal_size+0x75>
    2b56: a2 80        	ldx	#$80
    2b58: a0 00        	ldy	#$0
    2b5a: 86 12        	stx	$12                     ; 0x12 <__rc2>
    2b5c: 84 13        	sty	$13                     ; 0x13 <__rc3>
    2b5e: a2 76        	ldx	#$76
    2b60: 86 14        	stx	$14                     ; 0x14 <__rc4>
    2b62: a2 00        	ldx	#$0
    2b64: 86 15        	stx	$15                     ; 0x15 <__rc5>
    2b66: 20 5c ff     	jsr	$ff5c <__heap_start+0x7590>
    2b69: 92 12        	sta	($12)                   ; 0x12 <__rc2>
    2b6b: a9 00        	lda	#$0
    2b6d: 6a           	ror
    2b6e: 85 14        	sta	$14                     ; 0x14 <__rc4>
    2b70: a6 76        	ldx	$76                     ; 0x76 <kernelError>
    2b72: a0 00        	ldy	#$0
    2b74: 84 12        	sty	$12                     ; 0x12 <__rc2>
    2b76: a0 00        	ldy	#$0
    2b78: 84 13        	sty	$13                     ; 0x13 <__rc3>
    2b7a: 8a           	txa
    2b7b: f0 01        	beq	$2b7e <fileOpen+0xf6>
    2b7d: 60           	rts
    2b7e: a6 80        	ldx	$80                     ; 0x80 <__midigfxpal_size>
    2b80: 86 82        	stx	$82                     ; 0x82 <__midigfxpal_size+0x2>
    2b82: a2 81        	ldx	#$81
    2b84: a0 00        	ldy	#$0
    2b86: 86 14        	stx	$14                     ; 0x14 <__rc4>
    2b88: 84 15        	sty	$15                     ; 0x15 <__rc5>
    2b8a: a2 76        	ldx	#$76
    2b8c: 86 16        	stx	$16                     ; 0x16 <__rc6>
    2b8e: a2 00        	ldx	#$0
    2b90: 86 17        	stx	$17                     ; 0x17 <__rc7>
    2b92: 64 77        	stz	$77                     ; 0x77 <kernelEventData>
    2b94: 20 00 ff     	jsr	$ff00 <__heap_start+0x7534>
    2b97: 92 14        	sta	($14)                   ; 0x14 <__rc4>
    2b99: a9 00        	lda	#$0
    2b9b: 6a           	ror
    2b9c: 85 16        	sta	$16                     ; 0x16 <__rc6>
    2b9e: a6 77        	ldx	$77                     ; 0x77 <kernelEventData>
    2ba0: e0 28        	cpx	#$28
    2ba2: f0 d9        	beq	$2b7d <fileOpen+0xf5>
    2ba4: e0 38        	cpx	#$38
    2ba6: f0 d5        	beq	$2b7d <fileOpen+0xf5>
    2ba8: e0 2a        	cpx	#$2a
    2baa: d0 e6        	bne	$2b92 <fileOpen+0x10a>
    2bac: a9 01        	lda	#$1
    2bae: a2 00        	ldx	#$0
    2bb0: 20 51 7d     	jsr	$7d51 <malloc>
    2bb3: a5 82        	lda	$82                     ; 0x82 <__midigfxpal_size+0x2>
    2bb5: 92 12        	sta	($12)                   ; 0x12 <__rc2>
    2bb7: 60           	rts

00002bb8 <textPrint>:
    2bb8: a6 01        	ldx	$1                      ; 0x1
    2bba: 86 dc        	stx	$dc                     ; 0xdc <__midigfxpal_size+0x5c>
    2bbc: a6 48        	ldx	$48                     ; 0x48 <_row>
    2bbe: a0 50        	ldy	#$50
    2bc0: 8c 00 de     	sty	$de00                   ; 0xde00 <__heap_start+0x5434>
    2bc3: 9c 01 de     	stz	$de01                   ; 0xde01 <__heap_start+0x5435>
    2bc6: 8e 02 de     	stx	$de02                   ; 0xde02 <__heap_start+0x5436>
    2bc9: 9c 03 de     	stz	$de03                   ; 0xde03 <__heap_start+0x5437>
    2bcc: ae 10 de     	ldx	$de10                   ; 0xde10 <__heap_start+0x5444>
    2bcf: ad 11 de     	lda	$de11                   ; 0xde11 <__heap_start+0x5445>
    2bd2: 85 15        	sta	$15                     ; 0x15 <__rc5>
    2bd4: ad 12 de     	lda	$de12                   ; 0xde12 <__heap_start+0x5446>
    2bd7: 85 1c        	sta	$1c                     ; 0x1c <__rc12>
    2bd9: ad 13 de     	lda	$de13                   ; 0xde13 <__heap_start+0x5447>
    2bdc: 85 1d        	sta	$1d                     ; 0x1d <__rc13>
    2bde: 9c 08 de     	stz	$de08                   ; 0xde08 <__heap_start+0x543c>
    2be1: a9 c0        	lda	#$c0
    2be3: 8d 09 de     	sta	$de09                   ; 0xde09 <__heap_start+0x543d>
    2be6: 9c 0a de     	stz	$de0a                   ; 0xde0a <__heap_start+0x543e>
    2be9: 9c 0b de     	stz	$de0b                   ; 0xde0b <__heap_start+0x543f>
    2bec: 8e 0c de     	stx	$de0c                   ; 0xde0c <__heap_start+0x5440>
    2bef: 64 14        	stz	$14                     ; 0x14 <__rc4>
    2bf1: a2 00        	ldx	#$0
    2bf3: 86 16        	stx	$16                     ; 0x16 <__rc6>
    2bf5: a2 c0        	ldx	#$c0
    2bf7: 86 17        	stx	$17                     ; 0x17 <__rc7>
    2bf9: a2 11        	ldx	#$11
    2bfb: 86 18        	stx	$18                     ; 0x18 <__rc8>
    2bfd: a2 c9        	ldx	#$c9
    2bff: 86 19        	stx	$19                     ; 0x19 <__rc9>
    2c01: a2 10        	ldx	#$10
    2c03: 86 1a        	stx	$1a                     ; 0x1a <__rc10>
    2c05: a2 c9        	ldx	#$c9
    2c07: 86 1b        	stx	$1b                     ; 0x1b <__rc11>
    2c09: a6 15        	ldx	$15                     ; 0x15 <__rc5>
    2c0b: 8e 0d de     	stx	$de0d                   ; 0xde0d <__heap_start+0x5441>
    2c0e: a6 1c        	ldx	$1c                     ; 0x1c <__rc12>
    2c10: 8e 0e de     	stx	$de0e                   ; 0xde0e <__heap_start+0x5442>
    2c13: a6 1d        	ldx	$1d                     ; 0x1d <__rc13>
    2c15: 8e 0f de     	stx	$de0f                   ; 0xde0f <__heap_start+0x5443>
    2c18: ae 18 de     	ldx	$de18                   ; 0xde18 <__heap_start+0x544c>
    2c1b: 86 1c        	stx	$1c                     ; 0x1c <__rc12>
    2c1d: ad 19 de     	lda	$de19                   ; 0xde19 <__heap_start+0x544d>
    2c20: ae 1a de     	ldx	$de1a                   ; 0xde1a <__heap_start+0x544e>
    2c23: ae 1b de     	ldx	$de1b                   ; 0xde1b <__heap_start+0x544f>
    2c26: 85 1d        	sta	$1d                     ; 0x1d <__rc13>
    2c28: 64 15        	stz	$15                     ; 0x15 <__rc5>
    2c2a: a2 20        	ldx	#$20
    2c2c: 86 de        	stx	$de                     ; 0xde <__midigfxpal_size+0x5e>
    2c2e: 80 13        	bra	$2c43 <textPrint+0x8b>
    2c30: a5 1c        	lda	$1c                     ; 0x1c <__rc12>
    2c32: 18           	clc
    2c33: 69 50        	adc	#$50
    2c35: 85 1c        	sta	$1c                     ; 0x1c <__rc12>
    2c37: a5 1d        	lda	$1d                     ; 0x1d <__rc13>
    2c39: 69 00        	adc	#$0
    2c3b: 85 1d        	sta	$1d                     ; 0x1d <__rc13>
    2c3d: e6 14        	inc	$14                     ; 0x14 <__rc4>
    2c3f: d0 02        	bne	$2c43 <textPrint+0x8b>
    2c41: e6 15        	inc	$15                     ; 0x15 <__rc5>
    2c43: a5 12        	lda	$12                     ; 0x12 <__rc2>
    2c45: 18           	clc
    2c46: 65 14        	adc	$14                     ; 0x14 <__rc4>
    2c48: 85 1e        	sta	$1e                     ; 0x1e <__rc14>
    2c4a: a5 13        	lda	$13                     ; 0x13 <__rc3>
    2c4c: 65 15        	adc	$15                     ; 0x15 <__rc5>
    2c4e: 85 1f        	sta	$1f                     ; 0x1f <__rc15>
    2c50: b2 1e        	lda	($1e)                   ; 0x1e <__rc14>
    2c52: c9 0a        	cmp	#$a
    2c54: f0 2a        	beq	$2c80 <textPrint+0xc8>
    2c56: c9 0d        	cmp	#$d
    2c58: f0 26        	beq	$2c80 <textPrint+0xc8>
    2c5a: aa           	tax
    2c5b: d0 03        	bne	$2c60 <textPrint+0xa8>
    2c5d: 4c 6f 2d     	jmp	$2d6f <textPrint+0x1b7>
    2c60: a2 03        	ldx	#$3
    2c62: 86 01        	stx	$1                      ; 0x1
    2c64: a5 30        	lda	$30                     ; 0x30 <_ccolor>
    2c66: 84 22        	sty	$22                     ; 0x22 <__rc18>
    2c68: a4 47        	ldy	$47                     ; 0x47 <_col>
    2c6a: 91 1c        	sta	($1c),y                 ; 0x1c <__rc12>
    2c6c: ca           	dex
    2c6d: 86 01        	stx	$1                      ; 0x1
    2c6f: b2 1e        	lda	($1e)                   ; 0x1e <__rc14>
    2c71: a4 47        	ldy	$47                     ; 0x47 <_col>
    2c73: 91 1c        	sta	($1c),y                 ; 0x1c <__rc12>
    2c75: a4 22        	ldy	$22                     ; 0x22 <__rc18>
    2c77: a6 47        	ldx	$47                     ; 0x47 <_col>
    2c79: e8           	inx
    2c7a: e6 47        	inc	$47                     ; 0x47 <_col>
    2c7c: e0 50        	cpx	#$50
    2c7e: d0 bd        	bne	$2c3d <textPrint+0x85>
    2c80: 64 47        	stz	$47                     ; 0x47 <_col>
    2c82: a6 48        	ldx	$48                     ; 0x48 <_row>
    2c84: e8           	inx
    2c85: e6 48        	inc	$48                     ; 0x48 <_row>
    2c87: e0 1e        	cpx	#$1e
    2c89: f0 03        	beq	$2c8e <textPrint+0xd6>
    2c8b: 4c 30 2c     	jmp	$2c30 <textPrint+0x78>
    2c8e: a2 50        	ldx	#$50
    2c90: 86 dd        	stx	$dd                     ; 0xdd <__midigfxpal_size+0x5d>
    2c92: a2 03        	ldx	#$3
    2c94: 86 01        	stx	$1                      ; 0x1
    2c96: a2 01        	ldx	#$1
    2c98: 86 1c        	stx	$1c                     ; 0x1c <__rc12>
    2c9a: a2 09        	ldx	#$9
    2c9c: a9 10        	lda	#$10
    2c9e: a0 00        	ldy	#$0
    2ca0: 84 1e        	sty	$1e                     ; 0x1e <__rc14>
    2ca2: a0 c0        	ldy	#$c0
    2ca4: 84 1f        	sty	$1f                     ; 0x1f <__rc15>
    2ca6: 85 1d        	sta	$1d                     ; 0x1d <__rc13>
    2ca8: a4 dd        	ldy	$dd                     ; 0xdd <__midigfxpal_size+0x5d>
    2caa: b1 1e        	lda	($1e),y                 ; 0x1e <__rc14>
    2cac: 92 1e        	sta	($1e)                   ; 0x1e <__rc14>
    2cae: a9 ff        	lda	#$ff
    2cb0: c6 1d        	dec	$1d                     ; 0x1d <__rc13>
    2cb2: c5 1d        	cmp	$1d                     ; 0x1d <__rc13>
    2cb4: d0 01        	bne	$2cb7 <textPrint+0xff>
    2cb6: ca           	dex
    2cb7: e6 1e        	inc	$1e                     ; 0x1e <__rc14>
    2cb9: d0 02        	bne	$2cbd <textPrint+0x105>
    2cbb: e6 1f        	inc	$1f                     ; 0x1f <__rc15>
    2cbd: 8a           	txa
    2cbe: d0 ea        	bne	$2caa <textPrint+0xf2>
    2cc0: a5 1d        	lda	$1d                     ; 0x1d <__rc13>
    2cc2: d0 e6        	bne	$2caa <textPrint+0xf2>
    2cc4: a2 50        	ldx	#$50
    2cc6: 86 dd        	stx	$dd                     ; 0xdd <__midigfxpal_size+0x5d>
    2cc8: a2 02        	ldx	#$2
    2cca: 86 01        	stx	$1                      ; 0x1
    2ccc: a2 00        	ldx	#$0
    2cce: a5 1c        	lda	$1c                     ; 0x1c <__rc12>
    2cd0: d0 c6        	bne	$2c98 <textPrint+0xe0>
    2cd2: a2 03        	ldx	#$3
    2cd4: 86 01        	stx	$1                      ; 0x1
    2cd6: a5 30        	lda	$30                     ; 0x30 <_ccolor>
    2cd8: a2 50        	ldx	#$50
    2cda: a0 11        	ldy	#$11
    2cdc: 84 1c        	sty	$1c                     ; 0x1c <__rc12>
    2cde: a0 c9        	ldy	#$c9
    2ce0: 84 1d        	sty	$1d                     ; 0x1d <__rc13>
    2ce2: a0 10        	ldy	#$10
    2ce4: 84 1e        	sty	$1e                     ; 0x1e <__rc14>
    2ce6: a0 c9        	ldy	#$c9
    2ce8: 84 1f        	sty	$1f                     ; 0x1f <__rc15>
    2cea: a4 1e        	ldy	$1e                     ; 0x1e <__rc14>
    2cec: 84 22        	sty	$22                     ; 0x22 <__rc18>
    2cee: a4 1f        	ldy	$1f                     ; 0x1f <__rc15>
    2cf0: 84 23        	sty	$23                     ; 0x23 <__rc19>
    2cf2: a4 1c        	ldy	$1c                     ; 0x1c <__rc12>
    2cf4: 84 1e        	sty	$1e                     ; 0x1e <__rc14>
    2cf6: a4 1d        	ldy	$1d                     ; 0x1d <__rc13>
    2cf8: 84 1f        	sty	$1f                     ; 0x1f <__rc15>
    2cfa: 92 22        	sta	($22)                   ; 0x22 <__rc18>
    2cfc: e6 1c        	inc	$1c                     ; 0x1c <__rc12>
    2cfe: d0 02        	bne	$2d02 <textPrint+0x14a>
    2d00: e6 1d        	inc	$1d                     ; 0x1d <__rc13>
    2d02: ca           	dex
    2d03: d0 e5        	bne	$2cea <textPrint+0x132>
    2d05: a2 02        	ldx	#$2
    2d07: 86 01        	stx	$1                      ; 0x1
    2d09: a2 50        	ldx	#$50
    2d0b: a0 11        	ldy	#$11
    2d0d: 84 1c        	sty	$1c                     ; 0x1c <__rc12>
    2d0f: a0 c9        	ldy	#$c9
    2d11: 84 1d        	sty	$1d                     ; 0x1d <__rc13>
    2d13: a0 10        	ldy	#$10
    2d15: 84 1e        	sty	$1e                     ; 0x1e <__rc14>
    2d17: a0 c9        	ldy	#$c9
    2d19: 84 1f        	sty	$1f                     ; 0x1f <__rc15>
    2d1b: a5 de        	lda	$de                     ; 0xde <__midigfxpal_size+0x5e>
    2d1d: a4 1e        	ldy	$1e                     ; 0x1e <__rc14>
    2d1f: 84 22        	sty	$22                     ; 0x22 <__rc18>
    2d21: a4 1f        	ldy	$1f                     ; 0x1f <__rc15>
    2d23: 84 23        	sty	$23                     ; 0x23 <__rc19>
    2d25: a4 1c        	ldy	$1c                     ; 0x1c <__rc12>
    2d27: 84 1e        	sty	$1e                     ; 0x1e <__rc14>
    2d29: a4 1d        	ldy	$1d                     ; 0x1d <__rc13>
    2d2b: 84 1f        	sty	$1f                     ; 0x1f <__rc15>
    2d2d: 92 22        	sta	($22)                   ; 0x22 <__rc18>
    2d2f: e6 1c        	inc	$1c                     ; 0x1c <__rc12>
    2d31: d0 02        	bne	$2d35 <textPrint+0x17d>
    2d33: e6 1d        	inc	$1d                     ; 0x1d <__rc13>
    2d35: ca           	dex
    2d36: d0 e5        	bne	$2d1d <textPrint+0x165>
    2d38: a2 20        	ldx	#$20
    2d3a: 86 de        	stx	$de                     ; 0xde <__midigfxpal_size+0x5e>
    2d3c: c6 48        	dec	$48                     ; 0x48 <_row>
    2d3e: 9c 08 de     	stz	$de08                   ; 0xde08 <__heap_start+0x543c>
    2d41: a2 c0        	ldx	#$c0
    2d43: 8e 09 de     	stx	$de09                   ; 0xde09 <__heap_start+0x543d>
    2d46: 9c 0a de     	stz	$de0a                   ; 0xde0a <__heap_start+0x543e>
    2d49: 9c 0b de     	stz	$de0b                   ; 0xde0b <__heap_start+0x543f>
    2d4c: a2 1d        	ldx	#$1d
    2d4e: 8e 0c de     	stx	$de0c                   ; 0xde0c <__heap_start+0x5440>
    2d51: 9c 0d de     	stz	$de0d                   ; 0xde0d <__heap_start+0x5441>
    2d54: 9c 0e de     	stz	$de0e                   ; 0xde0e <__heap_start+0x5442>
    2d57: 9c 0f de     	stz	$de0f                   ; 0xde0f <__heap_start+0x5443>
    2d5a: ae 18 de     	ldx	$de18                   ; 0xde18 <__heap_start+0x544c>
    2d5d: ac 19 de     	ldy	$de19                   ; 0xde19 <__heap_start+0x544d>
    2d60: ad 1a de     	lda	$de1a                   ; 0xde1a <__heap_start+0x544e>
    2d63: ad 1b de     	lda	$de1b                   ; 0xde1b <__heap_start+0x544f>
    2d66: 86 1c        	stx	$1c                     ; 0x1c <__rc12>
    2d68: 84 1d        	sty	$1d                     ; 0x1d <__rc13>
    2d6a: a4 dd        	ldy	$dd                     ; 0xdd <__midigfxpal_size+0x5d>
    2d6c: 4c 3d 2c     	jmp	$2c3d <textPrint+0x85>
    2d6f: a6 dc        	ldx	$dc                     ; 0xdc <__midigfxpal_size+0x5c>
    2d71: 86 01        	stx	$1                      ; 0x1
    2d73: a6 47        	ldx	$47                     ; 0x47 <_col>
    2d75: a4 48        	ldy	$48                     ; 0x48 <_row>
    2d77: 8e 14 d0     	stx	$d014                   ; 0xd014 <__heap_start+0x4648>
    2d7a: 9c 15 d0     	stz	$d015                   ; 0xd015 <__heap_start+0x4649>
    2d7d: 84 48        	sty	$48                     ; 0x48 <_row>
    2d7f: 8c 16 d0     	sty	$d016                   ; 0xd016 <__heap_start+0x464a>
    2d82: 9c 17 d0     	stz	$d017                   ; 0xd017 <__heap_start+0x464b>
    2d85: 60           	rts

00002d86 <fileRead>:
    2d86: 85 16        	sta	$16                     ; 0x16 <__rc6>
    2d88: 86 17        	stx	$17                     ; 0x17 <__rc7>
    2d8a: 64 18        	stz	$18                     ; 0x18 <__rc8>
    2d8c: a6 12        	ldx	$12                     ; 0x12 <__rc2>
    2d8e: 86 19        	stx	$19                     ; 0x19 <__rc9>
    2d90: a6 13        	ldx	$13                     ; 0x13 <__rc3>
    2d92: 86 1a        	stx	$1a                     ; 0x1a <__rc10>
    2d94: a2 00        	ldx	#$0
    2d96: 86 1b        	stx	$1b                     ; 0x1b <__rc11>
    2d98: a2 94        	ldx	#$94
    2d9a: 86 92        	stx	$92                     ; 0x92 <__midigfxpal_size+0x12>
    2d9c: a2 00        	ldx	#$0
    2d9e: 86 93        	stx	$93                     ; 0x93 <__midigfxpal_size+0x13>
    2da0: a9 95        	lda	#$95
    2da2: 85 23        	sta	$23                     ; 0x23 <__rc19>
    2da4: 64 12        	stz	$12                     ; 0x12 <__rc2>
    2da6: a9 00        	lda	#$0
    2da8: 85 8b        	sta	$8b                     ; 0x8b <__midigfxpal_size+0xb>
    2daa: a9 96        	lda	#$96
    2dac: 85 8c        	sta	$8c                     ; 0x8c <__midigfxpal_size+0xc>
    2dae: a9 00        	lda	#$0
    2db0: 85 8d        	sta	$8d                     ; 0x8d <__midigfxpal_size+0xd>
    2db2: a9 97        	lda	#$97
    2db4: 85 8e        	sta	$8e                     ; 0x8e <__midigfxpal_size+0xe>
    2db6: a9 00        	lda	#$0
    2db8: 85 8f        	sta	$8f                     ; 0x8f <__midigfxpal_size+0xf>
    2dba: a9 98        	lda	#$98
    2dbc: 85 90        	sta	$90                     ; 0x90 <__midigfxpal_size+0x10>
    2dbe: a9 00        	lda	#$0
    2dc0: 85 91        	sta	$91                     ; 0x91 <__midigfxpal_size+0x11>
    2dc2: b2 14        	lda	($14)                   ; 0x14 <__rc4>
    2dc4: a8           	tay
    2dc5: a6 19        	ldx	$19                     ; 0x19 <__rc9>
    2dc7: 86 13        	stx	$13                     ; 0x13 <__rc3>
    2dc9: a5 19        	lda	$19                     ; 0x19 <__rc9>
    2dcb: a6 1b        	ldx	$1b                     ; 0x1b <__rc11>
    2dcd: e0 01        	cpx	#$1
    2dcf: 65 18        	adc	$18                     ; 0x18 <__rc8>
    2dd1: aa           	tax
    2dd2: a5 1a        	lda	$1a                     ; 0x1a <__rc10>
    2dd4: 85 22        	sta	$22                     ; 0x22 <__rc18>
    2dd6: a5 1a        	lda	$1a                     ; 0x1a <__rc10>
    2dd8: 65 12        	adc	$12                     ; 0x12 <__rc2>
    2dda: c0 00        	cpy	#$0
    2ddc: d0 03        	bne	$2de1 <fileRead+0x5b>
    2dde: 4c 6d 2e     	jmp	$2e6d <fileRead+0xe7>
    2de1: 85 1e        	sta	$1e                     ; 0x1e <__rc14>
    2de3: a5 16        	lda	$16                     ; 0x16 <__rc6>
    2de5: 38           	sec
    2de6: e5 18        	sbc	$18                     ; 0x18 <__rc8>
    2de8: 84 f3        	sty	$f3                     ; 0xf3 <__midigfxpal_size+0x73>
    2dea: 85 f4        	sta	$f4                     ; 0xf4 <__midigfxpal_size+0x74>
    2dec: a5 8c        	lda	$8c                     ; 0x8c <__midigfxpal_size+0xc>
    2dee: 85 1a        	sta	$1a                     ; 0x1a <__rc10>
    2df0: a5 8d        	lda	$8d                     ; 0x8d <__midigfxpal_size+0xd>
    2df2: 85 1b        	sta	$1b                     ; 0x1b <__rc11>
    2df4: a9 76        	lda	#$76
    2df6: 85 1c        	sta	$1c                     ; 0x1c <__rc12>
    2df8: a9 00        	lda	#$0
    2dfa: 85 1d        	sta	$1d                     ; 0x1d <__rc13>
    2dfc: 20 60 ff     	jsr	$ff60 <__heap_start+0x7594>
    2dff: 92 1a        	sta	($1a)                   ; 0x1a <__rc10>
    2e01: a9 00        	lda	#$0
    2e03: 6a           	ror
    2e04: 85 1c        	sta	$1c                     ; 0x1c <__rc12>
    2e06: a4 76        	ldy	$76                     ; 0x76 <kernelError>
    2e08: a9 ff        	lda	#$ff
    2e0a: 85 19        	sta	$19                     ; 0x19 <__rc9>
    2e0c: 98           	tya
    2e0d: f0 03        	beq	$2e12 <fileRead+0x8c>
    2e0f: 4c ea 2e     	jmp	$2eea <fileRead+0x164>
    2e12: 64 77        	stz	$77                     ; 0x77 <kernelEventData>
    2e14: a5 8e        	lda	$8e                     ; 0x8e <__midigfxpal_size+0xe>
    2e16: 85 1a        	sta	$1a                     ; 0x1a <__rc10>
    2e18: a5 8f        	lda	$8f                     ; 0x8f <__midigfxpal_size+0xf>
    2e1a: 85 1b        	sta	$1b                     ; 0x1b <__rc11>
    2e1c: a9 76        	lda	#$76
    2e1e: 85 1c        	sta	$1c                     ; 0x1c <__rc12>
    2e20: a9 00        	lda	#$0
    2e22: 85 1d        	sta	$1d                     ; 0x1d <__rc13>
    2e24: 20 00 ff     	jsr	$ff00 <__heap_start+0x7534>
    2e27: 92 1a        	sta	($1a)                   ; 0x1a <__rc10>
    2e29: a9 00        	lda	#$0
    2e2b: 6a           	ror
    2e2c: 85 1c        	sta	$1c                     ; 0x1c <__rc12>
    2e2e: a5 77        	lda	$77                     ; 0x77 <kernelEventData>
    2e30: c9 38        	cmp	#$38
    2e32: d0 03        	bne	$2e37 <fileRead+0xb1>
    2e34: 4c ea 2e     	jmp	$2eea <fileRead+0x164>
    2e37: c9 30        	cmp	#$30
    2e39: d0 03        	bne	$2e3e <fileRead+0xb8>
    2e3b: 4c f2 2e     	jmp	$2ef2 <fileRead+0x16c>
    2e3e: c9 2c        	cmp	#$2c
    2e40: d0 d0        	bne	$2e12 <fileRead+0x8c>
    2e42: 86 fb        	stx	$fb                     ; 0xfb <__midigfxpal_size+0x7b>
    2e44: a4 1e        	ldy	$1e                     ; 0x1e <__rc14>
    2e46: 84 fc        	sty	$fc                     ; 0xfc <__midigfxpal_size+0x7c>
    2e48: a5 7d        	lda	$7d                     ; 0x7d <kernelEventData+0x6>
    2e4a: 85 fd        	sta	$fd                     ; 0xfd <__midigfxpal_size+0x7d>
    2e4c: a5 90        	lda	$90                     ; 0x90 <__midigfxpal_size+0x10>
    2e4e: 85 1a        	sta	$1a                     ; 0x1a <__rc10>
    2e50: a5 91        	lda	$91                     ; 0x91 <__midigfxpal_size+0x11>
    2e52: 85 1b        	sta	$1b                     ; 0x1b <__rc11>
    2e54: a9 76        	lda	#$76
    2e56: 85 1c        	sta	$1c                     ; 0x1c <__rc12>
    2e58: a9 00        	lda	#$0
    2e5a: 85 1d        	sta	$1d                     ; 0x1d <__rc13>
    2e5c: 20 04 ff     	jsr	$ff04 <__heap_start+0x7538>
    2e5f: 92 1a        	sta	($1a)                   ; 0x1a <__rc10>
    2e61: a9 00        	lda	#$0
    2e63: 6a           	ror
    2e64: 85 1c        	sta	$1c                     ; 0x1c <__rc12>
    2e66: a5 7d        	lda	$7d                     ; 0x7d <kernelEventData+0x6>
    2e68: d0 4d        	bne	$2eb7 <fileRead+0x131>
    2e6a: 4c fb 2e     	jmp	$2efb <fileRead+0x175>
    2e6d: 86 1a        	stx	$1a                     ; 0x1a <__rc10>
    2e6f: 85 1b        	sta	$1b                     ; 0x1b <__rc11>
    2e71: 80 0a        	bra	$2e7d <fileRead+0xf7>
    2e73: a5 77        	lda	$77                     ; 0x77 <kernelEventData>
    2e75: c9 08        	cmp	#$8
    2e77: d0 04        	bne	$2e7d <fileRead+0xf7>
    2e79: a5 7d        	lda	$7d                     ; 0x7d <kernelEventData+0x6>
    2e7b: f0 34        	beq	$2eb1 <fileRead+0x12b>
    2e7d: 64 77        	stz	$77                     ; 0x77 <kernelEventData>
    2e7f: a6 92        	ldx	$92                     ; 0x92 <__midigfxpal_size+0x12>
    2e81: 86 1e        	stx	$1e                     ; 0x1e <__rc14>
    2e83: a6 93        	ldx	$93                     ; 0x93 <__midigfxpal_size+0x13>
    2e85: 86 1f        	stx	$1f                     ; 0x1f <__rc15>
    2e87: a9 76        	lda	#$76
    2e89: 85 1c        	sta	$1c                     ; 0x1c <__rc12>
    2e8b: a9 00        	lda	#$0
    2e8d: 85 1d        	sta	$1d                     ; 0x1d <__rc13>
    2e8f: 20 00 ff     	jsr	$ff00 <__heap_start+0x7534>
    2e92: 92 1e        	sta	($1e)                   ; 0x1e <__rc14>
    2e94: a9 00        	lda	#$0
    2e96: 6a           	ror
    2e97: 85 1c        	sta	$1c                     ; 0x1c <__rc12>
    2e99: a5 76        	lda	$76                     ; 0x76 <kernelError>
    2e9b: f0 d6        	beq	$2e73 <fileRead+0xed>
    2e9d: a6 23        	ldx	$23                     ; 0x23 <__rc19>
    2e9f: 86 1e        	stx	$1e                     ; 0x1e <__rc14>
    2ea1: a5 8b        	lda	$8b                     ; 0x8b <__midigfxpal_size+0xb>
    2ea3: 85 1f        	sta	$1f                     ; 0x1f <__rc15>
    2ea5: 20 0c ff     	jsr	$ff0c <__heap_start+0x7540>
    2ea8: 92 1e        	sta	($1e)                   ; 0x1e <__rc14>
    2eaa: a9 00        	lda	#$0
    2eac: 6a           	ror
    2ead: 85 1c        	sta	$1c                     ; 0x1c <__rc12>
    2eaf: 80 cc        	bra	$2e7d <fileRead+0xf7>
    2eb1: a5 7c        	lda	$7c                     ; 0x7c <kernelEventData+0x5>
    2eb3: 92 1a        	sta	($1a)                   ; 0x1a <__rc10>
    2eb5: a9 01        	lda	#$1
    2eb7: a0 00        	ldy	#$0
    2eb9: 18           	clc
    2eba: b8           	clv
    2ebb: a2 01        	ldx	#$1
    2ebd: 70 02        	bvs	$2ec1 <fileRead+0x13b>
    2ebf: a2 00        	ldx	#$0
    2ec1: 86 1b        	stx	$1b                     ; 0x1b <__rc11>
    2ec3: 65 18        	adc	$18                     ; 0x18 <__rc8>
    2ec5: 85 1c        	sta	$1c                     ; 0x1c <__rc12>
    2ec7: 98           	tya
    2ec8: 65 12        	adc	$12                     ; 0x12 <__rc2>
    2eca: aa           	tax
    2ecb: c5 17        	cmp	$17                     ; 0x17 <__rc7>
    2ecd: d0 06        	bne	$2ed5 <fileRead+0x14f>
    2ecf: a4 1c        	ldy	$1c                     ; 0x1c <__rc12>
    2ed1: c4 16        	cpy	$16                     ; 0x16 <__rc6>
    2ed3: 80 04        	bra	$2ed9 <fileRead+0x153>
    2ed5: e4 17        	cpx	$17                     ; 0x17 <__rc7>
    2ed7: a4 1c        	ldy	$1c                     ; 0x1c <__rc12>
    2ed9: 84 18        	sty	$18                     ; 0x18 <__rc8>
    2edb: 85 12        	sta	$12                     ; 0x12 <__rc2>
    2edd: a4 13        	ldy	$13                     ; 0x13 <__rc3>
    2edf: 84 19        	sty	$19                     ; 0x19 <__rc9>
    2ee1: a4 22        	ldy	$22                     ; 0x22 <__rc18>
    2ee3: 84 1a        	sty	$1a                     ; 0x1a <__rc10>
    2ee5: b0 11        	bcs	$2ef8 <fileRead+0x172>
    2ee7: 4c c2 2d     	jmp	$2dc2 <fileRead+0x3c>
    2eea: a2 ff        	ldx	#$ff
    2eec: a4 19        	ldy	$19                     ; 0x19 <__rc9>
    2eee: 84 1c        	sty	$1c                     ; 0x1c <__rc12>
    2ef0: 80 06        	bra	$2ef8 <fileRead+0x172>
    2ef2: a6 18        	ldx	$18                     ; 0x18 <__rc8>
    2ef4: 86 1c        	stx	$1c                     ; 0x1c <__rc12>
    2ef6: a6 12        	ldx	$12                     ; 0x12 <__rc2>
    2ef8: a5 1c        	lda	$1c                     ; 0x1c <__rc12>
    2efa: 60           	rts
    2efb: a9 00        	lda	#$0
    2efd: a0 01        	ldy	#$1
    2eff: 80 b8        	bra	$2eb9 <fileRead+0x133>

00002f01 <textGotoXY>:
    2f01: 85 47        	sta	$47                     ; 0x47 <_col>
    2f03: 8d 14 d0     	sta	$d014                   ; 0xd014 <__heap_start+0x4648>
    2f06: 9c 15 d0     	stz	$d015                   ; 0xd015 <__heap_start+0x4649>
    2f09: 86 48        	stx	$48                     ; 0x48 <_row>
    2f0b: 8e 16 d0     	stx	$d016                   ; 0xd016 <__heap_start+0x464a>
    2f0e: 9c 17 d0     	stz	$d017                   ; 0xd017 <__heap_start+0x464b>
    2f11: 60           	rts

00002f12 <bitmapLine>:
    2f12: 48           	pha
    2f13: 18           	clc
    2f14: a5 10        	lda	$10                     ; 0x10 <__rc0>
    2f16: 69 fb        	adc	#$fb
    2f18: 85 10        	sta	$10                     ; 0x10 <__rc0>
    2f1a: a5 11        	lda	$11                     ; 0x11 <__zp_data_size>
    2f1c: 69 ff        	adc	#$ff
    2f1e: 85 11        	sta	$11                     ; 0x11 <__zp_data_size>
    2f20: 68           	pla
    2f21: a4 24        	ldy	$24                     ; 0x24 <__rc20>
    2f23: 5a           	phy
    2f24: a4 25        	ldy	$25                     ; 0x25 <__rc21>
    2f26: 5a           	phy
    2f27: a4 26        	ldy	$26                     ; 0x26 <__rc22>
    2f29: 5a           	phy
    2f2a: a4 27        	ldy	$27                     ; 0x27 <__rc23>
    2f2c: 5a           	phy
    2f2d: 48           	pha
    2f2e: a5 28        	lda	$28                     ; 0x28 <__rc24>
    2f30: a0 04        	ldy	#$4
    2f32: 91 10        	sta	($10),y                 ; 0x10 <__rc0>
    2f34: a5 29        	lda	$29                     ; 0x29 <__rc25>
    2f36: 88           	dey
    2f37: 91 10        	sta	($10),y                 ; 0x10 <__rc0>
    2f39: a5 2a        	lda	$2a                     ; 0x2a <__rc26>
    2f3b: 88           	dey
    2f3c: 91 10        	sta	($10),y                 ; 0x10 <__rc0>
    2f3e: a5 2b        	lda	$2b                     ; 0x2b <__rc27>
    2f40: 88           	dey
    2f41: 91 10        	sta	($10),y                 ; 0x10 <__rc0>
    2f43: a5 2c        	lda	$2c                     ; 0x2c <__rc28>
    2f45: 88           	dey
    2f46: 91 10        	sta	($10),y                 ; 0x10 <__rc0>
    2f48: 68           	pla
    2f49: 85 19        	sta	$19                     ; 0x19 <__rc9>
    2f4b: 86 18        	stx	$18                     ; 0x18 <__rc8>
    2f4d: a6 12        	ldx	$12                     ; 0x12 <__rc2>
    2f4f: 86 23        	stx	$23                     ; 0x23 <__rc19>
    2f51: a5 14        	lda	$14                     ; 0x14 <__rc4>
    2f53: a4 15        	ldy	$15                     ; 0x15 <__rc5>
    2f55: a6 0f        	ldx	$f                      ; 0xf
    2f57: 86 1e        	stx	$1e                     ; 0x1e <__rc14>
    2f59: 78           	sei
    2f5a: a6 18        	ldx	$18                     ; 0x18 <__rc8>
    2f5c: 86 1f        	stx	$1f                     ; 0x1f <__rc15>
    2f5e: 84 27        	sty	$27                     ; 0x27 <__rc23>
    2f60: 85 28        	sta	$28                     ; 0x28 <__rc24>
    2f62: c4 18        	cpy	$18                     ; 0x18 <__rc8>
    2f64: d0 1f        	bne	$2f85 <bitmapLine+0x73>
    2f66: c5 19        	cmp	$19                     ; 0x19 <__rc9>
    2f68: b0 1f        	bcs	$2f89 <bitmapLine+0x77>
    2f6a: 38           	sec
    2f6b: a6 19        	ldx	$19                     ; 0x19 <__rc9>
    2f6d: 86 25        	stx	$25                     ; 0x25 <__rc21>
    2f6f: a5 19        	lda	$19                     ; 0x19 <__rc9>
    2f71: e5 28        	sbc	$28                     ; 0x28 <__rc24>
    2f73: 85 1b        	sta	$1b                     ; 0x1b <__rc11>
    2f75: a5 18        	lda	$18                     ; 0x18 <__rc8>
    2f77: e5 27        	sbc	$27                     ; 0x27 <__rc23>
    2f79: a0 ff        	ldy	#$ff
    2f7b: 84 12        	sty	$12                     ; 0x12 <__rc2>
    2f7d: 84 22        	sty	$22                     ; 0x22 <__rc18>
    2f7f: 85 1a        	sta	$1a                     ; 0x1a <__rc10>
    2f81: a6 17        	ldx	$17                     ; 0x17 <__rc7>
    2f83: 80 1c        	bra	$2fa1 <bitmapLine+0x8f>
    2f85: c4 18        	cpy	$18                     ; 0x18 <__rc8>
    2f87: 90 e1        	bcc	$2f6a <bitmapLine+0x58>
    2f89: a6 17        	ldx	$17                     ; 0x17 <__rc7>
    2f8b: 38           	sec
    2f8c: 5a           	phy
    2f8d: a4 19        	ldy	$19                     ; 0x19 <__rc9>
    2f8f: 84 25        	sty	$25                     ; 0x25 <__rc21>
    2f91: 7a           	ply
    2f92: e5 19        	sbc	$19                     ; 0x19 <__rc9>
    2f94: 85 1b        	sta	$1b                     ; 0x1b <__rc11>
    2f96: 98           	tya
    2f97: e5 1f        	sbc	$1f                     ; 0x1f <__rc15>
    2f99: a0 01        	ldy	#$1
    2f9b: 84 12        	sty	$12                     ; 0x12 <__rc2>
    2f9d: 85 1a        	sta	$1a                     ; 0x1a <__rc10>
    2f9f: 64 22        	stz	$22                     ; 0x22 <__rc18>
    2fa1: a4 13        	ldy	$13                     ; 0x13 <__rc3>
    2fa3: 84 14        	sty	$14                     ; 0x14 <__rc4>
    2fa5: a5 23        	lda	$23                     ; 0x23 <__rc19>
    2fa7: e4 14        	cpx	$14                     ; 0x14 <__rc4>
    2fa9: d0 1e        	bne	$2fc9 <bitmapLine+0xb7>
    2fab: 85 14        	sta	$14                     ; 0x14 <__rc4>
    2fad: a6 16        	ldx	$16                     ; 0x16 <__rc6>
    2faf: e4 14        	cpx	$14                     ; 0x14 <__rc4>
    2fb1: a6 17        	ldx	$17                     ; 0x17 <__rc7>
    2fb3: b0 1a        	bcs	$2fcf <bitmapLine+0xbd>
    2fb5: 38           	sec
    2fb6: e5 16        	sbc	$16                     ; 0x16 <__rc6>
    2fb8: 85 1d        	sta	$1d                     ; 0x1d <__rc13>
    2fba: 86 14        	stx	$14                     ; 0x14 <__rc4>
    2fbc: 98           	tya
    2fbd: e5 14        	sbc	$14                     ; 0x14 <__rc4>
    2fbf: a0 ff        	ldy	#$ff
    2fc1: 84 14        	sty	$14                     ; 0x14 <__rc4>
    2fc3: 84 15        	sty	$15                     ; 0x15 <__rc5>
    2fc5: 85 1c        	sta	$1c                     ; 0x1c <__rc12>
    2fc7: 80 1d        	bra	$2fe6 <bitmapLine+0xd4>
    2fc9: 84 14        	sty	$14                     ; 0x14 <__rc4>
    2fcb: e4 14        	cpx	$14                     ; 0x14 <__rc4>
    2fcd: 90 e6        	bcc	$2fb5 <bitmapLine+0xa3>
    2fcf: 38           	sec
    2fd0: 85 14        	sta	$14                     ; 0x14 <__rc4>
    2fd2: a5 16        	lda	$16                     ; 0x16 <__rc6>
    2fd4: e5 14        	sbc	$14                     ; 0x14 <__rc4>
    2fd6: 85 1d        	sta	$1d                     ; 0x1d <__rc13>
    2fd8: 84 14        	sty	$14                     ; 0x14 <__rc4>
    2fda: a5 17        	lda	$17                     ; 0x17 <__rc7>
    2fdc: e5 14        	sbc	$14                     ; 0x14 <__rc4>
    2fde: a0 01        	ldy	#$1
    2fe0: 84 14        	sty	$14                     ; 0x14 <__rc4>
    2fe2: 85 1c        	sta	$1c                     ; 0x1c <__rc12>
    2fe4: 64 15        	stz	$15                     ; 0x15 <__rc5>
    2fe6: a6 1b        	ldx	$1b                     ; 0x1b <__rc11>
    2fe8: 86 24        	stx	$24                     ; 0x24 <__rc20>
    2fea: 06 24        	asl	$24                     ; 0x24 <__rc20>
    2fec: a6 1a        	ldx	$1a                     ; 0x1a <__rc10>
    2fee: 86 26        	stx	$26                     ; 0x26 <__rc22>
    2ff0: 26 26        	rol	$26                     ; 0x26 <__rc22>
    2ff2: a6 1d        	ldx	$1d                     ; 0x1d <__rc13>
    2ff4: 86 18        	stx	$18                     ; 0x18 <__rc8>
    2ff6: 06 18        	asl	$18                     ; 0x18 <__rc8>
    2ff8: 85 19        	sta	$19                     ; 0x19 <__rc9>
    2ffa: 26 19        	rol	$19                     ; 0x19 <__rc9>
    2ffc: a4 1a        	ldy	$1a                     ; 0x1a <__rc10>
    2ffe: a6 25        	ldx	$25                     ; 0x25 <__rc21>
    3000: 86 29        	stx	$29                     ; 0x29 <__rc25>
    3002: a5 1f        	lda	$1f                     ; 0x1f <__rc15>
    3004: c4 1c        	cpy	$1c                     ; 0x1c <__rc12>
    3006: d0 06        	bne	$300e <bitmapLine+0xfc>
    3008: a4 1b        	ldy	$1b                     ; 0x1b <__rc11>
    300a: c4 1d        	cpy	$1d                     ; 0x1d <__rc13>
    300c: 80 04        	bra	$3012 <bitmapLine+0x100>
    300e: a4 1a        	ldy	$1a                     ; 0x1a <__rc10>
    3010: c4 1c        	cpy	$1c                     ; 0x1c <__rc12>
    3012: a6 23        	ldx	$23                     ; 0x23 <__rc19>
    3014: 90 03        	bcc	$3019 <bitmapLine+0x107>
    3016: 4c 42 31     	jmp	$3142 <bitmapLine+0x230>
    3019: a4 17        	ldy	$17                     ; 0x17 <__rc7>
    301b: 84 1a        	sty	$1a                     ; 0x1a <__rc10>
    301d: a4 13        	ldy	$13                     ; 0x13 <__rc3>
    301f: c4 1a        	cpy	$1a                     ; 0x1a <__rc10>
    3021: d0 0b        	bne	$302e <bitmapLine+0x11c>
    3023: a4 16        	ldy	$16                     ; 0x16 <__rc6>
    3025: 84 1a        	sty	$1a                     ; 0x1a <__rc10>
    3027: e4 1a        	cpx	$1a                     ; 0x1a <__rc10>
    3029: d0 03        	bne	$302e <bitmapLine+0x11c>
    302b: 4c 3b 31     	jmp	$313b <bitmapLine+0x229>
    302e: 38           	sec
    302f: a5 24        	lda	$24                     ; 0x24 <__rc20>
    3031: e5 1d        	sbc	$1d                     ; 0x1d <__rc13>
    3033: 85 25        	sta	$25                     ; 0x25 <__rc21>
    3035: a5 26        	lda	$26                     ; 0x26 <__rc22>
    3037: e5 1c        	sbc	$1c                     ; 0x1c <__rc12>
    3039: 85 27        	sta	$27                     ; 0x27 <__rc23>
    303b: 86 23        	stx	$23                     ; 0x23 <__rc19>
    303d: a4 29        	ldy	$29                     ; 0x29 <__rc25>
    303f: 84 1d        	sty	$1d                     ; 0x1d <__rc13>
    3041: a4 49        	ldy	$49                     ; 0x49 <_BITMAP_BASE.0>
    3043: 84 1a        	sty	$1a                     ; 0x1a <__rc10>
    3045: a4 4a        	ldy	$4a                     ; 0x4a <_BITMAP_BASE.0+0x1>
    3047: 84 1b        	sty	$1b                     ; 0x1b <__rc11>
    3049: a4 4b        	ldy	$4b                     ; 0x4b <_BITMAP_BASE.0+0x2>
    304b: 84 1c        	sty	$1c                     ; 0x1c <__rc12>
    304d: a5 4e        	lda	$4e                     ; 0x4e <_MAX_X>
    304f: 29 01        	and	#$1
    3051: f0 06        	beq	$3059 <bitmapLine+0x147>
    3053: a9 40        	lda	#$40
    3055: a0 01        	ldy	#$1
    3057: 80 03        	bra	$305c <bitmapLine+0x14a>
    3059: a9 00        	lda	#$0
    305b: a8           	tay
    305c: 8e 00 de     	stx	$de00                   ; 0xde00 <__heap_start+0x5434>
    305f: a6 13        	ldx	$13                     ; 0x13 <__rc3>
    3061: 8e 01 de     	stx	$de01                   ; 0xde01 <__heap_start+0x5435>
    3064: 8d 02 de     	sta	$de02                   ; 0xde02 <__heap_start+0x5436>
    3067: 8c 03 de     	sty	$de03                   ; 0xde03 <__heap_start+0x5437>
    306a: ac 10 de     	ldy	$de10                   ; 0xde10 <__heap_start+0x5444>
    306d: ad 11 de     	lda	$de11                   ; 0xde11 <__heap_start+0x5445>
    3070: ae 12 de     	ldx	$de12                   ; 0xde12 <__heap_start+0x5446>
    3073: 86 29        	stx	$29                     ; 0x29 <__rc25>
    3075: ae 13 de     	ldx	$de13                   ; 0xde13 <__heap_start+0x5447>
    3078: 86 28        	stx	$28                     ; 0x28 <__rc24>
    307a: 8c 08 de     	sty	$de08                   ; 0xde08 <__heap_start+0x543c>
    307d: 8d 09 de     	sta	$de09                   ; 0xde09 <__heap_start+0x543d>
    3080: a6 29        	ldx	$29                     ; 0x29 <__rc25>
    3082: 8e 0a de     	stx	$de0a                   ; 0xde0a <__heap_start+0x543e>
    3085: a6 28        	ldx	$28                     ; 0x28 <__rc24>
    3087: 8e 0b de     	stx	$de0b                   ; 0xde0b <__heap_start+0x543f>
    308a: a6 1d        	ldx	$1d                     ; 0x1d <__rc13>
    308c: 86 29        	stx	$29                     ; 0x29 <__rc25>
    308e: 8e 0c de     	stx	$de0c                   ; 0xde0c <__heap_start+0x5440>
    3091: a6 1f        	ldx	$1f                     ; 0x1f <__rc15>
    3093: 8e 0d de     	stx	$de0d                   ; 0xde0d <__heap_start+0x5441>
    3096: 9c 0e de     	stz	$de0e                   ; 0xde0e <__heap_start+0x5442>
    3099: 9c 0f de     	stz	$de0f                   ; 0xde0f <__heap_start+0x5443>
    309c: ad 18 de     	lda	$de18                   ; 0xde18 <__heap_start+0x544c>
    309f: ae 19 de     	ldx	$de19                   ; 0xde19 <__heap_start+0x544d>
    30a2: 86 2a        	stx	$2a                     ; 0x2a <__rc26>
    30a4: ae 1a de     	ldx	$de1a                   ; 0xde1a <__heap_start+0x544e>
    30a7: 86 28        	stx	$28                     ; 0x28 <__rc24>
    30a9: ae 1b de     	ldx	$de1b                   ; 0xde1b <__heap_start+0x544f>
    30ac: 18           	clc
    30ad: a2 01        	ldx	#$1
    30af: b0 02        	bcs	$30b3 <bitmapLine+0x1a1>
    30b1: a2 00        	ldx	#$0
    30b3: 86 1d        	stx	$1d                     ; 0x1d <__rc13>
    30b5: 65 1a        	adc	$1a                     ; 0x1a <__rc10>
    30b7: aa           	tax
    30b8: a5 2a        	lda	$2a                     ; 0x2a <__rc26>
    30ba: 65 1b        	adc	$1b                     ; 0x1b <__rc11>
    30bc: a8           	tay
    30bd: a5 28        	lda	$28                     ; 0x28 <__rc24>
    30bf: 65 1c        	adc	$1c                     ; 0x1c <__rc12>
    30c1: 85 1b        	sta	$1b                     ; 0x1b <__rc11>
    30c3: 98           	tya
    30c4: 84 1a        	sty	$1a                     ; 0x1a <__rc10>
    30c6: 06 1a        	asl	$1a                     ; 0x1a <__rc10>
    30c8: 26 1b        	rol	$1b                     ; 0x1b <__rc11>
    30ca: 06 1a        	asl	$1a                     ; 0x1a <__rc10>
    30cc: 26 1b        	rol	$1b                     ; 0x1b <__rc11>
    30ce: 06 1a        	asl	$1a                     ; 0x1a <__rc10>
    30d0: 26 1b        	rol	$1b                     ; 0x1b <__rc11>
    30d2: a4 1b        	ldy	$1b                     ; 0x1b <__rc11>
    30d4: 84 0f        	sty	$f                      ; 0xf
    30d6: a4 4d        	ldy	$4d                     ; 0x4d <_color>
    30d8: 09 e0        	ora	#$e0
    30da: 86 1a        	stx	$1a                     ; 0x1a <__rc10>
    30dc: 85 1b        	sta	$1b                     ; 0x1b <__rc11>
    30de: 98           	tya
    30df: 92 1a        	sta	($1a)                   ; 0x1a <__rc10>
    30e1: a6 27        	ldx	$27                     ; 0x27 <__rc23>
    30e3: 30 1d        	bmi	$3102 <bitmapLine+0x1f0>
    30e5: a4 1d        	ldy	$1d                     ; 0x1d <__rc13>
    30e7: c0 01        	cpy	#$1
    30e9: a5 29        	lda	$29                     ; 0x29 <__rc25>
    30eb: 65 12        	adc	$12                     ; 0x12 <__rc2>
    30ed: 85 29        	sta	$29                     ; 0x29 <__rc25>
    30ef: a5 1f        	lda	$1f                     ; 0x1f <__rc15>
    30f1: 65 22        	adc	$22                     ; 0x22 <__rc18>
    30f3: 85 1f        	sta	$1f                     ; 0x1f <__rc15>
    30f5: 38           	sec
    30f6: a5 25        	lda	$25                     ; 0x25 <__rc21>
    30f8: e5 18        	sbc	$18                     ; 0x18 <__rc8>
    30fa: a8           	tay
    30fb: 8a           	txa
    30fc: e5 19        	sbc	$19                     ; 0x19 <__rc9>
    30fe: aa           	tax
    30ff: 98           	tya
    3100: 80 02        	bra	$3104 <bitmapLine+0x1f2>
    3102: a5 25        	lda	$25                     ; 0x25 <__rc21>
    3104: a4 1d        	ldy	$1d                     ; 0x1d <__rc13>
    3106: c0 01        	cpy	#$1
    3108: 65 24        	adc	$24                     ; 0x24 <__rc20>
    310a: 85 25        	sta	$25                     ; 0x25 <__rc21>
    310c: 8a           	txa
    310d: 65 26        	adc	$26                     ; 0x26 <__rc22>
    310f: 85 27        	sta	$27                     ; 0x27 <__rc23>
    3111: a5 23        	lda	$23                     ; 0x23 <__rc19>
    3113: a6 1d        	ldx	$1d                     ; 0x1d <__rc13>
    3115: e0 01        	cpx	#$1
    3117: 65 14        	adc	$14                     ; 0x14 <__rc4>
    3119: 85 1a        	sta	$1a                     ; 0x1a <__rc10>
    311b: a5 13        	lda	$13                     ; 0x13 <__rc3>
    311d: 65 15        	adc	$15                     ; 0x15 <__rc5>
    311f: 85 1b        	sta	$1b                     ; 0x1b <__rc11>
    3121: a6 1a        	ldx	$1a                     ; 0x1a <__rc10>
    3123: 85 13        	sta	$13                     ; 0x13 <__rc3>
    3125: a4 17        	ldy	$17                     ; 0x17 <__rc7>
    3127: c4 1b        	cpy	$1b                     ; 0x1b <__rc11>
    3129: f0 03        	beq	$312e <bitmapLine+0x21c>
    312b: 4c 3b 30     	jmp	$303b <bitmapLine+0x129>
    312e: a6 1a        	ldx	$1a                     ; 0x1a <__rc10>
    3130: 85 13        	sta	$13                     ; 0x13 <__rc3>
    3132: a4 16        	ldy	$16                     ; 0x16 <__rc6>
    3134: c4 1a        	cpy	$1a                     ; 0x1a <__rc10>
    3136: f0 03        	beq	$313b <bitmapLine+0x229>
    3138: 4c 3b 30     	jmp	$303b <bitmapLine+0x129>
    313b: a6 29        	ldx	$29                     ; 0x29 <__rc25>
    313d: 86 15        	stx	$15                     ; 0x15 <__rc5>
    313f: 4c 7b 32     	jmp	$327b <bitmapLine+0x369>
    3142: c5 27        	cmp	$27                     ; 0x27 <__rc23>
    3144: d0 17        	bne	$315d <bitmapLine+0x24b>
    3146: a4 25        	ldy	$25                     ; 0x25 <__rc21>
    3148: c4 28        	cpy	$28                     ; 0x28 <__rc24>
    314a: d0 11        	bne	$315d <bitmapLine+0x24b>
    314c: 86 16        	stx	$16                     ; 0x16 <__rc6>
    314e: a6 13        	ldx	$13                     ; 0x13 <__rc3>
    3150: 86 17        	stx	$17                     ; 0x17 <__rc7>
    3152: a6 28        	ldx	$28                     ; 0x28 <__rc24>
    3154: 86 15        	stx	$15                     ; 0x15 <__rc5>
    3156: a6 27        	ldx	$27                     ; 0x27 <__rc23>
    3158: 86 1f        	stx	$1f                     ; 0x1f <__rc15>
    315a: 4c 7b 32     	jmp	$327b <bitmapLine+0x369>
    315d: 38           	sec
    315e: a5 18        	lda	$18                     ; 0x18 <__rc8>
    3160: e5 1b        	sbc	$1b                     ; 0x1b <__rc11>
    3162: 85 16        	sta	$16                     ; 0x16 <__rc6>
    3164: a5 19        	lda	$19                     ; 0x19 <__rc9>
    3166: e5 1a        	sbc	$1a                     ; 0x1a <__rc10>
    3168: 85 17        	sta	$17                     ; 0x17 <__rc7>
    316a: a6 25        	ldx	$25                     ; 0x25 <__rc21>
    316c: 86 1d        	stx	$1d                     ; 0x1d <__rc13>
    316e: a6 49        	ldx	$49                     ; 0x49 <_BITMAP_BASE.0>
    3170: 86 1a        	stx	$1a                     ; 0x1a <__rc10>
    3172: a6 4a        	ldx	$4a                     ; 0x4a <_BITMAP_BASE.0+0x1>
    3174: 86 1b        	stx	$1b                     ; 0x1b <__rc11>
    3176: a6 4b        	ldx	$4b                     ; 0x4b <_BITMAP_BASE.0+0x2>
    3178: 86 1c        	stx	$1c                     ; 0x1c <__rc12>
    317a: a5 4e        	lda	$4e                     ; 0x4e <_MAX_X>
    317c: 29 01        	and	#$1
    317e: f0 06        	beq	$3186 <bitmapLine+0x274>
    3180: a2 40        	ldx	#$40
    3182: a0 01        	ldy	#$1
    3184: 80 04        	bra	$318a <bitmapLine+0x278>
    3186: a2 00        	ldx	#$0
    3188: a0 00        	ldy	#$0
    318a: a5 23        	lda	$23                     ; 0x23 <__rc19>
    318c: 85 29        	sta	$29                     ; 0x29 <__rc25>
    318e: 8d 00 de     	sta	$de00                   ; 0xde00 <__heap_start+0x5434>
    3191: a5 13        	lda	$13                     ; 0x13 <__rc3>
    3193: 85 25        	sta	$25                     ; 0x25 <__rc21>
    3195: 8d 01 de     	sta	$de01                   ; 0xde01 <__heap_start+0x5435>
    3198: 8e 02 de     	stx	$de02                   ; 0xde02 <__heap_start+0x5436>
    319b: 8c 03 de     	sty	$de03                   ; 0xde03 <__heap_start+0x5437>
    319e: ae 10 de     	ldx	$de10                   ; 0xde10 <__heap_start+0x5444>
    31a1: 86 2b        	stx	$2b                     ; 0x2b <__rc27>
    31a3: ac 11 de     	ldy	$de11                   ; 0xde11 <__heap_start+0x5445>
    31a6: ad 12 de     	lda	$de12                   ; 0xde12 <__heap_start+0x5446>
    31a9: ae 13 de     	ldx	$de13                   ; 0xde13 <__heap_start+0x5447>
    31ac: 86 2a        	stx	$2a                     ; 0x2a <__rc26>
    31ae: a6 2b        	ldx	$2b                     ; 0x2b <__rc27>
    31b0: 8e 08 de     	stx	$de08                   ; 0xde08 <__heap_start+0x543c>
    31b3: 8c 09 de     	sty	$de09                   ; 0xde09 <__heap_start+0x543d>
    31b6: 8d 0a de     	sta	$de0a                   ; 0xde0a <__heap_start+0x543e>
    31b9: a6 2a        	ldx	$2a                     ; 0x2a <__rc26>
    31bb: 8e 0b de     	stx	$de0b                   ; 0xde0b <__heap_start+0x543f>
    31be: a6 1d        	ldx	$1d                     ; 0x1d <__rc13>
    31c0: 8e 0c de     	stx	$de0c                   ; 0xde0c <__heap_start+0x5440>
    31c3: a6 1f        	ldx	$1f                     ; 0x1f <__rc15>
    31c5: 8e 0d de     	stx	$de0d                   ; 0xde0d <__heap_start+0x5441>
    31c8: 9c 0e de     	stz	$de0e                   ; 0xde0e <__heap_start+0x5442>
    31cb: 9c 0f de     	stz	$de0f                   ; 0xde0f <__heap_start+0x5443>
    31ce: ad 18 de     	lda	$de18                   ; 0xde18 <__heap_start+0x544c>
    31d1: ae 19 de     	ldx	$de19                   ; 0xde19 <__heap_start+0x544d>
    31d4: 86 2c        	stx	$2c                     ; 0x2c <__rc28>
    31d6: ae 1a de     	ldx	$de1a                   ; 0xde1a <__heap_start+0x544e>
    31d9: 86 2b        	stx	$2b                     ; 0x2b <__rc27>
    31db: ae 1b de     	ldx	$de1b                   ; 0xde1b <__heap_start+0x544f>
    31de: 18           	clc
    31df: a2 01        	ldx	#$1
    31e1: b0 02        	bcs	$31e5 <bitmapLine+0x2d3>
    31e3: a2 00        	ldx	#$0
    31e5: 86 2a        	stx	$2a                     ; 0x2a <__rc26>
    31e7: 65 1a        	adc	$1a                     ; 0x1a <__rc10>
    31e9: a8           	tay
    31ea: a5 2c        	lda	$2c                     ; 0x2c <__rc28>
    31ec: 65 1b        	adc	$1b                     ; 0x1b <__rc11>
    31ee: aa           	tax
    31ef: a5 2b        	lda	$2b                     ; 0x2b <__rc27>
    31f1: 65 1c        	adc	$1c                     ; 0x1c <__rc12>
    31f3: 85 1b        	sta	$1b                     ; 0x1b <__rc11>
    31f5: 8a           	txa
    31f6: 86 1a        	stx	$1a                     ; 0x1a <__rc10>
    31f8: 06 1a        	asl	$1a                     ; 0x1a <__rc10>
    31fa: 26 1b        	rol	$1b                     ; 0x1b <__rc11>
    31fc: 06 1a        	asl	$1a                     ; 0x1a <__rc10>
    31fe: 26 1b        	rol	$1b                     ; 0x1b <__rc11>
    3200: 06 1a        	asl	$1a                     ; 0x1a <__rc10>
    3202: 26 1b        	rol	$1b                     ; 0x1b <__rc11>
    3204: a6 1b        	ldx	$1b                     ; 0x1b <__rc11>
    3206: 86 0f        	stx	$f                      ; 0xf
    3208: a6 4d        	ldx	$4d                     ; 0x4d <_color>
    320a: 09 e0        	ora	#$e0
    320c: 84 1a        	sty	$1a                     ; 0x1a <__rc10>
    320e: 85 1b        	sta	$1b                     ; 0x1b <__rc11>
    3210: 8a           	txa
    3211: 92 1a        	sta	($1a)                   ; 0x1a <__rc10>
    3213: a4 17        	ldy	$17                     ; 0x17 <__rc7>
    3215: 30 1d        	bmi	$3234 <bitmapLine+0x322>
    3217: a6 2a        	ldx	$2a                     ; 0x2a <__rc26>
    3219: e0 01        	cpx	#$1
    321b: a5 29        	lda	$29                     ; 0x29 <__rc25>
    321d: 65 14        	adc	$14                     ; 0x14 <__rc4>
    321f: 85 23        	sta	$23                     ; 0x23 <__rc19>
    3221: a5 25        	lda	$25                     ; 0x25 <__rc21>
    3223: 65 15        	adc	$15                     ; 0x15 <__rc5>
    3225: 85 13        	sta	$13                     ; 0x13 <__rc3>
    3227: 38           	sec
    3228: a5 16        	lda	$16                     ; 0x16 <__rc6>
    322a: e5 24        	sbc	$24                     ; 0x24 <__rc20>
    322c: aa           	tax
    322d: 98           	tya
    322e: e5 26        	sbc	$26                     ; 0x26 <__rc22>
    3230: a8           	tay
    3231: 8a           	txa
    3232: 80 02        	bra	$3236 <bitmapLine+0x324>
    3234: a5 16        	lda	$16                     ; 0x16 <__rc6>
    3236: a6 2a        	ldx	$2a                     ; 0x2a <__rc26>
    3238: e0 01        	cpx	#$1
    323a: 65 18        	adc	$18                     ; 0x18 <__rc8>
    323c: 85 16        	sta	$16                     ; 0x16 <__rc6>
    323e: 98           	tya
    323f: 65 19        	adc	$19                     ; 0x19 <__rc9>
    3241: 85 17        	sta	$17                     ; 0x17 <__rc7>
    3243: a5 1d        	lda	$1d                     ; 0x1d <__rc13>
    3245: a6 2a        	ldx	$2a                     ; 0x2a <__rc26>
    3247: e0 01        	cpx	#$1
    3249: 65 12        	adc	$12                     ; 0x12 <__rc2>
    324b: 85 1a        	sta	$1a                     ; 0x1a <__rc10>
    324d: a5 1f        	lda	$1f                     ; 0x1f <__rc15>
    324f: 65 22        	adc	$22                     ; 0x22 <__rc18>
    3251: 85 1b        	sta	$1b                     ; 0x1b <__rc11>
    3253: a6 1a        	ldx	$1a                     ; 0x1a <__rc10>
    3255: 85 1f        	sta	$1f                     ; 0x1f <__rc15>
    3257: a4 27        	ldy	$27                     ; 0x27 <__rc23>
    3259: c4 1b        	cpy	$1b                     ; 0x1b <__rc11>
    325b: f0 03        	beq	$3260 <bitmapLine+0x34e>
    325d: 4c 6c 31     	jmp	$316c <bitmapLine+0x25a>
    3260: a6 1a        	ldx	$1a                     ; 0x1a <__rc10>
    3262: 85 1f        	sta	$1f                     ; 0x1f <__rc15>
    3264: a5 28        	lda	$28                     ; 0x28 <__rc24>
    3266: c5 1a        	cmp	$1a                     ; 0x1a <__rc10>
    3268: f0 03        	beq	$326d <bitmapLine+0x35b>
    326a: 4c 6c 31     	jmp	$316c <bitmapLine+0x25a>
    326d: a6 23        	ldx	$23                     ; 0x23 <__rc19>
    326f: 86 16        	stx	$16                     ; 0x16 <__rc6>
    3271: a6 13        	ldx	$13                     ; 0x13 <__rc3>
    3273: 86 17        	stx	$17                     ; 0x17 <__rc7>
    3275: a6 28        	ldx	$28                     ; 0x28 <__rc24>
    3277: 86 15        	stx	$15                     ; 0x15 <__rc5>
    3279: 84 1f        	sty	$1f                     ; 0x1f <__rc15>
    327b: a6 49        	ldx	$49                     ; 0x49 <_BITMAP_BASE.0>
    327d: 86 12        	stx	$12                     ; 0x12 <__rc2>
    327f: a6 4a        	ldx	$4a                     ; 0x4a <_BITMAP_BASE.0+0x1>
    3281: 86 13        	stx	$13                     ; 0x13 <__rc3>
    3283: a6 4b        	ldx	$4b                     ; 0x4b <_BITMAP_BASE.0+0x2>
    3285: 86 14        	stx	$14                     ; 0x14 <__rc4>
    3287: a5 4e        	lda	$4e                     ; 0x4e <_MAX_X>
    3289: 29 01        	and	#$1
    328b: f0 06        	beq	$3293 <bitmapLine+0x381>
    328d: a9 40        	lda	#$40
    328f: a0 01        	ldy	#$1
    3291: 80 03        	bra	$3296 <bitmapLine+0x384>
    3293: a9 00        	lda	#$0
    3295: a8           	tay
    3296: a6 16        	ldx	$16                     ; 0x16 <__rc6>
    3298: 8e 00 de     	stx	$de00                   ; 0xde00 <__heap_start+0x5434>
    329b: a6 17        	ldx	$17                     ; 0x17 <__rc7>
    329d: 8e 01 de     	stx	$de01                   ; 0xde01 <__heap_start+0x5435>
    32a0: 8d 02 de     	sta	$de02                   ; 0xde02 <__heap_start+0x5436>
    32a3: 8c 03 de     	sty	$de03                   ; 0xde03 <__heap_start+0x5437>
    32a6: ae 10 de     	ldx	$de10                   ; 0xde10 <__heap_start+0x5444>
    32a9: 86 17        	stx	$17                     ; 0x17 <__rc7>
    32ab: ac 11 de     	ldy	$de11                   ; 0xde11 <__heap_start+0x5445>
    32ae: ad 12 de     	lda	$de12                   ; 0xde12 <__heap_start+0x5446>
    32b1: ae 13 de     	ldx	$de13                   ; 0xde13 <__heap_start+0x5447>
    32b4: 86 16        	stx	$16                     ; 0x16 <__rc6>
    32b6: a6 17        	ldx	$17                     ; 0x17 <__rc7>
    32b8: 8e 08 de     	stx	$de08                   ; 0xde08 <__heap_start+0x543c>
    32bb: 8c 09 de     	sty	$de09                   ; 0xde09 <__heap_start+0x543d>
    32be: 8d 0a de     	sta	$de0a                   ; 0xde0a <__heap_start+0x543e>
    32c1: a6 16        	ldx	$16                     ; 0x16 <__rc6>
    32c3: 8e 0b de     	stx	$de0b                   ; 0xde0b <__heap_start+0x543f>
    32c6: a6 15        	ldx	$15                     ; 0x15 <__rc5>
    32c8: 8e 0c de     	stx	$de0c                   ; 0xde0c <__heap_start+0x5440>
    32cb: a6 1f        	ldx	$1f                     ; 0x1f <__rc15>
    32cd: 8e 0d de     	stx	$de0d                   ; 0xde0d <__heap_start+0x5441>
    32d0: 9c 0e de     	stz	$de0e                   ; 0xde0e <__heap_start+0x5442>
    32d3: 9c 0f de     	stz	$de0f                   ; 0xde0f <__heap_start+0x5443>
    32d6: ad 18 de     	lda	$de18                   ; 0xde18 <__heap_start+0x544c>
    32d9: ac 19 de     	ldy	$de19                   ; 0xde19 <__heap_start+0x544d>
    32dc: ae 1a de     	ldx	$de1a                   ; 0xde1a <__heap_start+0x544e>
    32df: 86 16        	stx	$16                     ; 0x16 <__rc6>
    32e1: ae 1b de     	ldx	$de1b                   ; 0xde1b <__heap_start+0x544f>
    32e4: 18           	clc
    32e5: 65 12        	adc	$12                     ; 0x12 <__rc2>
    32e7: aa           	tax
    32e8: 98           	tya
    32e9: 65 13        	adc	$13                     ; 0x13 <__rc3>
    32eb: a8           	tay
    32ec: a5 16        	lda	$16                     ; 0x16 <__rc6>
    32ee: 65 14        	adc	$14                     ; 0x14 <__rc4>
    32f0: 85 13        	sta	$13                     ; 0x13 <__rc3>
    32f2: 98           	tya
    32f3: 84 12        	sty	$12                     ; 0x12 <__rc2>
    32f5: 06 12        	asl	$12                     ; 0x12 <__rc2>
    32f7: 26 13        	rol	$13                     ; 0x13 <__rc3>
    32f9: 06 12        	asl	$12                     ; 0x12 <__rc2>
    32fb: 26 13        	rol	$13                     ; 0x13 <__rc3>
    32fd: 06 12        	asl	$12                     ; 0x12 <__rc2>
    32ff: 26 13        	rol	$13                     ; 0x13 <__rc3>
    3301: a4 13        	ldy	$13                     ; 0x13 <__rc3>
    3303: 84 0f        	sty	$f                      ; 0xf
    3305: a4 4d        	ldy	$4d                     ; 0x4d <_color>
    3307: 09 e0        	ora	#$e0
    3309: 86 12        	stx	$12                     ; 0x12 <__rc2>
    330b: 85 13        	sta	$13                     ; 0x13 <__rc3>
    330d: 98           	tya
    330e: 92 12        	sta	($12)                   ; 0x12 <__rc2>
    3310: a6 1e        	ldx	$1e                     ; 0x1e <__rc14>
    3312: 86 0f        	stx	$f                      ; 0xf
    3314: 58           	cli
    3315: a0 00        	ldy	#$0
    3317: b1 10        	lda	($10),y                 ; 0x10 <__rc0>
    3319: 85 2c        	sta	$2c                     ; 0x2c <__rc28>
    331b: c8           	iny
    331c: b1 10        	lda	($10),y                 ; 0x10 <__rc0>
    331e: 85 2b        	sta	$2b                     ; 0x2b <__rc27>
    3320: c8           	iny
    3321: b1 10        	lda	($10),y                 ; 0x10 <__rc0>
    3323: 85 2a        	sta	$2a                     ; 0x2a <__rc26>
    3325: c8           	iny
    3326: b1 10        	lda	($10),y                 ; 0x10 <__rc0>
    3328: 85 29        	sta	$29                     ; 0x29 <__rc25>
    332a: c8           	iny
    332b: b1 10        	lda	($10),y                 ; 0x10 <__rc0>
    332d: 85 28        	sta	$28                     ; 0x28 <__rc24>
    332f: fa           	plx
    3330: 86 27        	stx	$27                     ; 0x27 <__rc23>
    3332: fa           	plx
    3333: 86 26        	stx	$26                     ; 0x26 <__rc22>
    3335: fa           	plx
    3336: 86 25        	stx	$25                     ; 0x25 <__rc21>
    3338: fa           	plx
    3339: 86 24        	stx	$24                     ; 0x24 <__rc20>
    333b: 18           	clc
    333c: a5 10        	lda	$10                     ; 0x10 <__rc0>
    333e: 69 05        	adc	#$5
    3340: 85 10        	sta	$10                     ; 0x10 <__rc0>
    3342: a5 11        	lda	$11                     ; 0x11 <__zp_data_size>
    3344: 69 00        	adc	#$0
    3346: 85 11        	sta	$11                     ; 0x11 <__zp_data_size>
    3348: 60           	rts

00003349 <fileReadDir>:
    3349: b2 12        	lda	($12)                   ; 0x12 <__rc2>
    334b: 85 f3        	sta	$f3                     ; 0xf3 <__midigfxpal_size+0x73>
    334d: a2 80        	ldx	#$80
    334f: a0 00        	ldy	#$0
    3351: 86 14        	stx	$14                     ; 0x14 <__rc4>
    3353: 84 15        	sty	$15                     ; 0x15 <__rc5>
    3355: a2 76        	ldx	#$76
    3357: 86 16        	stx	$16                     ; 0x16 <__rc6>
    3359: a2 00        	ldx	#$0
    335b: 86 17        	stx	$17                     ; 0x17 <__rc7>
    335d: 20 7c ff     	jsr	$ff7c <__heap_start+0x75b0>
    3360: 92 14        	sta	($14)                   ; 0x14 <__rc4>
    3362: a9 00        	lda	#$0
    3364: 6a           	ror
    3365: 85 16        	sta	$16                     ; 0x16 <__rc6>
    3367: a6 76        	ldx	$76                     ; 0x76 <kernelError>
    3369: a0 00        	ldy	#$0
    336b: 84 14        	sty	$14                     ; 0x14 <__rc4>
    336d: a0 00        	ldy	#$0
    336f: 84 15        	sty	$15                     ; 0x15 <__rc5>
    3371: 8a           	txa
    3372: f0 09        	beq	$337d <fileReadDir+0x34>
    3374: a6 14        	ldx	$14                     ; 0x14 <__rc4>
    3376: 86 12        	stx	$12                     ; 0x12 <__rc2>
    3378: a6 15        	ldx	$15                     ; 0x15 <__rc5>
    337a: 86 13        	stx	$13                     ; 0x13 <__rc3>
    337c: 60           	rts
    337d: a2 81        	ldx	#$81
    337f: a0 00        	ldy	#$0
    3381: 86 16        	stx	$16                     ; 0x16 <__rc6>
    3383: 84 17        	sty	$17                     ; 0x17 <__rc7>
    3385: a2 83        	ldx	#$83
    3387: 86 1c        	stx	$1c                     ; 0x1c <__rc12>
    3389: a0 00        	ldy	#$0
    338b: 80 20        	bra	$33ad <fileReadDir+0x64>
    338d: b2 12        	lda	($12)                   ; 0x12 <__rc2>
    338f: 85 f3        	sta	$f3                     ; 0xf3 <__midigfxpal_size+0x73>
    3391: a6 1c        	ldx	$1c                     ; 0x1c <__rc12>
    3393: 86 18        	stx	$18                     ; 0x18 <__rc8>
    3395: 84 19        	sty	$19                     ; 0x19 <__rc9>
    3397: a2 76        	ldx	#$76
    3399: 86 1a        	stx	$1a                     ; 0x1a <__rc10>
    339b: a2 00        	ldx	#$0
    339d: 86 1b        	stx	$1b                     ; 0x1b <__rc11>
    339f: 20 7c ff     	jsr	$ff7c <__heap_start+0x75b0>
    33a2: 92 18        	sta	($18)                   ; 0x18 <__rc8>
    33a4: a9 00        	lda	#$0
    33a6: 6a           	ror
    33a7: 85 1a        	sta	$1a                     ; 0x1a <__rc10>
    33a9: a6 76        	ldx	$76                     ; 0x76 <kernelError>
    33ab: d0 c7        	bne	$3374 <fileReadDir+0x2b>
    33ad: 64 77        	stz	$77                     ; 0x77 <kernelEventData>
    33af: a9 76        	lda	#$76
    33b1: 85 18        	sta	$18                     ; 0x18 <__rc8>
    33b3: a9 00        	lda	#$0
    33b5: 85 19        	sta	$19                     ; 0x19 <__rc9>
    33b7: 20 00 ff     	jsr	$ff00 <__heap_start+0x7534>
    33ba: 92 16        	sta	($16)                   ; 0x16 <__rc6>
    33bc: a9 00        	lda	#$0
    33be: 6a           	ror
    33bf: 85 18        	sta	$18                     ; 0x18 <__rc8>
    33c1: a9 c2        	lda	#$c2
    33c3: 18           	clc
    33c4: 65 77        	adc	$77                     ; 0x77 <kernelEventData>
    33c6: c9 0b        	cmp	#$b
    33c8: b0 e3        	bcs	$33ad <fileReadDir+0x64>
    33ca: 0a           	asl
    33cb: aa           	tax
    33cc: 7c e8 83     	jmp	($83e8,x)               ; 0x83e8 <__set_v+0x9>
    33cf: 9c 41 88     	stz	$8841                   ; 0x8841 <fileReadDir.fileDirEntS>
    33d2: a2 02        	ldx	#$2
    33d4: 80 2d        	bra	$3403 <fileReadDir+0xba>
    33d6: a2 41        	ldx	#$41
    33d8: a0 88        	ldy	#$88
    33da: 86 fb        	stx	$fb                     ; 0xfb <__midigfxpal_size+0x7b>
    33dc: 84 fc        	sty	$fc                     ; 0xfc <__midigfxpal_size+0x7c>
    33de: a2 01        	ldx	#$1
    33e0: 86 fd        	stx	$fd                     ; 0xfd <__midigfxpal_size+0x7d>
    33e2: a0 82        	ldy	#$82
    33e4: a9 00        	lda	#$0
    33e6: 84 12        	sty	$12                     ; 0x12 <__rc2>
    33e8: 85 13        	sta	$13                     ; 0x13 <__rc3>
    33ea: a0 76        	ldy	#$76
    33ec: 84 14        	sty	$14                     ; 0x14 <__rc4>
    33ee: a0 00        	ldy	#$0
    33f0: 84 15        	sty	$15                     ; 0x15 <__rc5>
    33f2: 20 08 ff     	jsr	$ff08 <__heap_start+0x753c>
    33f5: 92 12        	sta	($12)                   ; 0x12 <__rc2>
    33f7: a9 00        	lda	#$0
    33f9: 6a           	ror
    33fa: 85 14        	sta	$14                     ; 0x14 <__rc4>
    33fc: ac 41 88     	ldy	$8841                   ; 0x8841 <fileReadDir.fileDirEntS>
    33ff: f0 02        	beq	$3403 <fileReadDir+0xba>
    3401: a2 00        	ldx	#$0
    3403: 8e 42 88     	stx	$8842                   ; 0x8842 <fileReadDir.fileDirEntS+0x1>
    3406: a6 7c        	ldx	$7c                     ; 0x7c <kernelEventData+0x5>
    3408: f0 24        	beq	$342e <fileReadDir+0xe5>
    340a: a0 43        	ldy	#$43
    340c: a9 88        	lda	#$88
    340e: 84 fb        	sty	$fb                     ; 0xfb <__midigfxpal_size+0x7b>
    3410: 85 fc        	sta	$fc                     ; 0xfc <__midigfxpal_size+0x7c>
    3412: 86 fd        	stx	$fd                     ; 0xfd <__midigfxpal_size+0x7d>
    3414: a0 84        	ldy	#$84
    3416: a9 00        	lda	#$0
    3418: 84 12        	sty	$12                     ; 0x12 <__rc2>
    341a: 85 13        	sta	$13                     ; 0x13 <__rc3>
    341c: a0 76        	ldy	#$76
    341e: 84 14        	sty	$14                     ; 0x14 <__rc4>
    3420: a0 00        	ldy	#$0
    3422: 84 15        	sty	$15                     ; 0x15 <__rc5>
    3424: 20 04 ff     	jsr	$ff04 <__heap_start+0x7538>
    3427: 92 12        	sta	($12)                   ; 0x12 <__rc2>
    3429: a9 00        	lda	#$0
    342b: 6a           	ror
    342c: 85 14        	sta	$14                     ; 0x14 <__rc4>
    342e: 9e 43 88     	stz	$8843,x                 ; 0x8843 <fileReadDir.fileDirEntS+0x2>
    3431: a2 41        	ldx	#$41
    3433: 86 14        	stx	$14                     ; 0x14 <__rc4>
    3435: a2 88        	ldx	#$88
    3437: 86 15        	stx	$15                     ; 0x15 <__rc5>
    3439: 4c 74 33     	jmp	$3374 <fileReadDir+0x2b>

0000343c <fpr_set_currentPath>:
    343c: b2 12        	lda	($12)                   ; 0x12 <__rc2>
    343e: a6 0f        	ldx	$f                      ; 0xf
    3440: 78           	sei
    3441: a0 18        	ldy	#$18
    3443: 84 0f        	sty	$f                      ; 0xf
    3445: 8d 02 e0     	sta	$e002                   ; 0xe002 <__heap_start+0x5636>
    3448: 86 0f        	stx	$f                      ; 0xf
    344a: 58           	cli
    344b: a2 00        	ldx	#$0
    344d: 80 2d        	bra	$347c <fpr_set_currentPath+0x40>
    344f: 8a           	txa
    3450: 18           	clc
    3451: 65 12        	adc	$12                     ; 0x12 <__rc2>
    3453: 85 14        	sta	$14                     ; 0x14 <__rc4>
    3455: a5 13        	lda	$13                     ; 0x13 <__rc3>
    3457: 69 00        	adc	#$0
    3459: 85 15        	sta	$15                     ; 0x15 <__rc5>
    345b: 18           	clc
    345c: 8a           	txa
    345d: 69 03        	adc	#$3
    345f: 85 16        	sta	$16                     ; 0x16 <__rc6>
    3461: a9 00        	lda	#$0
    3463: 69 e0        	adc	#$e0
    3465: 85 17        	sta	$17                     ; 0x17 <__rc7>
    3467: a0 01        	ldy	#$1
    3469: b1 14        	lda	($14),y                 ; 0x14 <__rc4>
    346b: a4 0f        	ldy	$f                      ; 0xf
    346d: 84 14        	sty	$14                     ; 0x14 <__rc4>
    346f: 78           	sei
    3470: a0 18        	ldy	#$18
    3472: 84 0f        	sty	$f                      ; 0xf
    3474: 92 16        	sta	($16)                   ; 0x16 <__rc6>
    3476: a4 14        	ldy	$14                     ; 0x14 <__rc4>
    3478: 84 0f        	sty	$f                      ; 0xf
    347a: 58           	cli
    347b: e8           	inx
    347c: a8           	tay
    347d: f0 04        	beq	$3483 <fpr_set_currentPath+0x47>
    347f: e0 3b        	cpx	#$3b
    3481: d0 cc        	bne	$344f <fpr_set_currentPath+0x13>
    3483: 60           	rts

00003484 <readDirectory_far>:
    3484: 18           	clc
    3485: a5 10        	lda	$10                     ; 0x10 <__rc0>
    3487: 69 bc        	adc	#$bc
    3489: 85 10        	sta	$10                     ; 0x10 <__rc0>
    348b: a5 11        	lda	$11                     ; 0x11 <__zp_data_size>
    348d: 69 ff        	adc	#$ff
    348f: 85 11        	sta	$11                     ; 0x11 <__zp_data_size>
    3491: a6 24        	ldx	$24                     ; 0x24 <__rc20>
    3493: da           	phx
    3494: a6 25        	ldx	$25                     ; 0x25 <__rc21>
    3496: da           	phx
    3497: a6 26        	ldx	$26                     ; 0x26 <__rc22>
    3499: da           	phx
    349a: a6 27        	ldx	$27                     ; 0x27 <__rc23>
    349c: da           	phx
    349d: a5 28        	lda	$28                     ; 0x28 <__rc24>
    349f: a0 03        	ldy	#$3
    34a1: 91 10        	sta	($10),y                 ; 0x10 <__rc0>
    34a3: a5 29        	lda	$29                     ; 0x29 <__rc25>
    34a5: 88           	dey
    34a6: 91 10        	sta	($10),y                 ; 0x10 <__rc0>
    34a8: a5 2a        	lda	$2a                     ; 0x2a <__rc26>
    34aa: 88           	dey
    34ab: 91 10        	sta	($10),y                 ; 0x10 <__rc0>
    34ad: a5 2b        	lda	$2b                     ; 0x2b <__rc27>
    34af: 88           	dey
    34b0: 91 10        	sta	($10),y                 ; 0x10 <__rc0>
    34b2: a0 00        	ldy	#$0
    34b4: 18           	clc
    34b5: a5 10        	lda	$10                     ; 0x10 <__rc0>
    34b7: 69 04        	adc	#$4
    34b9: 85 12        	sta	$12                     ; 0x12 <__rc2>
    34bb: a2 01        	ldx	#$1
    34bd: b0 02        	bcs	$34c1 <readDirectory_far+0x3d>
    34bf: a2 00        	ldx	#$0
    34c1: 86 16        	stx	$16                     ; 0x16 <__rc6>
    34c3: 98           	tya
    34c4: 18           	clc
    34c5: 69 02        	adc	#$2
    34c7: 85 14        	sta	$14                     ; 0x14 <__rc4>
    34c9: a9 00        	lda	#$0
    34cb: 69 e0        	adc	#$e0
    34cd: a6 0f        	ldx	$f                      ; 0xf
    34cf: 86 13        	stx	$13                     ; 0x13 <__rc3>
    34d1: 78           	sei
    34d2: a2 18        	ldx	#$18
    34d4: 86 0f        	stx	$f                      ; 0xf
    34d6: 85 15        	sta	$15                     ; 0x15 <__rc5>
    34d8: b2 14        	lda	($14)                   ; 0x14 <__rc4>
    34da: a6 13        	ldx	$13                     ; 0x13 <__rc3>
    34dc: 86 0f        	stx	$f                      ; 0xf
    34de: 58           	cli
    34df: a6 16        	ldx	$16                     ; 0x16 <__rc6>
    34e1: e0 01        	cpx	#$1
    34e3: 48           	pha
    34e4: a5 11        	lda	$11                     ; 0x11 <__zp_data_size>
    34e6: 69 00        	adc	#$0
    34e8: 85 13        	sta	$13                     ; 0x13 <__rc3>
    34ea: 68           	pla
    34eb: 91 12        	sta	($12),y                 ; 0x12 <__rc2>
    34ed: f0 05        	beq	$34f4 <readDirectory_far+0x70>
    34ef: c8           	iny
    34f0: c0 3c        	cpy	#$3c
    34f2: d0 cf        	bne	$34c3 <readDirectory_far+0x3f>
    34f4: 20 00 28     	jsr	$2800 <fileOpenDir>
    34f7: a6 12        	ldx	$12                     ; 0x12 <__rc2>
    34f9: 86 24        	stx	$24                     ; 0x24 <__rc20>
    34fb: a6 13        	ldx	$13                     ; 0x13 <__rc3>
    34fd: 86 25        	stx	$25                     ; 0x25 <__rc21>
    34ff: a2 00        	ldx	#$0
    3501: 86 12        	stx	$12                     ; 0x12 <__rc2>
    3503: a2 00        	ldx	#$0
    3505: 86 13        	stx	$13                     ; 0x13 <__rc3>
    3507: a6 25        	ldx	$25                     ; 0x25 <__rc21>
    3509: e4 13        	cpx	$13                     ; 0x13 <__rc3>
    350b: d0 09        	bne	$3516 <readDirectory_far+0x92>
    350d: a6 24        	ldx	$24                     ; 0x24 <__rc20>
    350f: e4 12        	cpx	$12                     ; 0x12 <__rc2>
    3511: d0 03        	bne	$3516 <readDirectory_far+0x92>
    3513: 4c 5d 39     	jmp	$395d <readDirectory_far+0x4d9>
    3516: a6 24        	ldx	$24                     ; 0x24 <__rc20>
    3518: 86 12        	stx	$12                     ; 0x12 <__rc2>
    351a: a6 25        	ldx	$25                     ; 0x25 <__rc21>
    351c: 86 13        	stx	$13                     ; 0x13 <__rc3>
    351e: 20 49 33     	jsr	$3349 <fileReadDir>
    3521: a2 01        	ldx	#$1
    3523: 86 26        	stx	$26                     ; 0x26 <__rc22>
    3525: 86 29        	stx	$29                     ; 0x29 <__rc25>
    3527: ca           	dex
    3528: 4c cc 38     	jmp	$38cc <readDirectory_far+0x448>
    352b: a5 2a        	lda	$2a                     ; 0x2a <__rc26>
    352d: f0 03        	beq	$3532 <readDirectory_far+0xae>
    352f: 4c e7 38     	jmp	$38e7 <readDirectory_far+0x463>
    3532: a2 03        	ldx	#$3
    3534: 86 28        	stx	$28                     ; 0x28 <__rc24>
    3536: a2 01        	ldx	#$1
    3538: 86 2b        	stx	$2b                     ; 0x2b <__rc27>
    353a: a6 24        	ldx	$24                     ; 0x24 <__rc20>
    353c: 86 12        	stx	$12                     ; 0x12 <__rc2>
    353e: a6 25        	ldx	$25                     ; 0x25 <__rc21>
    3540: 86 13        	stx	$13                     ; 0x13 <__rc3>
    3542: 20 49 33     	jsr	$3349 <fileReadDir>
    3545: a2 00        	ldx	#$0
    3547: 86 14        	stx	$14                     ; 0x14 <__rc4>
    3549: a2 00        	ldx	#$0
    354b: 86 15        	stx	$15                     ; 0x15 <__rc5>
    354d: a6 13        	ldx	$13                     ; 0x13 <__rc3>
    354f: e4 15        	cpx	$15                     ; 0x15 <__rc5>
    3551: d0 0c        	bne	$355f <readDirectory_far+0xdb>
    3553: a6 12        	ldx	$12                     ; 0x12 <__rc2>
    3555: a4 2b        	ldy	$2b                     ; 0x2b <__rc27>
    3557: e4 14        	cpx	$14                     ; 0x14 <__rc4>
    3559: d0 06        	bne	$3561 <readDirectory_far+0xdd>
    355b: a0 00        	ldy	#$0
    355d: 80 02        	bra	$3561 <readDirectory_far+0xdd>
    355f: a4 2b        	ldy	$2b                     ; 0x2b <__rc27>
    3561: 98           	tya
    3562: d0 03        	bne	$3567 <readDirectory_far+0xe3>
    3564: 4c f0 38     	jmp	$38f0 <readDirectory_far+0x46c>
    3567: a0 02        	ldy	#$2
    3569: b1 12        	lda	($12),y                 ; 0x12 <__rc2>
    356b: c9 2e        	cmp	#$2e
    356d: d0 18        	bne	$3587 <readDirectory_far+0x103>
    356f: a4 28        	ldy	$28                     ; 0x28 <__rc24>
    3571: a6 27        	ldx	$27                     ; 0x27 <__rc23>
    3573: b1 12        	lda	($12),y                 ; 0x12 <__rc2>
    3575: d0 03        	bne	$357a <readDirectory_far+0xf6>
    3577: 4c d8 38     	jmp	$38d8 <readDirectory_far+0x454>
    357a: c9 2e        	cmp	#$2e
    357c: d0 09        	bne	$3587 <readDirectory_far+0x103>
    357e: a0 04        	ldy	#$4
    3580: b1 12        	lda	($12),y                 ; 0x12 <__rc2>
    3582: d0 03        	bne	$3587 <readDirectory_far+0x103>
    3584: 4c d8 38     	jmp	$38d8 <readDirectory_far+0x454>
    3587: a5 12        	lda	$12                     ; 0x12 <__rc2>
    3589: 18           	clc
    358a: 69 02        	adc	#$2
    358c: 85 14        	sta	$14                     ; 0x14 <__rc4>
    358e: a5 13        	lda	$13                     ; 0x13 <__rc3>
    3590: 69 00        	adc	#$0
    3592: 85 15        	sta	$15                     ; 0x15 <__rc5>
    3594: 64 16        	stz	$16                     ; 0x16 <__rc6>
    3596: 64 17        	stz	$17                     ; 0x17 <__rc7>
    3598: a5 16        	lda	$16                     ; 0x16 <__rc6>
    359a: 0a           	asl
    359b: a6 17        	ldx	$17                     ; 0x17 <__rc7>
    359d: 86 18        	stx	$18                     ; 0x18 <__rc8>
    359f: 26 18        	rol	$18                     ; 0x18 <__rc8>
    35a1: 18           	clc
    35a2: a2 00        	ldx	#$0
    35a4: 86 1a        	stx	$1a                     ; 0x1a <__rc10>
    35a6: 65 16        	adc	$16                     ; 0x16 <__rc6>
    35a8: aa           	tax
    35a9: a5 18        	lda	$18                     ; 0x18 <__rc8>
    35ab: 65 17        	adc	$17                     ; 0x17 <__rc7>
    35ad: 85 18        	sta	$18                     ; 0x18 <__rc8>
    35af: 18           	clc
    35b0: 8a           	txa
    35b1: 69 4e        	adc	#$4e
    35b3: a8           	tay
    35b4: a5 18        	lda	$18                     ; 0x18 <__rc8>
    35b6: 69 5f        	adc	#$5f
    35b8: 85 19        	sta	$19                     ; 0x19 <__rc9>
    35ba: a9 00        	lda	#$0
    35bc: 69 03        	adc	#$3
    35be: a6 19        	ldx	$19                     ; 0x19 <__rc9>
    35c0: 86 18        	stx	$18                     ; 0x18 <__rc8>
    35c2: 06 18        	asl	$18                     ; 0x18 <__rc8>
    35c4: 85 1d        	sta	$1d                     ; 0x1d <__rc13>
    35c6: 2a           	rol
    35c7: 06 18        	asl	$18                     ; 0x18 <__rc8>
    35c9: 2a           	rol
    35ca: 06 18        	asl	$18                     ; 0x18 <__rc8>
    35cc: 2a           	rol
    35cd: a6 0f        	ldx	$f                      ; 0xf
    35cf: 78           	sei
    35d0: 85 0f        	sta	$f                      ; 0xf
    35d2: a5 19        	lda	$19                     ; 0x19 <__rc9>
    35d4: 85 1c        	sta	$1c                     ; 0x1c <__rc12>
    35d6: 09 e0        	ora	#$e0
    35d8: 84 18        	sty	$18                     ; 0x18 <__rc8>
    35da: 85 19        	sta	$19                     ; 0x19 <__rc9>
    35dc: b2 18        	lda	($18)                   ; 0x18 <__rc8>
    35de: 86 0f        	stx	$f                      ; 0xf
    35e0: 58           	cli
    35e1: aa           	tax
    35e2: d0 03        	bne	$35e7 <readDirectory_far+0x163>
    35e4: 4c 76 37     	jmp	$3776 <readDirectory_far+0x2f2>
    35e7: 84 1b        	sty	$1b                     ; 0x1b <__rc11>
    35e9: a0 00        	ldy	#$0
    35eb: a6 1a        	ldx	$1a                     ; 0x1a <__rc10>
    35ed: 86 1e        	stx	$1e                     ; 0x1e <__rc14>
    35ef: a6 1b        	ldx	$1b                     ; 0x1b <__rc11>
    35f1: 86 1a        	stx	$1a                     ; 0x1a <__rc10>
    35f3: a6 1c        	ldx	$1c                     ; 0x1c <__rc12>
    35f5: 86 1b        	stx	$1b                     ; 0x1b <__rc11>
    35f7: a6 1d        	ldx	$1d                     ; 0x1d <__rc13>
    35f9: 86 1c        	stx	$1c                     ; 0x1c <__rc12>
    35fb: 84 18        	sty	$18                     ; 0x18 <__rc8>
    35fd: a5 1a        	lda	$1a                     ; 0x1a <__rc10>
    35ff: 5a           	phy
    3600: a6 1e        	ldx	$1e                     ; 0x1e <__rc14>
    3602: e0 01        	cpx	#$1
    3604: 65 18        	adc	$18                     ; 0x18 <__rc8>
    3606: 85 19        	sta	$19                     ; 0x19 <__rc9>
    3608: a5 1b        	lda	$1b                     ; 0x1b <__rc11>
    360a: 69 00        	adc	#$0
    360c: 85 1d        	sta	$1d                     ; 0x1d <__rc13>
    360e: a5 1c        	lda	$1c                     ; 0x1c <__rc12>
    3610: 69 00        	adc	#$0
    3612: a6 1d        	ldx	$1d                     ; 0x1d <__rc13>
    3614: 86 18        	stx	$18                     ; 0x18 <__rc8>
    3616: 06 18        	asl	$18                     ; 0x18 <__rc8>
    3618: 2a           	rol
    3619: 06 18        	asl	$18                     ; 0x18 <__rc8>
    361b: 2a           	rol
    361c: 06 18        	asl	$18                     ; 0x18 <__rc8>
    361e: 2a           	rol
    361f: a6 0f        	ldx	$f                      ; 0xf
    3621: 78           	sei
    3622: 85 0f        	sta	$f                      ; 0xf
    3624: a5 1d        	lda	$1d                     ; 0x1d <__rc13>
    3626: 09 e0        	ora	#$e0
    3628: a4 19        	ldy	$19                     ; 0x19 <__rc9>
    362a: 84 18        	sty	$18                     ; 0x18 <__rc8>
    362c: 7a           	ply
    362d: 85 19        	sta	$19                     ; 0x19 <__rc9>
    362f: b2 18        	lda	($18)                   ; 0x18 <__rc8>
    3631: 86 0f        	stx	$f                      ; 0xf
    3633: 18           	clc
    3634: 48           	pha
    3635: a5 10        	lda	$10                     ; 0x10 <__rc0>
    3637: 69 40        	adc	#$40
    3639: 85 18        	sta	$18                     ; 0x18 <__rc8>
    363b: a5 11        	lda	$11                     ; 0x11 <__zp_data_size>
    363d: 69 00        	adc	#$0
    363f: 85 19        	sta	$19                     ; 0x19 <__rc9>
    3641: 68           	pla
    3642: 58           	cli
    3643: 91 18        	sta	($18),y                 ; 0x18 <__rc8>
    3645: c8           	iny
    3646: c0 03        	cpy	#$3
    3648: f0 03        	beq	$364d <readDirectory_far+0x1c9>
    364a: 4c fb 35     	jmp	$35fb <readDirectory_far+0x177>
    364d: b8           	clv
    364e: a0 03        	ldy	#$3
    3650: a9 00        	lda	#$0
    3652: 91 18        	sta	($18),y                 ; 0x18 <__rc8>
    3654: 88           	dey
    3655: a2 02        	ldx	#$2
    3657: b1 12        	lda	($12),y                 ; 0x12 <__rc2>
    3659: d0 03        	bne	$365e <readDirectory_far+0x1da>
    365b: 4c 76 37     	jmp	$3776 <readDirectory_far+0x2f2>
    365e: 86 1e        	stx	$1e                     ; 0x1e <__rc14>
    3660: 85 22        	sta	$22                     ; 0x22 <__rc18>
    3662: a0 00        	ldy	#$0
    3664: a2 00        	ldx	#$0
    3666: a9 01        	lda	#$1
    3668: 70 02        	bvs	$366c <readDirectory_far+0x1e8>
    366a: a9 00        	lda	#$0
    366c: 85 1c        	sta	$1c                     ; 0x1c <__rc12>
    366e: a9 03        	lda	#$3
    3670: 85 1d        	sta	$1d                     ; 0x1d <__rc13>
    3672: 86 1a        	stx	$1a                     ; 0x1a <__rc10>
    3674: 98           	tya
    3675: aa           	tax
    3676: a4 1a        	ldy	$1a                     ; 0x1a <__rc10>
    3678: e8           	inx
    3679: d0 01        	bne	$367c <readDirectory_far+0x1f8>
    367b: c8           	iny
    367c: 48           	pha
    367d: a5 1c        	lda	$1c                     ; 0x1c <__rc12>
    367f: c9 01        	cmp	#$1
    3681: 68           	pla
    3682: 65 12        	adc	$12                     ; 0x12 <__rc2>
    3684: 85 23        	sta	$23                     ; 0x23 <__rc19>
    3686: a5 1a        	lda	$1a                     ; 0x1a <__rc10>
    3688: 65 13        	adc	$13                     ; 0x13 <__rc3>
    368a: 86 1f        	stx	$1f                     ; 0x1f <__rc15>
    368c: a6 23        	ldx	$23                     ; 0x23 <__rc19>
    368e: 86 1a        	stx	$1a                     ; 0x1a <__rc10>
    3690: 5a           	phy
    3691: fa           	plx
    3692: 85 1b        	sta	$1b                     ; 0x1b <__rc11>
    3694: a4 1d        	ldy	$1d                     ; 0x1d <__rc13>
    3696: b1 1a        	lda	($1a),y                 ; 0x1a <__rc10>
    3698: a4 1f        	ldy	$1f                     ; 0x1f <__rc15>
    369a: c9 00        	cmp	#$0
    369c: d0 d4        	bne	$3672 <readDirectory_far+0x1ee>
    369e: a9 00        	lda	#$0
    36a0: 85 1f        	sta	$1f                     ; 0x1f <__rc15>
    36a2: 8a           	txa
    36a3: d0 34        	bne	$36d9 <readDirectory_far+0x255>
    36a5: c0 04        	cpy	#$4
    36a7: b0 37        	bcs	$36e0 <readDirectory_far+0x25c>
    36a9: 4c 76 37     	jmp	$3776 <readDirectory_far+0x2f2>
    36ac: c0 03        	cpy	#$3
    36ae: d0 03        	bne	$36b3 <readDirectory_far+0x22f>
    36b0: 4c a8 37     	jmp	$37a8 <readDirectory_far+0x324>
    36b3: b1 1a        	lda	($1a),y                 ; 0x1a <__rc10>
    36b5: c9 41        	cmp	#$41
    36b7: 90 06        	bcc	$36bf <readDirectory_far+0x23b>
    36b9: c9 5b        	cmp	#$5b
    36bb: b0 02        	bcs	$36bf <readDirectory_far+0x23b>
    36bd: 09 20        	ora	#$20
    36bf: 85 1d        	sta	$1d                     ; 0x1d <__rc13>
    36c1: b1 18        	lda	($18),y                 ; 0x18 <__rc8>
    36c3: c9 41        	cmp	#$41
    36c5: 90 06        	bcc	$36cd <readDirectory_far+0x249>
    36c7: c9 5b        	cmp	#$5b
    36c9: b0 02        	bcs	$36cd <readDirectory_far+0x249>
    36cb: 09 20        	ora	#$20
    36cd: 85 1c        	sta	$1c                     ; 0x1c <__rc12>
    36cf: c8           	iny
    36d0: a6 1d        	ldx	$1d                     ; 0x1d <__rc13>
    36d2: e4 1c        	cpx	$1c                     ; 0x1c <__rc12>
    36d4: f0 d6        	beq	$36ac <readDirectory_far+0x228>
    36d6: 4c 76 37     	jmp	$3776 <readDirectory_far+0x2f2>
    36d9: e0 00        	cpx	#$0
    36db: b0 03        	bcs	$36e0 <readDirectory_far+0x25c>
    36dd: 4c 76 37     	jmp	$3776 <readDirectory_far+0x2f2>
    36e0: a2 00        	ldx	#$0
    36e2: 86 1c        	stx	$1c                     ; 0x1c <__rc12>
    36e4: a2 00        	ldx	#$0
    36e6: 86 1d        	stx	$1d                     ; 0x1d <__rc13>
    36e8: a5 22        	lda	$22                     ; 0x22 <__rc18>
    36ea: a6 14        	ldx	$14                     ; 0x14 <__rc4>
    36ec: 86 1a        	stx	$1a                     ; 0x1a <__rc10>
    36ee: a6 15        	ldx	$15                     ; 0x15 <__rc5>
    36f0: 86 1b        	stx	$1b                     ; 0x1b <__rc11>
    36f2: a4 29        	ldy	$29                     ; 0x29 <__rc25>
    36f4: c9 2e        	cmp	#$2e
    36f6: d0 08        	bne	$3700 <readDirectory_far+0x27c>
    36f8: a6 1a        	ldx	$1a                     ; 0x1a <__rc10>
    36fa: 86 1c        	stx	$1c                     ; 0x1c <__rc12>
    36fc: a6 1b        	ldx	$1b                     ; 0x1b <__rc11>
    36fe: 86 1d        	stx	$1d                     ; 0x1d <__rc13>
    3700: b1 1a        	lda	($1a),y                 ; 0x1a <__rc10>
    3702: e6 1a        	inc	$1a                     ; 0x1a <__rc10>
    3704: d0 02        	bne	$3708 <readDirectory_far+0x284>
    3706: e6 1b        	inc	$1b                     ; 0x1b <__rc11>
    3708: aa           	tax
    3709: d0 e9        	bne	$36f4 <readDirectory_far+0x270>
    370b: a2 01        	ldx	#$1
    370d: 86 29        	stx	$29                     ; 0x29 <__rc25>
    370f: ca           	dex
    3710: 86 1a        	stx	$1a                     ; 0x1a <__rc10>
    3712: a2 00        	ldx	#$0
    3714: 86 1b        	stx	$1b                     ; 0x1b <__rc11>
    3716: a6 1d        	ldx	$1d                     ; 0x1d <__rc13>
    3718: e4 1b        	cpx	$1b                     ; 0x1b <__rc11>
    371a: d0 09        	bne	$3725 <readDirectory_far+0x2a1>
    371c: a6 1c        	ldx	$1c                     ; 0x1c <__rc12>
    371e: e4 1a        	cpx	$1a                     ; 0x1a <__rc10>
    3720: d0 03        	bne	$3725 <readDirectory_far+0x2a1>
    3722: 4c 76 37     	jmp	$3776 <readDirectory_far+0x2f2>
    3725: a6 1c        	ldx	$1c                     ; 0x1c <__rc12>
    3727: 86 1a        	stx	$1a                     ; 0x1a <__rc10>
    3729: a6 1d        	ldx	$1d                     ; 0x1d <__rc13>
    372b: 86 1b        	stx	$1b                     ; 0x1b <__rc11>
    372d: e6 1a        	inc	$1a                     ; 0x1a <__rc10>
    372f: d0 02        	bne	$3733 <readDirectory_far+0x2af>
    3731: e6 1b        	inc	$1b                     ; 0x1b <__rc11>
    3733: a0 01        	ldy	#$1
    3735: a2 01        	ldx	#$1
    3737: 86 29        	stx	$29                     ; 0x29 <__rc25>
    3739: b1 1c        	lda	($1c),y                 ; 0x1c <__rc12>
    373b: f0 39        	beq	$3776 <readDirectory_far+0x2f2>
    373d: a0 00        	ldy	#$0
    373f: a2 00        	ldx	#$0
    3741: a5 1e        	lda	$1e                     ; 0x1e <__rc14>
    3743: 85 23        	sta	$23                     ; 0x23 <__rc19>
    3745: a5 1f        	lda	$1f                     ; 0x1f <__rc15>
    3747: 85 28        	sta	$28                     ; 0x28 <__rc24>
    3749: 98           	tya
    374a: 5a           	phy
    374b: a4 28        	ldy	$28                     ; 0x28 <__rc24>
    374d: c0 01        	cpy	#$1
    374f: 7a           	ply
    3750: 65 1c        	adc	$1c                     ; 0x1c <__rc12>
    3752: 85 2b        	sta	$2b                     ; 0x2b <__rc27>
    3754: 8a           	txa
    3755: 65 1d        	adc	$1d                     ; 0x1d <__rc13>
    3757: c8           	iny
    3758: d0 01        	bne	$375b <readDirectory_far+0x2d7>
    375a: e8           	inx
    375b: 48           	pha
    375c: a5 2b        	lda	$2b                     ; 0x2b <__rc27>
    375e: 85 1e        	sta	$1e                     ; 0x1e <__rc14>
    3760: 68           	pla
    3761: 84 2b        	sty	$2b                     ; 0x2b <__rc27>
    3763: 85 1f        	sta	$1f                     ; 0x1f <__rc15>
    3765: a4 23        	ldy	$23                     ; 0x23 <__rc19>
    3767: b1 1e        	lda	($1e),y                 ; 0x1e <__rc14>
    3769: a4 2b        	ldy	$2b                     ; 0x2b <__rc27>
    376b: c9 00        	cmp	#$0
    376d: d0 da        	bne	$3749 <readDirectory_far+0x2c5>
    376f: 8a           	txa
    3770: d0 04        	bne	$3776 <readDirectory_far+0x2f2>
    3772: c0 03        	cpy	#$3
    3774: f0 2d        	beq	$37a3 <readDirectory_far+0x31f>
    3776: a6 17        	ldx	$17                     ; 0x17 <__rc7>
    3778: a4 16        	ldy	$16                     ; 0x16 <__rc6>
    377a: c8           	iny
    377b: d0 01        	bne	$377e <readDirectory_far+0x2fa>
    377d: e8           	inx
    377e: 84 16        	sty	$16                     ; 0x16 <__rc6>
    3780: 86 17        	stx	$17                     ; 0x17 <__rc7>
    3782: 8a           	txa
    3783: f0 03        	beq	$3788 <readDirectory_far+0x304>
    3785: 4c 98 35     	jmp	$3598 <readDirectory_far+0x114>
    3788: 84 16        	sty	$16                     ; 0x16 <__rc6>
    378a: 86 17        	stx	$17                     ; 0x17 <__rc7>
    378c: c0 04        	cpy	#$4
    378e: f0 03        	beq	$3793 <readDirectory_far+0x30f>
    3790: 4c 98 35     	jmp	$3598 <readDirectory_far+0x114>
    3793: a0 01        	ldy	#$1
    3795: a2 01        	ldx	#$1
    3797: 86 29        	stx	$29                     ; 0x29 <__rc25>
    3799: b1 12        	lda	($12),y                 ; 0x12 <__rc2>
    379b: a6 27        	ldx	$27                     ; 0x27 <__rc23>
    379d: a8           	tay
    379e: d0 0c        	bne	$37ac <readDirectory_far+0x328>
    37a0: 4c d8 38     	jmp	$38d8 <readDirectory_far+0x454>
    37a3: a0 00        	ldy	#$0
    37a5: 4c ac 36     	jmp	$36ac <readDirectory_far+0x228>
    37a8: a6 27        	ldx	$27                     ; 0x27 <__rc23>
    37aa: 80 06        	bra	$37b2 <readDirectory_far+0x32e>
    37ac: a0 02        	ldy	#$2
    37ae: b1 12        	lda	($12),y                 ; 0x12 <__rc2>
    37b0: 85 22        	sta	$22                     ; 0x22 <__rc18>
    37b2: a5 26        	lda	$26                     ; 0x26 <__rc22>
    37b4: 0a           	asl
    37b5: 86 14        	stx	$14                     ; 0x14 <__rc4>
    37b7: 26 14        	rol	$14                     ; 0x14 <__rc4>
    37b9: 0a           	asl
    37ba: 26 14        	rol	$14                     ; 0x14 <__rc4>
    37bc: 0a           	asl
    37bd: 85 15        	sta	$15                     ; 0x15 <__rc5>
    37bf: 26 14        	rol	$14                     ; 0x14 <__rc4>
    37c1: 0a           	asl
    37c2: a6 14        	ldx	$14                     ; 0x14 <__rc4>
    37c4: 86 16        	stx	$16                     ; 0x16 <__rc6>
    37c6: 26 16        	rol	$16                     ; 0x16 <__rc6>
    37c8: 0a           	asl
    37c9: 26 16        	rol	$16                     ; 0x16 <__rc6>
    37cb: 0a           	asl
    37cc: 26 16        	rol	$16                     ; 0x16 <__rc6>
    37ce: 0a           	asl
    37cf: 26 16        	rol	$16                     ; 0x16 <__rc6>
    37d1: 38           	sec
    37d2: e5 15        	sbc	$15                     ; 0x15 <__rc5>
    37d4: a8           	tay
    37d5: a5 16        	lda	$16                     ; 0x16 <__rc6>
    37d7: e5 14        	sbc	$14                     ; 0x14 <__rc4>
    37d9: aa           	tax
    37da: 18           	clc
    37db: 84 16        	sty	$16                     ; 0x16 <__rc6>
    37dd: 98           	tya
    37de: 69 b6        	adc	#$b6
    37e0: a8           	tay
    37e1: 86 17        	stx	$17                     ; 0x17 <__rc7>
    37e3: 8a           	txa
    37e4: 69 00        	adc	#$0
    37e6: 85 15        	sta	$15                     ; 0x15 <__rc5>
    37e8: a9 00        	lda	#$0
    37ea: 69 03        	adc	#$3
    37ec: a6 15        	ldx	$15                     ; 0x15 <__rc5>
    37ee: 86 14        	stx	$14                     ; 0x14 <__rc4>
    37f0: 06 14        	asl	$14                     ; 0x14 <__rc4>
    37f2: 85 1a        	sta	$1a                     ; 0x1a <__rc10>
    37f4: 2a           	rol
    37f5: 06 14        	asl	$14                     ; 0x14 <__rc4>
    37f7: 2a           	rol
    37f8: 06 14        	asl	$14                     ; 0x14 <__rc4>
    37fa: 2a           	rol
    37fb: a6 0f        	ldx	$f                      ; 0xf
    37fd: 78           	sei
    37fe: 85 0f        	sta	$f                      ; 0xf
    3800: a5 15        	lda	$15                     ; 0x15 <__rc5>
    3802: 85 19        	sta	$19                     ; 0x19 <__rc9>
    3804: 09 e0        	ora	#$e0
    3806: 84 18        	sty	$18                     ; 0x18 <__rc8>
    3808: 84 14        	sty	$14                     ; 0x14 <__rc4>
    380a: 85 15        	sta	$15                     ; 0x15 <__rc5>
    380c: a5 22        	lda	$22                     ; 0x22 <__rc18>
    380e: 92 14        	sta	($14)                   ; 0x14 <__rc4>
    3810: 86 0f        	stx	$f                      ; 0xf
    3812: a0 03        	ldy	#$3
    3814: 58           	cli
    3815: 80 43        	bra	$385a <readDirectory_far+0x3d6>
    3817: 98           	tya
    3818: 18           	clc
    3819: 69 fe        	adc	#$fe
    381b: 85 14        	sta	$14                     ; 0x14 <__rc4>
    381d: b1 12        	lda	($12),y                 ; 0x12 <__rc2>
    381f: 85 15        	sta	$15                     ; 0x15 <__rc5>
    3821: a5 18        	lda	$18                     ; 0x18 <__rc8>
    3823: 18           	clc
    3824: 65 14        	adc	$14                     ; 0x14 <__rc4>
    3826: 85 1b        	sta	$1b                     ; 0x1b <__rc11>
    3828: a5 19        	lda	$19                     ; 0x19 <__rc9>
    382a: 69 00        	adc	#$0
    382c: 85 1c        	sta	$1c                     ; 0x1c <__rc12>
    382e: a5 1a        	lda	$1a                     ; 0x1a <__rc10>
    3830: 69 00        	adc	#$0
    3832: a6 1c        	ldx	$1c                     ; 0x1c <__rc12>
    3834: 86 14        	stx	$14                     ; 0x14 <__rc4>
    3836: 06 14        	asl	$14                     ; 0x14 <__rc4>
    3838: 2a           	rol
    3839: 06 14        	asl	$14                     ; 0x14 <__rc4>
    383b: 2a           	rol
    383c: 06 14        	asl	$14                     ; 0x14 <__rc4>
    383e: 2a           	rol
    383f: a6 0f        	ldx	$f                      ; 0xf
    3841: 78           	sei
    3842: 85 0f        	sta	$f                      ; 0xf
    3844: a5 15        	lda	$15                     ; 0x15 <__rc5>
    3846: 85 1d        	sta	$1d                     ; 0x1d <__rc13>
    3848: a5 1b        	lda	$1b                     ; 0x1b <__rc11>
    384a: 85 14        	sta	$14                     ; 0x14 <__rc4>
    384c: a5 1c        	lda	$1c                     ; 0x1c <__rc12>
    384e: 09 e0        	ora	#$e0
    3850: 85 15        	sta	$15                     ; 0x15 <__rc5>
    3852: a5 1d        	lda	$1d                     ; 0x1d <__rc13>
    3854: 92 14        	sta	($14)                   ; 0x14 <__rc4>
    3856: 86 0f        	stx	$f                      ; 0xf
    3858: 58           	cli
    3859: c8           	iny
    385a: aa           	tax
    385b: f0 04        	beq	$3861 <readDirectory_far+0x3dd>
    385d: c0 79        	cpy	#$79
    385f: d0 b6        	bne	$3817 <readDirectory_far+0x393>
    3861: 18           	clc
    3862: a5 16        	lda	$16                     ; 0x16 <__rc6>
    3864: 69 2d        	adc	#$2d
    3866: 85 15        	sta	$15                     ; 0x15 <__rc5>
    3868: a5 17        	lda	$17                     ; 0x17 <__rc7>
    386a: 69 01        	adc	#$1
    386c: 85 16        	sta	$16                     ; 0x16 <__rc6>
    386e: a9 00        	lda	#$0
    3870: 69 03        	adc	#$3
    3872: a6 0f        	ldx	$f                      ; 0xf
    3874: 78           	sei
    3875: a4 16        	ldy	$16                     ; 0x16 <__rc6>
    3877: 84 14        	sty	$14                     ; 0x14 <__rc4>
    3879: 06 14        	asl	$14                     ; 0x14 <__rc4>
    387b: 2a           	rol
    387c: 06 14        	asl	$14                     ; 0x14 <__rc4>
    387e: 2a           	rol
    387f: 06 14        	asl	$14                     ; 0x14 <__rc4>
    3881: 2a           	rol
    3882: a0 01        	ldy	#$1
    3884: 85 0f        	sta	$f                      ; 0xf
    3886: a5 16        	lda	$16                     ; 0x16 <__rc6>
    3888: 09 e0        	ora	#$e0
    388a: 5a           	phy
    388b: a4 15        	ldy	$15                     ; 0x15 <__rc5>
    388d: 84 14        	sty	$14                     ; 0x14 <__rc4>
    388f: 7a           	ply
    3890: 85 15        	sta	$15                     ; 0x15 <__rc5>
    3892: a9 00        	lda	#$0
    3894: 92 14        	sta	($14)                   ; 0x14 <__rc4>
    3896: 86 0f        	stx	$f                      ; 0xf
    3898: 58           	cli
    3899: a5 26        	lda	$26                     ; 0x26 <__rc22>
    389b: 18           	clc
    389c: 69 76        	adc	#$76
    389e: aa           	tax
    389f: a5 27        	lda	$27                     ; 0x27 <__rc23>
    38a1: 69 1e        	adc	#$1e
    38a3: 85 15        	sta	$15                     ; 0x15 <__rc5>
    38a5: b1 12        	lda	($12),y                 ; 0x12 <__rc2>
    38a7: 84 14        	sty	$14                     ; 0x14 <__rc4>
    38a9: c9 01        	cmp	#$1
    38ab: f0 02        	beq	$38af <readDirectory_far+0x42b>
    38ad: 64 14        	stz	$14                     ; 0x14 <__rc4>
    38af: 86 12        	stx	$12                     ; 0x12 <__rc2>
    38b1: a5 15        	lda	$15                     ; 0x15 <__rc5>
    38b3: 09 e0        	ora	#$e0
    38b5: 85 13        	sta	$13                     ; 0x13 <__rc3>
    38b7: a6 0f        	ldx	$f                      ; 0xf
    38b9: 78           	sei
    38ba: a0 1a        	ldy	#$1a
    38bc: 84 0f        	sty	$f                      ; 0xf
    38be: a5 14        	lda	$14                     ; 0x14 <__rc4>
    38c0: 92 12        	sta	($12)                   ; 0x12 <__rc2>
    38c2: 86 0f        	stx	$f                      ; 0xf
    38c4: 58           	cli
    38c5: a6 27        	ldx	$27                     ; 0x27 <__rc23>
    38c7: e6 26        	inc	$26                     ; 0x26 <__rc22>
    38c9: d0 01        	bne	$38cc <readDirectory_far+0x448>
    38cb: e8           	inx
    38cc: e0 00        	cpx	#$0
    38ce: a0 01        	ldy	#$1
    38d0: b0 02        	bcs	$38d4 <readDirectory_far+0x450>
    38d2: a0 00        	ldy	#$0
    38d4: 84 2a        	sty	$2a                     ; 0x2a <__rc26>
    38d6: 86 27        	stx	$27                     ; 0x27 <__rc23>
    38d8: 8a           	txa
    38d9: f0 03        	beq	$38de <readDirectory_far+0x45a>
    38db: 4c 2b 35     	jmp	$352b <readDirectory_far+0xa7>
    38de: a6 26        	ldx	$26                     ; 0x26 <__rc22>
    38e0: e0 c8        	cpx	#$c8
    38e2: b0 03        	bcs	$38e7 <readDirectory_far+0x463>
    38e4: 4c 32 35     	jmp	$3532 <readDirectory_far+0xae>
    38e7: a2 03        	ldx	#$3
    38e9: 86 28        	stx	$28                     ; 0x28 <__rc24>
    38eb: a2 00        	ldx	#$0
    38ed: 4c 38 35     	jmp	$3538 <readDirectory_far+0xb4>
    38f0: a6 0f        	ldx	$f                      ; 0xf
    38f2: 78           	sei
    38f3: a5 27        	lda	$27                     ; 0x27 <__rc23>
    38f5: a0 1a        	ldy	#$1a
    38f7: 84 0f        	sty	$f                      ; 0xf
    38f9: a4 26        	ldy	$26                     ; 0x26 <__rc22>
    38fb: 8c 3e ff     	sty	$ff3e                   ; 0xff3e <__heap_start+0x7572>
    38fe: 8d 3f ff     	sta	$ff3f                   ; 0xff3f <__heap_start+0x7573>
    3901: 86 0f        	stx	$f                      ; 0xf
    3903: 58           	cli
    3904: a4 0f        	ldy	$f                      ; 0xf
    3906: 78           	sei
    3907: a9 18        	lda	#$18
    3909: 85 0f        	sta	$f                      ; 0xf
    390b: a2 2e        	ldx	#$2e
    390d: 8e b6 e0     	stx	$e0b6                   ; 0xe0b6 <__heap_start+0x56ea>
    3910: 84 0f        	sty	$f                      ; 0xf
    3912: 58           	cli
    3913: a4 0f        	ldy	$f                      ; 0xf
    3915: 78           	sei
    3916: 85 0f        	sta	$f                      ; 0xf
    3918: 8e b7 e0     	stx	$e0b7                   ; 0xe0b7 <__heap_start+0x56eb>
    391b: 84 0f        	sty	$f                      ; 0xf
    391d: 58           	cli
    391e: a6 0f        	ldx	$f                      ; 0xf
    3920: 78           	sei
    3921: 85 0f        	sta	$f                      ; 0xf
    3923: 9c b8 e0     	stz	$e0b8                   ; 0xe0b8 <__heap_start+0x56ec>
    3926: 86 0f        	stx	$f                      ; 0xf
    3928: 58           	cli
    3929: a0 75        	ldy	#$75
    392b: a2 03        	ldx	#$3
    392d: 8a           	txa
    392e: 18           	clc
    392f: 69 b6        	adc	#$b6
    3931: 85 12        	sta	$12                     ; 0x12 <__rc2>
    3933: a9 00        	lda	#$0
    3935: 69 00        	adc	#$0
    3937: 09 e0        	ora	#$e0
    3939: 85 13        	sta	$13                     ; 0x13 <__rc3>
    393b: a5 0f        	lda	$f                      ; 0xf
    393d: 85 14        	sta	$14                     ; 0x14 <__rc4>
    393f: 78           	sei
    3940: a9 18        	lda	#$18
    3942: 85 0f        	sta	$f                      ; 0xf
    3944: a9 00        	lda	#$0
    3946: 92 12        	sta	($12)                   ; 0x12 <__rc2>
    3948: a5 14        	lda	$14                     ; 0x14 <__rc4>
    394a: 85 0f        	sta	$f                      ; 0xf
    394c: 58           	cli
    394d: 88           	dey
    394e: e8           	inx
    394f: 98           	tya
    3950: d0 db        	bne	$392d <readDirectory_far+0x4a9>
    3952: a6 24        	ldx	$24                     ; 0x24 <__rc20>
    3954: 86 12        	stx	$12                     ; 0x12 <__rc2>
    3956: a6 25        	ldx	$25                     ; 0x25 <__rc21>
    3958: 86 13        	stx	$13                     ; 0x13 <__rc3>
    395a: 20 20 29     	jsr	$2920 <fileCloseDir>
    395d: a0 00        	ldy	#$0
    395f: b1 10        	lda	($10),y                 ; 0x10 <__rc0>
    3961: 85 2b        	sta	$2b                     ; 0x2b <__rc27>
    3963: c8           	iny
    3964: b1 10        	lda	($10),y                 ; 0x10 <__rc0>
    3966: 85 2a        	sta	$2a                     ; 0x2a <__rc26>
    3968: c8           	iny
    3969: b1 10        	lda	($10),y                 ; 0x10 <__rc0>
    396b: 85 29        	sta	$29                     ; 0x29 <__rc25>
    396d: c8           	iny
    396e: b1 10        	lda	($10),y                 ; 0x10 <__rc0>
    3970: 85 28        	sta	$28                     ; 0x28 <__rc24>
    3972: fa           	plx
    3973: 86 27        	stx	$27                     ; 0x27 <__rc23>
    3975: fa           	plx
    3976: 86 26        	stx	$26                     ; 0x26 <__rc22>
    3978: fa           	plx
    3979: 86 25        	stx	$25                     ; 0x25 <__rc21>
    397b: fa           	plx
    397c: 86 24        	stx	$24                     ; 0x24 <__rc20>
    397e: 18           	clc
    397f: a5 10        	lda	$10                     ; 0x10 <__rc0>
    3981: 69 44        	adc	#$44
    3983: 85 10        	sta	$10                     ; 0x10 <__rc0>
    3985: a5 11        	lda	$11                     ; 0x11 <__zp_data_size>
    3987: 69 00        	adc	#$0
    3989: 85 11        	sta	$11                     ; 0x11 <__zp_data_size>
    398b: 60           	rts

0000398c <sortFileList_far>:
    398c: 18           	clc
    398d: a5 10        	lda	$10                     ; 0x10 <__rc0>
    398f: 69 09        	adc	#$9
    3991: 85 10        	sta	$10                     ; 0x10 <__rc0>
    3993: a5 11        	lda	$11                     ; 0x11 <__zp_data_size>
    3995: 69 ff        	adc	#$ff
    3997: 85 11        	sta	$11                     ; 0x11 <__zp_data_size>
    3999: a6 24        	ldx	$24                     ; 0x24 <__rc20>
    399b: da           	phx
    399c: a6 25        	ldx	$25                     ; 0x25 <__rc21>
    399e: da           	phx
    399f: a6 26        	ldx	$26                     ; 0x26 <__rc22>
    39a1: da           	phx
    39a2: a6 27        	ldx	$27                     ; 0x27 <__rc23>
    39a4: da           	phx
    39a5: a5 28        	lda	$28                     ; 0x28 <__rc24>
    39a7: a0 06        	ldy	#$6
    39a9: 91 10        	sta	($10),y                 ; 0x10 <__rc0>
    39ab: a5 29        	lda	$29                     ; 0x29 <__rc25>
    39ad: 88           	dey
    39ae: 91 10        	sta	($10),y                 ; 0x10 <__rc0>
    39b0: a5 2a        	lda	$2a                     ; 0x2a <__rc26>
    39b2: 88           	dey
    39b3: 91 10        	sta	($10),y                 ; 0x10 <__rc0>
    39b5: a5 2b        	lda	$2b                     ; 0x2b <__rc27>
    39b7: 88           	dey
    39b8: 91 10        	sta	($10),y                 ; 0x10 <__rc0>
    39ba: a5 2c        	lda	$2c                     ; 0x2c <__rc28>
    39bc: 88           	dey
    39bd: 91 10        	sta	($10),y                 ; 0x10 <__rc0>
    39bf: a5 2d        	lda	$2d                     ; 0x2d <__rc29>
    39c1: 88           	dey
    39c2: 91 10        	sta	($10),y                 ; 0x10 <__rc0>
    39c4: a5 2e        	lda	$2e                     ; 0x2e <__rc30>
    39c6: 88           	dey
    39c7: 91 10        	sta	($10),y                 ; 0x10 <__rc0>
    39c9: a4 0f        	ldy	$f                      ; 0xf
    39cb: 78           	sei
    39cc: a9 18        	lda	#$18
    39ce: 85 0f        	sta	$f                      ; 0xf
    39d0: a2 2e        	ldx	#$2e
    39d2: 8e b6 e0     	stx	$e0b6                   ; 0xe0b6 <__heap_start+0x56ea>
    39d5: 84 0f        	sty	$f                      ; 0xf
    39d7: 58           	cli
    39d8: a4 0f        	ldy	$f                      ; 0xf
    39da: 78           	sei
    39db: 85 0f        	sta	$f                      ; 0xf
    39dd: 8e b7 e0     	stx	$e0b7                   ; 0xe0b7 <__heap_start+0x56eb>
    39e0: 84 0f        	sty	$f                      ; 0xf
    39e2: 58           	cli
    39e3: a6 0f        	ldx	$f                      ; 0xf
    39e5: 78           	sei
    39e6: 85 0f        	sta	$f                      ; 0xf
    39e8: 9c b8 e0     	stz	$e0b8                   ; 0xe0b8 <__heap_start+0x56ec>
    39eb: 86 0f        	stx	$f                      ; 0xf
    39ed: 58           	cli
    39ee: a0 75        	ldy	#$75
    39f0: a2 03        	ldx	#$3
    39f2: 8a           	txa
    39f3: 18           	clc
    39f4: 69 b6        	adc	#$b6
    39f6: 85 12        	sta	$12                     ; 0x12 <__rc2>
    39f8: a9 00        	lda	#$0
    39fa: 69 00        	adc	#$0
    39fc: 09 e0        	ora	#$e0
    39fe: 85 13        	sta	$13                     ; 0x13 <__rc3>
    3a00: a5 0f        	lda	$f                      ; 0xf
    3a02: 85 14        	sta	$14                     ; 0x14 <__rc4>
    3a04: 78           	sei
    3a05: a9 18        	lda	#$18
    3a07: 85 0f        	sta	$f                      ; 0xf
    3a09: a9 00        	lda	#$0
    3a0b: 92 12        	sta	($12)                   ; 0x12 <__rc2>
    3a0d: a5 14        	lda	$14                     ; 0x14 <__rc4>
    3a0f: 85 0f        	sta	$f                      ; 0xf
    3a11: 58           	cli
    3a12: 88           	dey
    3a13: e8           	inx
    3a14: 98           	tya
    3a15: d0 db        	bne	$39f2 <sortFileList_far+0x66>
    3a17: a4 0f        	ldy	$f                      ; 0xf
    3a19: 78           	sei
    3a1a: a2 1a        	ldx	#$1a
    3a1c: 86 0f        	stx	$f                      ; 0xf
    3a1e: a9 01        	lda	#$1
    3a20: 8d 76 fe     	sta	$fe76                   ; 0xfe76 <__heap_start+0x74aa>
    3a23: 84 0f        	sty	$f                      ; 0xf
    3a25: 58           	cli
    3a26: a5 0f        	lda	$f                      ; 0xf
    3a28: 78           	sei
    3a29: 86 0f        	stx	$f                      ; 0xf
    3a2b: ae 3e ff     	ldx	$ff3e                   ; 0xff3e <__heap_start+0x7572>
    3a2e: 86 12        	stx	$12                     ; 0x12 <__rc2>
    3a30: ac 3f ff     	ldy	$ff3f                   ; 0xff3f <__heap_start+0x7573>
    3a33: 84 13        	sty	$13                     ; 0x13 <__rc3>
    3a35: 85 0f        	sta	$f                      ; 0xf
    3a37: 58           	cli
    3a38: 98           	tya
    3a39: d0 07        	bne	$3a42 <sortFileList_far+0xb6>
    3a3b: e0 03        	cpx	#$3
    3a3d: b0 0a        	bcs	$3a49 <sortFileList_far+0xbd>
    3a3f: 4c 05 3f     	jmp	$3f05 <sortFileList_far+0x579>
    3a42: c0 00        	cpy	#$0
    3a44: b0 03        	bcs	$3a49 <sortFileList_far+0xbd>
    3a46: 4c 05 3f     	jmp	$3f05 <sortFileList_far+0x579>
    3a49: a2 02        	ldx	#$2
    3a4b: a0 00        	ldy	#$0
    3a4d: 18           	clc
    3a4e: 86 23        	stx	$23                     ; 0x23 <__rc19>
    3a50: 8a           	txa
    3a51: 69 76        	adc	#$76
    3a53: 85 15        	sta	$15                     ; 0x15 <__rc5>
    3a55: 98           	tya
    3a56: 69 5e        	adc	#$5e
    3a58: 85 16        	sta	$16                     ; 0x16 <__rc6>
    3a5a: a9 00        	lda	#$0
    3a5c: 69 03        	adc	#$3
    3a5e: 5a           	phy
    3a5f: a6 16        	ldx	$16                     ; 0x16 <__rc6>
    3a61: 86 14        	stx	$14                     ; 0x14 <__rc4>
    3a63: 06 14        	asl	$14                     ; 0x14 <__rc4>
    3a65: 2a           	rol
    3a66: 06 14        	asl	$14                     ; 0x14 <__rc4>
    3a68: 2a           	rol
    3a69: 06 14        	asl	$14                     ; 0x14 <__rc4>
    3a6b: 2a           	rol
    3a6c: a6 0f        	ldx	$f                      ; 0xf
    3a6e: 78           	sei
    3a6f: 85 0f        	sta	$f                      ; 0xf
    3a71: a5 16        	lda	$16                     ; 0x16 <__rc6>
    3a73: 09 e0        	ora	#$e0
    3a75: a4 15        	ldy	$15                     ; 0x15 <__rc5>
    3a77: 84 14        	sty	$14                     ; 0x14 <__rc4>
    3a79: 7a           	ply
    3a7a: 85 15        	sta	$15                     ; 0x15 <__rc5>
    3a7c: b2 14        	lda	($14)                   ; 0x14 <__rc4>
    3a7e: 86 0f        	stx	$f                      ; 0xf
    3a80: 58           	cli
    3a81: a2 00        	ldx	#$0
    3a83: 85 28        	sta	$28                     ; 0x28 <__rc24>
    3a85: c9 00        	cmp	#$0
    3a87: f0 02        	beq	$3a8b <sortFileList_far+0xff>
    3a89: a2 01        	ldx	#$1
    3a8b: 86 25        	stx	$25                     ; 0x25 <__rc21>
    3a8d: a5 23        	lda	$23                     ; 0x23 <__rc19>
    3a8f: 0a           	asl
    3a90: 84 24        	sty	$24                     ; 0x24 <__rc20>
    3a92: 84 14        	sty	$14                     ; 0x14 <__rc4>
    3a94: 26 14        	rol	$14                     ; 0x14 <__rc4>
    3a96: 0a           	asl
    3a97: 26 14        	rol	$14                     ; 0x14 <__rc4>
    3a99: 0a           	asl
    3a9a: 85 15        	sta	$15                     ; 0x15 <__rc5>
    3a9c: 26 14        	rol	$14                     ; 0x14 <__rc4>
    3a9e: 0a           	asl
    3a9f: aa           	tax
    3aa0: a5 14        	lda	$14                     ; 0x14 <__rc4>
    3aa2: 2a           	rol
    3aa3: 86 16        	stx	$16                     ; 0x16 <__rc6>
    3aa5: 06 16        	asl	$16                     ; 0x16 <__rc6>
    3aa7: 2a           	rol
    3aa8: 06 16        	asl	$16                     ; 0x16 <__rc6>
    3aaa: 2a           	rol
    3aab: 06 16        	asl	$16                     ; 0x16 <__rc6>
    3aad: 2a           	rol
    3aae: aa           	tax
    3aaf: 38           	sec
    3ab0: a5 16        	lda	$16                     ; 0x16 <__rc6>
    3ab2: e5 15        	sbc	$15                     ; 0x15 <__rc5>
    3ab4: 85 16        	sta	$16                     ; 0x16 <__rc6>
    3ab6: 8a           	txa
    3ab7: e5 14        	sbc	$14                     ; 0x14 <__rc4>
    3ab9: 85 17        	sta	$17                     ; 0x17 <__rc7>
    3abb: a0 00        	ldy	#$0
    3abd: 84 14        	sty	$14                     ; 0x14 <__rc4>
    3abf: a5 16        	lda	$16                     ; 0x16 <__rc6>
    3ac1: 18           	clc
    3ac2: 65 14        	adc	$14                     ; 0x14 <__rc4>
    3ac4: 85 14        	sta	$14                     ; 0x14 <__rc4>
    3ac6: a5 17        	lda	$17                     ; 0x17 <__rc7>
    3ac8: 69 00        	adc	#$0
    3aca: 85 18        	sta	$18                     ; 0x18 <__rc8>
    3acc: a9 00        	lda	#$0
    3ace: 69 00        	adc	#$0
    3ad0: aa           	tax
    3ad1: 18           	clc
    3ad2: a5 14        	lda	$14                     ; 0x14 <__rc4>
    3ad4: 69 b6        	adc	#$b6
    3ad6: 85 15        	sta	$15                     ; 0x15 <__rc5>
    3ad8: a5 18        	lda	$18                     ; 0x18 <__rc8>
    3ada: 69 00        	adc	#$0
    3adc: 85 14        	sta	$14                     ; 0x14 <__rc4>
    3ade: 8a           	txa
    3adf: 69 03        	adc	#$3
    3ae1: 85 18        	sta	$18                     ; 0x18 <__rc8>
    3ae3: a5 14        	lda	$14                     ; 0x14 <__rc4>
    3ae5: 06 14        	asl	$14                     ; 0x14 <__rc4>
    3ae7: 26 18        	rol	$18                     ; 0x18 <__rc8>
    3ae9: 06 14        	asl	$14                     ; 0x14 <__rc4>
    3aeb: 26 18        	rol	$18                     ; 0x18 <__rc8>
    3aed: 06 14        	asl	$14                     ; 0x14 <__rc4>
    3aef: 26 18        	rol	$18                     ; 0x18 <__rc8>
    3af1: a6 18        	ldx	$18                     ; 0x18 <__rc8>
    3af3: 86 14        	stx	$14                     ; 0x14 <__rc4>
    3af5: a6 0f        	ldx	$f                      ; 0xf
    3af7: 86 18        	stx	$18                     ; 0x18 <__rc8>
    3af9: 78           	sei
    3afa: a6 14        	ldx	$14                     ; 0x14 <__rc4>
    3afc: 86 0f        	stx	$f                      ; 0xf
    3afe: 09 e0        	ora	#$e0
    3b00: a6 15        	ldx	$15                     ; 0x15 <__rc5>
    3b02: 86 14        	stx	$14                     ; 0x14 <__rc4>
    3b04: 85 15        	sta	$15                     ; 0x15 <__rc5>
    3b06: b2 14        	lda	($14)                   ; 0x14 <__rc4>
    3b08: a6 18        	ldx	$18                     ; 0x18 <__rc8>
    3b0a: 86 0f        	stx	$f                      ; 0xf
    3b0c: 18           	clc
    3b0d: 48           	pha
    3b0e: a5 10        	lda	$10                     ; 0x10 <__rc0>
    3b10: 69 7f        	adc	#$7f
    3b12: 85 14        	sta	$14                     ; 0x14 <__rc4>
    3b14: a5 11        	lda	$11                     ; 0x11 <__zp_data_size>
    3b16: 69 00        	adc	#$0
    3b18: 85 15        	sta	$15                     ; 0x15 <__rc5>
    3b1a: 68           	pla
    3b1b: 58           	cli
    3b1c: 91 14        	sta	($14),y                 ; 0x14 <__rc4>
    3b1e: aa           	tax
    3b1f: f0 08        	beq	$3b29 <sortFileList_far+0x19d>
    3b21: c8           	iny
    3b22: c0 78        	cpy	#$78
    3b24: f0 03        	beq	$3b29 <sortFileList_far+0x19d>
    3b26: 4c bd 3a     	jmp	$3abd <sortFileList_far+0x131>
    3b29: a4 23        	ldy	$23                     ; 0x23 <__rc19>
    3b2b: a5 24        	lda	$24                     ; 0x24 <__rc20>
    3b2d: 85 16        	sta	$16                     ; 0x16 <__rc6>
    3b2f: 84 27        	sty	$27                     ; 0x27 <__rc23>
    3b31: 84 17        	sty	$17                     ; 0x17 <__rc7>
    3b33: 4c 6a 3c     	jmp	$3c6a <sortFileList_far+0x2de>
    3b36: 38           	sec
    3b37: e5 19        	sbc	$19                     ; 0x19 <__rc9>
    3b39: a8           	tay
    3b3a: a5 1a        	lda	$1a                     ; 0x1a <__rc10>
    3b3c: e5 18        	sbc	$18                     ; 0x18 <__rc8>
    3b3e: aa           	tax
    3b3f: 84 2a        	sty	$2a                     ; 0x2a <__rc26>
    3b41: 98           	tya
    3b42: 18           	clc
    3b43: 69 b6        	adc	#$b6
    3b45: 85 2c        	sta	$2c                     ; 0x2c <__rc28>
    3b47: 8a           	txa
    3b48: 86 2b        	stx	$2b                     ; 0x2b <__rc27>
    3b4a: 69 00        	adc	#$0
    3b4c: 85 2d        	sta	$2d                     ; 0x2d <__rc29>
    3b4e: a9 00        	lda	#$0
    3b50: 69 03        	adc	#$3
    3b52: 85 2e        	sta	$2e                     ; 0x2e <__rc30>
    3b54: 64 18        	stz	$18                     ; 0x18 <__rc8>
    3b56: 80 27        	bra	$3b7f <sortFileList_far+0x1f3>
    3b58: a5 19        	lda	$19                     ; 0x19 <__rc9>
    3b5a: c9 41        	cmp	#$41
    3b5c: 90 06        	bcc	$3b64 <sortFileList_far+0x1d8>
    3b5e: c9 5b        	cmp	#$5b
    3b60: b0 02        	bcs	$3b64 <sortFileList_far+0x1d8>
    3b62: 09 20        	ora	#$20
    3b64: 85 18        	sta	$18                     ; 0x18 <__rc8>
    3b66: b2 1a        	lda	($1a)                   ; 0x1a <__rc10>
    3b68: c9 41        	cmp	#$41
    3b6a: 90 06        	bcc	$3b72 <sortFileList_far+0x1e6>
    3b6c: c9 5b        	cmp	#$5b
    3b6e: b0 02        	bcs	$3b72 <sortFileList_far+0x1e6>
    3b70: 09 20        	ora	#$20
    3b72: a6 18        	ldx	$18                     ; 0x18 <__rc8>
    3b74: 86 19        	stx	$19                     ; 0x19 <__rc9>
    3b76: 64 18        	stz	$18                     ; 0x18 <__rc8>
    3b78: c5 19        	cmp	$19                     ; 0x19 <__rc9>
    3b7a: 90 03        	bcc	$3b7f <sortFileList_far+0x1f3>
    3b7c: 4c df 3d     	jmp	$3ddf <sortFileList_far+0x453>
    3b7f: 64 19        	stz	$19                     ; 0x19 <__rc9>
    3b81: a5 2a        	lda	$2a                     ; 0x2a <__rc26>
    3b83: a2 00        	ldx	#$0
    3b85: 86 1b        	stx	$1b                     ; 0x1b <__rc11>
    3b87: 18           	clc
    3b88: 65 19        	adc	$19                     ; 0x19 <__rc9>
    3b8a: a8           	tay
    3b8b: a5 2b        	lda	$2b                     ; 0x2b <__rc27>
    3b8d: 69 00        	adc	#$0
    3b8f: aa           	tax
    3b90: a9 00        	lda	#$0
    3b92: 69 00        	adc	#$0
    3b94: 85 1a        	sta	$1a                     ; 0x1a <__rc10>
    3b96: 18           	clc
    3b97: 98           	tya
    3b98: 69 2e        	adc	#$2e
    3b9a: 85 1e        	sta	$1e                     ; 0x1e <__rc14>
    3b9c: 8a           	txa
    3b9d: 69 01        	adc	#$1
    3b9f: a8           	tay
    3ba0: a5 1a        	lda	$1a                     ; 0x1a <__rc10>
    3ba2: 69 03        	adc	#$3
    3ba4: 85 1d        	sta	$1d                     ; 0x1d <__rc13>
    3ba6: a5 2c        	lda	$2c                     ; 0x2c <__rc28>
    3ba8: a6 1b        	ldx	$1b                     ; 0x1b <__rc11>
    3baa: e0 01        	cpx	#$1
    3bac: 65 19        	adc	$19                     ; 0x19 <__rc9>
    3bae: 85 1c        	sta	$1c                     ; 0x1c <__rc12>
    3bb0: a5 2d        	lda	$2d                     ; 0x2d <__rc29>
    3bb2: 69 00        	adc	#$0
    3bb4: 85 1b        	sta	$1b                     ; 0x1b <__rc11>
    3bb6: a5 2e        	lda	$2e                     ; 0x2e <__rc30>
    3bb8: 69 00        	adc	#$0
    3bba: a6 1b        	ldx	$1b                     ; 0x1b <__rc11>
    3bbc: 86 1a        	stx	$1a                     ; 0x1a <__rc10>
    3bbe: 06 1a        	asl	$1a                     ; 0x1a <__rc10>
    3bc0: 2a           	rol
    3bc1: 06 1a        	asl	$1a                     ; 0x1a <__rc10>
    3bc3: 2a           	rol
    3bc4: 06 1a        	asl	$1a                     ; 0x1a <__rc10>
    3bc6: 2a           	rol
    3bc7: a6 1c        	ldx	$1c                     ; 0x1c <__rc12>
    3bc9: 86 1a        	stx	$1a                     ; 0x1a <__rc10>
    3bcb: a6 0f        	ldx	$f                      ; 0xf
    3bcd: 78           	sei
    3bce: 85 0f        	sta	$f                      ; 0xf
    3bd0: 85 1f        	sta	$1f                     ; 0x1f <__rc15>
    3bd2: a5 1b        	lda	$1b                     ; 0x1b <__rc11>
    3bd4: 09 e0        	ora	#$e0
    3bd6: 85 1b        	sta	$1b                     ; 0x1b <__rc11>
    3bd8: b2 1a        	lda	($1a)                   ; 0x1a <__rc10>
    3bda: 85 22        	sta	$22                     ; 0x22 <__rc18>
    3bdc: 86 0f        	stx	$f                      ; 0xf
    3bde: 58           	cli
    3bdf: 98           	tya
    3be0: 84 1c        	sty	$1c                     ; 0x1c <__rc12>
    3be2: 06 1c        	asl	$1c                     ; 0x1c <__rc12>
    3be4: 26 1d        	rol	$1d                     ; 0x1d <__rc13>
    3be6: 06 1c        	asl	$1c                     ; 0x1c <__rc12>
    3be8: 26 1d        	rol	$1d                     ; 0x1d <__rc13>
    3bea: 06 1c        	asl	$1c                     ; 0x1c <__rc12>
    3bec: 26 1d        	rol	$1d                     ; 0x1d <__rc13>
    3bee: a4 1d        	ldy	$1d                     ; 0x1d <__rc13>
    3bf0: a6 0f        	ldx	$f                      ; 0xf
    3bf2: 78           	sei
    3bf3: 84 0f        	sty	$f                      ; 0xf
    3bf5: a4 1e        	ldy	$1e                     ; 0x1e <__rc14>
    3bf7: 84 1c        	sty	$1c                     ; 0x1c <__rc12>
    3bf9: 09 e0        	ora	#$e0
    3bfb: 85 1d        	sta	$1d                     ; 0x1d <__rc13>
    3bfd: a5 22        	lda	$22                     ; 0x22 <__rc18>
    3bff: 92 1c        	sta	($1c)                   ; 0x1c <__rc12>
    3c01: 86 0f        	stx	$f                      ; 0xf
    3c03: 58           	cli
    3c04: a6 0f        	ldx	$f                      ; 0xf
    3c06: 78           	sei
    3c07: a4 1f        	ldy	$1f                     ; 0x1f <__rc15>
    3c09: 84 0f        	sty	$f                      ; 0xf
    3c0b: b2 1a        	lda	($1a)                   ; 0x1a <__rc10>
    3c0d: 86 0f        	stx	$f                      ; 0xf
    3c0f: 58           	cli
    3c10: aa           	tax
    3c11: f0 0c        	beq	$3c1f <sortFileList_far+0x293>
    3c13: a6 19        	ldx	$19                     ; 0x19 <__rc9>
    3c15: e8           	inx
    3c16: 86 19        	stx	$19                     ; 0x19 <__rc9>
    3c18: e0 78        	cpx	#$78
    3c1a: f0 03        	beq	$3c1f <sortFileList_far+0x293>
    3c1c: 4c 81 3b     	jmp	$3b81 <sortFileList_far+0x1f5>
    3c1f: 18           	clc
    3c20: a5 17        	lda	$17                     ; 0x17 <__rc7>
    3c22: 69 77        	adc	#$77
    3c24: a8           	tay
    3c25: a5 16        	lda	$16                     ; 0x16 <__rc6>
    3c27: 69 5e        	adc	#$5e
    3c29: 85 19        	sta	$19                     ; 0x19 <__rc9>
    3c2b: a9 00        	lda	#$0
    3c2d: 69 03        	adc	#$3
    3c2f: a6 19        	ldx	$19                     ; 0x19 <__rc9>
    3c31: 86 18        	stx	$18                     ; 0x18 <__rc8>
    3c33: 06 18        	asl	$18                     ; 0x18 <__rc8>
    3c35: 2a           	rol
    3c36: 06 18        	asl	$18                     ; 0x18 <__rc8>
    3c38: 2a           	rol
    3c39: 06 18        	asl	$18                     ; 0x18 <__rc8>
    3c3b: 2a           	rol
    3c3c: a6 0f        	ldx	$f                      ; 0xf
    3c3e: 78           	sei
    3c3f: 85 0f        	sta	$f                      ; 0xf
    3c41: 84 18        	sty	$18                     ; 0x18 <__rc8>
    3c43: a5 19        	lda	$19                     ; 0x19 <__rc9>
    3c45: 09 e0        	ora	#$e0
    3c47: 85 19        	sta	$19                     ; 0x19 <__rc9>
    3c49: a5 29        	lda	$29                     ; 0x29 <__rc25>
    3c4b: 92 18        	sta	($18)                   ; 0x18 <__rc8>
    3c4d: 86 0f        	stx	$f                      ; 0xf
    3c4f: 58           	cli
    3c50: a6 27        	ldx	$27                     ; 0x27 <__rc23>
    3c52: e0 03        	cpx	#$3
    3c54: a5 26        	lda	$26                     ; 0x26 <__rc22>
    3c56: e9 00        	sbc	#$0
    3c58: 50 02        	bvc	$3c5c <sortFileList_far+0x2d0>
    3c5a: 49 80        	eor	#$80
    3c5c: aa           	tax
    3c5d: a4 17        	ldy	$17                     ; 0x17 <__rc7>
    3c5f: 84 27        	sty	$27                     ; 0x27 <__rc23>
    3c61: a5 16        	lda	$16                     ; 0x16 <__rc6>
    3c63: e0 00        	cpx	#$0
    3c65: 10 03        	bpl	$3c6a <sortFileList_far+0x2de>
    3c67: 4c e3 3d     	jmp	$3de3 <sortFileList_far+0x457>
    3c6a: 85 26        	sta	$26                     ; 0x26 <__rc22>
    3c6c: a2 ff        	ldx	#$ff
    3c6e: c6 17        	dec	$17                     ; 0x17 <__rc7>
    3c70: e4 17        	cpx	$17                     ; 0x17 <__rc7>
    3c72: d0 02        	bne	$3c76 <sortFileList_far+0x2ea>
    3c74: c6 16        	dec	$16                     ; 0x16 <__rc6>
    3c76: 18           	clc
    3c77: a5 17        	lda	$17                     ; 0x17 <__rc7>
    3c79: 69 76        	adc	#$76
    3c7b: aa           	tax
    3c7c: a5 16        	lda	$16                     ; 0x16 <__rc6>
    3c7e: 69 5e        	adc	#$5e
    3c80: 85 19        	sta	$19                     ; 0x19 <__rc9>
    3c82: a9 00        	lda	#$0
    3c84: 69 03        	adc	#$3
    3c86: a4 19        	ldy	$19                     ; 0x19 <__rc9>
    3c88: 84 18        	sty	$18                     ; 0x18 <__rc8>
    3c8a: 06 18        	asl	$18                     ; 0x18 <__rc8>
    3c8c: 2a           	rol
    3c8d: 06 18        	asl	$18                     ; 0x18 <__rc8>
    3c8f: 2a           	rol
    3c90: 06 18        	asl	$18                     ; 0x18 <__rc8>
    3c92: 2a           	rol
    3c93: a4 0f        	ldy	$f                      ; 0xf
    3c95: 84 1a        	sty	$1a                     ; 0x1a <__rc10>
    3c97: 78           	sei
    3c98: 85 0f        	sta	$f                      ; 0xf
    3c9a: a0 01        	ldy	#$1
    3c9c: 86 18        	stx	$18                     ; 0x18 <__rc8>
    3c9e: a5 19        	lda	$19                     ; 0x19 <__rc9>
    3ca0: 09 e0        	ora	#$e0
    3ca2: 85 19        	sta	$19                     ; 0x19 <__rc9>
    3ca4: b2 18        	lda	($18)                   ; 0x18 <__rc8>
    3ca6: a6 1a        	ldx	$1a                     ; 0x1a <__rc10>
    3ca8: 86 0f        	stx	$f                      ; 0xf
    3caa: 58           	cli
    3cab: 85 18        	sta	$18                     ; 0x18 <__rc8>
    3cad: aa           	tax
    3cae: f0 02        	beq	$3cb2 <sortFileList_far+0x326>
    3cb0: a0 00        	ldy	#$0
    3cb2: a2 00        	ldx	#$0
    3cb4: 98           	tya
    3cb5: d0 02        	bne	$3cb9 <sortFileList_far+0x32d>
    3cb7: a2 01        	ldx	#$1
    3cb9: 86 29        	stx	$29                     ; 0x29 <__rc25>
    3cbb: a9 01        	lda	#$1
    3cbd: a4 28        	ldy	$28                     ; 0x28 <__rc24>
    3cbf: d0 05        	bne	$3cc6 <sortFileList_far+0x33a>
    3cc1: 8a           	txa
    3cc2: 49 01        	eor	#$1
    3cc4: 29 01        	and	#$1
    3cc6: aa           	tax
    3cc7: d0 03        	bne	$3ccc <sortFileList_far+0x340>
    3cc9: 4c df 3d     	jmp	$3ddf <sortFileList_far+0x453>
    3ccc: a0 01        	ldy	#$1
    3cce: a9 00        	lda	#$0
    3cd0: a6 18        	ldx	$18                     ; 0x18 <__rc8>
    3cd2: f0 02        	beq	$3cd6 <sortFileList_far+0x34a>
    3cd4: a9 01        	lda	#$1
    3cd6: a6 28        	ldx	$28                     ; 0x28 <__rc24>
    3cd8: f0 01        	beq	$3cdb <sortFileList_far+0x34f>
    3cda: a8           	tay
    3cdb: a5 17        	lda	$17                     ; 0x17 <__rc7>
    3cdd: 0a           	asl
    3cde: a6 16        	ldx	$16                     ; 0x16 <__rc6>
    3ce0: 86 18        	stx	$18                     ; 0x18 <__rc8>
    3ce2: 26 18        	rol	$18                     ; 0x18 <__rc8>
    3ce4: 0a           	asl
    3ce5: 26 18        	rol	$18                     ; 0x18 <__rc8>
    3ce7: 0a           	asl
    3ce8: 85 19        	sta	$19                     ; 0x19 <__rc9>
    3cea: 26 18        	rol	$18                     ; 0x18 <__rc8>
    3cec: 0a           	asl
    3ced: a6 18        	ldx	$18                     ; 0x18 <__rc8>
    3cef: 86 1a        	stx	$1a                     ; 0x1a <__rc10>
    3cf1: 26 1a        	rol	$1a                     ; 0x1a <__rc10>
    3cf3: 0a           	asl
    3cf4: 26 1a        	rol	$1a                     ; 0x1a <__rc10>
    3cf6: 0a           	asl
    3cf7: 26 1a        	rol	$1a                     ; 0x1a <__rc10>
    3cf9: 0a           	asl
    3cfa: 26 1a        	rol	$1a                     ; 0x1a <__rc10>
    3cfc: c0 00        	cpy	#$0
    3cfe: d0 03        	bne	$3d03 <sortFileList_far+0x377>
    3d00: 4c 36 3b     	jmp	$3b36 <sortFileList_far+0x1aa>
    3d03: 38           	sec
    3d04: e5 19        	sbc	$19                     ; 0x19 <__rc9>
    3d06: a8           	tay
    3d07: a5 1a        	lda	$1a                     ; 0x1a <__rc10>
    3d09: e5 18        	sbc	$18                     ; 0x18 <__rc8>
    3d0b: aa           	tax
    3d0c: 18           	clc
    3d0d: 98           	tya
    3d0e: 84 2a        	sty	$2a                     ; 0x2a <__rc26>
    3d10: 69 b6        	adc	#$b6
    3d12: 85 2c        	sta	$2c                     ; 0x2c <__rc28>
    3d14: 8a           	txa
    3d15: 86 2b        	stx	$2b                     ; 0x2b <__rc27>
    3d17: 69 00        	adc	#$0
    3d19: 85 2d        	sta	$2d                     ; 0x2d <__rc29>
    3d1b: a9 00        	lda	#$0
    3d1d: 69 03        	adc	#$3
    3d1f: 85 2e        	sta	$2e                     ; 0x2e <__rc30>
    3d21: a0 00        	ldy	#$0
    3d23: 84 18        	sty	$18                     ; 0x18 <__rc8>
    3d25: a5 2c        	lda	$2c                     ; 0x2c <__rc28>
    3d27: 18           	clc
    3d28: 65 18        	adc	$18                     ; 0x18 <__rc8>
    3d2a: 85 19        	sta	$19                     ; 0x19 <__rc9>
    3d2c: a5 2d        	lda	$2d                     ; 0x2d <__rc29>
    3d2e: 69 00        	adc	#$0
    3d30: 85 1a        	sta	$1a                     ; 0x1a <__rc10>
    3d32: a5 2e        	lda	$2e                     ; 0x2e <__rc30>
    3d34: 69 00        	adc	#$0
    3d36: 5a           	phy
    3d37: a6 1a        	ldx	$1a                     ; 0x1a <__rc10>
    3d39: 86 18        	stx	$18                     ; 0x18 <__rc8>
    3d3b: 06 18        	asl	$18                     ; 0x18 <__rc8>
    3d3d: 2a           	rol
    3d3e: 06 18        	asl	$18                     ; 0x18 <__rc8>
    3d40: 2a           	rol
    3d41: 06 18        	asl	$18                     ; 0x18 <__rc8>
    3d43: 2a           	rol
    3d44: a6 0f        	ldx	$f                      ; 0xf
    3d46: 78           	sei
    3d47: 85 0f        	sta	$f                      ; 0xf
    3d49: a5 1a        	lda	$1a                     ; 0x1a <__rc10>
    3d4b: 09 e0        	ora	#$e0
    3d4d: a4 19        	ldy	$19                     ; 0x19 <__rc9>
    3d4f: 84 18        	sty	$18                     ; 0x18 <__rc8>
    3d51: 7a           	ply
    3d52: 85 19        	sta	$19                     ; 0x19 <__rc9>
    3d54: b2 18        	lda	($18)                   ; 0x18 <__rc8>
    3d56: 86 0f        	stx	$f                      ; 0xf
    3d58: 18           	clc
    3d59: 48           	pha
    3d5a: a5 10        	lda	$10                     ; 0x10 <__rc0>
    3d5c: 69 07        	adc	#$7
    3d5e: 85 1c        	sta	$1c                     ; 0x1c <__rc12>
    3d60: a5 11        	lda	$11                     ; 0x11 <__zp_data_size>
    3d62: 69 00        	adc	#$0
    3d64: 85 1d        	sta	$1d                     ; 0x1d <__rc13>
    3d66: 68           	pla
    3d67: 58           	cli
    3d68: 91 1c        	sta	($1c),y                 ; 0x1c <__rc12>
    3d6a: aa           	tax
    3d6b: f0 08        	beq	$3d75 <sortFileList_far+0x3e9>
    3d6d: c8           	iny
    3d6e: c0 78        	cpy	#$78
    3d70: f0 03        	beq	$3d75 <sortFileList_far+0x3e9>
    3d72: 4c 23 3d     	jmp	$3d23 <sortFileList_far+0x397>
    3d75: b2 1c        	lda	($1c)                   ; 0x1c <__rc12>
    3d77: 64 18        	stz	$18                     ; 0x18 <__rc8>
    3d79: a6 14        	ldx	$14                     ; 0x14 <__rc4>
    3d7b: 86 1a        	stx	$1a                     ; 0x1a <__rc10>
    3d7d: a6 15        	ldx	$15                     ; 0x15 <__rc5>
    3d7f: 86 1b        	stx	$1b                     ; 0x1b <__rc11>
    3d81: aa           	tax
    3d82: d0 03        	bne	$3d87 <sortFileList_far+0x3fb>
    3d84: 4c 66 3b     	jmp	$3b66 <sortFileList_far+0x1da>
    3d87: a6 1c        	ldx	$1c                     ; 0x1c <__rc12>
    3d89: 86 1e        	stx	$1e                     ; 0x1e <__rc14>
    3d8b: a6 1d        	ldx	$1d                     ; 0x1d <__rc13>
    3d8d: 86 1f        	stx	$1f                     ; 0x1f <__rc15>
    3d8f: a0 01        	ldy	#$1
    3d91: 85 19        	sta	$19                     ; 0x19 <__rc9>
    3d93: e6 1e        	inc	$1e                     ; 0x1e <__rc14>
    3d95: d0 02        	bne	$3d99 <sortFileList_far+0x40d>
    3d97: e6 1f        	inc	$1f                     ; 0x1f <__rc15>
    3d99: b2 1a        	lda	($1a)                   ; 0x1a <__rc10>
    3d9b: d0 03        	bne	$3da0 <sortFileList_far+0x414>
    3d9d: 4c 58 3b     	jmp	$3b58 <sortFileList_far+0x1cc>
    3da0: 85 22        	sta	$22                     ; 0x22 <__rc18>
    3da2: a6 19        	ldx	$19                     ; 0x19 <__rc9>
    3da4: e0 41        	cpx	#$41
    3da6: 90 0a        	bcc	$3db2 <sortFileList_far+0x426>
    3da8: a5 19        	lda	$19                     ; 0x19 <__rc9>
    3daa: c9 5b        	cmp	#$5b
    3dac: b0 04        	bcs	$3db2 <sortFileList_far+0x426>
    3dae: 09 20        	ora	#$20
    3db0: 85 19        	sta	$19                     ; 0x19 <__rc9>
    3db2: a5 22        	lda	$22                     ; 0x22 <__rc18>
    3db4: c9 41        	cmp	#$41
    3db6: 90 06        	bcc	$3dbe <sortFileList_far+0x432>
    3db8: c9 5b        	cmp	#$5b
    3dba: b0 02        	bcs	$3dbe <sortFileList_far+0x432>
    3dbc: 09 20        	ora	#$20
    3dbe: 85 22        	sta	$22                     ; 0x22 <__rc18>
    3dc0: a6 19        	ldx	$19                     ; 0x19 <__rc9>
    3dc2: e4 22        	cpx	$22                     ; 0x22 <__rc18>
    3dc4: f0 03        	beq	$3dc9 <sortFileList_far+0x43d>
    3dc6: 4c 76 3b     	jmp	$3b76 <sortFileList_far+0x1ea>
    3dc9: e6 1a        	inc	$1a                     ; 0x1a <__rc10>
    3dcb: d0 02        	bne	$3dcf <sortFileList_far+0x443>
    3dcd: e6 1b        	inc	$1b                     ; 0x1b <__rc11>
    3dcf: b1 1c        	lda	($1c),y                 ; 0x1c <__rc12>
    3dd1: a6 1e        	ldx	$1e                     ; 0x1e <__rc14>
    3dd3: 86 1c        	stx	$1c                     ; 0x1c <__rc12>
    3dd5: a6 1f        	ldx	$1f                     ; 0x1f <__rc15>
    3dd7: 86 1d        	stx	$1d                     ; 0x1d <__rc13>
    3dd9: aa           	tax
    3dda: d0 b5        	bne	$3d91 <sortFileList_far+0x405>
    3ddc: 4c 66 3b     	jmp	$3b66 <sortFileList_far+0x1da>
    3ddf: a6 26        	ldx	$26                     ; 0x26 <__rc22>
    3de1: 80 09        	bra	$3dec <sortFileList_far+0x460>
    3de3: a2 01        	ldx	#$1
    3de5: 86 27        	stx	$27                     ; 0x27 <__rc23>
    3de7: ca           	dex
    3de8: 64 17        	stz	$17                     ; 0x17 <__rc7>
    3dea: 64 16        	stz	$16                     ; 0x16 <__rc6>
    3dec: 06 17        	asl	$17                     ; 0x17 <__rc7>
    3dee: 26 16        	rol	$16                     ; 0x16 <__rc6>
    3df0: 06 17        	asl	$17                     ; 0x17 <__rc7>
    3df2: 26 16        	rol	$16                     ; 0x16 <__rc6>
    3df4: 06 17        	asl	$17                     ; 0x17 <__rc7>
    3df6: 26 16        	rol	$16                     ; 0x16 <__rc6>
    3df8: a5 17        	lda	$17                     ; 0x17 <__rc7>
    3dfa: 0a           	asl
    3dfb: a4 16        	ldy	$16                     ; 0x16 <__rc6>
    3dfd: 84 18        	sty	$18                     ; 0x18 <__rc8>
    3dff: 26 18        	rol	$18                     ; 0x18 <__rc8>
    3e01: 0a           	asl
    3e02: 26 18        	rol	$18                     ; 0x18 <__rc8>
    3e04: 0a           	asl
    3e05: 26 18        	rol	$18                     ; 0x18 <__rc8>
    3e07: 0a           	asl
    3e08: 26 18        	rol	$18                     ; 0x18 <__rc8>
    3e0a: 38           	sec
    3e0b: e5 17        	sbc	$17                     ; 0x17 <__rc7>
    3e0d: 85 17        	sta	$17                     ; 0x17 <__rc7>
    3e0f: a5 18        	lda	$18                     ; 0x18 <__rc8>
    3e11: e5 16        	sbc	$16                     ; 0x16 <__rc6>
    3e13: a8           	tay
    3e14: 18           	clc
    3e15: a5 17        	lda	$17                     ; 0x17 <__rc7>
    3e17: 69 78        	adc	#$78
    3e19: 85 16        	sta	$16                     ; 0x16 <__rc6>
    3e1b: 98           	tya
    3e1c: 69 00        	adc	#$0
    3e1e: a8           	tay
    3e1f: 10 06        	bpl	$3e27 <sortFileList_far+0x49b>
    3e21: 86 18        	stx	$18                     ; 0x18 <__rc8>
    3e23: a2 ff        	ldx	#$ff
    3e25: 80 04        	bra	$3e2b <sortFileList_far+0x49f>
    3e27: 86 18        	stx	$18                     ; 0x18 <__rc8>
    3e29: a2 00        	ldx	#$0
    3e2b: 18           	clc
    3e2c: a5 16        	lda	$16                     ; 0x16 <__rc6>
    3e2e: 69 b6        	adc	#$b6
    3e30: 85 17        	sta	$17                     ; 0x17 <__rc7>
    3e32: 98           	tya
    3e33: 69 00        	adc	#$0
    3e35: a8           	tay
    3e36: 8a           	txa
    3e37: 69 03        	adc	#$3
    3e39: aa           	tax
    3e3a: b2 14        	lda	($14)                   ; 0x14 <__rc4>
    3e3c: 85 1c        	sta	$1c                     ; 0x1c <__rc12>
    3e3e: 84 16        	sty	$16                     ; 0x16 <__rc6>
    3e40: 06 16        	asl	$16                     ; 0x16 <__rc6>
    3e42: 86 1b        	stx	$1b                     ; 0x1b <__rc11>
    3e44: 8a           	txa
    3e45: 2a           	rol
    3e46: 06 16        	asl	$16                     ; 0x16 <__rc6>
    3e48: 2a           	rol
    3e49: 06 16        	asl	$16                     ; 0x16 <__rc6>
    3e4b: 2a           	rol
    3e4c: a6 0f        	ldx	$f                      ; 0xf
    3e4e: 78           	sei
    3e4f: 85 0f        	sta	$f                      ; 0xf
    3e51: 98           	tya
    3e52: 84 1a        	sty	$1a                     ; 0x1a <__rc10>
    3e54: 09 e0        	ora	#$e0
    3e56: a4 17        	ldy	$17                     ; 0x17 <__rc7>
    3e58: 84 19        	sty	$19                     ; 0x19 <__rc9>
    3e5a: a4 17        	ldy	$17                     ; 0x17 <__rc7>
    3e5c: 84 16        	sty	$16                     ; 0x16 <__rc6>
    3e5e: 85 17        	sta	$17                     ; 0x17 <__rc7>
    3e60: a5 1c        	lda	$1c                     ; 0x1c <__rc12>
    3e62: 92 16        	sta	($16)                   ; 0x16 <__rc6>
    3e64: 86 0f        	stx	$f                      ; 0xf
    3e66: 58           	cli
    3e67: a0 01        	ldy	#$1
    3e69: 80 3f        	bra	$3eaa <sortFileList_far+0x51e>
    3e6b: 84 16        	sty	$16                     ; 0x16 <__rc6>
    3e6d: a5 19        	lda	$19                     ; 0x19 <__rc9>
    3e6f: 18           	clc
    3e70: 65 16        	adc	$16                     ; 0x16 <__rc6>
    3e72: 85 17        	sta	$17                     ; 0x17 <__rc7>
    3e74: a5 1a        	lda	$1a                     ; 0x1a <__rc10>
    3e76: 69 00        	adc	#$0
    3e78: 85 1c        	sta	$1c                     ; 0x1c <__rc12>
    3e7a: a5 1b        	lda	$1b                     ; 0x1b <__rc11>
    3e7c: 69 00        	adc	#$0
    3e7e: aa           	tax
    3e7f: b1 14        	lda	($14),y                 ; 0x14 <__rc4>
    3e81: 85 1d        	sta	$1d                     ; 0x1d <__rc13>
    3e83: a5 1c        	lda	$1c                     ; 0x1c <__rc12>
    3e85: 85 16        	sta	$16                     ; 0x16 <__rc6>
    3e87: 06 16        	asl	$16                     ; 0x16 <__rc6>
    3e89: 8a           	txa
    3e8a: 2a           	rol
    3e8b: 06 16        	asl	$16                     ; 0x16 <__rc6>
    3e8d: 2a           	rol
    3e8e: 06 16        	asl	$16                     ; 0x16 <__rc6>
    3e90: 2a           	rol
    3e91: a6 0f        	ldx	$f                      ; 0xf
    3e93: 78           	sei
    3e94: 85 0f        	sta	$f                      ; 0xf
    3e96: a5 17        	lda	$17                     ; 0x17 <__rc7>
    3e98: 85 16        	sta	$16                     ; 0x16 <__rc6>
    3e9a: a5 1c        	lda	$1c                     ; 0x1c <__rc12>
    3e9c: 09 e0        	ora	#$e0
    3e9e: 85 17        	sta	$17                     ; 0x17 <__rc7>
    3ea0: a5 1d        	lda	$1d                     ; 0x1d <__rc13>
    3ea2: 85 1c        	sta	$1c                     ; 0x1c <__rc12>
    3ea4: 92 16        	sta	($16)                   ; 0x16 <__rc6>
    3ea6: 86 0f        	stx	$f                      ; 0xf
    3ea8: 58           	cli
    3ea9: c8           	iny
    3eaa: a5 1c        	lda	$1c                     ; 0x1c <__rc12>
    3eac: f0 04        	beq	$3eb2 <sortFileList_far+0x526>
    3eae: c0 78        	cpy	#$78
    3eb0: d0 b9        	bne	$3e6b <sortFileList_far+0x4df>
    3eb2: a6 18        	ldx	$18                     ; 0x18 <__rc8>
    3eb4: 10 04        	bpl	$3eba <sortFileList_far+0x52e>
    3eb6: a0 ff        	ldy	#$ff
    3eb8: 80 02        	bra	$3ebc <sortFileList_far+0x530>
    3eba: a0 00        	ldy	#$0
    3ebc: 18           	clc
    3ebd: a5 27        	lda	$27                     ; 0x27 <__rc23>
    3ebf: 69 76        	adc	#$76
    3ec1: 85 15        	sta	$15                     ; 0x15 <__rc5>
    3ec3: 8a           	txa
    3ec4: 69 5e        	adc	#$5e
    3ec6: 85 16        	sta	$16                     ; 0x16 <__rc6>
    3ec8: 98           	tya
    3ec9: 69 03        	adc	#$3
    3ecb: a6 16        	ldx	$16                     ; 0x16 <__rc6>
    3ecd: 86 14        	stx	$14                     ; 0x14 <__rc4>
    3ecf: 06 14        	asl	$14                     ; 0x14 <__rc4>
    3ed1: 2a           	rol
    3ed2: 06 14        	asl	$14                     ; 0x14 <__rc4>
    3ed4: 2a           	rol
    3ed5: 06 14        	asl	$14                     ; 0x14 <__rc4>
    3ed7: 2a           	rol
    3ed8: a6 0f        	ldx	$f                      ; 0xf
    3eda: 78           	sei
    3edb: 85 0f        	sta	$f                      ; 0xf
    3edd: a4 15        	ldy	$15                     ; 0x15 <__rc5>
    3edf: 84 14        	sty	$14                     ; 0x14 <__rc4>
    3ee1: a5 16        	lda	$16                     ; 0x16 <__rc6>
    3ee3: 09 e0        	ora	#$e0
    3ee5: 85 15        	sta	$15                     ; 0x15 <__rc5>
    3ee7: a5 25        	lda	$25                     ; 0x25 <__rc21>
    3ee9: 92 14        	sta	($14)                   ; 0x14 <__rc4>
    3eeb: 86 0f        	stx	$f                      ; 0xf
    3eed: 58           	cli
    3eee: a6 23        	ldx	$23                     ; 0x23 <__rc19>
    3ef0: e8           	inx
    3ef1: d0 02        	bne	$3ef5 <sortFileList_far+0x569>
    3ef3: e6 24        	inc	$24                     ; 0x24 <__rc20>
    3ef5: a4 24        	ldy	$24                     ; 0x24 <__rc20>
    3ef7: c4 13        	cpy	$13                     ; 0x13 <__rc3>
    3ef9: f0 03        	beq	$3efe <sortFileList_far+0x572>
    3efb: 4c 4d 3a     	jmp	$3a4d <sortFileList_far+0xc1>
    3efe: e4 12        	cpx	$12                     ; 0x12 <__rc2>
    3f00: f0 03        	beq	$3f05 <sortFileList_far+0x579>
    3f02: 4c 4d 3a     	jmp	$3a4d <sortFileList_far+0xc1>
    3f05: a0 00        	ldy	#$0
    3f07: b1 10        	lda	($10),y                 ; 0x10 <__rc0>
    3f09: 85 2e        	sta	$2e                     ; 0x2e <__rc30>
    3f0b: c8           	iny
    3f0c: b1 10        	lda	($10),y                 ; 0x10 <__rc0>
    3f0e: 85 2d        	sta	$2d                     ; 0x2d <__rc29>
    3f10: c8           	iny
    3f11: b1 10        	lda	($10),y                 ; 0x10 <__rc0>
    3f13: 85 2c        	sta	$2c                     ; 0x2c <__rc28>
    3f15: c8           	iny
    3f16: b1 10        	lda	($10),y                 ; 0x10 <__rc0>
    3f18: 85 2b        	sta	$2b                     ; 0x2b <__rc27>
    3f1a: c8           	iny
    3f1b: b1 10        	lda	($10),y                 ; 0x10 <__rc0>
    3f1d: 85 2a        	sta	$2a                     ; 0x2a <__rc26>
    3f1f: c8           	iny
    3f20: b1 10        	lda	($10),y                 ; 0x10 <__rc0>
    3f22: 85 29        	sta	$29                     ; 0x29 <__rc25>
    3f24: c8           	iny
    3f25: b1 10        	lda	($10),y                 ; 0x10 <__rc0>
    3f27: 85 28        	sta	$28                     ; 0x28 <__rc24>
    3f29: fa           	plx
    3f2a: 86 27        	stx	$27                     ; 0x27 <__rc23>
    3f2c: fa           	plx
    3f2d: 86 26        	stx	$26                     ; 0x26 <__rc22>
    3f2f: fa           	plx
    3f30: 86 25        	stx	$25                     ; 0x25 <__rc21>
    3f32: fa           	plx
    3f33: 86 24        	stx	$24                     ; 0x24 <__rc20>
    3f35: 18           	clc
    3f36: a5 10        	lda	$10                     ; 0x10 <__rc0>
    3f38: 69 f7        	adc	#$f7
    3f3a: 85 10        	sta	$10                     ; 0x10 <__rc0>
    3f3c: a5 11        	lda	$11                     ; 0x11 <__zp_data_size>
    3f3e: 69 00        	adc	#$0
    3f40: 85 11        	sta	$11                     ; 0x11 <__zp_data_size>
    3f42: 60           	rts

00003f43 <displayFileList_far>:
    3f43: 48           	pha
    3f44: 18           	clc
    3f45: a5 10        	lda	$10                     ; 0x10 <__rc0>
    3f47: 69 ff        	adc	#$ff
    3f49: 85 10        	sta	$10                     ; 0x10 <__rc0>
    3f4b: a5 11        	lda	$11                     ; 0x11 <__zp_data_size>
    3f4d: 69 fe        	adc	#$fe
    3f4f: 85 11        	sta	$11                     ; 0x11 <__zp_data_size>
    3f51: 68           	pla
    3f52: a4 24        	ldy	$24                     ; 0x24 <__rc20>
    3f54: 5a           	phy
    3f55: a4 25        	ldy	$25                     ; 0x25 <__rc21>
    3f57: 5a           	phy
    3f58: a4 26        	ldy	$26                     ; 0x26 <__rc22>
    3f5a: 5a           	phy
    3f5b: a4 27        	ldy	$27                     ; 0x27 <__rc23>
    3f5d: 5a           	phy
    3f5e: 48           	pha
    3f5f: a5 28        	lda	$28                     ; 0x28 <__rc24>
    3f61: a0 0d        	ldy	#$d
    3f63: 91 10        	sta	($10),y                 ; 0x10 <__rc0>
    3f65: a5 29        	lda	$29                     ; 0x29 <__rc25>
    3f67: 88           	dey
    3f68: 91 10        	sta	($10),y                 ; 0x10 <__rc0>
    3f6a: a5 2a        	lda	$2a                     ; 0x2a <__rc26>
    3f6c: 88           	dey
    3f6d: 91 10        	sta	($10),y                 ; 0x10 <__rc0>
    3f6f: a5 2b        	lda	$2b                     ; 0x2b <__rc27>
    3f71: 88           	dey
    3f72: 91 10        	sta	($10),y                 ; 0x10 <__rc0>
    3f74: a5 2c        	lda	$2c                     ; 0x2c <__rc28>
    3f76: 88           	dey
    3f77: 91 10        	sta	($10),y                 ; 0x10 <__rc0>
    3f79: a5 2d        	lda	$2d                     ; 0x2d <__rc29>
    3f7b: 88           	dey
    3f7c: 91 10        	sta	($10),y                 ; 0x10 <__rc0>
    3f7e: a5 2e        	lda	$2e                     ; 0x2e <__rc30>
    3f80: 88           	dey
    3f81: 91 10        	sta	($10),y                 ; 0x10 <__rc0>
    3f83: a5 2f        	lda	$2f                     ; 0x2f <__rc31>
    3f85: 88           	dey
    3f86: 91 10        	sta	($10),y                 ; 0x10 <__rc0>
    3f88: 68           	pla
    3f89: 85 14        	sta	$14                     ; 0x14 <__rc4>
    3f8b: 86 13        	stx	$13                     ; 0x13 <__rc3>
    3f8d: a4 0f        	ldy	$f                      ; 0xf
    3f8f: 78           	sei
    3f90: a9 18        	lda	#$18
    3f92: 85 0f        	sta	$f                      ; 0xf
    3f94: ae 00 e0     	ldx	$e000                   ; 0xe000 <__heap_start+0x5634>
    3f97: 86 2c        	stx	$2c                     ; 0x2c <__rc28>
    3f99: 84 0f        	sty	$f                      ; 0xf
    3f9b: 58           	cli
    3f9c: a4 0f        	ldy	$f                      ; 0xf
    3f9e: 78           	sei
    3f9f: 85 0f        	sta	$f                      ; 0xf
    3fa1: ae 01 e0     	ldx	$e001                   ; 0xe001 <__heap_start+0x5635>
    3fa4: 86 2a        	stx	$2a                     ; 0x2a <__rc26>
    3fa6: 84 0f        	sty	$f                      ; 0xf
    3fa8: 58           	cli
    3fa9: a4 0f        	ldy	$f                      ; 0xf
    3fab: 78           	sei
    3fac: a2 1a        	ldx	#$1a
    3fae: 86 0f        	stx	$f                      ; 0xf
    3fb0: 8a           	txa
    3fb1: ae 3e ff     	ldx	$ff3e                   ; 0xff3e <__heap_start+0x7572>
    3fb4: 86 12        	stx	$12                     ; 0x12 <__rc2>
    3fb6: ae 3f ff     	ldx	$ff3f                   ; 0xff3f <__heap_start+0x7573>
    3fb9: 86 2e        	stx	$2e                     ; 0x2e <__rc30>
    3fbb: 84 0f        	sty	$f                      ; 0xf
    3fbd: 58           	cli
    3fbe: a6 0f        	ldx	$f                      ; 0xf
    3fc0: 78           	sei
    3fc1: 85 0f        	sta	$f                      ; 0xf
    3fc3: ac 42 ff     	ldy	$ff42                   ; 0xff42 <__heap_start+0x7576>
    3fc6: 48           	pha
    3fc7: 98           	tya
    3fc8: a0 10        	ldy	#$10
    3fca: 91 10        	sta	($10),y                 ; 0x10 <__rc0>
    3fcc: 68           	pla
    3fcd: ac 43 ff     	ldy	$ff43                   ; 0xff43 <__heap_start+0x7577>
    3fd0: 84 2f        	sty	$2f                     ; 0x2f <__rc31>
    3fd2: 86 0f        	stx	$f                      ; 0xf
    3fd4: 58           	cli
    3fd5: a6 0f        	ldx	$f                      ; 0xf
    3fd7: 78           	sei
    3fd8: 85 0f        	sta	$f                      ; 0xf
    3fda: ac 46 ff     	ldy	$ff46                   ; 0xff46 <__heap_start+0x757a>
    3fdd: 84 28        	sty	$28                     ; 0x28 <__rc24>
    3fdf: ac 47 ff     	ldy	$ff47                   ; 0xff47 <__heap_start+0x757b>
    3fe2: 86 0f        	stx	$f                      ; 0xf
    3fe4: a5 14        	lda	$14                     ; 0x14 <__rc4>
    3fe6: 85 26        	sta	$26                     ; 0x26 <__rc22>
    3fe8: 18           	clc
    3fe9: 69 10        	adc	#$10
    3feb: 85 2d        	sta	$2d                     ; 0x2d <__rc29>
    3fed: a5 13        	lda	$13                     ; 0x13 <__rc3>
    3fef: 85 25        	sta	$25                     ; 0x25 <__rc21>
    3ff1: 69 00        	adc	#$0
    3ff3: 58           	cli
    3ff4: e6 26        	inc	$26                     ; 0x26 <__rc22>
    3ff6: d0 02        	bne	$3ffa <displayFileList_far+0xb7>
    3ff8: e6 25        	inc	$25                     ; 0x25 <__rc21>
    3ffa: c5 2e        	cmp	$2e                     ; 0x2e <__rc30>
    3ffc: d0 06        	bne	$4004 <displayFileList_far+0xc1>
    3ffe: a6 2d        	ldx	$2d                     ; 0x2d <__rc29>
    4000: e4 12        	cpx	$12                     ; 0x12 <__rc2>
    4002: 80 02        	bra	$4006 <displayFileList_far+0xc3>
    4004: c5 2e        	cmp	$2e                     ; 0x2e <__rc30>
    4006: 85 29        	sta	$29                     ; 0x29 <__rc25>
    4008: 90 08        	bcc	$4012 <displayFileList_far+0xcf>
    400a: a6 12        	ldx	$12                     ; 0x12 <__rc2>
    400c: 86 2d        	stx	$2d                     ; 0x2d <__rc29>
    400e: a6 2e        	ldx	$2e                     ; 0x2e <__rc30>
    4010: 86 29        	stx	$29                     ; 0x29 <__rc25>
    4012: a5 12        	lda	$12                     ; 0x12 <__rc2>
    4014: 5a           	phy
    4015: a0 0f        	ldy	#$f
    4017: 91 10        	sta	($10),y                 ; 0x10 <__rc0>
    4019: 7a           	ply
    401a: 84 27        	sty	$27                     ; 0x27 <__rc23>
    401c: a6 2c        	ldx	$2c                     ; 0x2c <__rc28>
    401e: 86 47        	stx	$47                     ; 0x47 <_col>
    4020: 8e 14 d0     	stx	$d014                   ; 0xd014 <__heap_start+0x4648>
    4023: 86 2b        	stx	$2b                     ; 0x2b <__rc27>
    4025: 9c 15 d0     	stz	$d015                   ; 0xd015 <__heap_start+0x4649>
    4028: a6 2a        	ldx	$2a                     ; 0x2a <__rc26>
    402a: 86 48        	stx	$48                     ; 0x48 <_row>
    402c: 8e 16 d0     	stx	$d016                   ; 0xd016 <__heap_start+0x464a>
    402f: 86 24        	stx	$24                     ; 0x24 <__rc20>
    4031: 9c 17 d0     	stz	$d017                   ; 0xd017 <__heap_start+0x464b>
    4034: 20 cf 54     	jsr	$54cf <wipeArea_far>
    4037: a6 2b        	ldx	$2b                     ; 0x2b <__rc27>
    4039: 86 47        	stx	$47                     ; 0x47 <_col>
    403b: 8e 14 d0     	stx	$d014                   ; 0xd014 <__heap_start+0x4648>
    403e: 9c 15 d0     	stz	$d015                   ; 0xd015 <__heap_start+0x4649>
    4041: a6 24        	ldx	$24                     ; 0x24 <__rc20>
    4043: 86 48        	stx	$48                     ; 0x48 <_row>
    4045: 8e 16 d0     	stx	$d016                   ; 0xd016 <__heap_start+0x464a>
    4048: 9c 17 d0     	stz	$d017                   ; 0xd017 <__heap_start+0x464b>
    404b: a0 00        	ldy	#$0
    404d: 98           	tya
    404e: 18           	clc
    404f: 69 b6        	adc	#$b6
    4051: 85 12        	sta	$12                     ; 0x12 <__rc2>
    4053: a9 00        	lda	#$0
    4055: 69 e0        	adc	#$e0
    4057: a6 0f        	ldx	$f                      ; 0xf
    4059: 86 14        	stx	$14                     ; 0x14 <__rc4>
    405b: 78           	sei
    405c: a2 18        	ldx	#$18
    405e: 86 0f        	stx	$f                      ; 0xf
    4060: 85 13        	sta	$13                     ; 0x13 <__rc3>
    4062: b2 12        	lda	($12)                   ; 0x12 <__rc2>
    4064: a6 14        	ldx	$14                     ; 0x14 <__rc4>
    4066: 86 0f        	stx	$f                      ; 0xf
    4068: 18           	clc
    4069: 48           	pha
    406a: a5 10        	lda	$10                     ; 0x10 <__rc0>
    406c: 69 89        	adc	#$89
    406e: 85 12        	sta	$12                     ; 0x12 <__rc2>
    4070: a5 11        	lda	$11                     ; 0x11 <__zp_data_size>
    4072: 69 00        	adc	#$0
    4074: 85 13        	sta	$13                     ; 0x13 <__rc3>
    4076: 68           	pla
    4077: 58           	cli
    4078: 91 12        	sta	($12),y                 ; 0x12 <__rc2>
    407a: aa           	tax
    407b: f0 05        	beq	$4082 <displayFileList_far+0x13f>
    407d: c8           	iny
    407e: c0 78        	cpy	#$78
    4080: d0 cb        	bne	$404d <displayFileList_far+0x10a>
    4082: a4 0f        	ldy	$f                      ; 0xf
    4084: 78           	sei
    4085: a2 1a        	ldx	#$1a
    4087: 86 0f        	stx	$f                      ; 0xf
    4089: ae 76 fe     	ldx	$fe76                   ; 0xfe76 <__heap_start+0x74aa>
    408c: 84 0f        	sty	$f                      ; 0xf
    408e: 58           	cli
    408f: 64 14        	stz	$14                     ; 0x14 <__rc4>
    4091: a5 27        	lda	$27                     ; 0x27 <__rc23>
    4093: d0 07        	bne	$409c <displayFileList_far+0x159>
    4095: a5 28        	lda	$28                     ; 0x28 <__rc24>
    4097: d0 03        	bne	$409c <displayFileList_far+0x159>
    4099: 4c 8b 43     	jmp	$438b <displayFileList_far+0x448>
    409c: a9 20        	lda	#$20
    409e: e0 00        	cpx	#$0
    40a0: f0 08        	beq	$40aa <displayFileList_far+0x167>
    40a2: a2 a4        	ldx	#$a4
    40a4: 86 12        	stx	$12                     ; 0x12 <__rc2>
    40a6: a2 85        	ldx	#$85
    40a8: 80 06        	bra	$40b0 <displayFileList_far+0x16d>
    40aa: a2 c0        	ldx	#$c0
    40ac: 86 12        	stx	$12                     ; 0x12 <__rc2>
    40ae: a2 84        	ldx	#$84
    40b0: 86 13        	stx	$13                     ; 0x13 <__rc3>
    40b2: a6 10        	ldx	$10                     ; 0x10 <__rc0>
    40b4: 92 10        	sta	($10)                   ; 0x10 <__rc0>
    40b6: a0 01        	ldy	#$1
    40b8: a9 00        	lda	#$0
    40ba: 91 10        	sta	($10),y                 ; 0x10 <__rc0>
    40bc: 84 17        	sty	$17                     ; 0x17 <__rc7>
    40be: 18           	clc
    40bf: a5 10        	lda	$10                     ; 0x10 <__rc0>
    40c1: 69 89        	adc	#$89
    40c3: a0 01        	ldy	#$1
    40c5: b0 02        	bcs	$40c9 <displayFileList_far+0x186>
    40c7: a0 00        	ldy	#$0
    40c9: 84 18        	sty	$18                     ; 0x18 <__rc8>
    40cb: a0 02        	ldy	#$2
    40cd: 91 10        	sta	($10),y                 ; 0x10 <__rc0>
    40cf: 8a           	txa
    40d0: 18           	clc
    40d1: 69 02        	adc	#$2
    40d3: 85 14        	sta	$14                     ; 0x14 <__rc4>
    40d5: a5 11        	lda	$11                     ; 0x11 <__zp_data_size>
    40d7: 69 00        	adc	#$0
    40d9: 85 15        	sta	$15                     ; 0x15 <__rc5>
    40db: a4 18        	ldy	$18                     ; 0x18 <__rc8>
    40dd: c0 01        	cpy	#$1
    40df: a5 11        	lda	$11                     ; 0x11 <__zp_data_size>
    40e1: 69 00        	adc	#$0
    40e3: a4 17        	ldy	$17                     ; 0x17 <__rc7>
    40e5: 91 14        	sta	($14),y                 ; 0x14 <__rc4>
    40e7: 8a           	txa
    40e8: 18           	clc
    40e9: 69 04        	adc	#$4
    40eb: 85 14        	sta	$14                     ; 0x14 <__rc4>
    40ed: a5 11        	lda	$11                     ; 0x11 <__zp_data_size>
    40ef: 69 00        	adc	#$0
    40f1: a0 04        	ldy	#$4
    40f3: 85 15        	sta	$15                     ; 0x15 <__rc5>
    40f5: a5 12        	lda	$12                     ; 0x12 <__rc2>
    40f7: 91 10        	sta	($10),y                 ; 0x10 <__rc0>
    40f9: a4 17        	ldy	$17                     ; 0x17 <__rc7>
    40fb: a5 13        	lda	$13                     ; 0x13 <__rc3>
    40fd: 91 14        	sta	($14),y                 ; 0x14 <__rc4>
    40ff: a2 42        	ldx	#$42
    4101: 86 12        	stx	$12                     ; 0x12 <__rc2>
    4103: a2 87        	ldx	#$87
    4105: 86 13        	stx	$13                     ; 0x13 <__rc3>
    4107: 20 df 7b     	jsr	$7bdf <printf>
    410a: a6 26        	ldx	$26                     ; 0x26 <__rc22>
    410c: e4 2d        	cpx	$2d                     ; 0x2d <__rc29>
    410e: a5 25        	lda	$25                     ; 0x25 <__rc21>
    4110: e5 29        	sbc	$29                     ; 0x29 <__rc25>
    4112: 50 02        	bvc	$4116 <displayFileList_far+0x1d3>
    4114: 49 80        	eor	#$80
    4116: e6 2a        	inc	$2a                     ; 0x2a <__rc26>
    4118: aa           	tax
    4119: 30 03        	bmi	$411e <displayFileList_far+0x1db>
    411b: 4c b9 42     	jmp	$42b9 <displayFileList_far+0x376>
    411e: a5 2d        	lda	$2d                     ; 0x2d <__rc29>
    4120: a0 0e        	ldy	#$e
    4122: 91 10        	sta	($10),y                 ; 0x10 <__rc0>
    4124: a4 26        	ldy	$26                     ; 0x26 <__rc22>
    4126: 98           	tya
    4127: 38           	sec
    4128: e5 26        	sbc	$26                     ; 0x26 <__rc22>
    412a: 18           	clc
    412b: 65 2a        	adc	$2a                     ; 0x2a <__rc26>
    412d: a6 2c        	ldx	$2c                     ; 0x2c <__rc28>
    412f: 86 47        	stx	$47                     ; 0x47 <_col>
    4131: 8e 14 d0     	stx	$d014                   ; 0xd014 <__heap_start+0x4648>
    4134: 9c 15 d0     	stz	$d015                   ; 0xd015 <__heap_start+0x4649>
    4137: 85 48        	sta	$48                     ; 0x48 <_row>
    4139: 8d 16 d0     	sta	$d016                   ; 0xd016 <__heap_start+0x464a>
    413c: 9c 17 d0     	stz	$d017                   ; 0xd017 <__heap_start+0x464b>
    413f: a6 2f        	ldx	$2f                     ; 0x2f <__rc31>
    4141: 84 2b        	sty	$2b                     ; 0x2b <__rc27>
    4143: e4 25        	cpx	$25                     ; 0x25 <__rc21>
    4145: d0 0e        	bne	$4155 <displayFileList_far+0x212>
    4147: 84 12        	sty	$12                     ; 0x12 <__rc2>
    4149: a0 10        	ldy	#$10
    414b: b1 10        	lda	($10),y                 ; 0x10 <__rc0>
    414d: c5 12        	cmp	$12                     ; 0x12 <__rc2>
    414f: d0 04        	bne	$4155 <displayFileList_far+0x212>
    4151: a2 fa        	ldx	#$fa
    4153: 80 02        	bra	$4157 <displayFileList_far+0x214>
    4155: a2 20        	ldx	#$20
    4157: 86 4f        	stx	$4f                     ; 0x4f <__putchar.s>
    4159: a2 4f        	ldx	#$4f
    415b: 86 12        	stx	$12                     ; 0x12 <__rc2>
    415d: a2 00        	ldx	#$0
    415f: 86 13        	stx	$13                     ; 0x13 <__rc3>
    4161: 20 b8 2b     	jsr	$2bb8 <textPrint>
    4164: a5 2b        	lda	$2b                     ; 0x2b <__rc27>
    4166: 0a           	asl
    4167: a6 25        	ldx	$25                     ; 0x25 <__rc21>
    4169: 86 12        	stx	$12                     ; 0x12 <__rc2>
    416b: 26 12        	rol	$12                     ; 0x12 <__rc2>
    416d: 0a           	asl
    416e: 26 12        	rol	$12                     ; 0x12 <__rc2>
    4170: 0a           	asl
    4171: 85 13        	sta	$13                     ; 0x13 <__rc3>
    4173: 26 12        	rol	$12                     ; 0x12 <__rc2>
    4175: 0a           	asl
    4176: aa           	tax
    4177: a5 12        	lda	$12                     ; 0x12 <__rc2>
    4179: 2a           	rol
    417a: 86 14        	stx	$14                     ; 0x14 <__rc4>
    417c: 06 14        	asl	$14                     ; 0x14 <__rc4>
    417e: 2a           	rol
    417f: 06 14        	asl	$14                     ; 0x14 <__rc4>
    4181: 2a           	rol
    4182: 06 14        	asl	$14                     ; 0x14 <__rc4>
    4184: 2a           	rol
    4185: aa           	tax
    4186: 38           	sec
    4187: a5 14        	lda	$14                     ; 0x14 <__rc4>
    4189: e5 13        	sbc	$13                     ; 0x13 <__rc3>
    418b: 85 14        	sta	$14                     ; 0x14 <__rc4>
    418d: 8a           	txa
    418e: e5 12        	sbc	$12                     ; 0x12 <__rc2>
    4190: 85 15        	sta	$15                     ; 0x15 <__rc5>
    4192: 10 06        	bpl	$419a <displayFileList_far+0x257>
    4194: a2 ff        	ldx	#$ff
    4196: 86 16        	stx	$16                     ; 0x16 <__rc6>
    4198: 80 02        	bra	$419c <displayFileList_far+0x259>
    419a: 64 16        	stz	$16                     ; 0x16 <__rc6>
    419c: a0 00        	ldy	#$0
    419e: 84 12        	sty	$12                     ; 0x12 <__rc2>
    41a0: a5 14        	lda	$14                     ; 0x14 <__rc4>
    41a2: 18           	clc
    41a3: 65 12        	adc	$12                     ; 0x12 <__rc2>
    41a5: 85 12        	sta	$12                     ; 0x12 <__rc2>
    41a7: a5 15        	lda	$15                     ; 0x15 <__rc5>
    41a9: 69 00        	adc	#$0
    41ab: 85 17        	sta	$17                     ; 0x17 <__rc7>
    41ad: a5 16        	lda	$16                     ; 0x16 <__rc6>
    41af: 69 00        	adc	#$0
    41b1: aa           	tax
    41b2: 18           	clc
    41b3: a5 12        	lda	$12                     ; 0x12 <__rc2>
    41b5: 69 b6        	adc	#$b6
    41b7: 85 13        	sta	$13                     ; 0x13 <__rc3>
    41b9: a5 17        	lda	$17                     ; 0x17 <__rc7>
    41bb: 69 00        	adc	#$0
    41bd: 85 12        	sta	$12                     ; 0x12 <__rc2>
    41bf: 8a           	txa
    41c0: 69 03        	adc	#$3
    41c2: 85 17        	sta	$17                     ; 0x17 <__rc7>
    41c4: a5 12        	lda	$12                     ; 0x12 <__rc2>
    41c6: 06 12        	asl	$12                     ; 0x12 <__rc2>
    41c8: 26 17        	rol	$17                     ; 0x17 <__rc7>
    41ca: 06 12        	asl	$12                     ; 0x12 <__rc2>
    41cc: 26 17        	rol	$17                     ; 0x17 <__rc7>
    41ce: 06 12        	asl	$12                     ; 0x12 <__rc2>
    41d0: 26 17        	rol	$17                     ; 0x17 <__rc7>
    41d2: a6 17        	ldx	$17                     ; 0x17 <__rc7>
    41d4: 86 12        	stx	$12                     ; 0x12 <__rc2>
    41d6: a6 0f        	ldx	$f                      ; 0xf
    41d8: 86 17        	stx	$17                     ; 0x17 <__rc7>
    41da: 78           	sei
    41db: a6 12        	ldx	$12                     ; 0x12 <__rc2>
    41dd: 86 0f        	stx	$f                      ; 0xf
    41df: 09 e0        	ora	#$e0
    41e1: a6 13        	ldx	$13                     ; 0x13 <__rc3>
    41e3: 86 12        	stx	$12                     ; 0x12 <__rc2>
    41e5: 85 13        	sta	$13                     ; 0x13 <__rc3>
    41e7: b2 12        	lda	($12)                   ; 0x12 <__rc2>
    41e9: a6 17        	ldx	$17                     ; 0x17 <__rc7>
    41eb: 86 0f        	stx	$f                      ; 0xf
    41ed: 18           	clc
    41ee: 48           	pha
    41ef: a5 10        	lda	$10                     ; 0x10 <__rc0>
    41f1: 69 11        	adc	#$11
    41f3: 85 12        	sta	$12                     ; 0x12 <__rc2>
    41f5: a5 11        	lda	$11                     ; 0x11 <__zp_data_size>
    41f7: 69 00        	adc	#$0
    41f9: 85 13        	sta	$13                     ; 0x13 <__rc3>
    41fb: 68           	pla
    41fc: 58           	cli
    41fd: 91 12        	sta	($12),y                 ; 0x12 <__rc2>
    41ff: aa           	tax
    4200: f0 08        	beq	$420a <displayFileList_far+0x2c7>
    4202: c8           	iny
    4203: c0 77        	cpy	#$77
    4205: f0 03        	beq	$420a <displayFileList_far+0x2c7>
    4207: 4c 9e 41     	jmp	$419e <displayFileList_far+0x25b>
    420a: a0 77        	ldy	#$77
    420c: a9 00        	lda	#$0
    420e: 91 12        	sta	($12),y                 ; 0x12 <__rc2>
    4210: a5 25        	lda	$25                     ; 0x25 <__rc21>
    4212: 10 04        	bpl	$4218 <displayFileList_far+0x2d5>
    4214: a0 ff        	ldy	#$ff
    4216: 80 02        	bra	$421a <displayFileList_far+0x2d7>
    4218: a0 00        	ldy	#$0
    421a: a5 2b        	lda	$2b                     ; 0x2b <__rc27>
    421c: 18           	clc
    421d: 69 76        	adc	#$76
    421f: 85 13        	sta	$13                     ; 0x13 <__rc3>
    4221: a5 25        	lda	$25                     ; 0x25 <__rc21>
    4223: 69 5e        	adc	#$5e
    4225: 85 14        	sta	$14                     ; 0x14 <__rc4>
    4227: 98           	tya
    4228: 69 03        	adc	#$3
    422a: a6 14        	ldx	$14                     ; 0x14 <__rc4>
    422c: 86 12        	stx	$12                     ; 0x12 <__rc2>
    422e: 06 12        	asl	$12                     ; 0x12 <__rc2>
    4230: 2a           	rol
    4231: 06 12        	asl	$12                     ; 0x12 <__rc2>
    4233: 2a           	rol
    4234: 06 12        	asl	$12                     ; 0x12 <__rc2>
    4236: 2a           	rol
    4237: a6 0f        	ldx	$f                      ; 0xf
    4239: 78           	sei
    423a: 85 0f        	sta	$f                      ; 0xf
    423c: a4 13        	ldy	$13                     ; 0x13 <__rc3>
    423e: 84 12        	sty	$12                     ; 0x12 <__rc2>
    4240: a5 14        	lda	$14                     ; 0x14 <__rc4>
    4242: 09 e0        	ora	#$e0
    4244: 85 13        	sta	$13                     ; 0x13 <__rc3>
    4246: b2 12        	lda	($12)                   ; 0x12 <__rc2>
    4248: 86 0f        	stx	$f                      ; 0xf
    424a: 58           	cli
    424b: aa           	tax
    424c: f0 08        	beq	$4256 <displayFileList_far+0x313>
    424e: a2 a4        	ldx	#$a4
    4250: 86 12        	stx	$12                     ; 0x12 <__rc2>
    4252: a2 85        	ldx	#$85
    4254: 80 06        	bra	$425c <displayFileList_far+0x319>
    4256: a2 c0        	ldx	#$c0
    4258: 86 12        	stx	$12                     ; 0x12 <__rc2>
    425a: a2 84        	ldx	#$84
    425c: 86 13        	stx	$13                     ; 0x13 <__rc3>
    425e: a6 11        	ldx	$11                     ; 0x11 <__zp_data_size>
    4260: 18           	clc
    4261: a5 10        	lda	$10                     ; 0x10 <__rc0>
    4263: 69 11        	adc	#$11
    4265: 48           	pha
    4266: a5 11        	lda	$11                     ; 0x11 <__zp_data_size>
    4268: 69 00        	adc	#$0
    426a: 85 16        	sta	$16                     ; 0x16 <__rc6>
    426c: 68           	pla
    426d: 92 10        	sta	($10)                   ; 0x10 <__rc0>
    426f: a0 01        	ldy	#$1
    4271: a5 16        	lda	$16                     ; 0x16 <__rc6>
    4273: 91 10        	sta	($10),y                 ; 0x10 <__rc0>
    4275: 84 16        	sty	$16                     ; 0x16 <__rc6>
    4277: 18           	clc
    4278: a5 10        	lda	$10                     ; 0x10 <__rc0>
    427a: 69 02        	adc	#$2
    427c: 85 14        	sta	$14                     ; 0x14 <__rc4>
    427e: 8a           	txa
    427f: 69 00        	adc	#$0
    4281: 85 15        	sta	$15                     ; 0x15 <__rc5>
    4283: a5 12        	lda	$12                     ; 0x12 <__rc2>
    4285: c8           	iny
    4286: 91 10        	sta	($10),y                 ; 0x10 <__rc0>
    4288: a4 16        	ldy	$16                     ; 0x16 <__rc6>
    428a: a5 13        	lda	$13                     ; 0x13 <__rc3>
    428c: 91 14        	sta	($14),y                 ; 0x14 <__rc4>
    428e: a2 b8        	ldx	#$b8
    4290: 86 12        	stx	$12                     ; 0x12 <__rc2>
    4292: a2 84        	ldx	#$84
    4294: 86 13        	stx	$13                     ; 0x13 <__rc3>
    4296: 20 df 7b     	jsr	$7bdf <printf>
    4299: a6 25        	ldx	$25                     ; 0x25 <__rc21>
    429b: a4 2b        	ldy	$2b                     ; 0x2b <__rc27>
    429d: c8           	iny
    429e: d0 01        	bne	$42a1 <displayFileList_far+0x35e>
    42a0: e8           	inx
    42a1: 86 25        	stx	$25                     ; 0x25 <__rc21>
    42a3: e4 29        	cpx	$29                     ; 0x29 <__rc25>
    42a5: f0 03        	beq	$42aa <displayFileList_far+0x367>
    42a7: 4c 26 41     	jmp	$4126 <displayFileList_far+0x1e3>
    42aa: 5a           	phy
    42ab: a0 0e        	ldy	#$e
    42ad: b1 10        	lda	($10),y                 ; 0x10 <__rc0>
    42af: 7a           	ply
    42b0: 85 12        	sta	$12                     ; 0x12 <__rc2>
    42b2: c4 12        	cpy	$12                     ; 0x12 <__rc2>
    42b4: f0 03        	beq	$42b9 <displayFileList_far+0x376>
    42b6: 4c 26 41     	jmp	$4126 <displayFileList_far+0x1e3>
    42b9: 18           	clc
    42ba: a5 2c        	lda	$2c                     ; 0x2c <__rc28>
    42bc: 69 02        	adc	#$2
    42be: aa           	tax
    42bf: 38           	sec
    42c0: a5 2d        	lda	$2d                     ; 0x2d <__rc29>
    42c2: e5 26        	sbc	$26                     ; 0x26 <__rc22>
    42c4: 85 12        	sta	$12                     ; 0x12 <__rc2>
    42c6: a5 2a        	lda	$2a                     ; 0x2a <__rc26>
    42c8: 18           	clc
    42c9: 65 12        	adc	$12                     ; 0x12 <__rc2>
    42cb: 86 47        	stx	$47                     ; 0x47 <_col>
    42cd: 8e 14 d0     	stx	$d014                   ; 0xd014 <__heap_start+0x4648>
    42d0: 9c 15 d0     	stz	$d015                   ; 0xd015 <__heap_start+0x4649>
    42d3: 85 48        	sta	$48                     ; 0x48 <_row>
    42d5: 8d 16 d0     	sta	$d016                   ; 0xd016 <__heap_start+0x464a>
    42d8: 9c 17 d0     	stz	$d017                   ; 0xd017 <__heap_start+0x464b>
    42db: a0 10        	ldy	#$10
    42dd: b1 10        	lda	($10),y                 ; 0x10 <__rc0>
    42df: aa           	tax
    42e0: 18           	clc
    42e1: 69 10        	adc	#$10
    42e3: 85 13        	sta	$13                     ; 0x13 <__rc3>
    42e5: a5 2f        	lda	$2f                     ; 0x2f <__rc31>
    42e7: 69 00        	adc	#$0
    42e9: 85 12        	sta	$12                     ; 0x12 <__rc2>
    42eb: 38           	sec
    42ec: a5 13        	lda	$13                     ; 0x13 <__rc3>
    42ee: e5 28        	sbc	$28                     ; 0x28 <__rc24>
    42f0: 85 17        	sta	$17                     ; 0x17 <__rc7>
    42f2: a5 12        	lda	$12                     ; 0x12 <__rc2>
    42f4: e5 27        	sbc	$27                     ; 0x27 <__rc23>
    42f6: a4 2f        	ldy	$2f                     ; 0x2f <__rc31>
    42f8: d0 04        	bne	$42fe <displayFileList_far+0x3bb>
    42fa: e0 0f        	cpx	#$f
    42fc: 80 04        	bra	$4302 <displayFileList_far+0x3bf>
    42fe: a4 2f        	ldy	$2f                     ; 0x2f <__rc31>
    4300: c0 00        	cpy	#$0
    4302: a2 fb        	ldx	#$fb
    4304: 86 16        	stx	$16                     ; 0x16 <__rc6>
    4306: 48           	pha
    4307: a0 0f        	ldy	#$f
    4309: b1 10        	lda	($10),y                 ; 0x10 <__rc0>
    430b: 85 12        	sta	$12                     ; 0x12 <__rc2>
    430d: 68           	pla
    430e: b0 04        	bcs	$4314 <displayFileList_far+0x3d1>
    4310: a2 20        	ldx	#$20
    4312: 86 16        	stx	$16                     ; 0x16 <__rc6>
    4314: c5 2e        	cmp	$2e                     ; 0x2e <__rc30>
    4316: d0 0a        	bne	$4322 <displayFileList_far+0x3df>
    4318: a5 17        	lda	$17                     ; 0x17 <__rc7>
    431a: c5 12        	cmp	$12                     ; 0x12 <__rc2>
    431c: 90 08        	bcc	$4326 <displayFileList_far+0x3e3>
    431e: a2 20        	ldx	#$20
    4320: 80 06        	bra	$4328 <displayFileList_far+0x3e5>
    4322: c5 2e        	cmp	$2e                     ; 0x2e <__rc30>
    4324: b0 f8        	bcs	$431e <displayFileList_far+0x3db>
    4326: a2 f8        	ldx	#$f8
    4328: 64 12        	stz	$12                     ; 0x12 <__rc2>
    432a: a5 16        	lda	$16                     ; 0x16 <__rc6>
    432c: 92 10        	sta	($10)                   ; 0x10 <__rc0>
    432e: a0 01        	ldy	#$1
    4330: a9 00        	lda	#$0
    4332: 91 10        	sta	($10),y                 ; 0x10 <__rc0>
    4334: c8           	iny
    4335: 8a           	txa
    4336: 91 10        	sta	($10),y                 ; 0x10 <__rc0>
    4338: c8           	iny
    4339: a9 00        	lda	#$0
    433b: 91 10        	sta	($10),y                 ; 0x10 <__rc0>
    433d: a2 4f        	ldx	#$4f
    433f: 86 12        	stx	$12                     ; 0x12 <__rc2>
    4341: a2 87        	ldx	#$87
    4343: 86 13        	stx	$13                     ; 0x13 <__rc3>
    4345: 20 df 7b     	jsr	$7bdf <printf>
    4348: a0 06        	ldy	#$6
    434a: b1 10        	lda	($10),y                 ; 0x10 <__rc0>
    434c: 85 2f        	sta	$2f                     ; 0x2f <__rc31>
    434e: c8           	iny
    434f: b1 10        	lda	($10),y                 ; 0x10 <__rc0>
    4351: 85 2e        	sta	$2e                     ; 0x2e <__rc30>
    4353: c8           	iny
    4354: b1 10        	lda	($10),y                 ; 0x10 <__rc0>
    4356: 85 2d        	sta	$2d                     ; 0x2d <__rc29>
    4358: c8           	iny
    4359: b1 10        	lda	($10),y                 ; 0x10 <__rc0>
    435b: 85 2c        	sta	$2c                     ; 0x2c <__rc28>
    435d: c8           	iny
    435e: b1 10        	lda	($10),y                 ; 0x10 <__rc0>
    4360: 85 2b        	sta	$2b                     ; 0x2b <__rc27>
    4362: c8           	iny
    4363: b1 10        	lda	($10),y                 ; 0x10 <__rc0>
    4365: 85 2a        	sta	$2a                     ; 0x2a <__rc26>
    4367: c8           	iny
    4368: b1 10        	lda	($10),y                 ; 0x10 <__rc0>
    436a: 85 29        	sta	$29                     ; 0x29 <__rc25>
    436c: c8           	iny
    436d: b1 10        	lda	($10),y                 ; 0x10 <__rc0>
    436f: 85 28        	sta	$28                     ; 0x28 <__rc24>
    4371: fa           	plx
    4372: 86 27        	stx	$27                     ; 0x27 <__rc23>
    4374: fa           	plx
    4375: 86 26        	stx	$26                     ; 0x26 <__rc22>
    4377: fa           	plx
    4378: 86 25        	stx	$25                     ; 0x25 <__rc21>
    437a: fa           	plx
    437b: 86 24        	stx	$24                     ; 0x24 <__rc20>
    437d: 18           	clc
    437e: a5 10        	lda	$10                     ; 0x10 <__rc0>
    4380: 69 01        	adc	#$1
    4382: 85 10        	sta	$10                     ; 0x10 <__rc0>
    4384: a5 11        	lda	$11                     ; 0x11 <__zp_data_size>
    4386: 69 01        	adc	#$1
    4388: 85 11        	sta	$11                     ; 0x11 <__zp_data_size>
    438a: 60           	rts
    438b: a9 fa        	lda	#$fa
    438d: 4c 9e 40     	jmp	$409e <displayFileList_far+0x15b>

00004390 <pickFile_far>:
    4390: 18           	clc
    4391: a5 10        	lda	$10                     ; 0x10 <__rc0>
    4393: 69 a2        	adc	#$a2
    4395: 85 10        	sta	$10                     ; 0x10 <__rc0>
    4397: a5 11        	lda	$11                     ; 0x11 <__zp_data_size>
    4399: 69 ff        	adc	#$ff
    439b: 85 11        	sta	$11                     ; 0x11 <__zp_data_size>
    439d: a6 24        	ldx	$24                     ; 0x24 <__rc20>
    439f: da           	phx
    43a0: a6 25        	ldx	$25                     ; 0x25 <__rc21>
    43a2: da           	phx
    43a3: a6 26        	ldx	$26                     ; 0x26 <__rc22>
    43a5: da           	phx
    43a6: a6 27        	ldx	$27                     ; 0x27 <__rc23>
    43a8: da           	phx
    43a9: a5 28        	lda	$28                     ; 0x28 <__rc24>
    43ab: a0 05        	ldy	#$5
    43ad: 91 10        	sta	($10),y                 ; 0x10 <__rc0>
    43af: a5 29        	lda	$29                     ; 0x29 <__rc25>
    43b1: 88           	dey
    43b2: 91 10        	sta	($10),y                 ; 0x10 <__rc0>
    43b4: a5 2a        	lda	$2a                     ; 0x2a <__rc26>
    43b6: 88           	dey
    43b7: 91 10        	sta	($10),y                 ; 0x10 <__rc0>
    43b9: a5 2b        	lda	$2b                     ; 0x2b <__rc27>
    43bb: 88           	dey
    43bc: 91 10        	sta	($10),y                 ; 0x10 <__rc0>
    43be: a2 08        	ldx	#$8
    43c0: 86 28        	stx	$28                     ; 0x28 <__rc24>
    43c2: a2 00        	ldx	#$0
    43c4: 86 29        	stx	$29                     ; 0x29 <__rc25>
    43c6: 64 77        	stz	$77                     ; 0x77 <kernelEventData>
    43c8: 18           	clc
    43c9: a5 10        	lda	$10                     ; 0x10 <__rc0>
    43cb: 69 5b        	adc	#$5b
    43cd: 85 12        	sta	$12                     ; 0x12 <__rc2>
    43cf: a5 11        	lda	$11                     ; 0x11 <__zp_data_size>
    43d1: 69 00        	adc	#$0
    43d3: 85 13        	sta	$13                     ; 0x13 <__rc3>
    43d5: a2 76        	ldx	#$76
    43d7: 86 14        	stx	$14                     ; 0x14 <__rc4>
    43d9: a2 00        	ldx	#$0
    43db: 86 15        	stx	$15                     ; 0x15 <__rc5>
    43dd: 20 00 ff     	jsr	$ff00 <__heap_start+0x7534>
    43e0: 92 12        	sta	($12)                   ; 0x12 <__rc2>
    43e2: a9 00        	lda	#$0
    43e4: 6a           	ror
    43e5: 85 14        	sta	$14                     ; 0x14 <__rc4>
    43e7: b2 12        	lda	($12)                   ; 0x12 <__rc2>
    43e9: 18           	clc
    43ea: 48           	pha
    43eb: a5 10        	lda	$10                     ; 0x10 <__rc0>
    43ed: 69 5a        	adc	#$5a
    43ef: 85 12        	sta	$12                     ; 0x12 <__rc2>
    43f1: a5 11        	lda	$11                     ; 0x11 <__zp_data_size>
    43f3: 69 00        	adc	#$0
    43f5: 85 13        	sta	$13                     ; 0x13 <__rc3>
    43f7: 68           	pla
    43f8: 92 12        	sta	($12)                   ; 0x12 <__rc2>
    43fa: b2 12        	lda	($12)                   ; 0x12 <__rc2>
    43fc: 18           	clc
    43fd: 48           	pha
    43fe: a5 10        	lda	$10                     ; 0x10 <__rc0>
    4400: 69 5c        	adc	#$5c
    4402: 85 12        	sta	$12                     ; 0x12 <__rc2>
    4404: a5 11        	lda	$11                     ; 0x11 <__zp_data_size>
    4406: 69 00        	adc	#$0
    4408: 85 13        	sta	$13                     ; 0x13 <__rc3>
    440a: 68           	pla
    440b: 92 12        	sta	($12)                   ; 0x12 <__rc2>
    440d: a6 77        	ldx	$77                     ; 0x77 <kernelEventData>
    440f: a0 00        	ldy	#$0
    4411: c4 29        	cpy	$29                     ; 0x29 <__rc25>
    4413: f0 02        	beq	$4417 <pickFile_far+0x87>
    4415: 80 0d        	bra	$4424 <pickFile_far+0x94>
    4417: e4 28        	cpx	$28                     ; 0x28 <__rc24>
    4419: f0 02        	beq	$441d <pickFile_far+0x8d>
    441b: 80 02        	bra	$441f <pickFile_far+0x8f>
    441d: 80 03        	bra	$4422 <pickFile_far+0x92>
    441f: 4c 74 53     	jmp	$5374 <pickFile_far+0xfe4>
    4422: 80 03        	bra	$4427 <pickFile_far+0x97>
    4424: 4c 74 53     	jmp	$5374 <pickFile_far+0xfe4>
    4427: 80 00        	bra	$4429 <pickFile_far+0x99>
    4429: a5 7b        	lda	$7b                     ; 0x7b <kernelEventData+0x4>
    442b: 18           	clc
    442c: 69 6e        	adc	#$6e
    442e: aa           	tax
    442f: a9 00        	lda	#$0
    4431: 69 ff        	adc	#$ff
    4433: c9 00        	cmp	#$0
    4435: a0 01        	ldy	#$1
    4437: b0 02        	bcs	$443b <pickFile_far+0xab>
    4439: a0 00        	ldy	#$0
    443b: 84 12        	sty	$12                     ; 0x12 <__rc2>
    443d: a8           	tay
    443e: f0 02        	beq	$4442 <pickFile_far+0xb2>
    4440: 80 08        	bra	$444a <pickFile_far+0xba>
    4442: 8a           	txa
    4443: c9 28        	cmp	#$28
    4445: 90 0b        	bcc	$4452 <pickFile_far+0xc2>
    4447: 4c 74 53     	jmp	$5374 <pickFile_far+0xfe4>
    444a: 8a           	txa
    444b: a6 12        	ldx	$12                     ; 0x12 <__rc2>
    444d: f0 03        	beq	$4452 <pickFile_far+0xc2>
    444f: 4c 74 53     	jmp	$5374 <pickFile_far+0xfe4>
    4452: 0a           	asl
    4453: aa           	tax
    4454: 7c fe 83     	jmp	($83fe,x)               ; 0x83fe <__set_v+0x1f>
    4457: 18           	clc
    4458: a5 10        	lda	$10                     ; 0x10 <__rc0>
    445a: 69 5d        	adc	#$5d
    445c: 85 12        	sta	$12                     ; 0x12 <__rc2>
    445e: a5 11        	lda	$11                     ; 0x11 <__zp_data_size>
    4460: 69 00        	adc	#$0
    4462: 85 13        	sta	$13                     ; 0x13 <__rc3>
    4464: a9 03        	lda	#$3
    4466: 92 12        	sta	($12)                   ; 0x12 <__rc2>
    4468: 4c 77 53     	jmp	$5377 <pickFile_far+0xfe7>
    446b: a9 42        	lda	#$42
    446d: a2 5f        	ldx	#$5f
    446f: a0 03        	ldy	#$3
    4471: 64 13        	stz	$13                     ; 0x13 <__rc3>
    4473: 84 12        	sty	$12                     ; 0x12 <__rc2>
    4475: 20 c4 05     	jsr	$5c4 <FAR_PEEKW>
    4478: 18           	clc
    4479: 48           	pha
    447a: a5 10        	lda	$10                     ; 0x10 <__rc0>
    447c: 69 58        	adc	#$58
    447e: 85 12        	sta	$12                     ; 0x12 <__rc2>
    4480: a5 11        	lda	$11                     ; 0x11 <__zp_data_size>
    4482: 69 00        	adc	#$0
    4484: 85 13        	sta	$13                     ; 0x13 <__rc3>
    4486: 68           	pla
    4487: 92 12        	sta	($12)                   ; 0x12 <__rc2>
    4489: a0 01        	ldy	#$1
    448b: 8a           	txa
    448c: 91 12        	sta	($12),y                 ; 0x12 <__rc2>
    448e: b2 12        	lda	($12)                   ; 0x12 <__rc2>
    4490: 85 14        	sta	$14                     ; 0x14 <__rc4>
    4492: b1 12        	lda	($12),y                 ; 0x12 <__rc2>
    4494: 85 12        	sta	$12                     ; 0x12 <__rc2>
    4496: a2 01        	ldx	#$1
    4498: a5 14        	lda	$14                     ; 0x14 <__rc4>
    449a: 0a           	asl
    449b: 26 12        	rol	$12                     ; 0x12 <__rc2>
    449d: 0a           	asl
    449e: 26 12        	rol	$12                     ; 0x12 <__rc2>
    44a0: a4 12        	ldy	$12                     ; 0x12 <__rc2>
    44a2: 84 13        	sty	$13                     ; 0x13 <__rc3>
    44a4: 85 12        	sta	$12                     ; 0x12 <__rc2>
    44a6: 06 12        	asl	$12                     ; 0x12 <__rc2>
    44a8: 26 13        	rol	$13                     ; 0x13 <__rc3>
    44aa: a5 12        	lda	$12                     ; 0x12 <__rc2>
    44ac: 0a           	asl
    44ad: a4 13        	ldy	$13                     ; 0x13 <__rc3>
    44af: 84 14        	sty	$14                     ; 0x14 <__rc4>
    44b1: 26 14        	rol	$14                     ; 0x14 <__rc4>
    44b3: 0a           	asl
    44b4: 26 14        	rol	$14                     ; 0x14 <__rc4>
    44b6: 0a           	asl
    44b7: 26 14        	rol	$14                     ; 0x14 <__rc4>
    44b9: 0a           	asl
    44ba: 26 14        	rol	$14                     ; 0x14 <__rc4>
    44bc: 38           	sec
    44bd: e5 12        	sbc	$12                     ; 0x12 <__rc2>
    44bf: a8           	tay
    44c0: a5 14        	lda	$14                     ; 0x14 <__rc4>
    44c2: e5 13        	sbc	$13                     ; 0x13 <__rc3>
    44c4: 85 14        	sta	$14                     ; 0x14 <__rc4>
    44c6: 18           	clc
    44c7: a5 10        	lda	$10                     ; 0x10 <__rc0>
    44c9: 69 54        	adc	#$54
    44cb: 85 12        	sta	$12                     ; 0x12 <__rc2>
    44cd: a5 11        	lda	$11                     ; 0x11 <__zp_data_size>
    44cf: 69 00        	adc	#$0
    44d1: 85 13        	sta	$13                     ; 0x13 <__rc3>
    44d3: 18           	clc
    44d4: 98           	tya
    44d5: 69 b6        	adc	#$b6
    44d7: 85 16        	sta	$16                     ; 0x16 <__rc6>
    44d9: a5 14        	lda	$14                     ; 0x14 <__rc4>
    44db: 69 00        	adc	#$0
    44dd: 85 17        	sta	$17                     ; 0x17 <__rc7>
    44df: a9 00        	lda	#$0
    44e1: 69 03        	adc	#$3
    44e3: a0 01        	ldy	#$1
    44e5: b0 02        	bcs	$44e9 <pickFile_far+0x159>
    44e7: a0 00        	ldy	#$0
    44e9: 84 18        	sty	$18                     ; 0x18 <__rc8>
    44eb: a0 02        	ldy	#$2
    44ed: 91 12        	sta	($12),y                 ; 0x12 <__rc2>
    44ef: 18           	clc
    44f0: a5 10        	lda	$10                     ; 0x10 <__rc0>
    44f2: 69 50        	adc	#$50
    44f4: 85 14        	sta	$14                     ; 0x14 <__rc4>
    44f6: a5 11        	lda	$11                     ; 0x11 <__zp_data_size>
    44f8: 69 00        	adc	#$0
    44fa: 85 15        	sta	$15                     ; 0x15 <__rc5>
    44fc: a9 03        	lda	#$3
    44fe: 91 14        	sta	($14),y                 ; 0x14 <__rc4>
    4500: a9 00        	lda	#$0
    4502: a4 18        	ldy	$18                     ; 0x18 <__rc8>
    4504: c0 01        	cpy	#$1
    4506: 69 00        	adc	#$0
    4508: 85 18        	sta	$18                     ; 0x18 <__rc8>
    450a: a5 16        	lda	$16                     ; 0x16 <__rc6>
    450c: 92 12        	sta	($12)                   ; 0x12 <__rc2>
    450e: a0 01        	ldy	#$1
    4510: a5 17        	lda	$17                     ; 0x17 <__rc7>
    4512: 91 12        	sta	($12),y                 ; 0x12 <__rc2>
    4514: 86 17        	stx	$17                     ; 0x17 <__rc7>
    4516: a2 03        	ldx	#$3
    4518: 86 16        	stx	$16                     ; 0x16 <__rc6>
    451a: a5 18        	lda	$18                     ; 0x18 <__rc8>
    451c: a4 16        	ldy	$16                     ; 0x16 <__rc6>
    451e: 91 12        	sta	($12),y                 ; 0x12 <__rc2>
    4520: a9 3e        	lda	#$3e
    4522: 92 14        	sta	($14)                   ; 0x14 <__rc4>
    4524: a9 00        	lda	#$0
    4526: 91 14        	sta	($14),y                 ; 0x14 <__rc4>
    4528: 18           	clc
    4529: 48           	pha
    452a: a5 10        	lda	$10                     ; 0x10 <__rc0>
    452c: 69 4e        	adc	#$4e
    452e: 85 12        	sta	$12                     ; 0x12 <__rc2>
    4530: a5 11        	lda	$11                     ; 0x11 <__zp_data_size>
    4532: 69 00        	adc	#$0
    4534: 85 13        	sta	$13                     ; 0x13 <__rc3>
    4536: 68           	pla
    4537: a4 17        	ldy	$17                     ; 0x17 <__rc7>
    4539: 91 14        	sta	($14),y                 ; 0x14 <__rc4>
    453b: 91 12        	sta	($12),y                 ; 0x12 <__rc2>
    453d: 92 12        	sta	($12)                   ; 0x12 <__rc2>
    453f: 18           	clc
    4540: a5 10        	lda	$10                     ; 0x10 <__rc0>
    4542: 69 4e        	adc	#$4e
    4544: 85 12        	sta	$12                     ; 0x12 <__rc2>
    4546: a5 11        	lda	$11                     ; 0x11 <__zp_data_size>
    4548: 69 00        	adc	#$0
    454a: 85 13        	sta	$13                     ; 0x13 <__rc3>
    454c: b2 12        	lda	($12)                   ; 0x12 <__rc2>
    454e: 85 14        	sta	$14                     ; 0x14 <__rc4>
    4550: a0 01        	ldy	#$1
    4552: b1 12        	lda	($12),y                 ; 0x12 <__rc2>
    4554: a6 14        	ldx	$14                     ; 0x14 <__rc4>
    4556: e0 78        	cpx	#$78
    4558: e9 00        	sbc	#$0
    455a: 70 02        	bvs	$455e <pickFile_far+0x1ce>
    455c: 80 04        	bra	$4562 <pickFile_far+0x1d2>
    455e: 49 80        	eor	#$80
    4560: 80 02        	bra	$4564 <pickFile_far+0x1d4>
    4562: 80 00        	bra	$4564 <pickFile_far+0x1d4>
    4564: aa           	tax
    4565: 30 22        	bmi	$4589 <pickFile_far+0x1f9>
    4567: 80 00        	bra	$4569 <pickFile_far+0x1d9>
    4569: 18           	clc
    456a: a5 10        	lda	$10                     ; 0x10 <__rc0>
    456c: 69 4a        	adc	#$4a
    456e: 85 12        	sta	$12                     ; 0x12 <__rc2>
    4570: a5 11        	lda	$11                     ; 0x11 <__zp_data_size>
    4572: 69 00        	adc	#$0
    4574: 85 13        	sta	$13                     ; 0x13 <__rc3>
    4576: a9 05        	lda	#$5
    4578: 92 12        	sta	($12)                   ; 0x12 <__rc2>
    457a: a0 01        	ldy	#$1
    457c: a9 00        	lda	#$0
    457e: 91 12        	sta	($12),y                 ; 0x12 <__rc2>
    4580: c8           	iny
    4581: 91 12        	sta	($12),y                 ; 0x12 <__rc2>
    4583: c8           	iny
    4584: 91 12        	sta	($12),y                 ; 0x12 <__rc2>
    4586: 4c 1c 47     	jmp	$471c <pickFile_far+0x38c>
    4589: 18           	clc
    458a: a5 10        	lda	$10                     ; 0x10 <__rc0>
    458c: 69 54        	adc	#$54
    458e: 85 14        	sta	$14                     ; 0x14 <__rc4>
    4590: a5 11        	lda	$11                     ; 0x11 <__zp_data_size>
    4592: 69 00        	adc	#$0
    4594: 85 15        	sta	$15                     ; 0x15 <__rc5>
    4596: b2 14        	lda	($14)                   ; 0x14 <__rc4>
    4598: 85 18        	sta	$18                     ; 0x18 <__rc8>
    459a: a0 01        	ldy	#$1
    459c: b1 14        	lda	($14),y                 ; 0x14 <__rc4>
    459e: a2 01        	ldx	#$1
    45a0: 86 13        	stx	$13                     ; 0x13 <__rc3>
    45a2: 85 19        	sta	$19                     ; 0x19 <__rc9>
    45a4: c8           	iny
    45a5: b1 14        	lda	($14),y                 ; 0x14 <__rc4>
    45a7: 85 1a        	sta	$1a                     ; 0x1a <__rc10>
    45a9: 18           	clc
    45aa: a5 10        	lda	$10                     ; 0x10 <__rc0>
    45ac: 69 4e        	adc	#$4e
    45ae: 85 16        	sta	$16                     ; 0x16 <__rc6>
    45b0: a5 11        	lda	$11                     ; 0x11 <__zp_data_size>
    45b2: 69 00        	adc	#$0
    45b4: 85 17        	sta	$17                     ; 0x17 <__rc7>
    45b6: b2 16        	lda	($16)                   ; 0x16 <__rc6>
    45b8: 85 12        	sta	$12                     ; 0x12 <__rc2>
    45ba: a4 13        	ldy	$13                     ; 0x13 <__rc3>
    45bc: b1 16        	lda	($16),y                 ; 0x16 <__rc6>
    45be: 85 13        	sta	$13                     ; 0x13 <__rc3>
    45c0: a0 03        	ldy	#$3
    45c2: 64 24        	stz	$24                     ; 0x24 <__rc20>
    45c4: b1 14        	lda	($14),y                 ; 0x14 <__rc4>
    45c6: a2 ff        	ldx	#$ff
    45c8: a4 13        	ldy	$13                     ; 0x13 <__rc3>
    45ca: 30 02        	bmi	$45ce <pickFile_far+0x23e>
    45cc: 80 08        	bra	$45d6 <pickFile_far+0x246>
    45ce: 85 15        	sta	$15                     ; 0x15 <__rc5>
    45d0: 86 25        	stx	$25                     ; 0x25 <__rc21>
    45d2: 86 14        	stx	$14                     ; 0x14 <__rc4>
    45d4: 80 0a        	bra	$45e0 <pickFile_far+0x250>
    45d6: 85 15        	sta	$15                     ; 0x15 <__rc5>
    45d8: a2 ff        	ldx	#$ff
    45da: 86 25        	stx	$25                     ; 0x25 <__rc21>
    45dc: 64 14        	stz	$14                     ; 0x14 <__rc4>
    45de: 80 00        	bra	$45e0 <pickFile_far+0x250>
    45e0: 18           	clc
    45e1: a5 18        	lda	$18                     ; 0x18 <__rc8>
    45e3: 65 12        	adc	$12                     ; 0x12 <__rc2>
    45e5: a8           	tay
    45e6: a5 19        	lda	$19                     ; 0x19 <__rc9>
    45e8: 65 13        	adc	$13                     ; 0x13 <__rc3>
    45ea: aa           	tax
    45eb: a5 1a        	lda	$1a                     ; 0x1a <__rc10>
    45ed: 65 14        	adc	$14                     ; 0x14 <__rc4>
    45ef: 85 12        	sta	$12                     ; 0x12 <__rc2>
    45f1: a5 15        	lda	$15                     ; 0x15 <__rc5>
    45f3: 65 14        	adc	$14                     ; 0x14 <__rc4>
    45f5: 85 13        	sta	$13                     ; 0x13 <__rc3>
    45f7: 98           	tya
    45f8: 20 a3 05     	jsr	$5a3 <FAR_PEEK>
    45fb: 18           	clc
    45fc: 48           	pha
    45fd: a5 10        	lda	$10                     ; 0x10 <__rc0>
    45ff: 69 49        	adc	#$49
    4601: 85 12        	sta	$12                     ; 0x12 <__rc2>
    4603: a5 11        	lda	$11                     ; 0x11 <__zp_data_size>
    4605: 69 00        	adc	#$0
    4607: 85 13        	sta	$13                     ; 0x13 <__rc3>
    4609: 68           	pla
    460a: 92 12        	sta	($12)                   ; 0x12 <__rc2>
    460c: 18           	clc
    460d: a5 10        	lda	$10                     ; 0x10 <__rc0>
    460f: 69 50        	adc	#$50
    4611: 85 14        	sta	$14                     ; 0x14 <__rc4>
    4613: a5 11        	lda	$11                     ; 0x11 <__zp_data_size>
    4615: 69 00        	adc	#$0
    4617: 85 15        	sta	$15                     ; 0x15 <__rc5>
    4619: b2 14        	lda	($14)                   ; 0x14 <__rc4>
    461b: aa           	tax
    461c: a0 02        	ldy	#$2
    461e: b1 14        	lda	($14),y                 ; 0x14 <__rc4>
    4620: 85 18        	sta	$18                     ; 0x18 <__rc8>
    4622: c8           	iny
    4623: b1 14        	lda	($14),y                 ; 0x14 <__rc4>
    4625: 85 19        	sta	$19                     ; 0x19 <__rc9>
    4627: 18           	clc
    4628: a5 10        	lda	$10                     ; 0x10 <__rc0>
    462a: 69 4e        	adc	#$4e
    462c: 85 16        	sta	$16                     ; 0x16 <__rc6>
    462e: a5 11        	lda	$11                     ; 0x11 <__zp_data_size>
    4630: 69 00        	adc	#$0
    4632: 85 17        	sta	$17                     ; 0x17 <__rc7>
    4634: b2 16        	lda	($16)                   ; 0x16 <__rc6>
    4636: 85 12        	sta	$12                     ; 0x12 <__rc2>
    4638: a0 01        	ldy	#$1
    463a: b1 14        	lda	($14),y                 ; 0x14 <__rc4>
    463c: 85 14        	sta	$14                     ; 0x14 <__rc4>
    463e: b1 16        	lda	($16),y                 ; 0x16 <__rc6>
    4640: 85 13        	sta	$13                     ; 0x13 <__rc3>
    4642: a5 13        	lda	$13                     ; 0x13 <__rc3>
    4644: 30 02        	bmi	$4648 <pickFile_far+0x2b8>
    4646: 80 06        	bra	$464e <pickFile_far+0x2be>
    4648: a4 25        	ldy	$25                     ; 0x25 <__rc21>
    464a: 84 24        	sty	$24                     ; 0x24 <__rc20>
    464c: 80 02        	bra	$4650 <pickFile_far+0x2c0>
    464e: 80 00        	bra	$4650 <pickFile_far+0x2c0>
    4650: 18           	clc
    4651: 8a           	txa
    4652: 65 12        	adc	$12                     ; 0x12 <__rc2>
    4654: a8           	tay
    4655: a5 14        	lda	$14                     ; 0x14 <__rc4>
    4657: 65 13        	adc	$13                     ; 0x13 <__rc3>
    4659: aa           	tax
    465a: a5 18        	lda	$18                     ; 0x18 <__rc8>
    465c: 65 24        	adc	$24                     ; 0x24 <__rc20>
    465e: 85 12        	sta	$12                     ; 0x12 <__rc2>
    4660: a5 19        	lda	$19                     ; 0x19 <__rc9>
    4662: 65 24        	adc	$24                     ; 0x24 <__rc20>
    4664: 85 13        	sta	$13                     ; 0x13 <__rc3>
    4666: 18           	clc
    4667: a5 10        	lda	$10                     ; 0x10 <__rc0>
    4669: 69 49        	adc	#$49
    466b: 85 24        	sta	$24                     ; 0x24 <__rc20>
    466d: a5 11        	lda	$11                     ; 0x11 <__zp_data_size>
    466f: 69 00        	adc	#$0
    4671: 85 25        	sta	$25                     ; 0x25 <__rc21>
    4673: b2 24        	lda	($24)                   ; 0x24 <__rc20>
    4675: 85 14        	sta	$14                     ; 0x14 <__rc4>
    4677: 98           	tya
    4678: 20 ee 05     	jsr	$5ee <FAR_POKE>
    467b: b2 24        	lda	($24)                   ; 0x24 <__rc20>
    467d: d0 21        	bne	$46a0 <pickFile_far+0x310>
    467f: 80 00        	bra	$4681 <pickFile_far+0x2f1>
    4681: 18           	clc
    4682: a5 10        	lda	$10                     ; 0x10 <__rc0>
    4684: 69 4a        	adc	#$4a
    4686: 85 12        	sta	$12                     ; 0x12 <__rc2>
    4688: a5 11        	lda	$11                     ; 0x11 <__zp_data_size>
    468a: 69 00        	adc	#$0
    468c: 85 13        	sta	$13                     ; 0x13 <__rc3>
    468e: a9 05        	lda	#$5
    4690: 92 12        	sta	($12)                   ; 0x12 <__rc2>
    4692: a0 01        	ldy	#$1
    4694: a9 00        	lda	#$0
    4696: 91 12        	sta	($12),y                 ; 0x12 <__rc2>
    4698: c8           	iny
    4699: 91 12        	sta	($12),y                 ; 0x12 <__rc2>
    469b: c8           	iny
    469c: 91 12        	sta	($12),y                 ; 0x12 <__rc2>
    469e: 80 1d        	bra	$46bd <pickFile_far+0x32d>
    46a0: a9 00        	lda	#$0
    46a2: 18           	clc
    46a3: 48           	pha
    46a4: a5 10        	lda	$10                     ; 0x10 <__rc0>
    46a6: 69 4a        	adc	#$4a
    46a8: 85 12        	sta	$12                     ; 0x12 <__rc2>
    46aa: a5 11        	lda	$11                     ; 0x11 <__zp_data_size>
    46ac: 69 00        	adc	#$0
    46ae: 85 13        	sta	$13                     ; 0x13 <__rc3>
    46b0: 68           	pla
    46b1: 92 12        	sta	($12)                   ; 0x12 <__rc2>
    46b3: a0 01        	ldy	#$1
    46b5: 91 12        	sta	($12),y                 ; 0x12 <__rc2>
    46b7: c8           	iny
    46b8: 91 12        	sta	($12),y                 ; 0x12 <__rc2>
    46ba: c8           	iny
    46bb: 91 12        	sta	($12),y                 ; 0x12 <__rc2>
    46bd: 18           	clc
    46be: a5 10        	lda	$10                     ; 0x10 <__rc0>
    46c0: 69 4a        	adc	#$4a
    46c2: 85 12        	sta	$12                     ; 0x12 <__rc2>
    46c4: a5 11        	lda	$11                     ; 0x11 <__zp_data_size>
    46c6: 69 00        	adc	#$0
    46c8: 85 13        	sta	$13                     ; 0x13 <__rc3>
    46ca: b2 12        	lda	($12)                   ; 0x12 <__rc2>
    46cc: 85 14        	sta	$14                     ; 0x14 <__rc4>
    46ce: a0 01        	ldy	#$1
    46d0: b1 12        	lda	($12),y                 ; 0x12 <__rc2>
    46d2: 85 15        	sta	$15                     ; 0x15 <__rc5>
    46d4: c8           	iny
    46d5: b1 12        	lda	($12),y                 ; 0x12 <__rc2>
    46d7: 85 16        	sta	$16                     ; 0x16 <__rc6>
    46d9: c8           	iny
    46da: b1 12        	lda	($12),y                 ; 0x12 <__rc2>
    46dc: d0 3e        	bne	$471c <pickFile_far+0x38c>
    46de: 80 00        	bra	$46e0 <pickFile_far+0x350>
    46e0: a5 16        	lda	$16                     ; 0x16 <__rc6>
    46e2: d0 38        	bne	$471c <pickFile_far+0x38c>
    46e4: 80 00        	bra	$46e6 <pickFile_far+0x356>
    46e6: a5 15        	lda	$15                     ; 0x15 <__rc5>
    46e8: d0 32        	bne	$471c <pickFile_far+0x38c>
    46ea: 80 00        	bra	$46ec <pickFile_far+0x35c>
    46ec: a5 14        	lda	$14                     ; 0x14 <__rc4>
    46ee: d0 2c        	bne	$471c <pickFile_far+0x38c>
    46f0: 80 00        	bra	$46f2 <pickFile_far+0x362>
    46f2: 18           	clc
    46f3: a5 10        	lda	$10                     ; 0x10 <__rc0>
    46f5: 69 4e        	adc	#$4e
    46f7: 85 12        	sta	$12                     ; 0x12 <__rc2>
    46f9: a5 11        	lda	$11                     ; 0x11 <__zp_data_size>
    46fb: 69 00        	adc	#$0
    46fd: 85 13        	sta	$13                     ; 0x13 <__rc3>
    46ff: b2 12        	lda	($12)                   ; 0x12 <__rc2>
    4701: aa           	tax
    4702: a0 01        	ldy	#$1
    4704: b1 12        	lda	($12),y                 ; 0x12 <__rc2>
    4706: e8           	inx
    4707: f0 03        	beq	$470c <pickFile_far+0x37c>
    4709: 4c 10 47     	jmp	$4710 <pickFile_far+0x380>
    470c: 1a           	inc
    470d: 4c 10 47     	jmp	$4710 <pickFile_far+0x380>
    4710: 85 14        	sta	$14                     ; 0x14 <__rc4>
    4712: 8a           	txa
    4713: 92 12        	sta	($12)                   ; 0x12 <__rc2>
    4715: a5 14        	lda	$14                     ; 0x14 <__rc4>
    4717: 91 12        	sta	($12),y                 ; 0x12 <__rc2>
    4719: 4c 3f 45     	jmp	$453f <pickFile_far+0x1af>
    471c: a9 46        	lda	#$46
    471e: a2 5f        	ldx	#$5f
    4720: a0 03        	ldy	#$3
    4722: 64 13        	stz	$13                     ; 0x13 <__rc3>
    4724: 84 12        	sty	$12                     ; 0x12 <__rc2>
    4726: 20 c4 05     	jsr	$5c4 <FAR_PEEKW>
    4729: 18           	clc
    472a: 48           	pha
    472b: a5 10        	lda	$10                     ; 0x10 <__rc0>
    472d: 69 47        	adc	#$47
    472f: 85 12        	sta	$12                     ; 0x12 <__rc2>
    4731: a5 11        	lda	$11                     ; 0x11 <__zp_data_size>
    4733: 69 00        	adc	#$0
    4735: 85 13        	sta	$13                     ; 0x13 <__rc3>
    4737: 68           	pla
    4738: 92 12        	sta	($12)                   ; 0x12 <__rc2>
    473a: a0 01        	ldy	#$1
    473c: 8a           	txa
    473d: 91 12        	sta	($12),y                 ; 0x12 <__rc2>
    473f: b2 12        	lda	($12)                   ; 0x12 <__rc2>
    4741: 85 14        	sta	$14                     ; 0x14 <__rc4>
    4743: b1 12        	lda	($12),y                 ; 0x12 <__rc2>
    4745: d0 39        	bne	$4780 <pickFile_far+0x3f0>
    4747: 80 00        	bra	$4749 <pickFile_far+0x3b9>
    4749: a5 14        	lda	$14                     ; 0x14 <__rc4>
    474b: d0 33        	bne	$4780 <pickFile_far+0x3f0>
    474d: 80 00        	bra	$474f <pickFile_far+0x3bf>
    474f: 18           	clc
    4750: a5 10        	lda	$10                     ; 0x10 <__rc0>
    4752: 69 5d        	adc	#$5d
    4754: 85 12        	sta	$12                     ; 0x12 <__rc2>
    4756: a5 11        	lda	$11                     ; 0x11 <__zp_data_size>
    4758: 69 00        	adc	#$0
    475a: 85 13        	sta	$13                     ; 0x13 <__rc3>
    475c: a9 00        	lda	#$0
    475e: 92 12        	sta	($12)                   ; 0x12 <__rc2>
    4760: 18           	clc
    4761: a5 10        	lda	$10                     ; 0x10 <__rc0>
    4763: 69 4a        	adc	#$4a
    4765: 85 12        	sta	$12                     ; 0x12 <__rc2>
    4767: a5 11        	lda	$11                     ; 0x11 <__zp_data_size>
    4769: 69 00        	adc	#$0
    476b: 85 13        	sta	$13                     ; 0x13 <__rc3>
    476d: a9 01        	lda	#$1
    476f: 92 12        	sta	($12)                   ; 0x12 <__rc2>
    4771: a8           	tay
    4772: 3a           	dec
    4773: 91 12        	sta	($12),y                 ; 0x12 <__rc2>
    4775: c8           	iny
    4776: 91 12        	sta	($12),y                 ; 0x12 <__rc2>
    4778: a9 00        	lda	#$0
    477a: c8           	iny
    477b: 91 12        	sta	($12),y                 ; 0x12 <__rc2>
    477d: 4c 25 48     	jmp	$4825 <pickFile_far+0x495>
    4780: 18           	clc
    4781: a5 10        	lda	$10                     ; 0x10 <__rc0>
    4783: 69 58        	adc	#$58
    4785: 85 12        	sta	$12                     ; 0x12 <__rc2>
    4787: a5 11        	lda	$11                     ; 0x11 <__zp_data_size>
    4789: 69 00        	adc	#$0
    478b: 85 13        	sta	$13                     ; 0x13 <__rc3>
    478d: b2 12        	lda	($12)                   ; 0x12 <__rc2>
    478f: 85 14        	sta	$14                     ; 0x14 <__rc4>
    4791: a0 01        	ldy	#$1
    4793: b1 12        	lda	($12),y                 ; 0x12 <__rc2>
    4795: 85 12        	sta	$12                     ; 0x12 <__rc2>
    4797: 18           	clc
    4798: a5 14        	lda	$14                     ; 0x14 <__rc4>
    479a: 69 76        	adc	#$76
    479c: a8           	tay
    479d: a5 12        	lda	$12                     ; 0x12 <__rc2>
    479f: 69 5e        	adc	#$5e
    47a1: aa           	tax
    47a2: a9 00        	lda	#$0
    47a4: 69 03        	adc	#$3
    47a6: 85 12        	sta	$12                     ; 0x12 <__rc2>
    47a8: a9 00        	lda	#$0
    47aa: 69 00        	adc	#$0
    47ac: 85 13        	sta	$13                     ; 0x13 <__rc3>
    47ae: 98           	tya
    47af: 20 a3 05     	jsr	$5a3 <FAR_PEEK>
    47b2: 18           	clc
    47b3: 48           	pha
    47b4: a5 10        	lda	$10                     ; 0x10 <__rc0>
    47b6: 69 46        	adc	#$46
    47b8: 85 12        	sta	$12                     ; 0x12 <__rc2>
    47ba: a5 11        	lda	$11                     ; 0x11 <__zp_data_size>
    47bc: 69 00        	adc	#$0
    47be: 85 13        	sta	$13                     ; 0x13 <__rc3>
    47c0: 68           	pla
    47c1: 92 12        	sta	($12)                   ; 0x12 <__rc2>
    47c3: b2 12        	lda	($12)                   ; 0x12 <__rc2>
    47c5: f0 32        	beq	$47f9 <pickFile_far+0x469>
    47c7: 80 00        	bra	$47c9 <pickFile_far+0x439>
    47c9: 18           	clc
    47ca: a5 10        	lda	$10                     ; 0x10 <__rc0>
    47cc: 69 5d        	adc	#$5d
    47ce: 85 12        	sta	$12                     ; 0x12 <__rc2>
    47d0: a5 11        	lda	$11                     ; 0x11 <__zp_data_size>
    47d2: 69 00        	adc	#$0
    47d4: 85 13        	sta	$13                     ; 0x13 <__rc3>
    47d6: a9 01        	lda	#$1
    47d8: 92 12        	sta	($12)                   ; 0x12 <__rc2>
    47da: 18           	clc
    47db: 48           	pha
    47dc: a5 10        	lda	$10                     ; 0x10 <__rc0>
    47de: 69 4a        	adc	#$4a
    47e0: 85 12        	sta	$12                     ; 0x12 <__rc2>
    47e2: a5 11        	lda	$11                     ; 0x11 <__zp_data_size>
    47e4: 69 00        	adc	#$0
    47e6: 85 13        	sta	$13                     ; 0x13 <__rc3>
    47e8: 68           	pla
    47e9: 92 12        	sta	($12)                   ; 0x12 <__rc2>
    47eb: a0 01        	ldy	#$1
    47ed: a9 00        	lda	#$0
    47ef: 91 12        	sta	($12),y                 ; 0x12 <__rc2>
    47f1: c8           	iny
    47f2: 91 12        	sta	($12),y                 ; 0x12 <__rc2>
    47f4: c8           	iny
    47f5: 91 12        	sta	($12),y                 ; 0x12 <__rc2>
    47f7: 80 2c        	bra	$4825 <pickFile_far+0x495>
    47f9: 18           	clc
    47fa: a5 10        	lda	$10                     ; 0x10 <__rc0>
    47fc: 69 5d        	adc	#$5d
    47fe: 85 12        	sta	$12                     ; 0x12 <__rc2>
    4800: a5 11        	lda	$11                     ; 0x11 <__zp_data_size>
    4802: 69 00        	adc	#$0
    4804: 85 13        	sta	$13                     ; 0x13 <__rc3>
    4806: a9 02        	lda	#$2
    4808: 92 12        	sta	($12)                   ; 0x12 <__rc2>
    480a: 18           	clc
    480b: a5 10        	lda	$10                     ; 0x10 <__rc0>
    480d: 69 4a        	adc	#$4a
    480f: 85 12        	sta	$12                     ; 0x12 <__rc2>
    4811: a5 11        	lda	$11                     ; 0x11 <__zp_data_size>
    4813: 69 00        	adc	#$0
    4815: 85 13        	sta	$13                     ; 0x13 <__rc3>
    4817: a9 01        	lda	#$1
    4819: 92 12        	sta	($12)                   ; 0x12 <__rc2>
    481b: a8           	tay
    481c: 3a           	dec
    481d: 91 12        	sta	($12),y                 ; 0x12 <__rc2>
    481f: c8           	iny
    4820: 91 12        	sta	($12),y                 ; 0x12 <__rc2>
    4822: c8           	iny
    4823: 91 12        	sta	($12),y                 ; 0x12 <__rc2>
    4825: 4c 77 53     	jmp	$5377 <pickFile_far+0xfe7>
    4828: a9 42        	lda	#$42
    482a: a2 03        	ldx	#$3
    482c: 86 12        	stx	$12                     ; 0x12 <__rc2>
    482e: 86 24        	stx	$24                     ; 0x24 <__rc20>
    4830: 64 13        	stz	$13                     ; 0x13 <__rc3>
    4832: a2 5f        	ldx	#$5f
    4834: 20 c4 05     	jsr	$5c4 <FAR_PEEKW>
    4837: 18           	clc
    4838: 48           	pha
    4839: a5 10        	lda	$10                     ; 0x10 <__rc0>
    483b: 69 44        	adc	#$44
    483d: 85 26        	sta	$26                     ; 0x26 <__rc22>
    483f: a5 11        	lda	$11                     ; 0x11 <__zp_data_size>
    4841: 69 00        	adc	#$0
    4843: 85 27        	sta	$27                     ; 0x27 <__rc23>
    4845: 68           	pla
    4846: 92 26        	sta	($26)                   ; 0x26 <__rc22>
    4848: a0 01        	ldy	#$1
    484a: 8a           	txa
    484b: 91 26        	sta	($26),y                 ; 0x26 <__rc22>
    484d: a2 01        	ldx	#$1
    484f: 86 25        	stx	$25                     ; 0x25 <__rc21>
    4851: a9 46        	lda	#$46
    4853: a6 24        	ldx	$24                     ; 0x24 <__rc20>
    4855: 86 12        	stx	$12                     ; 0x12 <__rc2>
    4857: 64 13        	stz	$13                     ; 0x13 <__rc3>
    4859: a2 5f        	ldx	#$5f
    485b: 20 c4 05     	jsr	$5c4 <FAR_PEEKW>
    485e: 18           	clc
    485f: 48           	pha
    4860: a5 10        	lda	$10                     ; 0x10 <__rc0>
    4862: 69 42        	adc	#$42
    4864: 85 12        	sta	$12                     ; 0x12 <__rc2>
    4866: a5 11        	lda	$11                     ; 0x11 <__zp_data_size>
    4868: 69 00        	adc	#$0
    486a: 85 13        	sta	$13                     ; 0x13 <__rc3>
    486c: 68           	pla
    486d: 92 12        	sta	($12)                   ; 0x12 <__rc2>
    486f: a4 25        	ldy	$25                     ; 0x25 <__rc21>
    4871: 8a           	txa
    4872: 91 12        	sta	($12),y                 ; 0x12 <__rc2>
    4874: a9 4a        	lda	#$4a
    4876: a6 24        	ldx	$24                     ; 0x24 <__rc20>
    4878: 86 12        	stx	$12                     ; 0x12 <__rc2>
    487a: 64 13        	stz	$13                     ; 0x13 <__rc3>
    487c: a2 5f        	ldx	#$5f
    487e: 20 c4 05     	jsr	$5c4 <FAR_PEEKW>
    4881: 18           	clc
    4882: 48           	pha
    4883: a5 10        	lda	$10                     ; 0x10 <__rc0>
    4885: 69 40        	adc	#$40
    4887: 85 12        	sta	$12                     ; 0x12 <__rc2>
    4889: a5 11        	lda	$11                     ; 0x11 <__zp_data_size>
    488b: 69 00        	adc	#$0
    488d: 85 13        	sta	$13                     ; 0x13 <__rc3>
    488f: 68           	pla
    4890: 92 12        	sta	($12)                   ; 0x12 <__rc2>
    4892: a4 25        	ldy	$25                     ; 0x25 <__rc21>
    4894: 8a           	txa
    4895: 91 12        	sta	($12),y                 ; 0x12 <__rc2>
    4897: a6 24        	ldx	$24                     ; 0x24 <__rc20>
    4899: 86 12        	stx	$12                     ; 0x12 <__rc2>
    489b: 64 13        	stz	$13                     ; 0x13 <__rc3>
    489d: a2 00        	ldx	#$0
    489f: 8a           	txa
    48a0: 20 a3 05     	jsr	$5a3 <FAR_PEEK>
    48a3: 18           	clc
    48a4: 48           	pha
    48a5: a5 10        	lda	$10                     ; 0x10 <__rc0>
    48a7: 69 3f        	adc	#$3f
    48a9: 85 12        	sta	$12                     ; 0x12 <__rc2>
    48ab: a5 11        	lda	$11                     ; 0x11 <__zp_data_size>
    48ad: 69 00        	adc	#$0
    48af: 85 13        	sta	$13                     ; 0x13 <__rc3>
    48b1: 68           	pla
    48b2: 92 12        	sta	($12)                   ; 0x12 <__rc2>
    48b4: a6 24        	ldx	$24                     ; 0x24 <__rc20>
    48b6: 86 12        	stx	$12                     ; 0x12 <__rc2>
    48b8: 64 13        	stz	$13                     ; 0x13 <__rc3>
    48ba: a2 00        	ldx	#$0
    48bc: a5 25        	lda	$25                     ; 0x25 <__rc21>
    48be: 20 a3 05     	jsr	$5a3 <FAR_PEEK>
    48c1: 18           	clc
    48c2: 48           	pha
    48c3: a5 10        	lda	$10                     ; 0x10 <__rc0>
    48c5: 69 3e        	adc	#$3e
    48c7: 85 12        	sta	$12                     ; 0x12 <__rc2>
    48c9: a5 11        	lda	$11                     ; 0x11 <__zp_data_size>
    48cb: 69 00        	adc	#$0
    48cd: 85 13        	sta	$13                     ; 0x13 <__rc3>
    48cf: 68           	pla
    48d0: 92 12        	sta	($12)                   ; 0x12 <__rc2>
    48d2: b2 26        	lda	($26)                   ; 0x26 <__rc22>
    48d4: 85 12        	sta	$12                     ; 0x12 <__rc2>
    48d6: a4 25        	ldy	$25                     ; 0x25 <__rc21>
    48d8: b1 26        	lda	($26),y                 ; 0x26 <__rc22>
    48da: c9 00        	cmp	#$0
    48dc: a2 01        	ldx	#$1
    48de: b0 02        	bcs	$48e2 <pickFile_far+0x552>
    48e0: a2 00        	ldx	#$0
    48e2: 86 13        	stx	$13                     ; 0x13 <__rc3>
    48e4: aa           	tax
    48e5: f0 02        	beq	$48e9 <pickFile_far+0x559>
    48e7: 80 09        	bra	$48f2 <pickFile_far+0x562>
    48e9: a6 12        	ldx	$12                     ; 0x12 <__rc2>
    48eb: e0 01        	cpx	#$1
    48ed: b0 0a        	bcs	$48f9 <pickFile_far+0x569>
    48ef: 4c 37 4b     	jmp	$4b37 <pickFile_far+0x7a7>
    48f2: a5 13        	lda	$13                     ; 0x13 <__rc3>
    48f4: d0 03        	bne	$48f9 <pickFile_far+0x569>
    48f6: 4c 37 4b     	jmp	$4b37 <pickFile_far+0x7a7>
    48f9: 80 00        	bra	$48fb <pickFile_far+0x56b>
    48fb: 18           	clc
    48fc: a5 10        	lda	$10                     ; 0x10 <__rc0>
    48fe: 69 42        	adc	#$42
    4900: 85 12        	sta	$12                     ; 0x12 <__rc2>
    4902: a5 11        	lda	$11                     ; 0x11 <__zp_data_size>
    4904: 69 00        	adc	#$0
    4906: 85 13        	sta	$13                     ; 0x13 <__rc3>
    4908: b2 12        	lda	($12)                   ; 0x12 <__rc2>
    490a: 85 14        	sta	$14                     ; 0x14 <__rc4>
    490c: a0 01        	ldy	#$1
    490e: b1 12        	lda	($12),y                 ; 0x12 <__rc2>
    4910: c9 00        	cmp	#$0
    4912: a2 01        	ldx	#$1
    4914: b0 02        	bcs	$4918 <pickFile_far+0x588>
    4916: a2 00        	ldx	#$0
    4918: 86 12        	stx	$12                     ; 0x12 <__rc2>
    491a: aa           	tax
    491b: f0 02        	beq	$491f <pickFile_far+0x58f>
    491d: 80 09        	bra	$4928 <pickFile_far+0x598>
    491f: a6 14        	ldx	$14                     ; 0x14 <__rc4>
    4921: e0 01        	cpx	#$1
    4923: b0 0a        	bcs	$492f <pickFile_far+0x59f>
    4925: 4c 1e 4a     	jmp	$4a1e <pickFile_far+0x68e>
    4928: a5 12        	lda	$12                     ; 0x12 <__rc2>
    492a: d0 03        	bne	$492f <pickFile_far+0x59f>
    492c: 4c 1e 4a     	jmp	$4a1e <pickFile_far+0x68e>
    492f: 80 00        	bra	$4931 <pickFile_far+0x5a1>
    4931: 18           	clc
    4932: a5 10        	lda	$10                     ; 0x10 <__rc0>
    4934: 69 3f        	adc	#$3f
    4936: 85 24        	sta	$24                     ; 0x24 <__rc20>
    4938: a5 11        	lda	$11                     ; 0x11 <__zp_data_size>
    493a: 69 00        	adc	#$0
    493c: 85 25        	sta	$25                     ; 0x25 <__rc21>
    493e: b2 24        	lda	($24)                   ; 0x24 <__rc20>
    4940: a8           	tay
    4941: 18           	clc
    4942: a5 10        	lda	$10                     ; 0x10 <__rc0>
    4944: 69 3e        	adc	#$3e
    4946: 85 2a        	sta	$2a                     ; 0x2a <__rc26>
    4948: a5 11        	lda	$11                     ; 0x11 <__zp_data_size>
    494a: 69 00        	adc	#$0
    494c: 85 2b        	sta	$2b                     ; 0x2b <__rc27>
    494e: 18           	clc
    494f: a5 10        	lda	$10                     ; 0x10 <__rc0>
    4951: 69 42        	adc	#$42
    4953: 85 26        	sta	$26                     ; 0x26 <__rc22>
    4955: a5 11        	lda	$11                     ; 0x11 <__zp_data_size>
    4957: 69 00        	adc	#$0
    4959: 85 27        	sta	$27                     ; 0x27 <__rc23>
    495b: b2 26        	lda	($26)                   ; 0x26 <__rc22>
    495d: 18           	clc
    495e: 72 2a        	adc	($2a)                   ; 0x2a <__rc26>
    4960: aa           	tax
    4961: 98           	tya
    4962: 20 01 2f     	jsr	$2f01 <textGotoXY>
    4965: a9 20        	lda	#$20
    4967: 92 10        	sta	($10)                   ; 0x10 <__rc0>
    4969: a0 01        	ldy	#$1
    496b: a9 00        	lda	#$0
    496d: 91 10        	sta	($10),y                 ; 0x10 <__rc0>
    496f: a2 e8        	ldx	#$e8
    4971: 86 12        	stx	$12                     ; 0x12 <__rc2>
    4973: a2 86        	ldx	#$86
    4975: 86 13        	stx	$13                     ; 0x13 <__rc3>
    4977: a5 12        	lda	$12                     ; 0x12 <__rc2>
    4979: a0 0a        	ldy	#$a
    497b: 91 10        	sta	($10),y                 ; 0x10 <__rc0>
    497d: a5 13        	lda	$13                     ; 0x13 <__rc3>
    497f: c8           	iny
    4980: 91 10        	sta	($10),y                 ; 0x10 <__rc0>
    4982: 20 df 7b     	jsr	$7bdf <printf>
    4985: 18           	clc
    4986: a5 10        	lda	$10                     ; 0x10 <__rc0>
    4988: 69 44        	adc	#$44
    498a: 85 12        	sta	$12                     ; 0x12 <__rc2>
    498c: a5 11        	lda	$11                     ; 0x11 <__zp_data_size>
    498e: 69 00        	adc	#$0
    4990: 85 13        	sta	$13                     ; 0x13 <__rc3>
    4992: b2 12        	lda	($12)                   ; 0x12 <__rc2>
    4994: aa           	tax
    4995: a0 01        	ldy	#$1
    4997: b1 12        	lda	($12),y                 ; 0x12 <__rc2>
    4999: 85 14        	sta	$14                     ; 0x14 <__rc4>
    499b: 8a           	txa
    499c: 3a           	dec
    499d: c9 ff        	cmp	#$ff
    499f: f0 03        	beq	$49a4 <pickFile_far+0x614>
    49a1: 4c a9 49     	jmp	$49a9 <pickFile_far+0x619>
    49a4: c6 14        	dec	$14                     ; 0x14 <__rc4>
    49a6: 4c a9 49     	jmp	$49a9 <pickFile_far+0x619>
    49a9: 92 12        	sta	($12)                   ; 0x12 <__rc2>
    49ab: a5 14        	lda	$14                     ; 0x14 <__rc4>
    49ad: 91 12        	sta	($12),y                 ; 0x12 <__rc2>
    49af: b2 26        	lda	($26)                   ; 0x26 <__rc22>
    49b1: aa           	tax
    49b2: b1 26        	lda	($26),y                 ; 0x26 <__rc22>
    49b4: 85 14        	sta	$14                     ; 0x14 <__rc4>
    49b6: 8a           	txa
    49b7: 3a           	dec
    49b8: c9 ff        	cmp	#$ff
    49ba: f0 03        	beq	$49bf <pickFile_far+0x62f>
    49bc: 4c c4 49     	jmp	$49c4 <pickFile_far+0x634>
    49bf: c6 14        	dec	$14                     ; 0x14 <__rc4>
    49c1: 4c c4 49     	jmp	$49c4 <pickFile_far+0x634>
    49c4: 92 26        	sta	($26)                   ; 0x26 <__rc22>
    49c6: a5 14        	lda	$14                     ; 0x14 <__rc4>
    49c8: 91 26        	sta	($26),y                 ; 0x26 <__rc22>
    49ca: b2 12        	lda	($12)                   ; 0x12 <__rc2>
    49cc: 85 14        	sta	$14                     ; 0x14 <__rc4>
    49ce: b1 12        	lda	($12),y                 ; 0x12 <__rc2>
    49d0: a2 03        	ldx	#$3
    49d2: 86 12        	stx	$12                     ; 0x12 <__rc2>
    49d4: 64 13        	stz	$13                     ; 0x13 <__rc3>
    49d6: 85 15        	sta	$15                     ; 0x15 <__rc5>
    49d8: a2 5f        	ldx	#$5f
    49da: a9 42        	lda	#$42
    49dc: 20 11 06     	jsr	$611 <FAR_POKEW>
    49df: b2 26        	lda	($26)                   ; 0x26 <__rc22>
    49e1: 85 14        	sta	$14                     ; 0x14 <__rc4>
    49e3: a0 01        	ldy	#$1
    49e5: b1 26        	lda	($26),y                 ; 0x26 <__rc22>
    49e7: a2 03        	ldx	#$3
    49e9: 86 12        	stx	$12                     ; 0x12 <__rc2>
    49eb: 64 13        	stz	$13                     ; 0x13 <__rc3>
    49ed: 85 15        	sta	$15                     ; 0x15 <__rc5>
    49ef: a2 5f        	ldx	#$5f
    49f1: a9 46        	lda	#$46
    49f3: 20 11 06     	jsr	$611 <FAR_POKEW>
    49f6: b2 24        	lda	($24)                   ; 0x24 <__rc20>
    49f8: a8           	tay
    49f9: b2 26        	lda	($26)                   ; 0x26 <__rc22>
    49fb: 18           	clc
    49fc: 72 2a        	adc	($2a)                   ; 0x2a <__rc26>
    49fe: aa           	tax
    49ff: 98           	tya
    4a00: 20 01 2f     	jsr	$2f01 <textGotoXY>
    4a03: a9 fa        	lda	#$fa
    4a05: 92 10        	sta	($10)                   ; 0x10 <__rc0>
    4a07: a9 00        	lda	#$0
    4a09: a0 01        	ldy	#$1
    4a0b: 91 10        	sta	($10),y                 ; 0x10 <__rc0>
    4a0d: a0 0a        	ldy	#$a
    4a0f: b1 10        	lda	($10),y                 ; 0x10 <__rc0>
    4a11: 85 12        	sta	$12                     ; 0x12 <__rc2>
    4a13: c8           	iny
    4a14: b1 10        	lda	($10),y                 ; 0x10 <__rc0>
    4a16: 85 13        	sta	$13                     ; 0x13 <__rc3>
    4a18: 20 df 7b     	jsr	$7bdf <printf>
    4a1b: 4c 37 4b     	jmp	$4b37 <pickFile_far+0x7a7>
    4a1e: 18           	clc
    4a1f: a5 10        	lda	$10                     ; 0x10 <__rc0>
    4a21: 69 3f        	adc	#$3f
    4a23: 85 12        	sta	$12                     ; 0x12 <__rc2>
    4a25: a5 11        	lda	$11                     ; 0x11 <__zp_data_size>
    4a27: 69 00        	adc	#$0
    4a29: 85 13        	sta	$13                     ; 0x13 <__rc3>
    4a2b: a5 12        	lda	$12                     ; 0x12 <__rc2>
    4a2d: a0 18        	ldy	#$18
    4a2f: 91 10        	sta	($10),y                 ; 0x10 <__rc0>
    4a31: a5 13        	lda	$13                     ; 0x13 <__rc3>
    4a33: c8           	iny
    4a34: 91 10        	sta	($10),y                 ; 0x10 <__rc0>
    4a36: b2 12        	lda	($12)                   ; 0x12 <__rc2>
    4a38: a8           	tay
    4a39: 18           	clc
    4a3a: 5a           	phy
    4a3b: a5 10        	lda	$10                     ; 0x10 <__rc0>
    4a3d: 69 3e        	adc	#$3e
    4a3f: 85 12        	sta	$12                     ; 0x12 <__rc2>
    4a41: a5 11        	lda	$11                     ; 0x11 <__zp_data_size>
    4a43: 69 00        	adc	#$0
    4a45: 85 13        	sta	$13                     ; 0x13 <__rc3>
    4a47: a5 12        	lda	$12                     ; 0x12 <__rc2>
    4a49: a0 06        	ldy	#$6
    4a4b: 91 10        	sta	($10),y                 ; 0x10 <__rc0>
    4a4d: a5 13        	lda	$13                     ; 0x13 <__rc3>
    4a4f: c8           	iny
    4a50: 91 10        	sta	($10),y                 ; 0x10 <__rc0>
    4a52: 7a           	ply
    4a53: 18           	clc
    4a54: a5 10        	lda	$10                     ; 0x10 <__rc0>
    4a56: 69 42        	adc	#$42
    4a58: 85 26        	sta	$26                     ; 0x26 <__rc22>
    4a5a: a5 11        	lda	$11                     ; 0x11 <__zp_data_size>
    4a5c: 69 00        	adc	#$0
    4a5e: 85 27        	sta	$27                     ; 0x27 <__rc23>
    4a60: b2 26        	lda	($26)                   ; 0x26 <__rc22>
    4a62: 18           	clc
    4a63: 72 12        	adc	($12)                   ; 0x12 <__rc2>
    4a65: aa           	tax
    4a66: 98           	tya
    4a67: 20 01 2f     	jsr	$2f01 <textGotoXY>
    4a6a: a9 20        	lda	#$20
    4a6c: 92 10        	sta	($10)                   ; 0x10 <__rc0>
    4a6e: a0 01        	ldy	#$1
    4a70: a9 00        	lda	#$0
    4a72: 91 10        	sta	($10),y                 ; 0x10 <__rc0>
    4a74: a2 e8        	ldx	#$e8
    4a76: 86 12        	stx	$12                     ; 0x12 <__rc2>
    4a78: a2 86        	ldx	#$86
    4a7a: 86 13        	stx	$13                     ; 0x13 <__rc3>
    4a7c: a5 12        	lda	$12                     ; 0x12 <__rc2>
    4a7e: a0 10        	ldy	#$10
    4a80: 91 10        	sta	($10),y                 ; 0x10 <__rc0>
    4a82: a5 13        	lda	$13                     ; 0x13 <__rc3>
    4a84: c8           	iny
    4a85: 91 10        	sta	($10),y                 ; 0x10 <__rc0>
    4a87: 20 df 7b     	jsr	$7bdf <printf>
    4a8a: a9 0f        	lda	#$f
    4a8c: 92 26        	sta	($26)                   ; 0x26 <__rc22>
    4a8e: a9 00        	lda	#$0
    4a90: a0 01        	ldy	#$1
    4a92: 91 26        	sta	($26),y                 ; 0x26 <__rc22>
    4a94: 18           	clc
    4a95: a5 10        	lda	$10                     ; 0x10 <__rc0>
    4a97: 69 40        	adc	#$40
    4a99: 85 24        	sta	$24                     ; 0x24 <__rc20>
    4a9b: a5 11        	lda	$11                     ; 0x11 <__zp_data_size>
    4a9d: 69 00        	adc	#$0
    4a9f: 85 25        	sta	$25                     ; 0x25 <__rc21>
    4aa1: b2 24        	lda	($24)                   ; 0x24 <__rc20>
    4aa3: 85 13        	sta	$13                     ; 0x13 <__rc3>
    4aa5: b1 24        	lda	($24),y                 ; 0x24 <__rc20>
    4aa7: 85 12        	sta	$12                     ; 0x12 <__rc2>
    4aa9: 18           	clc
    4aaa: a5 13        	lda	$13                     ; 0x13 <__rc3>
    4aac: 69 f1        	adc	#$f1
    4aae: 85 13        	sta	$13                     ; 0x13 <__rc3>
    4ab0: a5 12        	lda	$12                     ; 0x12 <__rc2>
    4ab2: 69 ff        	adc	#$ff
    4ab4: aa           	tax
    4ab5: a5 13        	lda	$13                     ; 0x13 <__rc3>
    4ab7: 92 24        	sta	($24)                   ; 0x24 <__rc20>
    4ab9: 8a           	txa
    4aba: 91 24        	sta	($24),y                 ; 0x24 <__rc20>
    4abc: b2 26        	lda	($26)                   ; 0x26 <__rc22>
    4abe: 85 14        	sta	$14                     ; 0x14 <__rc4>
    4ac0: b1 26        	lda	($26),y                 ; 0x26 <__rc22>
    4ac2: a2 03        	ldx	#$3
    4ac4: 86 12        	stx	$12                     ; 0x12 <__rc2>
    4ac6: 86 2a        	stx	$2a                     ; 0x2a <__rc26>
    4ac8: 64 13        	stz	$13                     ; 0x13 <__rc3>
    4aca: 85 15        	sta	$15                     ; 0x15 <__rc5>
    4acc: a2 5f        	ldx	#$5f
    4ace: a9 46        	lda	#$46
    4ad0: 20 11 06     	jsr	$611 <FAR_POKEW>
    4ad3: b2 24        	lda	($24)                   ; 0x24 <__rc20>
    4ad5: 85 14        	sta	$14                     ; 0x14 <__rc4>
    4ad7: a0 01        	ldy	#$1
    4ad9: b1 24        	lda	($24),y                 ; 0x24 <__rc20>
    4adb: a6 2a        	ldx	$2a                     ; 0x2a <__rc26>
    4add: 86 12        	stx	$12                     ; 0x12 <__rc2>
    4adf: 64 13        	stz	$13                     ; 0x13 <__rc3>
    4ae1: 85 15        	sta	$15                     ; 0x15 <__rc5>
    4ae3: a2 5f        	ldx	#$5f
    4ae5: a9 4a        	lda	#$4a
    4ae7: 20 11 06     	jsr	$611 <FAR_POKEW>
    4aea: b2 24        	lda	($24)                   ; 0x24 <__rc20>
    4aec: 85 12        	sta	$12                     ; 0x12 <__rc2>
    4aee: a0 01        	ldy	#$1
    4af0: b1 24        	lda	($24),y                 ; 0x24 <__rc20>
    4af2: aa           	tax
    4af3: a5 12        	lda	$12                     ; 0x12 <__rc2>
    4af5: 20 43 3f     	jsr	$3f43 <displayFileList_far>
    4af8: a0 18        	ldy	#$18
    4afa: b1 10        	lda	($10),y                 ; 0x10 <__rc0>
    4afc: 85 12        	sta	$12                     ; 0x12 <__rc2>
    4afe: c8           	iny
    4aff: b1 10        	lda	($10),y                 ; 0x10 <__rc0>
    4b01: 85 13        	sta	$13                     ; 0x13 <__rc3>
    4b03: b2 12        	lda	($12)                   ; 0x12 <__rc2>
    4b05: a8           	tay
    4b06: b2 26        	lda	($26)                   ; 0x26 <__rc22>
    4b08: 18           	clc
    4b09: 48           	pha
    4b0a: 5a           	phy
    4b0b: a0 06        	ldy	#$6
    4b0d: b1 10        	lda	($10),y                 ; 0x10 <__rc0>
    4b0f: 85 12        	sta	$12                     ; 0x12 <__rc2>
    4b11: c8           	iny
    4b12: b1 10        	lda	($10),y                 ; 0x10 <__rc0>
    4b14: 7a           	ply
    4b15: 85 13        	sta	$13                     ; 0x13 <__rc3>
    4b17: 68           	pla
    4b18: 72 12        	adc	($12)                   ; 0x12 <__rc2>
    4b1a: aa           	tax
    4b1b: 98           	tya
    4b1c: 20 01 2f     	jsr	$2f01 <textGotoXY>
    4b1f: a9 fa        	lda	#$fa
    4b21: 92 10        	sta	($10)                   ; 0x10 <__rc0>
    4b23: a9 00        	lda	#$0
    4b25: a0 01        	ldy	#$1
    4b27: 91 10        	sta	($10),y                 ; 0x10 <__rc0>
    4b29: a0 10        	ldy	#$10
    4b2b: b1 10        	lda	($10),y                 ; 0x10 <__rc0>
    4b2d: 85 12        	sta	$12                     ; 0x12 <__rc2>
    4b2f: c8           	iny
    4b30: b1 10        	lda	($10),y                 ; 0x10 <__rc0>
    4b32: 85 13        	sta	$13                     ; 0x13 <__rc3>
    4b34: 20 df 7b     	jsr	$7bdf <printf>
    4b37: 4c 74 53     	jmp	$5374 <pickFile_far+0xfe4>
    4b3a: a9 42        	lda	#$42
    4b3c: a2 03        	ldx	#$3
    4b3e: 86 12        	stx	$12                     ; 0x12 <__rc2>
    4b40: 86 2a        	stx	$2a                     ; 0x2a <__rc26>
    4b42: 64 13        	stz	$13                     ; 0x13 <__rc3>
    4b44: a2 5f        	ldx	#$5f
    4b46: 20 c4 05     	jsr	$5c4 <FAR_PEEKW>
    4b49: 18           	clc
    4b4a: 48           	pha
    4b4b: a5 10        	lda	$10                     ; 0x10 <__rc0>
    4b4d: 69 3c        	adc	#$3c
    4b4f: 85 26        	sta	$26                     ; 0x26 <__rc22>
    4b51: a5 11        	lda	$11                     ; 0x11 <__zp_data_size>
    4b53: 69 00        	adc	#$0
    4b55: 85 27        	sta	$27                     ; 0x27 <__rc23>
    4b57: 68           	pla
    4b58: 92 26        	sta	($26)                   ; 0x26 <__rc22>
    4b5a: a0 01        	ldy	#$1
    4b5c: 8a           	txa
    4b5d: 91 26        	sta	($26),y                 ; 0x26 <__rc22>
    4b5f: a2 01        	ldx	#$1
    4b61: 86 2b        	stx	$2b                     ; 0x2b <__rc27>
    4b63: a9 46        	lda	#$46
    4b65: a6 2a        	ldx	$2a                     ; 0x2a <__rc26>
    4b67: 86 12        	stx	$12                     ; 0x12 <__rc2>
    4b69: 64 13        	stz	$13                     ; 0x13 <__rc3>
    4b6b: a2 5f        	ldx	#$5f
    4b6d: 20 c4 05     	jsr	$5c4 <FAR_PEEKW>
    4b70: 18           	clc
    4b71: 48           	pha
    4b72: a5 10        	lda	$10                     ; 0x10 <__rc0>
    4b74: 69 3a        	adc	#$3a
    4b76: 85 12        	sta	$12                     ; 0x12 <__rc2>
    4b78: a5 11        	lda	$11                     ; 0x11 <__zp_data_size>
    4b7a: 69 00        	adc	#$0
    4b7c: 85 13        	sta	$13                     ; 0x13 <__rc3>
    4b7e: 68           	pla
    4b7f: 92 12        	sta	($12)                   ; 0x12 <__rc2>
    4b81: a4 2b        	ldy	$2b                     ; 0x2b <__rc27>
    4b83: 8a           	txa
    4b84: 91 12        	sta	($12),y                 ; 0x12 <__rc2>
    4b86: a9 4a        	lda	#$4a
    4b88: a6 2a        	ldx	$2a                     ; 0x2a <__rc26>
    4b8a: 86 12        	stx	$12                     ; 0x12 <__rc2>
    4b8c: 64 13        	stz	$13                     ; 0x13 <__rc3>
    4b8e: a2 5f        	ldx	#$5f
    4b90: 20 c4 05     	jsr	$5c4 <FAR_PEEKW>
    4b93: 18           	clc
    4b94: 48           	pha
    4b95: a5 10        	lda	$10                     ; 0x10 <__rc0>
    4b97: 69 38        	adc	#$38
    4b99: 85 12        	sta	$12                     ; 0x12 <__rc2>
    4b9b: a5 11        	lda	$11                     ; 0x11 <__zp_data_size>
    4b9d: 69 00        	adc	#$0
    4b9f: 85 13        	sta	$13                     ; 0x13 <__rc3>
    4ba1: 68           	pla
    4ba2: 92 12        	sta	($12)                   ; 0x12 <__rc2>
    4ba4: a4 2b        	ldy	$2b                     ; 0x2b <__rc27>
    4ba6: 8a           	txa
    4ba7: 91 12        	sta	($12),y                 ; 0x12 <__rc2>
    4ba9: a9 3e        	lda	#$3e
    4bab: a6 2a        	ldx	$2a                     ; 0x2a <__rc26>
    4bad: 86 12        	stx	$12                     ; 0x12 <__rc2>
    4baf: 64 13        	stz	$13                     ; 0x13 <__rc3>
    4bb1: a2 5f        	ldx	#$5f
    4bb3: 20 c4 05     	jsr	$5c4 <FAR_PEEKW>
    4bb6: 18           	clc
    4bb7: 48           	pha
    4bb8: a5 10        	lda	$10                     ; 0x10 <__rc0>
    4bba: 69 36        	adc	#$36
    4bbc: 85 24        	sta	$24                     ; 0x24 <__rc20>
    4bbe: a5 11        	lda	$11                     ; 0x11 <__zp_data_size>
    4bc0: 69 00        	adc	#$0
    4bc2: 85 25        	sta	$25                     ; 0x25 <__rc21>
    4bc4: 68           	pla
    4bc5: 92 24        	sta	($24)                   ; 0x24 <__rc20>
    4bc7: a4 2b        	ldy	$2b                     ; 0x2b <__rc27>
    4bc9: 8a           	txa
    4bca: 91 24        	sta	($24),y                 ; 0x24 <__rc20>
    4bcc: a6 2a        	ldx	$2a                     ; 0x2a <__rc26>
    4bce: 86 12        	stx	$12                     ; 0x12 <__rc2>
    4bd0: 64 13        	stz	$13                     ; 0x13 <__rc3>
    4bd2: a2 00        	ldx	#$0
    4bd4: 8a           	txa
    4bd5: 20 a3 05     	jsr	$5a3 <FAR_PEEK>
    4bd8: 18           	clc
    4bd9: 48           	pha
    4bda: a5 10        	lda	$10                     ; 0x10 <__rc0>
    4bdc: 69 35        	adc	#$35
    4bde: 85 12        	sta	$12                     ; 0x12 <__rc2>
    4be0: a5 11        	lda	$11                     ; 0x11 <__zp_data_size>
    4be2: 69 00        	adc	#$0
    4be4: 85 13        	sta	$13                     ; 0x13 <__rc3>
    4be6: 68           	pla
    4be7: 92 12        	sta	($12)                   ; 0x12 <__rc2>
    4be9: a6 2a        	ldx	$2a                     ; 0x2a <__rc26>
    4beb: 86 12        	stx	$12                     ; 0x12 <__rc2>
    4bed: 64 13        	stz	$13                     ; 0x13 <__rc3>
    4bef: a2 00        	ldx	#$0
    4bf1: a5 2b        	lda	$2b                     ; 0x2b <__rc27>
    4bf3: 20 a3 05     	jsr	$5a3 <FAR_PEEK>
    4bf6: 18           	clc
    4bf7: 48           	pha
    4bf8: a5 10        	lda	$10                     ; 0x10 <__rc0>
    4bfa: 69 34        	adc	#$34
    4bfc: 85 12        	sta	$12                     ; 0x12 <__rc2>
    4bfe: a5 11        	lda	$11                     ; 0x11 <__zp_data_size>
    4c00: 69 00        	adc	#$0
    4c02: 85 13        	sta	$13                     ; 0x13 <__rc3>
    4c04: 68           	pla
    4c05: 92 12        	sta	($12)                   ; 0x12 <__rc2>
    4c07: b2 26        	lda	($26)                   ; 0x26 <__rc22>
    4c09: 85 14        	sta	$14                     ; 0x14 <__rc4>
    4c0b: a4 2b        	ldy	$2b                     ; 0x2b <__rc27>
    4c0d: b1 26        	lda	($26),y                 ; 0x26 <__rc22>
    4c0f: 85 15        	sta	$15                     ; 0x15 <__rc5>
    4c11: b2 24        	lda	($24)                   ; 0x24 <__rc20>
    4c13: 85 12        	sta	$12                     ; 0x12 <__rc2>
    4c15: b1 24        	lda	($24),y                 ; 0x24 <__rc20>
    4c17: 85 13        	sta	$13                     ; 0x13 <__rc3>
    4c19: a2 ff        	ldx	#$ff
    4c1b: c6 12        	dec	$12                     ; 0x12 <__rc2>
    4c1d: e4 12        	cpx	$12                     ; 0x12 <__rc2>
    4c1f: f0 03        	beq	$4c24 <pickFile_far+0x894>
    4c21: 4c 29 4c     	jmp	$4c29 <pickFile_far+0x899>
    4c24: c6 13        	dec	$13                     ; 0x13 <__rc3>
    4c26: 4c 29 4c     	jmp	$4c29 <pickFile_far+0x899>
    4c29: a6 15        	ldx	$15                     ; 0x15 <__rc5>
    4c2b: e4 13        	cpx	$13                     ; 0x13 <__rc3>
    4c2d: a0 01        	ldy	#$1
    4c2f: b0 02        	bcs	$4c33 <pickFile_far+0x8a3>
    4c31: a0 00        	ldy	#$0
    4c33: 84 15        	sty	$15                     ; 0x15 <__rc5>
    4c35: e4 13        	cpx	$13                     ; 0x13 <__rc3>
    4c37: f0 02        	beq	$4c3b <pickFile_far+0x8ab>
    4c39: 80 09        	bra	$4c44 <pickFile_far+0x8b4>
    4c3b: a6 14        	ldx	$14                     ; 0x14 <__rc4>
    4c3d: e4 12        	cpx	$12                     ; 0x12 <__rc2>
    4c3f: 90 0a        	bcc	$4c4b <pickFile_far+0x8bb>
    4c41: 4c d8 4e     	jmp	$4ed8 <pickFile_far+0xb48>
    4c44: a5 15        	lda	$15                     ; 0x15 <__rc5>
    4c46: f0 03        	beq	$4c4b <pickFile_far+0x8bb>
    4c48: 4c d8 4e     	jmp	$4ed8 <pickFile_far+0xb48>
    4c4b: 80 00        	bra	$4c4d <pickFile_far+0x8bd>
    4c4d: 18           	clc
    4c4e: a5 10        	lda	$10                     ; 0x10 <__rc0>
    4c50: 69 3a        	adc	#$3a
    4c52: 85 12        	sta	$12                     ; 0x12 <__rc2>
    4c54: a5 11        	lda	$11                     ; 0x11 <__zp_data_size>
    4c56: 69 00        	adc	#$0
    4c58: 85 13        	sta	$13                     ; 0x13 <__rc3>
    4c5a: b2 12        	lda	($12)                   ; 0x12 <__rc2>
    4c5c: 85 14        	sta	$14                     ; 0x14 <__rc4>
    4c5e: a0 01        	ldy	#$1
    4c60: b1 12        	lda	($12),y                 ; 0x12 <__rc2>
    4c62: c9 00        	cmp	#$0
    4c64: a2 01        	ldx	#$1
    4c66: b0 02        	bcs	$4c6a <pickFile_far+0x8da>
    4c68: a2 00        	ldx	#$0
    4c6a: 86 12        	stx	$12                     ; 0x12 <__rc2>
    4c6c: aa           	tax
    4c6d: f0 02        	beq	$4c71 <pickFile_far+0x8e1>
    4c6f: 80 09        	bra	$4c7a <pickFile_far+0x8ea>
    4c71: a6 14        	ldx	$14                     ; 0x14 <__rc4>
    4c73: e0 0f        	cpx	#$f
    4c75: 90 0a        	bcc	$4c81 <pickFile_far+0x8f1>
    4c77: 4c 6a 4d     	jmp	$4d6a <pickFile_far+0x9da>
    4c7a: a5 12        	lda	$12                     ; 0x12 <__rc2>
    4c7c: f0 03        	beq	$4c81 <pickFile_far+0x8f1>
    4c7e: 4c 6a 4d     	jmp	$4d6a <pickFile_far+0x9da>
    4c81: 80 00        	bra	$4c83 <pickFile_far+0x8f3>
    4c83: 18           	clc
    4c84: a5 10        	lda	$10                     ; 0x10 <__rc0>
    4c86: 69 35        	adc	#$35
    4c88: 85 24        	sta	$24                     ; 0x24 <__rc20>
    4c8a: a5 11        	lda	$11                     ; 0x11 <__zp_data_size>
    4c8c: 69 00        	adc	#$0
    4c8e: 85 25        	sta	$25                     ; 0x25 <__rc21>
    4c90: b2 24        	lda	($24)                   ; 0x24 <__rc20>
    4c92: a8           	tay
    4c93: 18           	clc
    4c94: a5 10        	lda	$10                     ; 0x10 <__rc0>
    4c96: 69 34        	adc	#$34
    4c98: 85 2a        	sta	$2a                     ; 0x2a <__rc26>
    4c9a: a5 11        	lda	$11                     ; 0x11 <__zp_data_size>
    4c9c: 69 00        	adc	#$0
    4c9e: 85 2b        	sta	$2b                     ; 0x2b <__rc27>
    4ca0: 18           	clc
    4ca1: a5 10        	lda	$10                     ; 0x10 <__rc0>
    4ca3: 69 3a        	adc	#$3a
    4ca5: 85 26        	sta	$26                     ; 0x26 <__rc22>
    4ca7: a5 11        	lda	$11                     ; 0x11 <__zp_data_size>
    4ca9: 69 00        	adc	#$0
    4cab: 85 27        	sta	$27                     ; 0x27 <__rc23>
    4cad: b2 26        	lda	($26)                   ; 0x26 <__rc22>
    4caf: 18           	clc
    4cb0: 72 2a        	adc	($2a)                   ; 0x2a <__rc26>
    4cb2: aa           	tax
    4cb3: 98           	tya
    4cb4: 20 01 2f     	jsr	$2f01 <textGotoXY>
    4cb7: a9 20        	lda	#$20
    4cb9: 92 10        	sta	($10)                   ; 0x10 <__rc0>
    4cbb: a0 01        	ldy	#$1
    4cbd: a9 00        	lda	#$0
    4cbf: 91 10        	sta	($10),y                 ; 0x10 <__rc0>
    4cc1: a2 e8        	ldx	#$e8
    4cc3: 86 12        	stx	$12                     ; 0x12 <__rc2>
    4cc5: a2 86        	ldx	#$86
    4cc7: 86 13        	stx	$13                     ; 0x13 <__rc3>
    4cc9: a5 12        	lda	$12                     ; 0x12 <__rc2>
    4ccb: a0 0c        	ldy	#$c
    4ccd: 91 10        	sta	($10),y                 ; 0x10 <__rc0>
    4ccf: a5 13        	lda	$13                     ; 0x13 <__rc3>
    4cd1: c8           	iny
    4cd2: 91 10        	sta	($10),y                 ; 0x10 <__rc0>
    4cd4: 20 df 7b     	jsr	$7bdf <printf>
    4cd7: 18           	clc
    4cd8: a5 10        	lda	$10                     ; 0x10 <__rc0>
    4cda: 69 3c        	adc	#$3c
    4cdc: 85 12        	sta	$12                     ; 0x12 <__rc2>
    4cde: a5 11        	lda	$11                     ; 0x11 <__zp_data_size>
    4ce0: 69 00        	adc	#$0
    4ce2: 85 13        	sta	$13                     ; 0x13 <__rc3>
    4ce4: b2 12        	lda	($12)                   ; 0x12 <__rc2>
    4ce6: 85 14        	sta	$14                     ; 0x14 <__rc4>
    4ce8: a0 01        	ldy	#$1
    4cea: b1 12        	lda	($12),y                 ; 0x12 <__rc2>
    4cec: aa           	tax
    4ced: a5 14        	lda	$14                     ; 0x14 <__rc4>
    4cef: 1a           	inc
    4cf0: f0 03        	beq	$4cf5 <pickFile_far+0x965>
    4cf2: 4c f9 4c     	jmp	$4cf9 <pickFile_far+0x969>
    4cf5: e8           	inx
    4cf6: 4c f9 4c     	jmp	$4cf9 <pickFile_far+0x969>
    4cf9: 92 12        	sta	($12)                   ; 0x12 <__rc2>
    4cfb: 8a           	txa
    4cfc: 91 12        	sta	($12),y                 ; 0x12 <__rc2>
    4cfe: b2 26        	lda	($26)                   ; 0x26 <__rc22>
    4d00: 85 14        	sta	$14                     ; 0x14 <__rc4>
    4d02: b1 26        	lda	($26),y                 ; 0x26 <__rc22>
    4d04: aa           	tax
    4d05: a5 14        	lda	$14                     ; 0x14 <__rc4>
    4d07: 1a           	inc
    4d08: f0 03        	beq	$4d0d <pickFile_far+0x97d>
    4d0a: 4c 11 4d     	jmp	$4d11 <pickFile_far+0x981>
    4d0d: e8           	inx
    4d0e: 4c 11 4d     	jmp	$4d11 <pickFile_far+0x981>
    4d11: 92 26        	sta	($26)                   ; 0x26 <__rc22>
    4d13: 8a           	txa
    4d14: 91 26        	sta	($26),y                 ; 0x26 <__rc22>
    4d16: b2 12        	lda	($12)                   ; 0x12 <__rc2>
    4d18: 85 14        	sta	$14                     ; 0x14 <__rc4>
    4d1a: b1 12        	lda	($12),y                 ; 0x12 <__rc2>
    4d1c: a2 03        	ldx	#$3
    4d1e: 86 12        	stx	$12                     ; 0x12 <__rc2>
    4d20: 64 13        	stz	$13                     ; 0x13 <__rc3>
    4d22: 85 15        	sta	$15                     ; 0x15 <__rc5>
    4d24: a2 5f        	ldx	#$5f
    4d26: a9 42        	lda	#$42
    4d28: 20 11 06     	jsr	$611 <FAR_POKEW>
    4d2b: b2 26        	lda	($26)                   ; 0x26 <__rc22>
    4d2d: 85 14        	sta	$14                     ; 0x14 <__rc4>
    4d2f: a0 01        	ldy	#$1
    4d31: b1 26        	lda	($26),y                 ; 0x26 <__rc22>
    4d33: a2 03        	ldx	#$3
    4d35: 86 12        	stx	$12                     ; 0x12 <__rc2>
    4d37: 64 13        	stz	$13                     ; 0x13 <__rc3>
    4d39: 85 15        	sta	$15                     ; 0x15 <__rc5>
    4d3b: a2 5f        	ldx	#$5f
    4d3d: a9 46        	lda	#$46
    4d3f: 20 11 06     	jsr	$611 <FAR_POKEW>
    4d42: b2 24        	lda	($24)                   ; 0x24 <__rc20>
    4d44: a8           	tay
    4d45: b2 26        	lda	($26)                   ; 0x26 <__rc22>
    4d47: 18           	clc
    4d48: 72 2a        	adc	($2a)                   ; 0x2a <__rc26>
    4d4a: aa           	tax
    4d4b: 98           	tya
    4d4c: 20 01 2f     	jsr	$2f01 <textGotoXY>
    4d4f: a9 fa        	lda	#$fa
    4d51: 92 10        	sta	($10)                   ; 0x10 <__rc0>
    4d53: a9 00        	lda	#$0
    4d55: a0 01        	ldy	#$1
    4d57: 91 10        	sta	($10),y                 ; 0x10 <__rc0>
    4d59: a0 0c        	ldy	#$c
    4d5b: b1 10        	lda	($10),y                 ; 0x10 <__rc0>
    4d5d: 85 12        	sta	$12                     ; 0x12 <__rc2>
    4d5f: c8           	iny
    4d60: b1 10        	lda	($10),y                 ; 0x10 <__rc0>
    4d62: 85 13        	sta	$13                     ; 0x13 <__rc3>
    4d64: 20 df 7b     	jsr	$7bdf <printf>
    4d67: 4c d8 4e     	jmp	$4ed8 <pickFile_far+0xb48>
    4d6a: 18           	clc
    4d6b: a5 10        	lda	$10                     ; 0x10 <__rc0>
    4d6d: 69 3a        	adc	#$3a
    4d6f: 85 12        	sta	$12                     ; 0x12 <__rc2>
    4d71: a5 11        	lda	$11                     ; 0x11 <__zp_data_size>
    4d73: 69 00        	adc	#$0
    4d75: 85 13        	sta	$13                     ; 0x13 <__rc3>
    4d77: b2 12        	lda	($12)                   ; 0x12 <__rc2>
    4d79: 85 14        	sta	$14                     ; 0x14 <__rc4>
    4d7b: a0 01        	ldy	#$1
    4d7d: b1 12        	lda	($12),y                 ; 0x12 <__rc2>
    4d7f: f0 02        	beq	$4d83 <pickFile_far+0x9f3>
    4d81: 80 0f        	bra	$4d92 <pickFile_far+0xa02>
    4d83: a6 14        	ldx	$14                     ; 0x14 <__rc4>
    4d85: e0 0f        	cpx	#$f
    4d87: f0 02        	beq	$4d8b <pickFile_far+0x9fb>
    4d89: 80 02        	bra	$4d8d <pickFile_far+0x9fd>
    4d8b: 80 03        	bra	$4d90 <pickFile_far+0xa00>
    4d8d: 4c d8 4e     	jmp	$4ed8 <pickFile_far+0xb48>
    4d90: 80 03        	bra	$4d95 <pickFile_far+0xa05>
    4d92: 4c d8 4e     	jmp	$4ed8 <pickFile_far+0xb48>
    4d95: 80 00        	bra	$4d97 <pickFile_far+0xa07>
    4d97: 18           	clc
    4d98: a5 10        	lda	$10                     ; 0x10 <__rc0>
    4d9a: 69 36        	adc	#$36
    4d9c: 85 14        	sta	$14                     ; 0x14 <__rc4>
    4d9e: a5 11        	lda	$11                     ; 0x11 <__zp_data_size>
    4da0: 69 00        	adc	#$0
    4da2: 85 15        	sta	$15                     ; 0x15 <__rc5>
    4da4: b2 14        	lda	($14)                   ; 0x14 <__rc4>
    4da6: 85 12        	sta	$12                     ; 0x12 <__rc2>
    4da8: a0 01        	ldy	#$1
    4daa: 18           	clc
    4dab: a5 10        	lda	$10                     ; 0x10 <__rc0>
    4dad: 69 3c        	adc	#$3c
    4daf: 85 16        	sta	$16                     ; 0x16 <__rc6>
    4db1: a5 11        	lda	$11                     ; 0x11 <__zp_data_size>
    4db3: 69 00        	adc	#$0
    4db5: 85 17        	sta	$17                     ; 0x17 <__rc7>
    4db7: b2 16        	lda	($16)                   ; 0x16 <__rc6>
    4db9: 85 13        	sta	$13                     ; 0x13 <__rc3>
    4dbb: b1 16        	lda	($16),y                 ; 0x16 <__rc6>
    4dbd: d1 14        	cmp	($14),y                 ; 0x14 <__rc4>
    4dbf: a2 01        	ldx	#$1
    4dc1: b0 02        	bcs	$4dc5 <pickFile_far+0xa35>
    4dc3: a2 00        	ldx	#$0
    4dc5: 86 16        	stx	$16                     ; 0x16 <__rc6>
    4dc7: d1 14        	cmp	($14),y                 ; 0x14 <__rc4>
    4dc9: f0 02        	beq	$4dcd <pickFile_far+0xa3d>
    4dcb: 80 09        	bra	$4dd6 <pickFile_far+0xa46>
    4dcd: a6 13        	ldx	$13                     ; 0x13 <__rc3>
    4dcf: e4 12        	cpx	$12                     ; 0x12 <__rc2>
    4dd1: 90 0a        	bcc	$4ddd <pickFile_far+0xa4d>
    4dd3: 4c d8 4e     	jmp	$4ed8 <pickFile_far+0xb48>
    4dd6: a5 16        	lda	$16                     ; 0x16 <__rc6>
    4dd8: f0 03        	beq	$4ddd <pickFile_far+0xa4d>
    4dda: 4c d8 4e     	jmp	$4ed8 <pickFile_far+0xb48>
    4ddd: 80 00        	bra	$4ddf <pickFile_far+0xa4f>
    4ddf: 18           	clc
    4de0: a5 10        	lda	$10                     ; 0x10 <__rc0>
    4de2: 69 35        	adc	#$35
    4de4: 85 12        	sta	$12                     ; 0x12 <__rc2>
    4de6: a5 11        	lda	$11                     ; 0x11 <__zp_data_size>
    4de8: 69 00        	adc	#$0
    4dea: 85 13        	sta	$13                     ; 0x13 <__rc3>
    4dec: a5 12        	lda	$12                     ; 0x12 <__rc2>
    4dee: a0 16        	ldy	#$16
    4df0: 91 10        	sta	($10),y                 ; 0x10 <__rc0>
    4df2: a5 13        	lda	$13                     ; 0x13 <__rc3>
    4df4: c8           	iny
    4df5: 91 10        	sta	($10),y                 ; 0x10 <__rc0>
    4df7: b2 12        	lda	($12)                   ; 0x12 <__rc2>
    4df9: a8           	tay
    4dfa: 18           	clc
    4dfb: a5 10        	lda	$10                     ; 0x10 <__rc0>
    4dfd: 69 34        	adc	#$34
    4dff: 85 2a        	sta	$2a                     ; 0x2a <__rc26>
    4e01: a5 11        	lda	$11                     ; 0x11 <__zp_data_size>
    4e03: 69 00        	adc	#$0
    4e05: 85 2b        	sta	$2b                     ; 0x2b <__rc27>
    4e07: 18           	clc
    4e08: a5 10        	lda	$10                     ; 0x10 <__rc0>
    4e0a: 69 3a        	adc	#$3a
    4e0c: 85 26        	sta	$26                     ; 0x26 <__rc22>
    4e0e: a5 11        	lda	$11                     ; 0x11 <__zp_data_size>
    4e10: 69 00        	adc	#$0
    4e12: 85 27        	sta	$27                     ; 0x27 <__rc23>
    4e14: b2 26        	lda	($26)                   ; 0x26 <__rc22>
    4e16: 18           	clc
    4e17: 72 2a        	adc	($2a)                   ; 0x2a <__rc26>
    4e19: aa           	tax
    4e1a: 98           	tya
    4e1b: 20 01 2f     	jsr	$2f01 <textGotoXY>
    4e1e: a9 20        	lda	#$20
    4e20: 92 10        	sta	($10)                   ; 0x10 <__rc0>
    4e22: a0 01        	ldy	#$1
    4e24: a9 00        	lda	#$0
    4e26: 91 10        	sta	($10),y                 ; 0x10 <__rc0>
    4e28: a2 e8        	ldx	#$e8
    4e2a: 86 12        	stx	$12                     ; 0x12 <__rc2>
    4e2c: a2 86        	ldx	#$86
    4e2e: 86 13        	stx	$13                     ; 0x13 <__rc3>
    4e30: a5 12        	lda	$12                     ; 0x12 <__rc2>
    4e32: a0 0e        	ldy	#$e
    4e34: 91 10        	sta	($10),y                 ; 0x10 <__rc0>
    4e36: a5 13        	lda	$13                     ; 0x13 <__rc3>
    4e38: c8           	iny
    4e39: 91 10        	sta	($10),y                 ; 0x10 <__rc0>
    4e3b: 20 df 7b     	jsr	$7bdf <printf>
    4e3e: a9 00        	lda	#$0
    4e40: 92 26        	sta	($26)                   ; 0x26 <__rc22>
    4e42: a0 01        	ldy	#$1
    4e44: 91 26        	sta	($26),y                 ; 0x26 <__rc22>
    4e46: 18           	clc
    4e47: a5 10        	lda	$10                     ; 0x10 <__rc0>
    4e49: 69 38        	adc	#$38
    4e4b: 85 24        	sta	$24                     ; 0x24 <__rc20>
    4e4d: a5 11        	lda	$11                     ; 0x11 <__zp_data_size>
    4e4f: 69 00        	adc	#$0
    4e51: 85 25        	sta	$25                     ; 0x25 <__rc21>
    4e53: b2 24        	lda	($24)                   ; 0x24 <__rc20>
    4e55: 85 13        	sta	$13                     ; 0x13 <__rc3>
    4e57: b1 24        	lda	($24),y                 ; 0x24 <__rc20>
    4e59: 85 12        	sta	$12                     ; 0x12 <__rc2>
    4e5b: 18           	clc
    4e5c: a5 13        	lda	$13                     ; 0x13 <__rc3>
    4e5e: 69 0f        	adc	#$f
    4e60: 85 13        	sta	$13                     ; 0x13 <__rc3>
    4e62: a5 12        	lda	$12                     ; 0x12 <__rc2>
    4e64: 69 00        	adc	#$0
    4e66: aa           	tax
    4e67: a5 13        	lda	$13                     ; 0x13 <__rc3>
    4e69: 92 24        	sta	($24)                   ; 0x24 <__rc20>
    4e6b: 8a           	txa
    4e6c: 91 24        	sta	($24),y                 ; 0x24 <__rc20>
    4e6e: b2 26        	lda	($26)                   ; 0x26 <__rc22>
    4e70: 85 14        	sta	$14                     ; 0x14 <__rc4>
    4e72: b1 26        	lda	($26),y                 ; 0x26 <__rc22>
    4e74: a2 03        	ldx	#$3
    4e76: 86 12        	stx	$12                     ; 0x12 <__rc2>
    4e78: 64 13        	stz	$13                     ; 0x13 <__rc3>
    4e7a: 85 15        	sta	$15                     ; 0x15 <__rc5>
    4e7c: a2 5f        	ldx	#$5f
    4e7e: a9 46        	lda	#$46
    4e80: 20 11 06     	jsr	$611 <FAR_POKEW>
    4e83: b2 24        	lda	($24)                   ; 0x24 <__rc20>
    4e85: 85 14        	sta	$14                     ; 0x14 <__rc4>
    4e87: a0 01        	ldy	#$1
    4e89: b1 24        	lda	($24),y                 ; 0x24 <__rc20>
    4e8b: a2 03        	ldx	#$3
    4e8d: 86 12        	stx	$12                     ; 0x12 <__rc2>
    4e8f: 64 13        	stz	$13                     ; 0x13 <__rc3>
    4e91: 85 15        	sta	$15                     ; 0x15 <__rc5>
    4e93: a2 5f        	ldx	#$5f
    4e95: a9 4a        	lda	#$4a
    4e97: 20 11 06     	jsr	$611 <FAR_POKEW>
    4e9a: b2 24        	lda	($24)                   ; 0x24 <__rc20>
    4e9c: 85 12        	sta	$12                     ; 0x12 <__rc2>
    4e9e: a0 01        	ldy	#$1
    4ea0: b1 24        	lda	($24),y                 ; 0x24 <__rc20>
    4ea2: aa           	tax
    4ea3: a5 12        	lda	$12                     ; 0x12 <__rc2>
    4ea5: 20 43 3f     	jsr	$3f43 <displayFileList_far>
    4ea8: a0 16        	ldy	#$16
    4eaa: b1 10        	lda	($10),y                 ; 0x10 <__rc0>
    4eac: 85 12        	sta	$12                     ; 0x12 <__rc2>
    4eae: c8           	iny
    4eaf: b1 10        	lda	($10),y                 ; 0x10 <__rc0>
    4eb1: 85 13        	sta	$13                     ; 0x13 <__rc3>
    4eb3: b2 12        	lda	($12)                   ; 0x12 <__rc2>
    4eb5: a8           	tay
    4eb6: b2 26        	lda	($26)                   ; 0x26 <__rc22>
    4eb8: 18           	clc
    4eb9: 72 2a        	adc	($2a)                   ; 0x2a <__rc26>
    4ebb: aa           	tax
    4ebc: 98           	tya
    4ebd: 20 01 2f     	jsr	$2f01 <textGotoXY>
    4ec0: a9 fa        	lda	#$fa
    4ec2: 92 10        	sta	($10)                   ; 0x10 <__rc0>
    4ec4: a9 00        	lda	#$0
    4ec6: a0 01        	ldy	#$1
    4ec8: 91 10        	sta	($10),y                 ; 0x10 <__rc0>
    4eca: a0 0e        	ldy	#$e
    4ecc: b1 10        	lda	($10),y                 ; 0x10 <__rc0>
    4ece: 85 12        	sta	$12                     ; 0x12 <__rc2>
    4ed0: c8           	iny
    4ed1: b1 10        	lda	($10),y                 ; 0x10 <__rc0>
    4ed3: 85 13        	sta	$13                     ; 0x13 <__rc3>
    4ed5: 20 df 7b     	jsr	$7bdf <printf>
    4ed8: 4c 74 53     	jmp	$5374 <pickFile_far+0xfe4>
    4edb: a9 42        	lda	#$42
    4edd: a2 03        	ldx	#$3
    4edf: 86 12        	stx	$12                     ; 0x12 <__rc2>
    4ee1: 86 24        	stx	$24                     ; 0x24 <__rc20>
    4ee3: 64 13        	stz	$13                     ; 0x13 <__rc3>
    4ee5: a2 5f        	ldx	#$5f
    4ee7: 20 c4 05     	jsr	$5c4 <FAR_PEEKW>
    4eea: 18           	clc
    4eeb: 48           	pha
    4eec: a5 10        	lda	$10                     ; 0x10 <__rc0>
    4eee: 69 32        	adc	#$32
    4ef0: 85 26        	sta	$26                     ; 0x26 <__rc22>
    4ef2: a5 11        	lda	$11                     ; 0x11 <__zp_data_size>
    4ef4: 69 00        	adc	#$0
    4ef6: 85 27        	sta	$27                     ; 0x27 <__rc23>
    4ef8: 68           	pla
    4ef9: 92 26        	sta	($26)                   ; 0x26 <__rc22>
    4efb: a0 01        	ldy	#$1
    4efd: 8a           	txa
    4efe: 91 26        	sta	($26),y                 ; 0x26 <__rc22>
    4f00: a2 01        	ldx	#$1
    4f02: 86 25        	stx	$25                     ; 0x25 <__rc21>
    4f04: a9 46        	lda	#$46
    4f06: a6 24        	ldx	$24                     ; 0x24 <__rc20>
    4f08: 86 12        	stx	$12                     ; 0x12 <__rc2>
    4f0a: 64 13        	stz	$13                     ; 0x13 <__rc3>
    4f0c: a2 5f        	ldx	#$5f
    4f0e: 20 c4 05     	jsr	$5c4 <FAR_PEEKW>
    4f11: 18           	clc
    4f12: 48           	pha
    4f13: a5 10        	lda	$10                     ; 0x10 <__rc0>
    4f15: 69 30        	adc	#$30
    4f17: 85 12        	sta	$12                     ; 0x12 <__rc2>
    4f19: a5 11        	lda	$11                     ; 0x11 <__zp_data_size>
    4f1b: 69 00        	adc	#$0
    4f1d: 85 13        	sta	$13                     ; 0x13 <__rc3>
    4f1f: 68           	pla
    4f20: 92 12        	sta	($12)                   ; 0x12 <__rc2>
    4f22: a4 25        	ldy	$25                     ; 0x25 <__rc21>
    4f24: 8a           	txa
    4f25: 91 12        	sta	($12),y                 ; 0x12 <__rc2>
    4f27: a9 4a        	lda	#$4a
    4f29: a6 24        	ldx	$24                     ; 0x24 <__rc20>
    4f2b: 86 12        	stx	$12                     ; 0x12 <__rc2>
    4f2d: 64 13        	stz	$13                     ; 0x13 <__rc3>
    4f2f: a2 5f        	ldx	#$5f
    4f31: 20 c4 05     	jsr	$5c4 <FAR_PEEKW>
    4f34: 18           	clc
    4f35: 48           	pha
    4f36: a5 10        	lda	$10                     ; 0x10 <__rc0>
    4f38: 69 2e        	adc	#$2e
    4f3a: 85 12        	sta	$12                     ; 0x12 <__rc2>
    4f3c: a5 11        	lda	$11                     ; 0x11 <__zp_data_size>
    4f3e: 69 00        	adc	#$0
    4f40: 85 13        	sta	$13                     ; 0x13 <__rc3>
    4f42: 68           	pla
    4f43: 92 12        	sta	($12)                   ; 0x12 <__rc2>
    4f45: a4 25        	ldy	$25                     ; 0x25 <__rc21>
    4f47: 8a           	txa
    4f48: 91 12        	sta	($12),y                 ; 0x12 <__rc2>
    4f4a: a6 24        	ldx	$24                     ; 0x24 <__rc20>
    4f4c: 86 12        	stx	$12                     ; 0x12 <__rc2>
    4f4e: 64 13        	stz	$13                     ; 0x13 <__rc3>
    4f50: a2 00        	ldx	#$0
    4f52: 8a           	txa
    4f53: 20 a3 05     	jsr	$5a3 <FAR_PEEK>
    4f56: 18           	clc
    4f57: 48           	pha
    4f58: a5 10        	lda	$10                     ; 0x10 <__rc0>
    4f5a: 69 2d        	adc	#$2d
    4f5c: 85 12        	sta	$12                     ; 0x12 <__rc2>
    4f5e: a5 11        	lda	$11                     ; 0x11 <__zp_data_size>
    4f60: 69 00        	adc	#$0
    4f62: 85 13        	sta	$13                     ; 0x13 <__rc3>
    4f64: 68           	pla
    4f65: 92 12        	sta	($12)                   ; 0x12 <__rc2>
    4f67: a6 24        	ldx	$24                     ; 0x24 <__rc20>
    4f69: 86 12        	stx	$12                     ; 0x12 <__rc2>
    4f6b: 64 13        	stz	$13                     ; 0x13 <__rc3>
    4f6d: a2 00        	ldx	#$0
    4f6f: a5 25        	lda	$25                     ; 0x25 <__rc21>
    4f71: 20 a3 05     	jsr	$5a3 <FAR_PEEK>
    4f74: 18           	clc
    4f75: 48           	pha
    4f76: a5 10        	lda	$10                     ; 0x10 <__rc0>
    4f78: 69 2c        	adc	#$2c
    4f7a: 85 12        	sta	$12                     ; 0x12 <__rc2>
    4f7c: a5 11        	lda	$11                     ; 0x11 <__zp_data_size>
    4f7e: 69 00        	adc	#$0
    4f80: 85 13        	sta	$13                     ; 0x13 <__rc3>
    4f82: 68           	pla
    4f83: 92 12        	sta	($12)                   ; 0x12 <__rc2>
    4f85: b2 26        	lda	($26)                   ; 0x26 <__rc22>
    4f87: 85 12        	sta	$12                     ; 0x12 <__rc2>
    4f89: a4 25        	ldy	$25                     ; 0x25 <__rc21>
    4f8b: b1 26        	lda	($26),y                 ; 0x26 <__rc22>
    4f8d: c9 00        	cmp	#$0
    4f8f: a2 01        	ldx	#$1
    4f91: b0 02        	bcs	$4f95 <pickFile_far+0xc05>
    4f93: a2 00        	ldx	#$0
    4f95: 86 13        	stx	$13                     ; 0x13 <__rc3>
    4f97: aa           	tax
    4f98: f0 02        	beq	$4f9c <pickFile_far+0xc0c>
    4f9a: 80 09        	bra	$4fa5 <pickFile_far+0xc15>
    4f9c: a6 12        	ldx	$12                     ; 0x12 <__rc2>
    4f9e: e0 0f        	cpx	#$f
    4fa0: b0 0a        	bcs	$4fac <pickFile_far+0xc1c>
    4fa2: 4c e9 50     	jmp	$50e9 <pickFile_far+0xd59>
    4fa5: a5 13        	lda	$13                     ; 0x13 <__rc3>
    4fa7: d0 03        	bne	$4fac <pickFile_far+0xc1c>
    4fa9: 4c e9 50     	jmp	$50e9 <pickFile_far+0xd59>
    4fac: 80 00        	bra	$4fae <pickFile_far+0xc1e>
    4fae: 18           	clc
    4faf: a5 10        	lda	$10                     ; 0x10 <__rc0>
    4fb1: 69 2d        	adc	#$2d
    4fb3: 85 26        	sta	$26                     ; 0x26 <__rc22>
    4fb5: a5 11        	lda	$11                     ; 0x11 <__zp_data_size>
    4fb7: 69 00        	adc	#$0
    4fb9: 85 27        	sta	$27                     ; 0x27 <__rc23>
    4fbb: b2 26        	lda	($26)                   ; 0x26 <__rc22>
    4fbd: a8           	tay
    4fbe: 18           	clc
    4fbf: 5a           	phy
    4fc0: a5 10        	lda	$10                     ; 0x10 <__rc0>
    4fc2: 69 2c        	adc	#$2c
    4fc4: 85 12        	sta	$12                     ; 0x12 <__rc2>
    4fc6: a5 11        	lda	$11                     ; 0x11 <__zp_data_size>
    4fc8: 69 00        	adc	#$0
    4fca: 85 13        	sta	$13                     ; 0x13 <__rc3>
    4fcc: a5 12        	lda	$12                     ; 0x12 <__rc2>
    4fce: a0 08        	ldy	#$8
    4fd0: 91 10        	sta	($10),y                 ; 0x10 <__rc0>
    4fd2: a5 13        	lda	$13                     ; 0x13 <__rc3>
    4fd4: c8           	iny
    4fd5: 91 10        	sta	($10),y                 ; 0x10 <__rc0>
    4fd7: 18           	clc
    4fd8: a5 10        	lda	$10                     ; 0x10 <__rc0>
    4fda: 69 30        	adc	#$30
    4fdc: 85 14        	sta	$14                     ; 0x14 <__rc4>
    4fde: a5 11        	lda	$11                     ; 0x11 <__zp_data_size>
    4fe0: 69 00        	adc	#$0
    4fe2: 85 15        	sta	$15                     ; 0x15 <__rc5>
    4fe4: a5 14        	lda	$14                     ; 0x14 <__rc4>
    4fe6: a0 1a        	ldy	#$1a
    4fe8: 91 10        	sta	($10),y                 ; 0x10 <__rc0>
    4fea: a5 15        	lda	$15                     ; 0x15 <__rc5>
    4fec: c8           	iny
    4fed: 91 10        	sta	($10),y                 ; 0x10 <__rc0>
    4fef: 7a           	ply
    4ff0: b2 14        	lda	($14)                   ; 0x14 <__rc4>
    4ff2: 18           	clc
    4ff3: 72 12        	adc	($12)                   ; 0x12 <__rc2>
    4ff5: aa           	tax
    4ff6: 98           	tya
    4ff7: 20 01 2f     	jsr	$2f01 <textGotoXY>
    4ffa: a9 20        	lda	#$20
    4ffc: 92 10        	sta	($10)                   ; 0x10 <__rc0>
    4ffe: a0 01        	ldy	#$1
    5000: a9 00        	lda	#$0
    5002: 91 10        	sta	($10),y                 ; 0x10 <__rc0>
    5004: a2 e8        	ldx	#$e8
    5006: 86 12        	stx	$12                     ; 0x12 <__rc2>
    5008: a2 86        	ldx	#$86
    500a: 86 13        	stx	$13                     ; 0x13 <__rc3>
    500c: a5 12        	lda	$12                     ; 0x12 <__rc2>
    500e: a0 14        	ldy	#$14
    5010: 91 10        	sta	($10),y                 ; 0x10 <__rc0>
    5012: a5 13        	lda	$13                     ; 0x13 <__rc3>
    5014: c8           	iny
    5015: 91 10        	sta	($10),y                 ; 0x10 <__rc0>
    5017: 20 df 7b     	jsr	$7bdf <printf>
    501a: 18           	clc
    501b: a5 10        	lda	$10                     ; 0x10 <__rc0>
    501d: 69 32        	adc	#$32
    501f: 85 12        	sta	$12                     ; 0x12 <__rc2>
    5021: a5 11        	lda	$11                     ; 0x11 <__zp_data_size>
    5023: 69 00        	adc	#$0
    5025: 85 13        	sta	$13                     ; 0x13 <__rc3>
    5027: b2 12        	lda	($12)                   ; 0x12 <__rc2>
    5029: 85 15        	sta	$15                     ; 0x15 <__rc5>
    502b: a0 01        	ldy	#$1
    502d: b1 12        	lda	($12),y                 ; 0x12 <__rc2>
    502f: 85 14        	sta	$14                     ; 0x14 <__rc4>
    5031: 18           	clc
    5032: a5 15        	lda	$15                     ; 0x15 <__rc5>
    5034: 69 f1        	adc	#$f1
    5036: 85 15        	sta	$15                     ; 0x15 <__rc5>
    5038: a5 14        	lda	$14                     ; 0x14 <__rc4>
    503a: 69 ff        	adc	#$ff
    503c: aa           	tax
    503d: a5 15        	lda	$15                     ; 0x15 <__rc5>
    503f: 92 12        	sta	($12)                   ; 0x12 <__rc2>
    5041: 8a           	txa
    5042: 91 12        	sta	($12),y                 ; 0x12 <__rc2>
    5044: 18           	clc
    5045: a5 10        	lda	$10                     ; 0x10 <__rc0>
    5047: 69 2e        	adc	#$2e
    5049: 85 24        	sta	$24                     ; 0x24 <__rc20>
    504b: a5 11        	lda	$11                     ; 0x11 <__zp_data_size>
    504d: 69 00        	adc	#$0
    504f: 85 25        	sta	$25                     ; 0x25 <__rc21>
    5051: b2 24        	lda	($24)                   ; 0x24 <__rc20>
    5053: 85 15        	sta	$15                     ; 0x15 <__rc5>
    5055: b1 24        	lda	($24),y                 ; 0x24 <__rc20>
    5057: 85 14        	sta	$14                     ; 0x14 <__rc4>
    5059: 18           	clc
    505a: a5 15        	lda	$15                     ; 0x15 <__rc5>
    505c: 69 f1        	adc	#$f1
    505e: 85 15        	sta	$15                     ; 0x15 <__rc5>
    5060: a5 14        	lda	$14                     ; 0x14 <__rc4>
    5062: 69 ff        	adc	#$ff
    5064: aa           	tax
    5065: a5 15        	lda	$15                     ; 0x15 <__rc5>
    5067: 92 24        	sta	($24)                   ; 0x24 <__rc20>
    5069: 8a           	txa
    506a: 91 24        	sta	($24),y                 ; 0x24 <__rc20>
    506c: b2 12        	lda	($12)                   ; 0x12 <__rc2>
    506e: 85 14        	sta	$14                     ; 0x14 <__rc4>
    5070: b1 12        	lda	($12),y                 ; 0x12 <__rc2>
    5072: a2 03        	ldx	#$3
    5074: 86 12        	stx	$12                     ; 0x12 <__rc2>
    5076: 86 2a        	stx	$2a                     ; 0x2a <__rc26>
    5078: 64 13        	stz	$13                     ; 0x13 <__rc3>
    507a: 85 15        	sta	$15                     ; 0x15 <__rc5>
    507c: a2 5f        	ldx	#$5f
    507e: a9 42        	lda	#$42
    5080: 20 11 06     	jsr	$611 <FAR_POKEW>
    5083: b2 24        	lda	($24)                   ; 0x24 <__rc20>
    5085: 85 14        	sta	$14                     ; 0x14 <__rc4>
    5087: a0 01        	ldy	#$1
    5089: b1 24        	lda	($24),y                 ; 0x24 <__rc20>
    508b: a6 2a        	ldx	$2a                     ; 0x2a <__rc26>
    508d: 86 12        	stx	$12                     ; 0x12 <__rc2>
    508f: 64 13        	stz	$13                     ; 0x13 <__rc3>
    5091: 85 15        	sta	$15                     ; 0x15 <__rc5>
    5093: a2 5f        	ldx	#$5f
    5095: a9 4a        	lda	#$4a
    5097: 20 11 06     	jsr	$611 <FAR_POKEW>
    509a: b2 24        	lda	($24)                   ; 0x24 <__rc20>
    509c: 85 12        	sta	$12                     ; 0x12 <__rc2>
    509e: a0 01        	ldy	#$1
    50a0: b1 24        	lda	($24),y                 ; 0x24 <__rc20>
    50a2: aa           	tax
    50a3: a5 12        	lda	$12                     ; 0x12 <__rc2>
    50a5: 20 43 3f     	jsr	$3f43 <displayFileList_far>
    50a8: b2 26        	lda	($26)                   ; 0x26 <__rc22>
    50aa: a8           	tay
    50ab: 84 21        	sty	$21                     ; 0x21 <__rc17>
    50ad: a0 1a        	ldy	#$1a
    50af: b1 10        	lda	($10),y                 ; 0x10 <__rc0>
    50b1: 85 12        	sta	$12                     ; 0x12 <__rc2>
    50b3: c8           	iny
    50b4: b1 10        	lda	($10),y                 ; 0x10 <__rc0>
    50b6: 85 13        	sta	$13                     ; 0x13 <__rc3>
    50b8: b2 12        	lda	($12)                   ; 0x12 <__rc2>
    50ba: 18           	clc
    50bb: 48           	pha
    50bc: a0 08        	ldy	#$8
    50be: b1 10        	lda	($10),y                 ; 0x10 <__rc0>
    50c0: 85 12        	sta	$12                     ; 0x12 <__rc2>
    50c2: c8           	iny
    50c3: b1 10        	lda	($10),y                 ; 0x10 <__rc0>
    50c5: a4 21        	ldy	$21                     ; 0x21 <__rc17>
    50c7: 85 13        	sta	$13                     ; 0x13 <__rc3>
    50c9: 68           	pla
    50ca: 72 12        	adc	($12)                   ; 0x12 <__rc2>
    50cc: aa           	tax
    50cd: 98           	tya
    50ce: 20 01 2f     	jsr	$2f01 <textGotoXY>
    50d1: a9 fa        	lda	#$fa
    50d3: 92 10        	sta	($10)                   ; 0x10 <__rc0>
    50d5: a9 00        	lda	#$0
    50d7: a0 01        	ldy	#$1
    50d9: 91 10        	sta	($10),y                 ; 0x10 <__rc0>
    50db: a0 14        	ldy	#$14
    50dd: b1 10        	lda	($10),y                 ; 0x10 <__rc0>
    50df: 85 12        	sta	$12                     ; 0x12 <__rc2>
    50e1: c8           	iny
    50e2: b1 10        	lda	($10),y                 ; 0x10 <__rc0>
    50e4: 85 13        	sta	$13                     ; 0x13 <__rc3>
    50e6: 20 df 7b     	jsr	$7bdf <printf>
    50e9: 4c 74 53     	jmp	$5374 <pickFile_far+0xfe4>
    50ec: a9 42        	lda	#$42
    50ee: a2 03        	ldx	#$3
    50f0: 86 12        	stx	$12                     ; 0x12 <__rc2>
    50f2: 86 2a        	stx	$2a                     ; 0x2a <__rc26>
    50f4: 64 13        	stz	$13                     ; 0x13 <__rc3>
    50f6: a2 5f        	ldx	#$5f
    50f8: 20 c4 05     	jsr	$5c4 <FAR_PEEKW>
    50fb: 18           	clc
    50fc: 48           	pha
    50fd: a5 10        	lda	$10                     ; 0x10 <__rc0>
    50ff: 69 2a        	adc	#$2a
    5101: 85 14        	sta	$14                     ; 0x14 <__rc4>
    5103: a5 11        	lda	$11                     ; 0x11 <__zp_data_size>
    5105: 69 00        	adc	#$0
    5107: 85 15        	sta	$15                     ; 0x15 <__rc5>
    5109: a5 14        	lda	$14                     ; 0x14 <__rc4>
    510b: a0 12        	ldy	#$12
    510d: 91 10        	sta	($10),y                 ; 0x10 <__rc0>
    510f: a5 15        	lda	$15                     ; 0x15 <__rc5>
    5111: c8           	iny
    5112: 91 10        	sta	($10),y                 ; 0x10 <__rc0>
    5114: 68           	pla
    5115: 92 14        	sta	($14)                   ; 0x14 <__rc4>
    5117: a0 01        	ldy	#$1
    5119: 8a           	txa
    511a: 91 14        	sta	($14),y                 ; 0x14 <__rc4>
    511c: a2 01        	ldx	#$1
    511e: 86 2b        	stx	$2b                     ; 0x2b <__rc27>
    5120: a9 46        	lda	#$46
    5122: a6 2a        	ldx	$2a                     ; 0x2a <__rc26>
    5124: 86 12        	stx	$12                     ; 0x12 <__rc2>
    5126: 64 13        	stz	$13                     ; 0x13 <__rc3>
    5128: a2 5f        	ldx	#$5f
    512a: 20 c4 05     	jsr	$5c4 <FAR_PEEKW>
    512d: 18           	clc
    512e: 48           	pha
    512f: a5 10        	lda	$10                     ; 0x10 <__rc0>
    5131: 69 28        	adc	#$28
    5133: 85 26        	sta	$26                     ; 0x26 <__rc22>
    5135: a5 11        	lda	$11                     ; 0x11 <__zp_data_size>
    5137: 69 00        	adc	#$0
    5139: 85 27        	sta	$27                     ; 0x27 <__rc23>
    513b: 68           	pla
    513c: 92 26        	sta	($26)                   ; 0x26 <__rc22>
    513e: a4 2b        	ldy	$2b                     ; 0x2b <__rc27>
    5140: 8a           	txa
    5141: 91 26        	sta	($26),y                 ; 0x26 <__rc22>
    5143: a9 4a        	lda	#$4a
    5145: a6 2a        	ldx	$2a                     ; 0x2a <__rc26>
    5147: 86 12        	stx	$12                     ; 0x12 <__rc2>
    5149: 64 13        	stz	$13                     ; 0x13 <__rc3>
    514b: a2 5f        	ldx	#$5f
    514d: 20 c4 05     	jsr	$5c4 <FAR_PEEKW>
    5150: 18           	clc
    5151: 48           	pha
    5152: a5 10        	lda	$10                     ; 0x10 <__rc0>
    5154: 69 26        	adc	#$26
    5156: 85 12        	sta	$12                     ; 0x12 <__rc2>
    5158: a5 11        	lda	$11                     ; 0x11 <__zp_data_size>
    515a: 69 00        	adc	#$0
    515c: 85 13        	sta	$13                     ; 0x13 <__rc3>
    515e: 68           	pla
    515f: 92 12        	sta	($12)                   ; 0x12 <__rc2>
    5161: a4 2b        	ldy	$2b                     ; 0x2b <__rc27>
    5163: 8a           	txa
    5164: 91 12        	sta	($12),y                 ; 0x12 <__rc2>
    5166: a9 3e        	lda	#$3e
    5168: a6 2a        	ldx	$2a                     ; 0x2a <__rc26>
    516a: 86 12        	stx	$12                     ; 0x12 <__rc2>
    516c: 64 13        	stz	$13                     ; 0x13 <__rc3>
    516e: a2 5f        	ldx	#$5f
    5170: 20 c4 05     	jsr	$5c4 <FAR_PEEKW>
    5173: 18           	clc
    5174: 48           	pha
    5175: a5 10        	lda	$10                     ; 0x10 <__rc0>
    5177: 69 24        	adc	#$24
    5179: 85 24        	sta	$24                     ; 0x24 <__rc20>
    517b: a5 11        	lda	$11                     ; 0x11 <__zp_data_size>
    517d: 69 00        	adc	#$0
    517f: 85 25        	sta	$25                     ; 0x25 <__rc21>
    5181: 68           	pla
    5182: 92 24        	sta	($24)                   ; 0x24 <__rc20>
    5184: a4 2b        	ldy	$2b                     ; 0x2b <__rc27>
    5186: 8a           	txa
    5187: 91 24        	sta	($24),y                 ; 0x24 <__rc20>
    5189: a6 2a        	ldx	$2a                     ; 0x2a <__rc26>
    518b: 86 12        	stx	$12                     ; 0x12 <__rc2>
    518d: 64 13        	stz	$13                     ; 0x13 <__rc3>
    518f: a2 00        	ldx	#$0
    5191: 8a           	txa
    5192: 20 a3 05     	jsr	$5a3 <FAR_PEEK>
    5195: 18           	clc
    5196: 48           	pha
    5197: a5 10        	lda	$10                     ; 0x10 <__rc0>
    5199: 69 23        	adc	#$23
    519b: 85 12        	sta	$12                     ; 0x12 <__rc2>
    519d: a5 11        	lda	$11                     ; 0x11 <__zp_data_size>
    519f: 69 00        	adc	#$0
    51a1: 85 13        	sta	$13                     ; 0x13 <__rc3>
    51a3: 68           	pla
    51a4: 92 12        	sta	($12)                   ; 0x12 <__rc2>
    51a6: a6 2a        	ldx	$2a                     ; 0x2a <__rc26>
    51a8: 86 12        	stx	$12                     ; 0x12 <__rc2>
    51aa: 64 13        	stz	$13                     ; 0x13 <__rc3>
    51ac: a2 00        	ldx	#$0
    51ae: a5 2b        	lda	$2b                     ; 0x2b <__rc27>
    51b0: 20 a3 05     	jsr	$5a3 <FAR_PEEK>
    51b3: 18           	clc
    51b4: 48           	pha
    51b5: a5 10        	lda	$10                     ; 0x10 <__rc0>
    51b7: 69 22        	adc	#$22
    51b9: 85 12        	sta	$12                     ; 0x12 <__rc2>
    51bb: a5 11        	lda	$11                     ; 0x11 <__zp_data_size>
    51bd: 69 00        	adc	#$0
    51bf: 85 13        	sta	$13                     ; 0x13 <__rc3>
    51c1: 68           	pla
    51c2: 92 12        	sta	($12)                   ; 0x12 <__rc2>
    51c4: b2 24        	lda	($24)                   ; 0x24 <__rc20>
    51c6: 85 12        	sta	$12                     ; 0x12 <__rc2>
    51c8: a0 12        	ldy	#$12
    51ca: b1 10        	lda	($10),y                 ; 0x10 <__rc0>
    51cc: 85 14        	sta	$14                     ; 0x14 <__rc4>
    51ce: c8           	iny
    51cf: b1 10        	lda	($10),y                 ; 0x10 <__rc0>
    51d1: 85 15        	sta	$15                     ; 0x15 <__rc5>
    51d3: b2 14        	lda	($14)                   ; 0x14 <__rc4>
    51d5: 85 13        	sta	$13                     ; 0x13 <__rc3>
    51d7: a0 01        	ldy	#$1
    51d9: b1 14        	lda	($14),y                 ; 0x14 <__rc4>
    51db: 85 14        	sta	$14                     ; 0x14 <__rc4>
    51dd: 38           	sec
    51de: a5 13        	lda	$13                     ; 0x13 <__rc3>
    51e0: f2 26        	sbc	($26)                   ; 0x26 <__rc22>
    51e2: 85 13        	sta	$13                     ; 0x13 <__rc3>
    51e4: a5 14        	lda	$14                     ; 0x14 <__rc4>
    51e6: f1 26        	sbc	($26),y                 ; 0x26 <__rc22>
    51e8: aa           	tax
    51e9: 18           	clc
    51ea: a5 13        	lda	$13                     ; 0x13 <__rc3>
    51ec: 69 10        	adc	#$10
    51ee: 85 13        	sta	$13                     ; 0x13 <__rc3>
    51f0: 8a           	txa
    51f1: 69 00        	adc	#$0
    51f3: d1 24        	cmp	($24),y                 ; 0x24 <__rc20>
    51f5: a2 01        	ldx	#$1
    51f7: b0 02        	bcs	$51fb <pickFile_far+0xe6b>
    51f9: a2 00        	ldx	#$0
    51fb: 86 14        	stx	$14                     ; 0x14 <__rc4>
    51fd: d1 24        	cmp	($24),y                 ; 0x24 <__rc20>
    51ff: f0 02        	beq	$5203 <pickFile_far+0xe73>
    5201: 80 09        	bra	$520c <pickFile_far+0xe7c>
    5203: a6 13        	ldx	$13                     ; 0x13 <__rc3>
    5205: e4 12        	cpx	$12                     ; 0x12 <__rc2>
    5207: 90 0a        	bcc	$5213 <pickFile_far+0xe83>
    5209: 4c 74 53     	jmp	$5374 <pickFile_far+0xfe4>
    520c: a5 14        	lda	$14                     ; 0x14 <__rc4>
    520e: f0 03        	beq	$5213 <pickFile_far+0xe83>
    5210: 4c 74 53     	jmp	$5374 <pickFile_far+0xfe4>
    5213: 80 00        	bra	$5215 <pickFile_far+0xe85>
    5215: 18           	clc
    5216: a5 10        	lda	$10                     ; 0x10 <__rc0>
    5218: 69 23        	adc	#$23
    521a: 85 12        	sta	$12                     ; 0x12 <__rc2>
    521c: a5 11        	lda	$11                     ; 0x11 <__zp_data_size>
    521e: 69 00        	adc	#$0
    5220: 85 13        	sta	$13                     ; 0x13 <__rc3>
    5222: a5 12        	lda	$12                     ; 0x12 <__rc2>
    5224: a0 20        	ldy	#$20
    5226: 91 10        	sta	($10),y                 ; 0x10 <__rc0>
    5228: a5 13        	lda	$13                     ; 0x13 <__rc3>
    522a: c8           	iny
    522b: 91 10        	sta	($10),y                 ; 0x10 <__rc0>
    522d: b2 12        	lda	($12)                   ; 0x12 <__rc2>
    522f: a8           	tay
    5230: 18           	clc
    5231: 5a           	phy
    5232: a5 10        	lda	$10                     ; 0x10 <__rc0>
    5234: 69 22        	adc	#$22
    5236: 85 12        	sta	$12                     ; 0x12 <__rc2>
    5238: a5 11        	lda	$11                     ; 0x11 <__zp_data_size>
    523a: 69 00        	adc	#$0
    523c: 85 13        	sta	$13                     ; 0x13 <__rc3>
    523e: a5 12        	lda	$12                     ; 0x12 <__rc2>
    5240: a0 1e        	ldy	#$1e
    5242: 91 10        	sta	($10),y                 ; 0x10 <__rc0>
    5244: a5 13        	lda	$13                     ; 0x13 <__rc3>
    5246: c8           	iny
    5247: 91 10        	sta	($10),y                 ; 0x10 <__rc0>
    5249: 7a           	ply
    524a: 18           	clc
    524b: a5 10        	lda	$10                     ; 0x10 <__rc0>
    524d: 69 28        	adc	#$28
    524f: 85 24        	sta	$24                     ; 0x24 <__rc20>
    5251: a5 11        	lda	$11                     ; 0x11 <__zp_data_size>
    5253: 69 00        	adc	#$0
    5255: 85 25        	sta	$25                     ; 0x25 <__rc21>
    5257: b2 24        	lda	($24)                   ; 0x24 <__rc20>
    5259: 18           	clc
    525a: 72 12        	adc	($12)                   ; 0x12 <__rc2>
    525c: aa           	tax
    525d: 98           	tya
    525e: 20 01 2f     	jsr	$2f01 <textGotoXY>
    5261: a9 20        	lda	#$20
    5263: 92 10        	sta	($10)                   ; 0x10 <__rc0>
    5265: a0 01        	ldy	#$1
    5267: a9 00        	lda	#$0
    5269: 91 10        	sta	($10),y                 ; 0x10 <__rc0>
    526b: a2 e8        	ldx	#$e8
    526d: 86 12        	stx	$12                     ; 0x12 <__rc2>
    526f: a2 86        	ldx	#$86
    5271: 86 13        	stx	$13                     ; 0x13 <__rc3>
    5273: a5 12        	lda	$12                     ; 0x12 <__rc2>
    5275: a0 1c        	ldy	#$1c
    5277: 91 10        	sta	($10),y                 ; 0x10 <__rc0>
    5279: a5 13        	lda	$13                     ; 0x13 <__rc3>
    527b: c8           	iny
    527c: 91 10        	sta	($10),y                 ; 0x10 <__rc0>
    527e: 20 df 7b     	jsr	$7bdf <printf>
    5281: 38           	sec
    5282: a9 0f        	lda	#$f
    5284: f2 24        	sbc	($24)                   ; 0x24 <__rc20>
    5286: aa           	tax
    5287: a9 00        	lda	#$0
    5289: a0 01        	ldy	#$1
    528b: f1 24        	sbc	($24),y                 ; 0x24 <__rc20>
    528d: 85 15        	sta	$15                     ; 0x15 <__rc5>
    528f: 18           	clc
    5290: a5 10        	lda	$10                     ; 0x10 <__rc0>
    5292: 69 2a        	adc	#$2a
    5294: 85 12        	sta	$12                     ; 0x12 <__rc2>
    5296: a5 11        	lda	$11                     ; 0x11 <__zp_data_size>
    5298: 69 00        	adc	#$0
    529a: 85 13        	sta	$13                     ; 0x13 <__rc3>
    529c: 18           	clc
    529d: 8a           	txa
    529e: 72 12        	adc	($12)                   ; 0x12 <__rc2>
    52a0: 85 14        	sta	$14                     ; 0x14 <__rc4>
    52a2: a5 15        	lda	$15                     ; 0x15 <__rc5>
    52a4: 71 12        	adc	($12),y                 ; 0x12 <__rc2>
    52a6: 85 15        	sta	$15                     ; 0x15 <__rc5>
    52a8: a5 14        	lda	$14                     ; 0x14 <__rc4>
    52aa: 92 12        	sta	($12)                   ; 0x12 <__rc2>
    52ac: a5 15        	lda	$15                     ; 0x15 <__rc5>
    52ae: 91 12        	sta	($12),y                 ; 0x12 <__rc2>
    52b0: a9 00        	lda	#$0
    52b2: 92 24        	sta	($24)                   ; 0x24 <__rc20>
    52b4: 91 24        	sta	($24),y                 ; 0x24 <__rc20>
    52b6: 18           	clc
    52b7: a5 10        	lda	$10                     ; 0x10 <__rc0>
    52b9: 69 26        	adc	#$26
    52bb: 85 26        	sta	$26                     ; 0x26 <__rc22>
    52bd: a5 11        	lda	$11                     ; 0x11 <__zp_data_size>
    52bf: 69 00        	adc	#$0
    52c1: 85 27        	sta	$27                     ; 0x27 <__rc23>
    52c3: b2 26        	lda	($26)                   ; 0x26 <__rc22>
    52c5: 85 15        	sta	$15                     ; 0x15 <__rc5>
    52c7: b1 26        	lda	($26),y                 ; 0x26 <__rc22>
    52c9: 85 14        	sta	$14                     ; 0x14 <__rc4>
    52cb: 18           	clc
    52cc: a5 15        	lda	$15                     ; 0x15 <__rc5>
    52ce: 69 0f        	adc	#$f
    52d0: 85 15        	sta	$15                     ; 0x15 <__rc5>
    52d2: a5 14        	lda	$14                     ; 0x14 <__rc4>
    52d4: 69 00        	adc	#$0
    52d6: aa           	tax
    52d7: a5 15        	lda	$15                     ; 0x15 <__rc5>
    52d9: 92 26        	sta	($26)                   ; 0x26 <__rc22>
    52db: 8a           	txa
    52dc: 91 26        	sta	($26),y                 ; 0x26 <__rc22>
    52de: b2 12        	lda	($12)                   ; 0x12 <__rc2>
    52e0: 85 14        	sta	$14                     ; 0x14 <__rc4>
    52e2: b1 12        	lda	($12),y                 ; 0x12 <__rc2>
    52e4: a2 01        	ldx	#$1
    52e6: 86 2a        	stx	$2a                     ; 0x2a <__rc26>
    52e8: a2 03        	ldx	#$3
    52ea: 86 12        	stx	$12                     ; 0x12 <__rc2>
    52ec: 86 2b        	stx	$2b                     ; 0x2b <__rc27>
    52ee: 64 13        	stz	$13                     ; 0x13 <__rc3>
    52f0: 85 15        	sta	$15                     ; 0x15 <__rc5>
    52f2: a2 5f        	ldx	#$5f
    52f4: a9 42        	lda	#$42
    52f6: 20 11 06     	jsr	$611 <FAR_POKEW>
    52f9: b2 24        	lda	($24)                   ; 0x24 <__rc20>
    52fb: 85 14        	sta	$14                     ; 0x14 <__rc4>
    52fd: a4 2a        	ldy	$2a                     ; 0x2a <__rc26>
    52ff: b1 24        	lda	($24),y                 ; 0x24 <__rc20>
    5301: a6 2b        	ldx	$2b                     ; 0x2b <__rc27>
    5303: 86 12        	stx	$12                     ; 0x12 <__rc2>
    5305: 64 13        	stz	$13                     ; 0x13 <__rc3>
    5307: 85 15        	sta	$15                     ; 0x15 <__rc5>
    5309: a2 5f        	ldx	#$5f
    530b: a9 46        	lda	#$46
    530d: 20 11 06     	jsr	$611 <FAR_POKEW>
    5310: b2 26        	lda	($26)                   ; 0x26 <__rc22>
    5312: 85 14        	sta	$14                     ; 0x14 <__rc4>
    5314: a4 2a        	ldy	$2a                     ; 0x2a <__rc26>
    5316: b1 26        	lda	($26),y                 ; 0x26 <__rc22>
    5318: a6 2b        	ldx	$2b                     ; 0x2b <__rc27>
    531a: 86 12        	stx	$12                     ; 0x12 <__rc2>
    531c: 64 13        	stz	$13                     ; 0x13 <__rc3>
    531e: 85 15        	sta	$15                     ; 0x15 <__rc5>
    5320: a2 5f        	ldx	#$5f
    5322: a9 4a        	lda	#$4a
    5324: 20 11 06     	jsr	$611 <FAR_POKEW>
    5327: b2 26        	lda	($26)                   ; 0x26 <__rc22>
    5329: 85 12        	sta	$12                     ; 0x12 <__rc2>
    532b: a4 2a        	ldy	$2a                     ; 0x2a <__rc26>
    532d: b1 26        	lda	($26),y                 ; 0x26 <__rc22>
    532f: aa           	tax
    5330: a5 12        	lda	$12                     ; 0x12 <__rc2>
    5332: 20 43 3f     	jsr	$3f43 <displayFileList_far>
    5335: a0 20        	ldy	#$20
    5337: b1 10        	lda	($10),y                 ; 0x10 <__rc0>
    5339: 85 12        	sta	$12                     ; 0x12 <__rc2>
    533b: c8           	iny
    533c: b1 10        	lda	($10),y                 ; 0x10 <__rc0>
    533e: 85 13        	sta	$13                     ; 0x13 <__rc3>
    5340: b2 12        	lda	($12)                   ; 0x12 <__rc2>
    5342: a8           	tay
    5343: b2 24        	lda	($24)                   ; 0x24 <__rc20>
    5345: 18           	clc
    5346: 48           	pha
    5347: 5a           	phy
    5348: a0 1e        	ldy	#$1e
    534a: b1 10        	lda	($10),y                 ; 0x10 <__rc0>
    534c: 85 12        	sta	$12                     ; 0x12 <__rc2>
    534e: c8           	iny
    534f: b1 10        	lda	($10),y                 ; 0x10 <__rc0>
    5351: 7a           	ply
    5352: 85 13        	sta	$13                     ; 0x13 <__rc3>
    5354: 68           	pla
    5355: 72 12        	adc	($12)                   ; 0x12 <__rc2>
    5357: aa           	tax
    5358: 98           	tya
    5359: 20 01 2f     	jsr	$2f01 <textGotoXY>
    535c: a9 fa        	lda	#$fa
    535e: 92 10        	sta	($10)                   ; 0x10 <__rc0>
    5360: a9 00        	lda	#$0
    5362: a4 2a        	ldy	$2a                     ; 0x2a <__rc26>
    5364: 91 10        	sta	($10),y                 ; 0x10 <__rc0>
    5366: a0 1c        	ldy	#$1c
    5368: b1 10        	lda	($10),y                 ; 0x10 <__rc0>
    536a: 85 12        	sta	$12                     ; 0x12 <__rc2>
    536c: c8           	iny
    536d: b1 10        	lda	($10),y                 ; 0x10 <__rc0>
    536f: 85 13        	sta	$13                     ; 0x13 <__rc3>
    5371: 20 df 7b     	jsr	$7bdf <printf>
    5374: 4c c6 43     	jmp	$43c6 <pickFile_far+0x36>
    5377: 18           	clc
    5378: a5 10        	lda	$10                     ; 0x10 <__rc0>
    537a: 69 5d        	adc	#$5d
    537c: 85 12        	sta	$12                     ; 0x12 <__rc2>
    537e: a5 11        	lda	$11                     ; 0x11 <__zp_data_size>
    5380: 69 00        	adc	#$0
    5382: 85 13        	sta	$13                     ; 0x13 <__rc3>
    5384: b2 12        	lda	($12)                   ; 0x12 <__rc2>
    5386: 85 20        	sta	$20                     ; 0x20 <__rc16>
    5388: a0 02        	ldy	#$2
    538a: b1 10        	lda	($10),y                 ; 0x10 <__rc0>
    538c: 85 2b        	sta	$2b                     ; 0x2b <__rc27>
    538e: c8           	iny
    538f: b1 10        	lda	($10),y                 ; 0x10 <__rc0>
    5391: 85 2a        	sta	$2a                     ; 0x2a <__rc26>
    5393: c8           	iny
    5394: b1 10        	lda	($10),y                 ; 0x10 <__rc0>
    5396: 85 29        	sta	$29                     ; 0x29 <__rc25>
    5398: c8           	iny
    5399: b1 10        	lda	($10),y                 ; 0x10 <__rc0>
    539b: 85 28        	sta	$28                     ; 0x28 <__rc24>
    539d: fa           	plx
    539e: 86 27        	stx	$27                     ; 0x27 <__rc23>
    53a0: fa           	plx
    53a1: 86 26        	stx	$26                     ; 0x26 <__rc22>
    53a3: fa           	plx
    53a4: 86 25        	stx	$25                     ; 0x25 <__rc21>
    53a6: fa           	plx
    53a7: 86 24        	stx	$24                     ; 0x24 <__rc20>
    53a9: 18           	clc
    53aa: a5 10        	lda	$10                     ; 0x10 <__rc0>
    53ac: 69 5e        	adc	#$5e
    53ae: 85 10        	sta	$10                     ; 0x10 <__rc0>
    53b0: a5 11        	lda	$11                     ; 0x11 <__zp_data_size>
    53b2: 69 00        	adc	#$0
    53b4: 85 11        	sta	$11                     ; 0x11 <__zp_data_size>
    53b6: a5 20        	lda	$20                     ; 0x20 <__rc16>
    53b8: 60           	rts

000053b9 <reprepFPR_far>:
    53b9: a2 01        	ldx	#$1
    53bb: a0 00        	ldy	#$0
    53bd: 84 14        	sty	$14                     ; 0x14 <__rc4>
    53bf: 64 17        	stz	$17                     ; 0x17 <__rc7>
    53c1: 86 16        	stx	$16                     ; 0x16 <__rc6>
    53c3: 8a           	txa
    53c4: 0a           	asl
    53c5: a6 17        	ldx	$17                     ; 0x17 <__rc7>
    53c7: 86 12        	stx	$12                     ; 0x12 <__rc2>
    53c9: 26 12        	rol	$12                     ; 0x12 <__rc2>
    53cb: 0a           	asl
    53cc: 26 12        	rol	$12                     ; 0x12 <__rc2>
    53ce: 0a           	asl
    53cf: 85 13        	sta	$13                     ; 0x13 <__rc3>
    53d1: 26 12        	rol	$12                     ; 0x12 <__rc2>
    53d3: 0a           	asl
    53d4: aa           	tax
    53d5: a5 12        	lda	$12                     ; 0x12 <__rc2>
    53d7: 2a           	rol
    53d8: 86 15        	stx	$15                     ; 0x15 <__rc5>
    53da: 06 15        	asl	$15                     ; 0x15 <__rc5>
    53dc: 2a           	rol
    53dd: 06 15        	asl	$15                     ; 0x15 <__rc5>
    53df: 2a           	rol
    53e0: 06 15        	asl	$15                     ; 0x15 <__rc5>
    53e2: 2a           	rol
    53e3: aa           	tax
    53e4: 38           	sec
    53e5: a5 15        	lda	$15                     ; 0x15 <__rc5>
    53e7: e5 13        	sbc	$13                     ; 0x13 <__rc3>
    53e9: 85 1a        	sta	$1a                     ; 0x1a <__rc10>
    53eb: 8a           	txa
    53ec: e5 12        	sbc	$12                     ; 0x12 <__rc2>
    53ee: 85 18        	sta	$18                     ; 0x18 <__rc8>
    53f0: 64 12        	stz	$12                     ; 0x12 <__rc2>
    53f2: a6 14        	ldx	$14                     ; 0x14 <__rc4>
    53f4: 86 19        	stx	$19                     ; 0x19 <__rc9>
    53f6: a5 1a        	lda	$1a                     ; 0x1a <__rc10>
    53f8: a6 19        	ldx	$19                     ; 0x19 <__rc9>
    53fa: e0 01        	cpx	#$1
    53fc: 65 12        	adc	$12                     ; 0x12 <__rc2>
    53fe: 85 13        	sta	$13                     ; 0x13 <__rc3>
    5400: a5 18        	lda	$18                     ; 0x18 <__rc8>
    5402: 69 00        	adc	#$0
    5404: a8           	tay
    5405: a9 00        	lda	#$0
    5407: 69 00        	adc	#$0
    5409: aa           	tax
    540a: 18           	clc
    540b: a5 13        	lda	$13                     ; 0x13 <__rc3>
    540d: 69 b6        	adc	#$b6
    540f: 85 14        	sta	$14                     ; 0x14 <__rc4>
    5411: 98           	tya
    5412: 69 00        	adc	#$0
    5414: a8           	tay
    5415: 8a           	txa
    5416: 69 03        	adc	#$3
    5418: 85 15        	sta	$15                     ; 0x15 <__rc5>
    541a: 98           	tya
    541b: 84 13        	sty	$13                     ; 0x13 <__rc3>
    541d: 06 13        	asl	$13                     ; 0x13 <__rc3>
    541f: 26 15        	rol	$15                     ; 0x15 <__rc5>
    5421: 06 13        	asl	$13                     ; 0x13 <__rc3>
    5423: 26 15        	rol	$15                     ; 0x15 <__rc5>
    5425: 06 13        	asl	$13                     ; 0x13 <__rc3>
    5427: 26 15        	rol	$15                     ; 0x15 <__rc5>
    5429: a4 15        	ldy	$15                     ; 0x15 <__rc5>
    542b: a6 0f        	ldx	$f                      ; 0xf
    542d: 78           	sei
    542e: 84 0f        	sty	$f                      ; 0xf
    5430: 09 e0        	ora	#$e0
    5432: 85 15        	sta	$15                     ; 0x15 <__rc5>
    5434: a9 00        	lda	#$0
    5436: 92 14        	sta	($14)                   ; 0x14 <__rc4>
    5438: 86 0f        	stx	$f                      ; 0xf
    543a: 58           	cli
    543b: a6 12        	ldx	$12                     ; 0x12 <__rc2>
    543d: e8           	inx
    543e: 86 12        	stx	$12                     ; 0x12 <__rc2>
    5440: e0 78        	cpx	#$78
    5442: f0 03        	beq	$5447 <reprepFPR_far+0x8e>
    5444: 4c f6 53     	jmp	$53f6 <reprepFPR_far+0x3d>
    5447: a2 00        	ldx	#$0
    5449: 86 14        	stx	$14                     ; 0x14 <__rc4>
    544b: 18           	clc
    544c: a6 16        	ldx	$16                     ; 0x16 <__rc6>
    544e: a5 16        	lda	$16                     ; 0x16 <__rc6>
    5450: 69 76        	adc	#$76
    5452: 85 13        	sta	$13                     ; 0x13 <__rc3>
    5454: a5 17        	lda	$17                     ; 0x17 <__rc7>
    5456: 69 5e        	adc	#$5e
    5458: 85 15        	sta	$15                     ; 0x15 <__rc5>
    545a: a9 00        	lda	#$0
    545c: 69 03        	adc	#$3
    545e: a4 15        	ldy	$15                     ; 0x15 <__rc5>
    5460: 84 12        	sty	$12                     ; 0x12 <__rc2>
    5462: 06 12        	asl	$12                     ; 0x12 <__rc2>
    5464: 2a           	rol
    5465: 06 12        	asl	$12                     ; 0x12 <__rc2>
    5467: 2a           	rol
    5468: 06 12        	asl	$12                     ; 0x12 <__rc2>
    546a: 2a           	rol
    546b: a4 0f        	ldy	$f                      ; 0xf
    546d: 78           	sei
    546e: 85 0f        	sta	$f                      ; 0xf
    5470: a5 13        	lda	$13                     ; 0x13 <__rc3>
    5472: 85 12        	sta	$12                     ; 0x12 <__rc2>
    5474: a5 15        	lda	$15                     ; 0x15 <__rc5>
    5476: 09 e0        	ora	#$e0
    5478: 85 13        	sta	$13                     ; 0x13 <__rc3>
    547a: a9 00        	lda	#$0
    547c: 92 12        	sta	($12)                   ; 0x12 <__rc2>
    547e: 84 0f        	sty	$f                      ; 0xf
    5480: 58           	cli
    5481: e8           	inx
    5482: d0 02        	bne	$5486 <reprepFPR_far+0xcd>
    5484: e6 17        	inc	$17                     ; 0x17 <__rc7>
    5486: a5 17        	lda	$17                     ; 0x17 <__rc7>
    5488: f0 03        	beq	$548d <reprepFPR_far+0xd4>
    548a: 4c c1 53     	jmp	$53c1 <reprepFPR_far+0x8>
    548d: e0 c8        	cpx	#$c8
    548f: f0 03        	beq	$5494 <reprepFPR_far+0xdb>
    5491: 4c c1 53     	jmp	$53c1 <reprepFPR_far+0x8>
    5494: a4 0f        	ldy	$f                      ; 0xf
    5496: 78           	sei
    5497: a2 1a        	ldx	#$1a
    5499: 86 0f        	stx	$f                      ; 0xf
    549b: 9c 3e ff     	stz	$ff3e                   ; 0xff3e <__heap_start+0x7572>
    549e: 9c 3f ff     	stz	$ff3f                   ; 0xff3f <__heap_start+0x7573>
    54a1: 84 0f        	sty	$f                      ; 0xf
    54a3: 58           	cli
    54a4: a4 0f        	ldy	$f                      ; 0xf
    54a6: 78           	sei
    54a7: 86 0f        	stx	$f                      ; 0xf
    54a9: 9c 42 ff     	stz	$ff42                   ; 0xff42 <__heap_start+0x7576>
    54ac: 9c 43 ff     	stz	$ff43                   ; 0xff43 <__heap_start+0x7577>
    54af: 84 0f        	sty	$f                      ; 0xf
    54b1: 58           	cli
    54b2: a4 0f        	ldy	$f                      ; 0xf
    54b4: 78           	sei
    54b5: 86 0f        	stx	$f                      ; 0xf
    54b7: 9c 4a ff     	stz	$ff4a                   ; 0xff4a <__heap_start+0x757e>
    54ba: 9c 4b ff     	stz	$ff4b                   ; 0xff4b <__heap_start+0x757f>
    54bd: 84 0f        	sty	$f                      ; 0xf
    54bf: 58           	cli
    54c0: a4 0f        	ldy	$f                      ; 0xf
    54c2: 78           	sei
    54c3: 86 0f        	stx	$f                      ; 0xf
    54c5: 9c 46 ff     	stz	$ff46                   ; 0xff46 <__heap_start+0x757a>
    54c8: 9c 47 ff     	stz	$ff47                   ; 0xff47 <__heap_start+0x757b>
    54cb: 84 0f        	sty	$f                      ; 0xf
    54cd: 58           	cli
    54ce: 60           	rts

000054cf <wipeArea_far>:
    54cf: 18           	clc
    54d0: a5 10        	lda	$10                     ; 0x10 <__rc0>
    54d2: 69 ff        	adc	#$ff
    54d4: 85 10        	sta	$10                     ; 0x10 <__rc0>
    54d6: a5 11        	lda	$11                     ; 0x11 <__zp_data_size>
    54d8: 69 ff        	adc	#$ff
    54da: 85 11        	sta	$11                     ; 0x11 <__zp_data_size>
    54dc: a6 24        	ldx	$24                     ; 0x24 <__rc20>
    54de: da           	phx
    54df: a6 25        	ldx	$25                     ; 0x25 <__rc21>
    54e1: da           	phx
    54e2: a6 26        	ldx	$26                     ; 0x26 <__rc22>
    54e4: da           	phx
    54e5: a6 27        	ldx	$27                     ; 0x27 <__rc23>
    54e7: da           	phx
    54e8: a5 28        	lda	$28                     ; 0x28 <__rc24>
    54ea: a0 00        	ldy	#$0
    54ec: 91 10        	sta	($10),y                 ; 0x10 <__rc0>
    54ee: a6 0f        	ldx	$f                      ; 0xf
    54f0: 78           	sei
    54f1: a0 18        	ldy	#$18
    54f3: 84 0f        	sty	$f                      ; 0xf
    54f5: ac 01 e0     	ldy	$e001                   ; 0xe001 <__heap_start+0x5635>
    54f8: 86 0f        	stx	$f                      ; 0xf
    54fa: 58           	cli
    54fb: 18           	clc
    54fc: 98           	tya
    54fd: 69 b0        	adc	#$b0
    54ff: 85 25        	sta	$25                     ; 0x25 <__rc21>
    5501: a2 00        	ldx	#$0
    5503: c0 50        	cpy	#$50
    5505: a0 01        	ldy	#$1
    5507: b0 02        	bcs	$550b <wipeArea_far+0x3c>
    5509: a0 00        	ldy	#$0
    550b: 84 27        	sty	$27                     ; 0x27 <__rc23>
    550d: a0 20        	ldy	#$20
    550f: 84 28        	sty	$28                     ; 0x28 <__rc24>
    5511: 86 26        	stx	$26                     ; 0x26 <__rc22>
    5513: a6 25        	ldx	$25                     ; 0x25 <__rc21>
    5515: 86 24        	stx	$24                     ; 0x24 <__rc20>
    5517: a5 27        	lda	$27                     ; 0x27 <__rc23>
    5519: d0 13        	bne	$552e <wipeArea_far+0x5f>
    551b: a6 28        	ldx	$28                     ; 0x28 <__rc24>
    551d: 86 4f        	stx	$4f                     ; 0x4f <__putchar.s>
    551f: a2 4f        	ldx	#$4f
    5521: 86 12        	stx	$12                     ; 0x12 <__rc2>
    5523: a2 00        	ldx	#$0
    5525: 86 13        	stx	$13                     ; 0x13 <__rc3>
    5527: 20 b8 2b     	jsr	$2bb8 <textPrint>
    552a: e6 24        	inc	$24                     ; 0x24 <__rc20>
    552c: d0 ed        	bne	$551b <wipeArea_far+0x4c>
    552e: a2 20        	ldx	#$20
    5530: 86 28        	stx	$28                     ; 0x28 <__rc24>
    5532: a2 0a        	ldx	#$a
    5534: 86 4f        	stx	$4f                     ; 0x4f <__putchar.s>
    5536: a2 4f        	ldx	#$4f
    5538: 86 12        	stx	$12                     ; 0x12 <__rc2>
    553a: a2 00        	ldx	#$0
    553c: 86 13        	stx	$13                     ; 0x13 <__rc3>
    553e: 20 b8 2b     	jsr	$2bb8 <textPrint>
    5541: a6 26        	ldx	$26                     ; 0x26 <__rc22>
    5543: e8           	inx
    5544: e0 11        	cpx	#$11
    5546: d0 c9        	bne	$5511 <wipeArea_far+0x42>
    5548: a0 00        	ldy	#$0
    554a: b1 10        	lda	($10),y                 ; 0x10 <__rc0>
    554c: 85 28        	sta	$28                     ; 0x28 <__rc24>
    554e: fa           	plx
    554f: 86 27        	stx	$27                     ; 0x27 <__rc23>
    5551: fa           	plx
    5552: 86 26        	stx	$26                     ; 0x26 <__rc22>
    5554: fa           	plx
    5555: 86 25        	stx	$25                     ; 0x25 <__rc21>
    5557: fa           	plx
    5558: 86 24        	stx	$24                     ; 0x24 <__rc20>
    555a: 18           	clc
    555b: a5 10        	lda	$10                     ; 0x10 <__rc0>
    555d: 69 01        	adc	#$1
    555f: 85 10        	sta	$10                     ; 0x10 <__rc0>
    5561: a5 11        	lda	$11                     ; 0x11 <__zp_data_size>
    5563: 69 00        	adc	#$0
    5565: 85 11        	sta	$11                     ; 0x11 <__zp_data_size>
    5567: 60           	rts

00005568 <displayImage>:
    5568: 18           	clc
    5569: a5 10        	lda	$10                     ; 0x10 <__rc0>
    556b: 69 e9        	adc	#$e9
    556d: 85 10        	sta	$10                     ; 0x10 <__rc0>
    556f: a5 11        	lda	$11                     ; 0x11 <__zp_data_size>
    5571: 69 ff        	adc	#$ff
    5573: 85 11        	sta	$11                     ; 0x11 <__zp_data_size>
    5575: a6 24        	ldx	$24                     ; 0x24 <__rc20>
    5577: da           	phx
    5578: a6 25        	ldx	$25                     ; 0x25 <__rc21>
    557a: da           	phx
    557b: a6 26        	ldx	$26                     ; 0x26 <__rc22>
    557d: da           	phx
    557e: 18           	clc
    557f: a5 10        	lda	$10                     ; 0x10 <__rc0>
    5581: 69 13        	adc	#$13
    5583: 85 12        	sta	$12                     ; 0x12 <__rc2>
    5585: a5 11        	lda	$11                     ; 0x11 <__zp_data_size>
    5587: 69 00        	adc	#$0
    5589: 85 13        	sta	$13                     ; 0x13 <__rc3>
    558b: a0 02        	ldy	#$2
    558d: a2 03        	ldx	#$3
    558f: 8a           	txa
    5590: 91 12        	sta	($12),y                 ; 0x12 <__rc2>
    5592: 18           	clc
    5593: a5 10        	lda	$10                     ; 0x10 <__rc0>
    5595: 69 12        	adc	#$12
    5597: 85 24        	sta	$24                     ; 0x24 <__rc20>
    5599: a5 11        	lda	$11                     ; 0x11 <__zp_data_size>
    559b: 69 00        	adc	#$0
    559d: 85 25        	sta	$25                     ; 0x25 <__rc21>
    559f: 98           	tya
    55a0: 92 24        	sta	($24)                   ; 0x24 <__rc20>
    55a2: 18           	clc
    55a3: a5 10        	lda	$10                     ; 0x10 <__rc0>
    55a5: 69 06        	adc	#$6
    55a7: 85 14        	sta	$14                     ; 0x14 <__rc4>
    55a9: a5 11        	lda	$11                     ; 0x11 <__zp_data_size>
    55ab: 69 00        	adc	#$0
    55ad: 85 15        	sta	$15                     ; 0x15 <__rc5>
    55af: a9 00        	lda	#$0
    55b1: 91 14        	sta	($14),y                 ; 0x14 <__rc4>
    55b3: a9 00        	lda	#$0
    55b5: 92 12        	sta	($12)                   ; 0x12 <__rc2>
    55b7: c8           	iny
    55b8: 91 12        	sta	($12),y                 ; 0x12 <__rc2>
    55ba: a0 03        	ldy	#$3
    55bc: a9 00        	lda	#$0
    55be: 91 14        	sta	($14),y                 ; 0x14 <__rc4>
    55c0: a0 01        	ldy	#$1
    55c2: a9 00        	lda	#$0
    55c4: 91 12        	sta	($12),y                 ; 0x12 <__rc2>
    55c6: a9 00        	lda	#$0
    55c8: 92 14        	sta	($14)                   ; 0x14 <__rc4>
    55ca: a9 00        	lda	#$0
    55cc: 91 14        	sta	($14),y                 ; 0x14 <__rc4>
    55ce: a2 01        	ldx	#$1
    55d0: 86 26        	stx	$26                     ; 0x26 <__rc22>
    55d2: b2 24        	lda	($24)                   ; 0x24 <__rc20>
    55d4: 85 12        	sta	$12                     ; 0x12 <__rc2>
    55d6: a9 f0        	lda	#$f0
    55d8: 64 13        	stz	$13                     ; 0x13 <__rc3>
    55da: ca           	dex
    55db: 20 25 81     	jsr	$8125 <__udivhi3>
    55de: 18           	clc
    55df: 48           	pha
    55e0: a5 10        	lda	$10                     ; 0x10 <__rc0>
    55e2: 69 05        	adc	#$5
    55e4: 85 12        	sta	$12                     ; 0x12 <__rc2>
    55e6: a5 11        	lda	$11                     ; 0x11 <__zp_data_size>
    55e8: 69 00        	adc	#$0
    55ea: 85 13        	sta	$13                     ; 0x13 <__rc3>
    55ec: 68           	pla
    55ed: 92 12        	sta	($12)                   ; 0x12 <__rc2>
    55ef: b2 24        	lda	($24)                   ; 0x24 <__rc20>
    55f1: 0a           	asl
    55f2: 18           	clc
    55f3: 48           	pha
    55f4: a5 10        	lda	$10                     ; 0x10 <__rc0>
    55f6: 69 04        	adc	#$4
    55f8: 85 12        	sta	$12                     ; 0x12 <__rc2>
    55fa: a5 11        	lda	$11                     ; 0x11 <__zp_data_size>
    55fc: 69 00        	adc	#$0
    55fe: 85 13        	sta	$13                     ; 0x13 <__rc3>
    5600: 68           	pla
    5601: 92 12        	sta	($12)                   ; 0x12 <__rc2>
    5603: 18           	clc
    5604: a5 10        	lda	$10                     ; 0x10 <__rc0>
    5606: 69 03        	adc	#$3
    5608: 85 12        	sta	$12                     ; 0x12 <__rc2>
    560a: a5 11        	lda	$11                     ; 0x11 <__zp_data_size>
    560c: 69 00        	adc	#$0
    560e: 85 13        	sta	$13                     ; 0x13 <__rc3>
    5610: a9 00        	lda	#$0
    5612: 92 12        	sta	($12)                   ; 0x12 <__rc2>
    5614: 18           	clc
    5615: 48           	pha
    5616: a5 10        	lda	$10                     ; 0x10 <__rc0>
    5618: 69 02        	adc	#$2
    561a: 85 12        	sta	$12                     ; 0x12 <__rc2>
    561c: a5 11        	lda	$11                     ; 0x11 <__zp_data_size>
    561e: 69 00        	adc	#$0
    5620: 85 13        	sta	$13                     ; 0x13 <__rc3>
    5622: 68           	pla
    5623: 92 12        	sta	($12)                   ; 0x12 <__rc2>
    5625: 18           	clc
    5626: a6 10        	ldx	$10                     ; 0x10 <__rc0>
    5628: 86 12        	stx	$12                     ; 0x12 <__rc2>
    562a: a6 11        	ldx	$11                     ; 0x11 <__zp_data_size>
    562c: 86 13        	stx	$13                     ; 0x13 <__rc3>
    562e: 92 12        	sta	($12)                   ; 0x12 <__rc2>
    5630: a4 26        	ldy	$26                     ; 0x26 <__rc22>
    5632: 91 12        	sta	($12),y                 ; 0x12 <__rc2>
    5634: b2 24        	lda	($24)                   ; 0x24 <__rc20>
    5636: c9 02        	cmp	#$2
    5638: f0 02        	beq	$563c <displayImage+0xd4>
    563a: 80 02        	bra	$563e <displayImage+0xd6>
    563c: 80 02        	bra	$5640 <displayImage+0xd8>
    563e: 80 13        	bra	$5653 <displayImage+0xeb>
    5640: 80 00        	bra	$5642 <displayImage+0xda>
    5642: 18           	clc
    5643: a5 10        	lda	$10                     ; 0x10 <__rc0>
    5645: 69 03        	adc	#$3
    5647: 85 12        	sta	$12                     ; 0x12 <__rc2>
    5649: a5 11        	lda	$11                     ; 0x11 <__zp_data_size>
    564b: 69 00        	adc	#$0
    564d: 85 13        	sta	$13                     ; 0x13 <__rc3>
    564f: a9 01        	lda	#$1
    5651: 92 12        	sta	($12)                   ; 0x12 <__rc2>
    5653: 18           	clc
    5654: a5 10        	lda	$10                     ; 0x10 <__rc0>
    5656: 69 12        	adc	#$12
    5658: 85 12        	sta	$12                     ; 0x12 <__rc2>
    565a: a5 11        	lda	$11                     ; 0x11 <__zp_data_size>
    565c: 69 00        	adc	#$0
    565e: 85 13        	sta	$13                     ; 0x13 <__rc3>
    5660: b2 12        	lda	($12)                   ; 0x12 <__rc2>
    5662: c9 04        	cmp	#$4
    5664: f0 02        	beq	$5668 <displayImage+0x100>
    5666: 80 02        	bra	$566a <displayImage+0x102>
    5668: 80 02        	bra	$566c <displayImage+0x104>
    566a: 80 24        	bra	$5690 <displayImage+0x128>
    566c: 80 00        	bra	$566e <displayImage+0x106>
    566e: 18           	clc
    566f: a5 10        	lda	$10                     ; 0x10 <__rc0>
    5671: 69 03        	adc	#$3
    5673: 85 12        	sta	$12                     ; 0x12 <__rc2>
    5675: a5 11        	lda	$11                     ; 0x11 <__zp_data_size>
    5677: 69 00        	adc	#$0
    5679: 85 13        	sta	$13                     ; 0x13 <__rc3>
    567b: a9 01        	lda	#$1
    567d: 92 12        	sta	($12)                   ; 0x12 <__rc2>
    567f: 18           	clc
    5680: 48           	pha
    5681: a5 10        	lda	$10                     ; 0x10 <__rc0>
    5683: 69 02        	adc	#$2
    5685: 85 12        	sta	$12                     ; 0x12 <__rc2>
    5687: a5 11        	lda	$11                     ; 0x11 <__zp_data_size>
    5689: 69 00        	adc	#$0
    568b: 85 13        	sta	$13                     ; 0x13 <__rc3>
    568d: 68           	pla
    568e: 92 12        	sta	($12)                   ; 0x12 <__rc2>
    5690: a2 2a        	ldx	#$2a
    5692: 8e 40 dd     	stx	$dd40                   ; 0xdd40 <__heap_start+0x5374>
    5695: 9c 41 dd     	stz	$dd41                   ; 0xdd41 <__heap_start+0x5375>
    5698: 9c 41 dd     	stz	$dd41                   ; 0xdd41 <__heap_start+0x5375>
    569b: 9c 41 dd     	stz	$dd41                   ; 0xdd41 <__heap_start+0x5375>
    569e: a2 ef        	ldx	#$ef
    56a0: 8e 41 dd     	stx	$dd41                   ; 0xdd41 <__heap_start+0x5375>
    56a3: a2 2b        	ldx	#$2b
    56a5: 8e 40 dd     	stx	$dd40                   ; 0xdd40 <__heap_start+0x5374>
    56a8: 9c 41 dd     	stz	$dd41                   ; 0xdd41 <__heap_start+0x5375>
    56ab: a2 14        	ldx	#$14
    56ad: 8e 41 dd     	stx	$dd41                   ; 0xdd41 <__heap_start+0x5375>
    56b0: a2 01        	ldx	#$1
    56b2: 8e 41 dd     	stx	$dd41                   ; 0xdd41 <__heap_start+0x5375>
    56b5: a2 3f        	ldx	#$3f
    56b7: 8e 41 dd     	stx	$dd41                   ; 0xdd41 <__heap_start+0x5375>
    56ba: a2 2c        	ldx	#$2c
    56bc: 8e 40 dd     	stx	$dd40                   ; 0xdd40 <__heap_start+0x5374>
    56bf: a9 00        	lda	#$0
    56c1: 18           	clc
    56c2: 48           	pha
    56c3: a5 10        	lda	$10                     ; 0x10 <__rc0>
    56c5: 69 0a        	adc	#$a
    56c7: 85 12        	sta	$12                     ; 0x12 <__rc2>
    56c9: a5 11        	lda	$11                     ; 0x11 <__zp_data_size>
    56cb: 69 00        	adc	#$0
    56cd: 85 13        	sta	$13                     ; 0x13 <__rc3>
    56cf: 68           	pla
    56d0: 92 12        	sta	($12)                   ; 0x12 <__rc2>
    56d2: a0 01        	ldy	#$1
    56d4: 91 12        	sta	($12),y                 ; 0x12 <__rc2>
    56d6: c8           	iny
    56d7: 91 12        	sta	($12),y                 ; 0x12 <__rc2>
    56d9: c8           	iny
    56da: 91 12        	sta	($12),y                 ; 0x12 <__rc2>
    56dc: 18           	clc
    56dd: a5 10        	lda	$10                     ; 0x10 <__rc0>
    56df: 69 0a        	adc	#$a
    56e1: 85 12        	sta	$12                     ; 0x12 <__rc2>
    56e3: a5 11        	lda	$11                     ; 0x11 <__zp_data_size>
    56e5: 69 00        	adc	#$0
    56e7: 85 13        	sta	$13                     ; 0x13 <__rc3>
    56e9: b2 12        	lda	($12)                   ; 0x12 <__rc2>
    56eb: 85 14        	sta	$14                     ; 0x14 <__rc4>
    56ed: a0 01        	ldy	#$1
    56ef: b1 12        	lda	($12),y                 ; 0x12 <__rc2>
    56f1: 85 15        	sta	$15                     ; 0x15 <__rc5>
    56f3: c8           	iny
    56f4: b1 12        	lda	($12),y                 ; 0x12 <__rc2>
    56f6: 85 16        	sta	$16                     ; 0x16 <__rc6>
    56f8: c8           	iny
    56f9: b1 12        	lda	($12),y                 ; 0x12 <__rc2>
    56fb: c9 00        	cmp	#$0
    56fd: a2 01        	ldx	#$1
    56ff: b0 02        	bcs	$5703 <displayImage+0x19b>
    5701: a2 00        	ldx	#$0
    5703: 86 12        	stx	$12                     ; 0x12 <__rc2>
    5705: aa           	tax
    5706: f0 02        	beq	$570a <displayImage+0x1a2>
    5708: 80 3e        	bra	$5748 <displayImage+0x1e0>
    570a: a6 16        	ldx	$16                     ; 0x16 <__rc6>
    570c: e0 00        	cpx	#$0
    570e: a0 01        	ldy	#$1
    5710: b0 02        	bcs	$5714 <displayImage+0x1ac>
    5712: a0 00        	ldy	#$0
    5714: 84 12        	sty	$12                     ; 0x12 <__rc2>
    5716: 8a           	txa
    5717: f0 02        	beq	$571b <displayImage+0x1b3>
    5719: 80 24        	bra	$573f <displayImage+0x1d7>
    571b: a6 15        	ldx	$15                     ; 0x15 <__rc5>
    571d: e0 01        	cpx	#$1
    571f: a0 01        	ldy	#$1
    5721: b0 02        	bcs	$5725 <displayImage+0x1bd>
    5723: a0 00        	ldy	#$0
    5725: 84 12        	sty	$12                     ; 0x12 <__rc2>
    5727: e0 01        	cpx	#$1
    5729: f0 02        	beq	$572d <displayImage+0x1c5>
    572b: 80 09        	bra	$5736 <displayImage+0x1ce>
    572d: a6 14        	ldx	$14                     ; 0x14 <__rc4>
    572f: e0 18        	cpx	#$18
    5731: 90 0a        	bcc	$573d <displayImage+0x1d5>
    5733: 4c f8 59     	jmp	$59f8 <displayImage+0x490>
    5736: a5 12        	lda	$12                     ; 0x12 <__rc2>
    5738: f0 03        	beq	$573d <displayImage+0x1d5>
    573a: 4c f8 59     	jmp	$59f8 <displayImage+0x490>
    573d: 80 07        	bra	$5746 <displayImage+0x1de>
    573f: a5 12        	lda	$12                     ; 0x12 <__rc2>
    5741: f0 03        	beq	$5746 <displayImage+0x1de>
    5743: 4c f8 59     	jmp	$59f8 <displayImage+0x490>
    5746: 80 07        	bra	$574f <displayImage+0x1e7>
    5748: a5 12        	lda	$12                     ; 0x12 <__rc2>
    574a: f0 03        	beq	$574f <displayImage+0x1e7>
    574c: 4c f8 59     	jmp	$59f8 <displayImage+0x490>
    574f: 80 00        	bra	$5751 <displayImage+0x1e9>
    5751: a9 00        	lda	#$0
    5753: 18           	clc
    5754: 48           	pha
    5755: a5 10        	lda	$10                     ; 0x10 <__rc0>
    5757: 69 0e        	adc	#$e
    5759: 85 12        	sta	$12                     ; 0x12 <__rc2>
    575b: a5 11        	lda	$11                     ; 0x11 <__zp_data_size>
    575d: 69 00        	adc	#$0
    575f: 85 13        	sta	$13                     ; 0x13 <__rc3>
    5761: 68           	pla
    5762: 92 12        	sta	($12)                   ; 0x12 <__rc2>
    5764: a0 01        	ldy	#$1
    5766: 91 12        	sta	($12),y                 ; 0x12 <__rc2>
    5768: c8           	iny
    5769: 91 12        	sta	($12),y                 ; 0x12 <__rc2>
    576b: c8           	iny
    576c: 91 12        	sta	($12),y                 ; 0x12 <__rc2>
    576e: 18           	clc
    576f: a5 10        	lda	$10                     ; 0x10 <__rc0>
    5771: 69 0e        	adc	#$e
    5773: 85 12        	sta	$12                     ; 0x12 <__rc2>
    5775: a5 11        	lda	$11                     ; 0x11 <__zp_data_size>
    5777: 69 00        	adc	#$0
    5779: 85 13        	sta	$13                     ; 0x13 <__rc3>
    577b: b2 12        	lda	($12)                   ; 0x12 <__rc2>
    577d: 85 14        	sta	$14                     ; 0x14 <__rc4>
    577f: a0 01        	ldy	#$1
    5781: b1 12        	lda	($12),y                 ; 0x12 <__rc2>
    5783: 85 15        	sta	$15                     ; 0x15 <__rc5>
    5785: c8           	iny
    5786: b1 12        	lda	($12),y                 ; 0x12 <__rc2>
    5788: 85 16        	sta	$16                     ; 0x16 <__rc6>
    578a: c8           	iny
    578b: b1 12        	lda	($12),y                 ; 0x12 <__rc2>
    578d: aa           	tax
    578e: 18           	clc
    578f: a5 10        	lda	$10                     ; 0x10 <__rc0>
    5791: 69 05        	adc	#$5
    5793: 85 12        	sta	$12                     ; 0x12 <__rc2>
    5795: a5 11        	lda	$11                     ; 0x11 <__zp_data_size>
    5797: 69 00        	adc	#$0
    5799: 85 13        	sta	$13                     ; 0x13 <__rc3>
    579b: b2 12        	lda	($12)                   ; 0x12 <__rc2>
    579d: 85 12        	sta	$12                     ; 0x12 <__rc2>
    579f: e0 00        	cpx	#$0
    57a1: a0 01        	ldy	#$1
    57a3: b0 02        	bcs	$57a7 <displayImage+0x23f>
    57a5: a0 00        	ldy	#$0
    57a7: 84 13        	sty	$13                     ; 0x13 <__rc3>
    57a9: 8a           	txa
    57aa: f0 02        	beq	$57ae <displayImage+0x246>
    57ac: 80 3d        	bra	$57eb <displayImage+0x283>
    57ae: a6 16        	ldx	$16                     ; 0x16 <__rc6>
    57b0: e0 00        	cpx	#$0
    57b2: a0 01        	ldy	#$1
    57b4: b0 02        	bcs	$57b8 <displayImage+0x250>
    57b6: a0 00        	ldy	#$0
    57b8: 84 13        	sty	$13                     ; 0x13 <__rc3>
    57ba: 8a           	txa
    57bb: f0 02        	beq	$57bf <displayImage+0x257>
    57bd: 80 23        	bra	$57e2 <displayImage+0x27a>
    57bf: a6 15        	ldx	$15                     ; 0x15 <__rc5>
    57c1: e0 00        	cpx	#$0
    57c3: a0 01        	ldy	#$1
    57c5: b0 02        	bcs	$57c9 <displayImage+0x261>
    57c7: a0 00        	ldy	#$0
    57c9: 84 13        	sty	$13                     ; 0x13 <__rc3>
    57cb: 8a           	txa
    57cc: f0 02        	beq	$57d0 <displayImage+0x268>
    57ce: 80 09        	bra	$57d9 <displayImage+0x271>
    57d0: a6 14        	ldx	$14                     ; 0x14 <__rc4>
    57d2: e4 12        	cpx	$12                     ; 0x12 <__rc2>
    57d4: 90 0a        	bcc	$57e0 <displayImage+0x278>
    57d6: 4c 95 59     	jmp	$5995 <displayImage+0x42d>
    57d9: a5 13        	lda	$13                     ; 0x13 <__rc3>
    57db: f0 03        	beq	$57e0 <displayImage+0x278>
    57dd: 4c 95 59     	jmp	$5995 <displayImage+0x42d>
    57e0: 80 07        	bra	$57e9 <displayImage+0x281>
    57e2: a5 13        	lda	$13                     ; 0x13 <__rc3>
    57e4: f0 03        	beq	$57e9 <displayImage+0x281>
    57e6: 4c 95 59     	jmp	$5995 <displayImage+0x42d>
    57e9: 80 07        	bra	$57f2 <displayImage+0x28a>
    57eb: a5 13        	lda	$13                     ; 0x13 <__rc3>
    57ed: f0 03        	beq	$57f2 <displayImage+0x28a>
    57ef: 4c 95 59     	jmp	$5995 <displayImage+0x42d>
    57f2: 80 00        	bra	$57f4 <displayImage+0x28c>
    57f4: 18           	clc
    57f5: a5 10        	lda	$10                     ; 0x10 <__rc0>
    57f7: 69 13        	adc	#$13
    57f9: 85 12        	sta	$12                     ; 0x12 <__rc2>
    57fb: a5 11        	lda	$11                     ; 0x11 <__zp_data_size>
    57fd: 69 00        	adc	#$0
    57ff: 85 13        	sta	$13                     ; 0x13 <__rc3>
    5801: 18           	clc
    5802: a5 10        	lda	$10                     ; 0x10 <__rc0>
    5804: 69 06        	adc	#$6
    5806: 85 14        	sta	$14                     ; 0x14 <__rc4>
    5808: a5 11        	lda	$11                     ; 0x11 <__zp_data_size>
    580a: 69 00        	adc	#$0
    580c: 85 15        	sta	$15                     ; 0x15 <__rc5>
    580e: b2 14        	lda	($14)                   ; 0x14 <__rc4>
    5810: 85 16        	sta	$16                     ; 0x16 <__rc6>
    5812: a0 01        	ldy	#$1
    5814: b1 14        	lda	($14),y                 ; 0x14 <__rc4>
    5816: 85 1b        	sta	$1b                     ; 0x1b <__rc11>
    5818: a2 01        	ldx	#$1
    581a: 86 1c        	stx	$1c                     ; 0x1c <__rc12>
    581c: c8           	iny
    581d: b1 14        	lda	($14),y                 ; 0x14 <__rc4>
    581f: 85 17        	sta	$17                     ; 0x17 <__rc7>
    5821: e8           	inx
    5822: 86 19        	stx	$19                     ; 0x19 <__rc9>
    5824: c8           	iny
    5825: b1 14        	lda	($14),y                 ; 0x14 <__rc4>
    5827: 85 18        	sta	$18                     ; 0x18 <__rc8>
    5829: e8           	inx
    582a: 86 1a        	stx	$1a                     ; 0x1a <__rc10>
    582c: 18           	clc
    582d: a5 16        	lda	$16                     ; 0x16 <__rc6>
    582f: 72 12        	adc	($12)                   ; 0x12 <__rc2>
    5831: 85 14        	sta	$14                     ; 0x14 <__rc4>
    5833: a5 1b        	lda	$1b                     ; 0x1b <__rc11>
    5835: a4 1c        	ldy	$1c                     ; 0x1c <__rc12>
    5837: 71 12        	adc	($12),y                 ; 0x12 <__rc2>
    5839: 85 15        	sta	$15                     ; 0x15 <__rc5>
    583b: a5 17        	lda	$17                     ; 0x17 <__rc7>
    583d: a4 19        	ldy	$19                     ; 0x19 <__rc9>
    583f: 71 12        	adc	($12),y                 ; 0x12 <__rc2>
    5841: aa           	tax
    5842: a5 18        	lda	$18                     ; 0x18 <__rc8>
    5844: a4 1a        	ldy	$1a                     ; 0x1a <__rc10>
    5846: 71 12        	adc	($12),y                 ; 0x12 <__rc2>
    5848: 86 12        	stx	$12                     ; 0x12 <__rc2>
    584a: 85 13        	sta	$13                     ; 0x13 <__rc3>
    584c: a6 15        	ldx	$15                     ; 0x15 <__rc5>
    584e: a5 14        	lda	$14                     ; 0x14 <__rc4>
    5850: 20 c4 05     	jsr	$5c4 <FAR_PEEKW>
    5853: 18           	clc
    5854: a4 10        	ldy	$10                     ; 0x10 <__rc0>
    5856: 84 12        	sty	$12                     ; 0x12 <__rc2>
    5858: a4 11        	ldy	$11                     ; 0x11 <__zp_data_size>
    585a: 84 13        	sty	$13                     ; 0x13 <__rc3>
    585c: 92 12        	sta	($12)                   ; 0x12 <__rc2>
    585e: a0 01        	ldy	#$1
    5860: 8a           	txa
    5861: 91 12        	sta	($12),y                 ; 0x12 <__rc2>
    5863: b2 12        	lda	($12)                   ; 0x12 <__rc2>
    5865: 85 14        	sta	$14                     ; 0x14 <__rc4>
    5867: b1 12        	lda	($12),y                 ; 0x12 <__rc2>
    5869: a6 14        	ldx	$14                     ; 0x14 <__rc4>
    586b: 8e 42 dd     	stx	$dd42                   ; 0xdd42 <__heap_start+0x5376>
    586e: 8d 43 dd     	sta	$dd43                   ; 0xdd43 <__heap_start+0x5377>
    5871: 18           	clc
    5872: a5 10        	lda	$10                     ; 0x10 <__rc0>
    5874: 69 03        	adc	#$3
    5876: 85 12        	sta	$12                     ; 0x12 <__rc2>
    5878: a5 11        	lda	$11                     ; 0x11 <__zp_data_size>
    587a: 69 00        	adc	#$0
    587c: 85 13        	sta	$13                     ; 0x13 <__rc3>
    587e: b2 12        	lda	($12)                   ; 0x12 <__rc2>
    5880: f0 1b        	beq	$589d <displayImage+0x335>
    5882: 80 00        	bra	$5884 <displayImage+0x31c>
    5884: 18           	clc
    5885: a6 10        	ldx	$10                     ; 0x10 <__rc0>
    5887: 86 12        	stx	$12                     ; 0x12 <__rc2>
    5889: a6 11        	ldx	$11                     ; 0x11 <__zp_data_size>
    588b: 86 13        	stx	$13                     ; 0x13 <__rc3>
    588d: b2 12        	lda	($12)                   ; 0x12 <__rc2>
    588f: 85 14        	sta	$14                     ; 0x14 <__rc4>
    5891: a0 01        	ldy	#$1
    5893: b1 12        	lda	($12),y                 ; 0x12 <__rc2>
    5895: a6 14        	ldx	$14                     ; 0x14 <__rc4>
    5897: 8e 42 dd     	stx	$dd42                   ; 0xdd42 <__heap_start+0x5376>
    589a: 8d 43 dd     	sta	$dd43                   ; 0xdd43 <__heap_start+0x5377>
    589d: 18           	clc
    589e: a5 10        	lda	$10                     ; 0x10 <__rc0>
    58a0: 69 02        	adc	#$2
    58a2: 85 12        	sta	$12                     ; 0x12 <__rc2>
    58a4: a5 11        	lda	$11                     ; 0x11 <__zp_data_size>
    58a6: 69 00        	adc	#$0
    58a8: 85 13        	sta	$13                     ; 0x13 <__rc3>
    58aa: b2 12        	lda	($12)                   ; 0x12 <__rc2>
    58ac: f0 29        	beq	$58d7 <displayImage+0x36f>
    58ae: 80 00        	bra	$58b0 <displayImage+0x348>
    58b0: 18           	clc
    58b1: a6 10        	ldx	$10                     ; 0x10 <__rc0>
    58b3: 86 12        	stx	$12                     ; 0x12 <__rc2>
    58b5: a6 11        	ldx	$11                     ; 0x11 <__zp_data_size>
    58b7: 86 13        	stx	$13                     ; 0x13 <__rc3>
    58b9: b2 12        	lda	($12)                   ; 0x12 <__rc2>
    58bb: 85 14        	sta	$14                     ; 0x14 <__rc4>
    58bd: a0 01        	ldy	#$1
    58bf: b1 12        	lda	($12),y                 ; 0x12 <__rc2>
    58c1: a6 14        	ldx	$14                     ; 0x14 <__rc4>
    58c3: 8e 42 dd     	stx	$dd42                   ; 0xdd42 <__heap_start+0x5376>
    58c6: 8d 43 dd     	sta	$dd43                   ; 0xdd43 <__heap_start+0x5377>
    58c9: b2 12        	lda	($12)                   ; 0x12 <__rc2>
    58cb: 85 14        	sta	$14                     ; 0x14 <__rc4>
    58cd: b1 12        	lda	($12),y                 ; 0x12 <__rc2>
    58cf: a6 14        	ldx	$14                     ; 0x14 <__rc4>
    58d1: 8e 42 dd     	stx	$dd42                   ; 0xdd42 <__heap_start+0x5376>
    58d4: 8d 43 dd     	sta	$dd43                   ; 0xdd43 <__heap_start+0x5377>
    58d7: 18           	clc
    58d8: a5 10        	lda	$10                     ; 0x10 <__rc0>
    58da: 69 04        	adc	#$4
    58dc: 85 12        	sta	$12                     ; 0x12 <__rc2>
    58de: a5 11        	lda	$11                     ; 0x11 <__zp_data_size>
    58e0: 69 00        	adc	#$0
    58e2: 85 13        	sta	$13                     ; 0x13 <__rc3>
    58e4: b2 12        	lda	($12)                   ; 0x12 <__rc2>
    58e6: 85 14        	sta	$14                     ; 0x14 <__rc4>
    58e8: 18           	clc
    58e9: a5 10        	lda	$10                     ; 0x10 <__rc0>
    58eb: 69 06        	adc	#$6
    58ed: 85 12        	sta	$12                     ; 0x12 <__rc2>
    58ef: a5 11        	lda	$11                     ; 0x11 <__zp_data_size>
    58f1: 69 00        	adc	#$0
    58f3: 85 13        	sta	$13                     ; 0x13 <__rc3>
    58f5: a0 01        	ldy	#$1
    58f7: b1 12        	lda	($12),y                 ; 0x12 <__rc2>
    58f9: 85 1a        	sta	$1a                     ; 0x1a <__rc10>
    58fb: a2 01        	ldx	#$1
    58fd: 86 16        	stx	$16                     ; 0x16 <__rc6>
    58ff: c8           	iny
    5900: b1 12        	lda	($12),y                 ; 0x12 <__rc2>
    5902: 85 18        	sta	$18                     ; 0x18 <__rc8>
    5904: e8           	inx
    5905: 86 15        	stx	$15                     ; 0x15 <__rc5>
    5907: c8           	iny
    5908: b1 12        	lda	($12),y                 ; 0x12 <__rc2>
    590a: 85 19        	sta	$19                     ; 0x19 <__rc9>
    590c: e8           	inx
    590d: 86 17        	stx	$17                     ; 0x17 <__rc7>
    590f: 18           	clc
    5910: a5 14        	lda	$14                     ; 0x14 <__rc4>
    5912: 72 12        	adc	($12)                   ; 0x12 <__rc2>
    5914: 85 14        	sta	$14                     ; 0x14 <__rc4>
    5916: a5 1a        	lda	$1a                     ; 0x1a <__rc10>
    5918: 69 00        	adc	#$0
    591a: a4 16        	ldy	$16                     ; 0x16 <__rc6>
    591c: 91 12        	sta	($12),y                 ; 0x12 <__rc2>
    591e: a5 18        	lda	$18                     ; 0x18 <__rc8>
    5920: 69 00        	adc	#$0
    5922: a4 15        	ldy	$15                     ; 0x15 <__rc5>
    5924: 91 12        	sta	($12),y                 ; 0x12 <__rc2>
    5926: a5 19        	lda	$19                     ; 0x19 <__rc9>
    5928: 69 00        	adc	#$0
    592a: a4 17        	ldy	$17                     ; 0x17 <__rc7>
    592c: 91 12        	sta	($12),y                 ; 0x12 <__rc2>
    592e: a5 14        	lda	$14                     ; 0x14 <__rc4>
    5930: 92 12        	sta	($12)                   ; 0x12 <__rc2>
    5932: 18           	clc
    5933: a5 10        	lda	$10                     ; 0x10 <__rc0>
    5935: 69 0e        	adc	#$e
    5937: 85 12        	sta	$12                     ; 0x12 <__rc2>
    5939: a5 11        	lda	$11                     ; 0x11 <__zp_data_size>
    593b: 69 00        	adc	#$0
    593d: 85 13        	sta	$13                     ; 0x13 <__rc3>
    593f: b2 12        	lda	($12)                   ; 0x12 <__rc2>
    5941: aa           	tax
    5942: a0 01        	ldy	#$1
    5944: b1 12        	lda	($12),y                 ; 0x12 <__rc2>
    5946: 85 14        	sta	$14                     ; 0x14 <__rc4>
    5948: a0 01        	ldy	#$1
    594a: 84 15        	sty	$15                     ; 0x15 <__rc5>
    594c: c8           	iny
    594d: b1 12        	lda	($12),y                 ; 0x12 <__rc2>
    594f: 85 18        	sta	$18                     ; 0x18 <__rc8>
    5951: a0 02        	ldy	#$2
    5953: 84 16        	sty	$16                     ; 0x16 <__rc6>
    5955: c8           	iny
    5956: b1 12        	lda	($12),y                 ; 0x12 <__rc2>
    5958: 85 17        	sta	$17                     ; 0x17 <__rc7>
    595a: a0 03        	ldy	#$3
    595c: 84 19        	sty	$19                     ; 0x19 <__rc9>
    595e: e8           	inx
    595f: f0 03        	beq	$5964 <displayImage+0x3fc>
    5961: 4c 7d 59     	jmp	$597d <displayImage+0x415>
    5964: e6 14        	inc	$14                     ; 0x14 <__rc4>
    5966: f0 03        	beq	$596b <displayImage+0x403>
    5968: 4c 7a 59     	jmp	$597a <displayImage+0x412>
    596b: e6 18        	inc	$18                     ; 0x18 <__rc8>
    596d: f0 03        	beq	$5972 <displayImage+0x40a>
    596f: 4c 77 59     	jmp	$5977 <displayImage+0x40f>
    5972: e6 17        	inc	$17                     ; 0x17 <__rc7>
    5974: 4c 77 59     	jmp	$5977 <displayImage+0x40f>
    5977: 4c 7a 59     	jmp	$597a <displayImage+0x412>
    597a: 4c 7d 59     	jmp	$597d <displayImage+0x415>
    597d: a5 14        	lda	$14                     ; 0x14 <__rc4>
    597f: a4 15        	ldy	$15                     ; 0x15 <__rc5>
    5981: 91 12        	sta	($12),y                 ; 0x12 <__rc2>
    5983: a4 16        	ldy	$16                     ; 0x16 <__rc6>
    5985: a5 18        	lda	$18                     ; 0x18 <__rc8>
    5987: 91 12        	sta	($12),y                 ; 0x12 <__rc2>
    5989: a5 17        	lda	$17                     ; 0x17 <__rc7>
    598b: a4 19        	ldy	$19                     ; 0x19 <__rc9>
    598d: 91 12        	sta	($12),y                 ; 0x12 <__rc2>
    598f: 8a           	txa
    5990: 92 12        	sta	($12)                   ; 0x12 <__rc2>
    5992: 4c 6e 57     	jmp	$576e <displayImage+0x206>
    5995: 18           	clc
    5996: a5 10        	lda	$10                     ; 0x10 <__rc0>
    5998: 69 0a        	adc	#$a
    599a: 85 12        	sta	$12                     ; 0x12 <__rc2>
    599c: a5 11        	lda	$11                     ; 0x11 <__zp_data_size>
    599e: 69 00        	adc	#$0
    59a0: 85 13        	sta	$13                     ; 0x13 <__rc3>
    59a2: b2 12        	lda	($12)                   ; 0x12 <__rc2>
    59a4: aa           	tax
    59a5: a0 01        	ldy	#$1
    59a7: b1 12        	lda	($12),y                 ; 0x12 <__rc2>
    59a9: 85 14        	sta	$14                     ; 0x14 <__rc4>
    59ab: a0 01        	ldy	#$1
    59ad: 84 15        	sty	$15                     ; 0x15 <__rc5>
    59af: c8           	iny
    59b0: b1 12        	lda	($12),y                 ; 0x12 <__rc2>
    59b2: 85 18        	sta	$18                     ; 0x18 <__rc8>
    59b4: a0 02        	ldy	#$2
    59b6: 84 16        	sty	$16                     ; 0x16 <__rc6>
    59b8: c8           	iny
    59b9: b1 12        	lda	($12),y                 ; 0x12 <__rc2>
    59bb: 85 17        	sta	$17                     ; 0x17 <__rc7>
    59bd: a0 03        	ldy	#$3
    59bf: 84 19        	sty	$19                     ; 0x19 <__rc9>
    59c1: e8           	inx
    59c2: f0 03        	beq	$59c7 <displayImage+0x45f>
    59c4: 4c e0 59     	jmp	$59e0 <displayImage+0x478>
    59c7: e6 14        	inc	$14                     ; 0x14 <__rc4>
    59c9: f0 03        	beq	$59ce <displayImage+0x466>
    59cb: 4c dd 59     	jmp	$59dd <displayImage+0x475>
    59ce: e6 18        	inc	$18                     ; 0x18 <__rc8>
    59d0: f0 03        	beq	$59d5 <displayImage+0x46d>
    59d2: 4c da 59     	jmp	$59da <displayImage+0x472>
    59d5: e6 17        	inc	$17                     ; 0x17 <__rc7>
    59d7: 4c da 59     	jmp	$59da <displayImage+0x472>
    59da: 4c dd 59     	jmp	$59dd <displayImage+0x475>
    59dd: 4c e0 59     	jmp	$59e0 <displayImage+0x478>
    59e0: a5 14        	lda	$14                     ; 0x14 <__rc4>
    59e2: a4 15        	ldy	$15                     ; 0x15 <__rc5>
    59e4: 91 12        	sta	($12),y                 ; 0x12 <__rc2>
    59e6: a4 16        	ldy	$16                     ; 0x16 <__rc6>
    59e8: a5 18        	lda	$18                     ; 0x18 <__rc8>
    59ea: 91 12        	sta	($12),y                 ; 0x12 <__rc2>
    59ec: a5 17        	lda	$17                     ; 0x17 <__rc7>
    59ee: a4 19        	ldy	$19                     ; 0x19 <__rc9>
    59f0: 91 12        	sta	($12),y                 ; 0x12 <__rc2>
    59f2: 8a           	txa
    59f3: 92 12        	sta	($12)                   ; 0x12 <__rc2>
    59f5: 4c dc 56     	jmp	$56dc <displayImage+0x174>
    59f8: fa           	plx
    59f9: 86 26        	stx	$26                     ; 0x26 <__rc22>
    59fb: fa           	plx
    59fc: 86 25        	stx	$25                     ; 0x25 <__rc21>
    59fe: fa           	plx
    59ff: 86 24        	stx	$24                     ; 0x24 <__rc20>
    5a01: 18           	clc
    5a02: a5 10        	lda	$10                     ; 0x10 <__rc0>
    5a04: 69 17        	adc	#$17
    5a06: 85 10        	sta	$10                     ; 0x10 <__rc0>
    5a08: a5 11        	lda	$11                     ; 0x11 <__zp_data_size>
    5a0a: 69 00        	adc	#$0
    5a0c: 85 11        	sta	$11                     ; 0x11 <__zp_data_size>
    5a0e: 60           	rts

00005a0f <loadSMFile>:
    5a0f: 18           	clc
    5a10: a5 10        	lda	$10                     ; 0x10 <__rc0>
    5a12: 69 f8        	adc	#$f8
    5a14: 85 10        	sta	$10                     ; 0x10 <__rc0>
    5a16: a5 11        	lda	$11                     ; 0x11 <__zp_data_size>
    5a18: 69 ff        	adc	#$ff
    5a1a: 85 11        	sta	$11                     ; 0x11 <__zp_data_size>
    5a1c: a6 24        	ldx	$24                     ; 0x24 <__rc20>
    5a1e: da           	phx
    5a1f: a6 25        	ldx	$25                     ; 0x25 <__rc21>
    5a21: da           	phx
    5a22: a6 26        	ldx	$26                     ; 0x26 <__rc22>
    5a24: da           	phx
    5a25: a6 27        	ldx	$27                     ; 0x27 <__rc23>
    5a27: da           	phx
    5a28: a9 4f        	lda	#$4f
    5a2a: 18           	clc
    5a2b: 48           	pha
    5a2c: a5 10        	lda	$10                     ; 0x10 <__rc0>
    5a2e: 69 06        	adc	#$6
    5a30: 85 12        	sta	$12                     ; 0x12 <__rc2>
    5a32: a5 11        	lda	$11                     ; 0x11 <__zp_data_size>
    5a34: 69 00        	adc	#$0
    5a36: 85 13        	sta	$13                     ; 0x13 <__rc3>
    5a38: 68           	pla
    5a39: 92 12        	sta	($12)                   ; 0x12 <__rc2>
    5a3b: a0 01        	ldy	#$1
    5a3d: a9 89        	lda	#$89
    5a3f: 91 12        	sta	($12),y                 ; 0x12 <__rc2>
    5a41: 18           	clc
    5a42: a5 10        	lda	$10                     ; 0x10 <__rc0>
    5a44: 69 02        	adc	#$2
    5a46: 85 1a        	sta	$1a                     ; 0x1a <__rc10>
    5a48: a5 11        	lda	$11                     ; 0x11 <__zp_data_size>
    5a4a: 69 00        	adc	#$0
    5a4c: 85 1b        	sta	$1b                     ; 0x1b <__rc11>
    5a4e: a9 00        	lda	#$0
    5a50: 92 1a        	sta	($1a)                   ; 0x1a <__rc10>
    5a52: 91 1a        	sta	($1a),y                 ; 0x1a <__rc10>
    5a54: a2 01        	ldx	#$1
    5a56: 86 18        	stx	$18                     ; 0x18 <__rc8>
    5a58: a9 05        	lda	#$5
    5a5a: c8           	iny
    5a5b: 91 1a        	sta	($1a),y                 ; 0x1a <__rc10>
    5a5d: e8           	inx
    5a5e: 86 16        	stx	$16                     ; 0x16 <__rc6>
    5a60: c8           	iny
    5a61: a9 00        	lda	#$0
    5a63: 91 1a        	sta	($1a),y                 ; 0x1a <__rc10>
    5a65: e8           	inx
    5a66: 86 17        	stx	$17                     ; 0x17 <__rc7>
    5a68: 18           	clc
    5a69: 48           	pha
    5a6a: a5 10        	lda	$10                     ; 0x10 <__rc0>
    5a6c: 69 01        	adc	#$1
    5a6e: 85 24        	sta	$24                     ; 0x24 <__rc20>
    5a70: a5 11        	lda	$11                     ; 0x11 <__zp_data_size>
    5a72: 69 00        	adc	#$0
    5a74: 85 25        	sta	$25                     ; 0x25 <__rc21>
    5a76: 68           	pla
    5a77: 92 24        	sta	($24)                   ; 0x24 <__rc20>
    5a79: a5 0d        	lda	$d                      ; 0xd
    5a7b: 18           	clc
    5a7c: a6 10        	ldx	$10                     ; 0x10 <__rc0>
    5a7e: 86 26        	stx	$26                     ; 0x26 <__rc22>
    5a80: a6 11        	ldx	$11                     ; 0x11 <__zp_data_size>
    5a82: 86 27        	stx	$27                     ; 0x27 <__rc23>
    5a84: 92 26        	sta	($26)                   ; 0x26 <__rc22>
    5a86: a2 08        	ldx	#$8
    5a88: 86 0d        	stx	$d                      ; 0xd
    5a8a: b2 12        	lda	($12)                   ; 0x12 <__rc2>
    5a8c: aa           	tax
    5a8d: a4 18        	ldy	$18                     ; 0x18 <__rc8>
    5a8f: b1 12        	lda	($12),y                 ; 0x12 <__rc2>
    5a91: 86 12        	stx	$12                     ; 0x12 <__rc2>
    5a93: 85 13        	sta	$13                     ; 0x13 <__rc3>
    5a95: b2 1a        	lda	($1a)                   ; 0x1a <__rc10>
    5a97: 85 18        	sta	$18                     ; 0x18 <__rc8>
    5a99: b1 1a        	lda	($1a),y                 ; 0x1a <__rc10>
    5a9b: aa           	tax
    5a9c: a4 16        	ldy	$16                     ; 0x16 <__rc6>
    5a9e: b1 1a        	lda	($1a),y                 ; 0x1a <__rc10>
    5aa0: 85 14        	sta	$14                     ; 0x14 <__rc4>
    5aa2: a4 17        	ldy	$17                     ; 0x17 <__rc7>
    5aa4: b1 1a        	lda	($1a),y                 ; 0x1a <__rc10>
    5aa6: 85 15        	sta	$15                     ; 0x15 <__rc5>
    5aa8: a5 18        	lda	$18                     ; 0x18 <__rc8>
    5aaa: 20 00 a0     	jsr	$a000 <__heap_start+0x1634>
    5aad: b2 26        	lda	($26)                   ; 0x26 <__rc22>
    5aaf: 85 0d        	sta	$d                      ; 0xd
    5ab1: b2 24        	lda	($24)                   ; 0x24 <__rc20>
    5ab3: 85 20        	sta	$20                     ; 0x20 <__rc16>
    5ab5: fa           	plx
    5ab6: 86 27        	stx	$27                     ; 0x27 <__rc23>
    5ab8: fa           	plx
    5ab9: 86 26        	stx	$26                     ; 0x26 <__rc22>
    5abb: fa           	plx
    5abc: 86 25        	stx	$25                     ; 0x25 <__rc21>
    5abe: fa           	plx
    5abf: 86 24        	stx	$24                     ; 0x24 <__rc20>
    5ac1: 18           	clc
    5ac2: a5 10        	lda	$10                     ; 0x10 <__rc0>
    5ac4: 69 08        	adc	#$8
    5ac6: 85 10        	sta	$10                     ; 0x10 <__rc0>
    5ac8: a5 11        	lda	$11                     ; 0x11 <__zp_data_size>
    5aca: 69 00        	adc	#$0
    5acc: 85 11        	sta	$11                     ; 0x11 <__zp_data_size>
    5ace: a5 20        	lda	$20                     ; 0x20 <__rc16>
    5ad0: 60           	rts

00005ad1 <detectStructure>:
    5ad1: a5 57        	lda	$57                     ; 0x57 <myRecord.14>
    5ad3: 29 01        	and	#$1
    5ad5: a4 0f        	ldy	$f                      ; 0xf
    5ad7: 78           	sei
    5ad8: a2 28        	ldx	#$28
    5ada: 86 12        	stx	$12                     ; 0x12 <__rc2>
    5adc: c9 00        	cmp	#$0
    5ade: d0 02        	bne	$5ae2 <detectStructure+0x11>
    5ae0: a2 00        	ldx	#$0
    5ae2: 86 0f        	stx	$f                      ; 0xf
    5ae4: ae 09 e0     	ldx	$e009                   ; 0xe009 <__heap_start+0x563d>
    5ae7: 86 13        	stx	$13                     ; 0x13 <__rc3>
    5ae9: 84 0f        	sty	$f                      ; 0xf
    5aeb: 58           	cli
    5aec: a5 57        	lda	$57                     ; 0x57 <myRecord.14>
    5aee: 29 01        	and	#$1
    5af0: a4 0f        	ldy	$f                      ; 0xf
    5af2: 78           	sei
    5af3: a6 12        	ldx	$12                     ; 0x12 <__rc2>
    5af5: c9 00        	cmp	#$0
    5af7: d0 02        	bne	$5afb <detectStructure+0x2a>
    5af9: a2 00        	ldx	#$0
    5afb: 86 0f        	stx	$f                      ; 0xf
    5afd: ae 08 e0     	ldx	$e008                   ; 0xe008 <__heap_start+0x563c>
    5b00: 84 0f        	sty	$f                      ; 0xf
    5b02: 58           	cli
    5b03: a4 13        	ldy	$13                     ; 0x13 <__rc3>
    5b05: 8c 46 89     	sty	$8946                   ; 0x8946 <myRecord.1>
    5b08: 8e 47 89     	stx	$8947                   ; 0x8947 <myRecord.1+0x1>
    5b0b: a5 57        	lda	$57                     ; 0x57 <myRecord.14>
    5b0d: 29 01        	and	#$1
    5b0f: a4 0f        	ldy	$f                      ; 0xf
    5b11: 78           	sei
    5b12: a2 28        	ldx	#$28
    5b14: 86 12        	stx	$12                     ; 0x12 <__rc2>
    5b16: c9 00        	cmp	#$0
    5b18: d0 02        	bne	$5b1c <detectStructure+0x4b>
    5b1a: a2 00        	ldx	#$0
    5b1c: 86 0f        	stx	$f                      ; 0xf
    5b1e: ae 0b e0     	ldx	$e00b                   ; 0xe00b <__heap_start+0x563f>
    5b21: 86 13        	stx	$13                     ; 0x13 <__rc3>
    5b23: 84 0f        	sty	$f                      ; 0xf
    5b25: 58           	cli
    5b26: a5 57        	lda	$57                     ; 0x57 <myRecord.14>
    5b28: 29 01        	and	#$1
    5b2a: a4 0f        	ldy	$f                      ; 0xf
    5b2c: 78           	sei
    5b2d: a6 12        	ldx	$12                     ; 0x12 <__rc2>
    5b2f: c9 00        	cmp	#$0
    5b31: d0 02        	bne	$5b35 <detectStructure+0x64>
    5b33: a2 00        	ldx	#$0
    5b35: 86 0f        	stx	$f                      ; 0xf
    5b37: ae 0a e0     	ldx	$e00a                   ; 0xe00a <__heap_start+0x563e>
    5b3a: 84 0f        	sty	$f                      ; 0xf
    5b3c: 58           	cli
    5b3d: a4 13        	ldy	$13                     ; 0x13 <__rc3>
    5b3f: 84 55        	sty	$55                     ; 0x55 <myRecord.2>
    5b41: 86 56        	stx	$56                     ; 0x56 <myRecord.2+0x1>
    5b43: a5 57        	lda	$57                     ; 0x57 <myRecord.14>
    5b45: 29 01        	and	#$1
    5b47: a4 0f        	ldy	$f                      ; 0xf
    5b49: 78           	sei
    5b4a: a2 28        	ldx	#$28
    5b4c: 86 12        	stx	$12                     ; 0x12 <__rc2>
    5b4e: c9 00        	cmp	#$0
    5b50: d0 02        	bne	$5b54 <detectStructure+0x83>
    5b52: a2 00        	ldx	#$0
    5b54: 86 0f        	stx	$f                      ; 0xf
    5b56: ae 0d e0     	ldx	$e00d                   ; 0xe00d <__heap_start+0x5641>
    5b59: 84 0f        	sty	$f                      ; 0xf
    5b5b: 58           	cli
    5b5c: a5 57        	lda	$57                     ; 0x57 <myRecord.14>
    5b5e: 29 01        	and	#$1
    5b60: a4 0f        	ldy	$f                      ; 0xf
    5b62: 78           	sei
    5b63: a6 12        	ldx	$12                     ; 0x12 <__rc2>
    5b65: c9 00        	cmp	#$0
    5b67: d0 02        	bne	$5b6b <detectStructure+0x9a>
    5b69: a2 00        	ldx	#$0
    5b6b: 86 0f        	stx	$f                      ; 0xf
    5b6d: ae 0c e0     	ldx	$e00c                   ; 0xe00c <__heap_start+0x5640>
    5b70: 84 0f        	sty	$f                      ; 0xf
    5b72: 58           	cli
    5b73: a6 55        	ldx	$55                     ; 0x55 <myRecord.2>
    5b75: a4 56        	ldy	$56                     ; 0x56 <myRecord.2+0x1>
    5b77: d0 06        	bne	$5b7f <detectStructure+0xae>
    5b79: 8a           	txa
    5b7a: d0 03        	bne	$5b7f <detectStructure+0xae>
    5b7c: 4c 50 5d     	jmp	$5d50 <detectStructure+0x27f>
    5b7f: a2 0e        	ldx	#$e
    5b81: 86 17        	stx	$17                     ; 0x17 <__rc7>
    5b83: a2 00        	ldx	#$0
    5b85: a0 00        	ldy	#$0
    5b87: 64 19        	stz	$19                     ; 0x19 <__rc9>
    5b89: 64 12        	stz	$12                     ; 0x12 <__rc2>
    5b8b: 64 1b        	stz	$1b                     ; 0x1b <__rc11>
    5b8d: e8           	inx
    5b8e: d0 01        	bne	$5b91 <detectStructure+0xc0>
    5b90: c8           	iny
    5b91: 86 18        	stx	$18                     ; 0x18 <__rc8>
    5b93: 84 1a        	sty	$1a                     ; 0x1a <__rc10>
    5b95: 18           	clc
    5b96: a5 17        	lda	$17                     ; 0x17 <__rc7>
    5b98: 69 04        	adc	#$4
    5b9a: 85 14        	sta	$14                     ; 0x14 <__rc4>
    5b9c: a5 19        	lda	$19                     ; 0x19 <__rc9>
    5b9e: 69 00        	adc	#$0
    5ba0: a8           	tay
    5ba1: a5 12        	lda	$12                     ; 0x12 <__rc2>
    5ba3: 69 00        	adc	#$0
    5ba5: 85 13        	sta	$13                     ; 0x13 <__rc3>
    5ba7: a5 57        	lda	$57                     ; 0x57 <myRecord.14>
    5ba9: 29 01        	and	#$1
    5bab: a2 05        	ldx	#$5
    5bad: 86 16        	stx	$16                     ; 0x16 <__rc6>
    5baf: 64 1c        	stz	$1c                     ; 0x1c <__rc12>
    5bb1: 64 15        	stz	$15                     ; 0x15 <__rc5>
    5bb3: c9 00        	cmp	#$0
    5bb5: d0 02        	bne	$5bb9 <detectStructure+0xe8>
    5bb7: a2 00        	ldx	#$0
    5bb9: 18           	clc
    5bba: a9 00        	lda	#$0
    5bbc: 65 14        	adc	$14                     ; 0x14 <__rc4>
    5bbe: 98           	tya
    5bbf: 84 1c        	sty	$1c                     ; 0x1c <__rc12>
    5bc1: 65 15        	adc	$15                     ; 0x15 <__rc5>
    5bc3: 85 15        	sta	$15                     ; 0x15 <__rc5>
    5bc5: 8a           	txa
    5bc6: 65 13        	adc	$13                     ; 0x13 <__rc3>
    5bc8: 06 15        	asl	$15                     ; 0x15 <__rc5>
    5bca: 2a           	rol
    5bcb: 06 15        	asl	$15                     ; 0x15 <__rc5>
    5bcd: 2a           	rol
    5bce: 06 15        	asl	$15                     ; 0x15 <__rc5>
    5bd0: 2a           	rol
    5bd1: a4 0f        	ldy	$f                      ; 0xf
    5bd3: 78           	sei
    5bd4: 85 0f        	sta	$f                      ; 0xf
    5bd6: a5 1c        	lda	$1c                     ; 0x1c <__rc12>
    5bd8: 09 e0        	ora	#$e0
    5bda: 85 15        	sta	$15                     ; 0x15 <__rc5>
    5bdc: b2 14        	lda	($14)                   ; 0x14 <__rc4>
    5bde: 84 0f        	sty	$f                      ; 0xf
    5be0: 58           	cli
    5be1: a6 16        	ldx	$16                     ; 0x16 <__rc6>
    5be3: 86 14        	stx	$14                     ; 0x14 <__rc4>
    5be5: a5 57        	lda	$57                     ; 0x57 <myRecord.14>
    5be7: 29 01        	and	#$1
    5be9: 64 13        	stz	$13                     ; 0x13 <__rc3>
    5beb: 64 15        	stz	$15                     ; 0x15 <__rc5>
    5bed: 64 16        	stz	$16                     ; 0x16 <__rc6>
    5bef: d0 02        	bne	$5bf3 <detectStructure+0x122>
    5bf1: 64 14        	stz	$14                     ; 0x14 <__rc4>
    5bf3: 18           	clc
    5bf4: a5 17        	lda	$17                     ; 0x17 <__rc7>
    5bf6: 69 05        	adc	#$5
    5bf8: 85 1c        	sta	$1c                     ; 0x1c <__rc12>
    5bfa: a5 19        	lda	$19                     ; 0x19 <__rc9>
    5bfc: 69 00        	adc	#$0
    5bfe: aa           	tax
    5bff: a5 12        	lda	$12                     ; 0x12 <__rc2>
    5c01: 69 00        	adc	#$0
    5c03: a8           	tay
    5c04: a5 1c        	lda	$1c                     ; 0x1c <__rc12>
    5c06: 18           	clc
    5c07: 65 15        	adc	$15                     ; 0x15 <__rc5>
    5c09: 86 15        	stx	$15                     ; 0x15 <__rc5>
    5c0b: 8a           	txa
    5c0c: 65 16        	adc	$16                     ; 0x16 <__rc6>
    5c0e: 85 16        	sta	$16                     ; 0x16 <__rc6>
    5c10: 98           	tya
    5c11: 65 14        	adc	$14                     ; 0x14 <__rc4>
    5c13: 06 16        	asl	$16                     ; 0x16 <__rc6>
    5c15: 2a           	rol
    5c16: 06 16        	asl	$16                     ; 0x16 <__rc6>
    5c18: 2a           	rol
    5c19: 06 16        	asl	$16                     ; 0x16 <__rc6>
    5c1b: 2a           	rol
    5c1c: a4 0f        	ldy	$f                      ; 0xf
    5c1e: 78           	sei
    5c1f: 85 0f        	sta	$f                      ; 0xf
    5c21: a6 1c        	ldx	$1c                     ; 0x1c <__rc12>
    5c23: 86 14        	stx	$14                     ; 0x14 <__rc4>
    5c25: a2 05        	ldx	#$5
    5c27: a5 15        	lda	$15                     ; 0x15 <__rc5>
    5c29: 09 e0        	ora	#$e0
    5c2b: 85 15        	sta	$15                     ; 0x15 <__rc5>
    5c2d: b2 14        	lda	($14)                   ; 0x14 <__rc4>
    5c2f: 85 16        	sta	$16                     ; 0x16 <__rc6>
    5c31: 84 0f        	sty	$f                      ; 0xf
    5c33: 58           	cli
    5c34: a5 57        	lda	$57                     ; 0x57 <myRecord.14>
    5c36: 29 01        	and	#$1
    5c38: 86 14        	stx	$14                     ; 0x14 <__rc4>
    5c3a: d0 02        	bne	$5c3e <detectStructure+0x16d>
    5c3c: 64 14        	stz	$14                     ; 0x14 <__rc4>
    5c3e: 18           	clc
    5c3f: a5 17        	lda	$17                     ; 0x17 <__rc7>
    5c41: 69 06        	adc	#$6
    5c43: 85 15        	sta	$15                     ; 0x15 <__rc5>
    5c45: a5 19        	lda	$19                     ; 0x19 <__rc9>
    5c47: 69 00        	adc	#$0
    5c49: a8           	tay
    5c4a: a5 12        	lda	$12                     ; 0x12 <__rc2>
    5c4c: 69 00        	adc	#$0
    5c4e: 85 1c        	sta	$1c                     ; 0x1c <__rc12>
    5c50: a5 15        	lda	$15                     ; 0x15 <__rc5>
    5c52: 18           	clc
    5c53: 65 13        	adc	$13                     ; 0x13 <__rc3>
    5c55: 84 1d        	sty	$1d                     ; 0x1d <__rc13>
    5c57: 98           	tya
    5c58: 65 13        	adc	$13                     ; 0x13 <__rc3>
    5c5a: 85 13        	sta	$13                     ; 0x13 <__rc3>
    5c5c: a5 1c        	lda	$1c                     ; 0x1c <__rc12>
    5c5e: 65 14        	adc	$14                     ; 0x14 <__rc4>
    5c60: 06 13        	asl	$13                     ; 0x13 <__rc3>
    5c62: 2a           	rol
    5c63: 06 13        	asl	$13                     ; 0x13 <__rc3>
    5c65: 2a           	rol
    5c66: 06 13        	asl	$13                     ; 0x13 <__rc3>
    5c68: 2a           	rol
    5c69: a4 0f        	ldy	$f                      ; 0xf
    5c6b: 78           	sei
    5c6c: 85 0f        	sta	$f                      ; 0xf
    5c6e: a5 15        	lda	$15                     ; 0x15 <__rc5>
    5c70: 85 14        	sta	$14                     ; 0x14 <__rc4>
    5c72: a5 1d        	lda	$1d                     ; 0x1d <__rc13>
    5c74: 09 e0        	ora	#$e0
    5c76: 85 15        	sta	$15                     ; 0x15 <__rc5>
    5c78: b2 14        	lda	($14)                   ; 0x14 <__rc4>
    5c7a: 85 13        	sta	$13                     ; 0x13 <__rc3>
    5c7c: 84 0f        	sty	$f                      ; 0xf
    5c7e: 64 14        	stz	$14                     ; 0x14 <__rc4>
    5c80: 58           	cli
    5c81: 86 15        	stx	$15                     ; 0x15 <__rc5>
    5c83: a5 57        	lda	$57                     ; 0x57 <myRecord.14>
    5c85: 29 01        	and	#$1
    5c87: d0 02        	bne	$5c8b <detectStructure+0x1ba>
    5c89: 64 15        	stz	$15                     ; 0x15 <__rc5>
    5c8b: 18           	clc
    5c8c: a5 17        	lda	$17                     ; 0x17 <__rc7>
    5c8e: 69 07        	adc	#$7
    5c90: a8           	tay
    5c91: a5 19        	lda	$19                     ; 0x19 <__rc9>
    5c93: 69 00        	adc	#$0
    5c95: 85 1d        	sta	$1d                     ; 0x1d <__rc13>
    5c97: a5 12        	lda	$12                     ; 0x12 <__rc2>
    5c99: 69 00        	adc	#$0
    5c9b: 85 1e        	sta	$1e                     ; 0x1e <__rc14>
    5c9d: 98           	tya
    5c9e: a2 00        	ldx	#$0
    5ca0: 86 1c        	stx	$1c                     ; 0x1c <__rc12>
    5ca2: 18           	clc
    5ca3: 65 14        	adc	$14                     ; 0x14 <__rc4>
    5ca5: a5 1d        	lda	$1d                     ; 0x1d <__rc13>
    5ca7: 65 14        	adc	$14                     ; 0x14 <__rc4>
    5ca9: 85 14        	sta	$14                     ; 0x14 <__rc4>
    5cab: a5 1e        	lda	$1e                     ; 0x1e <__rc14>
    5cad: 65 15        	adc	$15                     ; 0x15 <__rc5>
    5caf: 06 14        	asl	$14                     ; 0x14 <__rc4>
    5cb1: 2a           	rol
    5cb2: 06 14        	asl	$14                     ; 0x14 <__rc4>
    5cb4: 2a           	rol
    5cb5: 06 14        	asl	$14                     ; 0x14 <__rc4>
    5cb7: 2a           	rol
    5cb8: a6 0f        	ldx	$f                      ; 0xf
    5cba: 78           	sei
    5cbb: 85 0f        	sta	$f                      ; 0xf
    5cbd: 84 14        	sty	$14                     ; 0x14 <__rc4>
    5cbf: a5 1d        	lda	$1d                     ; 0x1d <__rc13>
    5cc1: 09 e0        	ora	#$e0
    5cc3: 85 15        	sta	$15                     ; 0x15 <__rc5>
    5cc5: b2 14        	lda	($14)                   ; 0x14 <__rc4>
    5cc7: 85 14        	sta	$14                     ; 0x14 <__rc4>
    5cc9: 86 0f        	stx	$f                      ; 0xf
    5ccb: 58           	cli
    5ccc: 18           	clc
    5ccd: a5 17        	lda	$17                     ; 0x17 <__rc7>
    5ccf: 69 00        	adc	#$0
    5cd1: 85 15        	sta	$15                     ; 0x15 <__rc5>
    5cd3: a5 19        	lda	$19                     ; 0x19 <__rc9>
    5cd5: 69 00        	adc	#$0
    5cd7: 85 17        	sta	$17                     ; 0x17 <__rc7>
    5cd9: a5 16        	lda	$16                     ; 0x16 <__rc6>
    5cdb: 65 12        	adc	$12                     ; 0x12 <__rc2>
    5cdd: aa           	tax
    5cde: a5 1b        	lda	$1b                     ; 0x1b <__rc11>
    5ce0: 69 00        	adc	#$0
    5ce2: a8           	tay
    5ce3: 18           	clc
    5ce4: a5 15        	lda	$15                     ; 0x15 <__rc5>
    5ce6: 69 00        	adc	#$0
    5ce8: 85 12        	sta	$12                     ; 0x12 <__rc2>
    5cea: a5 17        	lda	$17                     ; 0x17 <__rc7>
    5cec: 65 13        	adc	$13                     ; 0x13 <__rc3>
    5cee: 85 13        	sta	$13                     ; 0x13 <__rc3>
    5cf0: 8a           	txa
    5cf1: 69 00        	adc	#$0
    5cf3: 85 15        	sta	$15                     ; 0x15 <__rc5>
    5cf5: 98           	tya
    5cf6: 69 00        	adc	#$0
    5cf8: 85 16        	sta	$16                     ; 0x16 <__rc6>
    5cfa: a5 12        	lda	$12                     ; 0x12 <__rc2>
    5cfc: a6 1c        	ldx	$1c                     ; 0x1c <__rc12>
    5cfe: e0 01        	cpx	#$1
    5d00: 65 14        	adc	$14                     ; 0x14 <__rc4>
    5d02: 85 12        	sta	$12                     ; 0x12 <__rc2>
    5d04: a5 13        	lda	$13                     ; 0x13 <__rc3>
    5d06: 69 00        	adc	#$0
    5d08: aa           	tax
    5d09: a5 15        	lda	$15                     ; 0x15 <__rc5>
    5d0b: 69 00        	adc	#$0
    5d0d: a8           	tay
    5d0e: a5 16        	lda	$16                     ; 0x16 <__rc6>
    5d10: 69 00        	adc	#$0
    5d12: 85 13        	sta	$13                     ; 0x13 <__rc3>
    5d14: 18           	clc
    5d15: a5 12        	lda	$12                     ; 0x12 <__rc2>
    5d17: 69 08        	adc	#$8
    5d19: 85 17        	sta	$17                     ; 0x17 <__rc7>
    5d1b: 8a           	txa
    5d1c: 69 00        	adc	#$0
    5d1e: 85 19        	sta	$19                     ; 0x19 <__rc9>
    5d20: a6 13        	ldx	$13                     ; 0x13 <__rc3>
    5d22: 98           	tya
    5d23: 69 00        	adc	#$0
    5d25: 85 13        	sta	$13                     ; 0x13 <__rc3>
    5d27: 8a           	txa
    5d28: 69 00        	adc	#$0
    5d2a: 85 1b        	sta	$1b                     ; 0x1b <__rc11>
    5d2c: a4 1a        	ldy	$1a                     ; 0x1a <__rc10>
    5d2e: c4 56        	cpy	$56                     ; 0x56 <myRecord.2+0x1>
    5d30: d0 11        	bne	$5d43 <detectStructure+0x272>
    5d32: a6 55        	ldx	$55                     ; 0x55 <myRecord.2>
    5d34: 86 12        	stx	$12                     ; 0x12 <__rc2>
    5d36: a6 18        	ldx	$18                     ; 0x18 <__rc8>
    5d38: e4 12        	cpx	$12                     ; 0x12 <__rc2>
    5d3a: a5 13        	lda	$13                     ; 0x13 <__rc3>
    5d3c: 85 12        	sta	$12                     ; 0x12 <__rc2>
    5d3e: b0 10        	bcs	$5d50 <detectStructure+0x27f>
    5d40: 4c 8d 5b     	jmp	$5b8d <detectStructure+0xbc>
    5d43: c4 56        	cpy	$56                     ; 0x56 <myRecord.2+0x1>
    5d45: a6 13        	ldx	$13                     ; 0x13 <__rc3>
    5d47: 86 12        	stx	$12                     ; 0x12 <__rc2>
    5d49: a6 18        	ldx	$18                     ; 0x18 <__rc8>
    5d4b: b0 03        	bcs	$5d50 <detectStructure+0x27f>
    5d4d: 4c 8d 5b     	jmp	$5b8d <detectStructure+0xbc>
    5d50: 60           	rts

00005d51 <chainEvent>:
    5d51: 48           	pha
    5d52: 18           	clc
    5d53: a5 10        	lda	$10                     ; 0x10 <__rc0>
    5d55: 69 f8        	adc	#$f8
    5d57: 85 10        	sta	$10                     ; 0x10 <__rc0>
    5d59: a5 11        	lda	$11                     ; 0x11 <__zp_data_size>
    5d5b: 69 ff        	adc	#$ff
    5d5d: 85 11        	sta	$11                     ; 0x11 <__zp_data_size>
    5d5f: 68           	pla
    5d60: a6 24        	ldx	$24                     ; 0x24 <__rc20>
    5d62: da           	phx
    5d63: a6 25        	ldx	$25                     ; 0x25 <__rc21>
    5d65: da           	phx
    5d66: a6 26        	ldx	$26                     ; 0x26 <__rc22>
    5d68: da           	phx
    5d69: a6 27        	ldx	$27                     ; 0x27 <__rc23>
    5d6b: da           	phx
    5d6c: 48           	pha
    5d6d: a5 28        	lda	$28                     ; 0x28 <__rc24>
    5d6f: a0 07        	ldy	#$7
    5d71: 91 10        	sta	($10),y                 ; 0x10 <__rc0>
    5d73: a5 29        	lda	$29                     ; 0x29 <__rc25>
    5d75: 88           	dey
    5d76: 91 10        	sta	($10),y                 ; 0x10 <__rc0>
    5d78: a5 2a        	lda	$2a                     ; 0x2a <__rc26>
    5d7a: 88           	dey
    5d7b: 91 10        	sta	($10),y                 ; 0x10 <__rc0>
    5d7d: a5 2b        	lda	$2b                     ; 0x2b <__rc27>
    5d7f: 88           	dey
    5d80: 91 10        	sta	($10),y                 ; 0x10 <__rc0>
    5d82: a5 2c        	lda	$2c                     ; 0x2c <__rc28>
    5d84: 88           	dey
    5d85: 91 10        	sta	($10),y                 ; 0x10 <__rc0>
    5d87: a5 2d        	lda	$2d                     ; 0x2d <__rc29>
    5d89: 88           	dey
    5d8a: 91 10        	sta	($10),y                 ; 0x10 <__rc0>
    5d8c: a5 2e        	lda	$2e                     ; 0x2e <__rc30>
    5d8e: 88           	dey
    5d8f: 91 10        	sta	($10),y                 ; 0x10 <__rc0>
    5d91: a5 2f        	lda	$2f                     ; 0x2f <__rc31>
    5d93: 88           	dey
    5d94: 91 10        	sta	($10),y                 ; 0x10 <__rc0>
    5d96: 68           	pla
    5d97: 85 29        	sta	$29                     ; 0x29 <__rc25>
    5d99: a6 74        	ldx	$74                     ; 0x74 <theOne.8>
    5d9b: 86 25        	stx	$25                     ; 0x25 <__rc21>
    5d9d: a6 75        	ldx	$75                     ; 0x75 <theOne.8+0x1>
    5d9f: 86 26        	stx	$26                     ; 0x26 <__rc22>
    5da1: a2 19        	ldx	#$19
    5da3: 86 12        	stx	$12                     ; 0x12 <__rc2>
    5da5: 64 13        	stz	$13                     ; 0x13 <__rc3>
    5da7: a2 00        	ldx	#$0
    5da9: 20 3d 83     	jsr	$833d <__mulhi3>
    5dac: 85 12        	sta	$12                     ; 0x12 <__rc2>
    5dae: 86 13        	stx	$13                     ; 0x13 <__rc3>
    5db0: 18           	clc
    5db1: a5 25        	lda	$25                     ; 0x25 <__rc21>
    5db3: 65 12        	adc	$12                     ; 0x12 <__rc2>
    5db5: aa           	tax
    5db6: a5 26        	lda	$26                     ; 0x26 <__rc22>
    5db8: 65 13        	adc	$13                     ; 0x13 <__rc3>
    5dba: 86 12        	stx	$12                     ; 0x12 <__rc2>
    5dbc: 85 13        	sta	$13                     ; 0x13 <__rc3>
    5dbe: 85 15        	sta	$15                     ; 0x15 <__rc5>
    5dc0: a0 04        	ldy	#$4
    5dc2: 86 1a        	stx	$1a                     ; 0x1a <__rc10>
    5dc4: 8a           	txa
    5dc5: 18           	clc
    5dc6: 69 04        	adc	#$4
    5dc8: 85 14        	sta	$14                     ; 0x14 <__rc4>
    5dca: a6 15        	ldx	$15                     ; 0x15 <__rc5>
    5dcc: 86 16        	stx	$16                     ; 0x16 <__rc6>
    5dce: a5 15        	lda	$15                     ; 0x15 <__rc5>
    5dd0: 69 00        	adc	#$0
    5dd2: 85 15        	sta	$15                     ; 0x15 <__rc5>
    5dd4: b1 12        	lda	($12),y                 ; 0x12 <__rc2>
    5dd6: 85 18        	sta	$18                     ; 0x18 <__rc8>
    5dd8: a0 01        	ldy	#$1
    5dda: b1 14        	lda	($14),y                 ; 0x14 <__rc4>
    5ddc: aa           	tax
    5ddd: c8           	iny
    5dde: b1 14        	lda	($14),y                 ; 0x14 <__rc4>
    5de0: 85 19        	sta	$19                     ; 0x19 <__rc9>
    5de2: c8           	iny
    5de3: b1 14        	lda	($14),y                 ; 0x14 <__rc4>
    5de5: d1 12        	cmp	($12),y                 ; 0x12 <__rc2>
    5de7: d0 21        	bne	$5e0a <chainEvent+0xb9>
    5de9: 85 1b        	sta	$1b                     ; 0x1b <__rc11>
    5deb: a0 02        	ldy	#$2
    5ded: b1 12        	lda	($12),y                 ; 0x12 <__rc2>
    5def: 85 14        	sta	$14                     ; 0x14 <__rc4>
    5df1: a4 19        	ldy	$19                     ; 0x19 <__rc9>
    5df3: c4 14        	cpy	$14                     ; 0x14 <__rc4>
    5df5: d0 19        	bne	$5e10 <chainEvent+0xbf>
    5df7: a0 01        	ldy	#$1
    5df9: b1 12        	lda	($12),y                 ; 0x12 <__rc2>
    5dfb: 85 14        	sta	$14                     ; 0x14 <__rc4>
    5dfd: e4 14        	cpx	$14                     ; 0x14 <__rc4>
    5dff: d0 26        	bne	$5e27 <chainEvent+0xd6>
    5e01: b2 12        	lda	($12)                   ; 0x12 <__rc2>
    5e03: 85 14        	sta	$14                     ; 0x14 <__rc4>
    5e05: 8a           	txa
    5e06: a6 18        	ldx	$18                     ; 0x18 <__rc8>
    5e08: 80 1e        	bra	$5e28 <chainEvent+0xd7>
    5e0a: 85 1b        	sta	$1b                     ; 0x1b <__rc11>
    5e0c: d1 12        	cmp	($12),y                 ; 0x12 <__rc2>
    5e0e: 80 02        	bra	$5e12 <chainEvent+0xc1>
    5e10: c4 14        	cpy	$14                     ; 0x14 <__rc4>
    5e12: 8a           	txa
    5e13: 90 17        	bcc	$5e2c <chainEvent+0xdb>
    5e15: a0 18        	ldy	#$18
    5e17: a9 01        	lda	#$1
    5e19: 91 12        	sta	($12),y                 ; 0x12 <__rc2>
    5e1b: e6 72        	inc	$72                     ; 0x72 <theOne.7>
    5e1d: f0 03        	beq	$5e22 <chainEvent+0xd1>
    5e1f: 4c 9b 65     	jmp	$659b <chainEvent+0x84a>
    5e22: e6 73        	inc	$73                     ; 0x73 <theOne.7+0x1>
    5e24: 4c 9b 65     	jmp	$659b <chainEvent+0x84a>
    5e27: 8a           	txa
    5e28: e4 14        	cpx	$14                     ; 0x14 <__rc4>
    5e2a: b0 e9        	bcs	$5e15 <chainEvent+0xc4>
    5e2c: 85 17        	sta	$17                     ; 0x17 <__rc7>
    5e2e: a5 1a        	lda	$1a                     ; 0x1a <__rc10>
    5e30: 18           	clc
    5e31: 69 08        	adc	#$8
    5e33: 85 14        	sta	$14                     ; 0x14 <__rc4>
    5e35: a5 16        	lda	$16                     ; 0x16 <__rc6>
    5e37: 69 00        	adc	#$0
    5e39: 85 15        	sta	$15                     ; 0x15 <__rc5>
    5e3b: 18           	clc
    5e3c: a5 1a        	lda	$1a                     ; 0x1a <__rc10>
    5e3e: 69 04        	adc	#$4
    5e40: aa           	tax
    5e41: a5 16        	lda	$16                     ; 0x16 <__rc6>
    5e43: 69 00        	adc	#$0
    5e45: 86 16        	stx	$16                     ; 0x16 <__rc6>
    5e47: a6 17        	ldx	$17                     ; 0x17 <__rc7>
    5e49: a4 17        	ldy	$17                     ; 0x17 <__rc7>
    5e4b: 84 1a        	sty	$1a                     ; 0x1a <__rc10>
    5e4d: 85 17        	sta	$17                     ; 0x17 <__rc7>
    5e4f: a4 19        	ldy	$19                     ; 0x19 <__rc9>
    5e51: 84 1e        	sty	$1e                     ; 0x1e <__rc14>
    5e53: a4 19        	ldy	$19                     ; 0x19 <__rc9>
    5e55: 84 1c        	sty	$1c                     ; 0x1c <__rc12>
    5e57: a4 18        	ldy	$18                     ; 0x18 <__rc8>
    5e59: 84 19        	sty	$19                     ; 0x19 <__rc9>
    5e5b: a5 18        	lda	$18                     ; 0x18 <__rc8>
    5e5d: a4 1b        	ldy	$1b                     ; 0x1b <__rc11>
    5e5f: 84 1d        	sty	$1d                     ; 0x1d <__rc13>
    5e61: 1a           	inc
    5e62: d0 09        	bne	$5e6d <chainEvent+0x11c>
    5e64: e8           	inx
    5e65: d0 06        	bne	$5e6d <chainEvent+0x11c>
    5e67: e6 1e        	inc	$1e                     ; 0x1e <__rc14>
    5e69: d0 02        	bne	$5e6d <chainEvent+0x11c>
    5e6b: e6 1d        	inc	$1d                     ; 0x1d <__rc13>
    5e6d: a0 04        	ldy	#$4
    5e6f: 91 12        	sta	($12),y                 ; 0x12 <__rc2>
    5e71: a0 01        	ldy	#$1
    5e73: 8a           	txa
    5e74: 91 16        	sta	($16),y                 ; 0x16 <__rc6>
    5e76: a2 01        	ldx	#$1
    5e78: 86 18        	stx	$18                     ; 0x18 <__rc8>
    5e7a: c8           	iny
    5e7b: a5 1e        	lda	$1e                     ; 0x1e <__rc14>
    5e7d: 91 16        	sta	($16),y                 ; 0x16 <__rc6>
    5e7f: e8           	inx
    5e80: 86 1b        	stx	$1b                     ; 0x1b <__rc11>
    5e82: c8           	iny
    5e83: a5 1d        	lda	$1d                     ; 0x1d <__rc13>
    5e85: 91 16        	sta	($16),y                 ; 0x16 <__rc6>
    5e87: 18           	clc
    5e88: a0 08        	ldy	#$8
    5e8a: a5 19        	lda	$19                     ; 0x19 <__rc9>
    5e8c: 71 12        	adc	($12),y                 ; 0x12 <__rc2>
    5e8e: 85 12        	sta	$12                     ; 0x12 <__rc2>
    5e90: ca           	dex
    5e91: 86 16        	stx	$16                     ; 0x16 <__rc6>
    5e93: a5 1a        	lda	$1a                     ; 0x1a <__rc10>
    5e95: a4 18        	ldy	$18                     ; 0x18 <__rc8>
    5e97: 71 14        	adc	($14),y                 ; 0x14 <__rc4>
    5e99: 85 13        	sta	$13                     ; 0x13 <__rc3>
    5e9b: a4 1b        	ldy	$1b                     ; 0x1b <__rc11>
    5e9d: a5 1c        	lda	$1c                     ; 0x1c <__rc12>
    5e9f: 71 14        	adc	($14),y                 ; 0x14 <__rc4>
    5ea1: 85 14        	sta	$14                     ; 0x14 <__rc4>
    5ea3: a5 13        	lda	$13                     ; 0x13 <__rc3>
    5ea5: 0a           	asl
    5ea6: 26 14        	rol	$14                     ; 0x14 <__rc4>
    5ea8: 0a           	asl
    5ea9: 26 14        	rol	$14                     ; 0x14 <__rc4>
    5eab: 0a           	asl
    5eac: a5 14        	lda	$14                     ; 0x14 <__rc4>
    5eae: 2a           	rol
    5eaf: a6 0f        	ldx	$f                      ; 0xf
    5eb1: 78           	sei
    5eb2: 85 0f        	sta	$f                      ; 0xf
    5eb4: a5 13        	lda	$13                     ; 0x13 <__rc3>
    5eb6: 09 e0        	ora	#$e0
    5eb8: 85 13        	sta	$13                     ; 0x13 <__rc3>
    5eba: b2 12        	lda	($12)                   ; 0x12 <__rc2>
    5ebc: 86 0f        	stx	$f                      ; 0xf
    5ebe: 58           	cli
    5ebf: a2 00        	ldx	#$0
    5ec1: c9 00        	cmp	#$0
    5ec3: 10 03        	bpl	$5ec8 <chainEvent+0x177>
    5ec5: 4c 5b 63     	jmp	$635b <chainEvent+0x60a>
    5ec8: 64 2c        	stz	$2c                     ; 0x2c <__rc28>
    5eca: 64 2e        	stz	$2e                     ; 0x2e <__rc30>
    5ecc: 64 2d        	stz	$2d                     ; 0x2d <__rc29>
    5ece: 85 12        	sta	$12                     ; 0x12 <__rc2>
    5ed0: a5 16        	lda	$16                     ; 0x16 <__rc6>
    5ed2: 85 27        	sta	$27                     ; 0x27 <__rc23>
    5ed4: 84 28        	sty	$28                     ; 0x28 <__rc24>
    5ed6: 86 2a        	stx	$2a                     ; 0x2a <__rc26>
    5ed8: 64 2f        	stz	$2f                     ; 0x2f <__rc31>
    5eda: a5 2f        	lda	$2f                     ; 0x2f <__rc31>
    5edc: 05 12        	ora	$12                     ; 0x12 <__rc2>
    5ede: 85 25        	sta	$25                     ; 0x25 <__rc21>
    5ee0: a6 74        	ldx	$74                     ; 0x74 <theOne.8>
    5ee2: 86 2b        	stx	$2b                     ; 0x2b <__rc27>
    5ee4: a6 75        	ldx	$75                     ; 0x75 <theOne.8+0x1>
    5ee6: 86 24        	stx	$24                     ; 0x24 <__rc20>
    5ee8: a0 19        	ldy	#$19
    5eea: 64 13        	stz	$13                     ; 0x13 <__rc3>
    5eec: a2 00        	ldx	#$0
    5eee: 84 12        	sty	$12                     ; 0x12 <__rc2>
    5ef0: a5 29        	lda	$29                     ; 0x29 <__rc25>
    5ef2: 20 3d 83     	jsr	$833d <__mulhi3>
    5ef5: 85 18        	sta	$18                     ; 0x18 <__rc8>
    5ef7: 85 12        	sta	$12                     ; 0x12 <__rc2>
    5ef9: 86 13        	stx	$13                     ; 0x13 <__rc3>
    5efb: 86 1b        	stx	$1b                     ; 0x1b <__rc11>
    5efd: a6 2a        	ldx	$2a                     ; 0x2a <__rc26>
    5eff: e0 01        	cpx	#$1
    5f01: a5 2b        	lda	$2b                     ; 0x2b <__rc27>
    5f03: 65 12        	adc	$12                     ; 0x12 <__rc2>
    5f05: a8           	tay
    5f06: a5 24        	lda	$24                     ; 0x24 <__rc20>
    5f08: 65 13        	adc	$13                     ; 0x13 <__rc3>
    5f0a: aa           	tax
    5f0b: 84 12        	sty	$12                     ; 0x12 <__rc2>
    5f0d: 84 14        	sty	$14                     ; 0x14 <__rc4>
    5f0f: 85 13        	sta	$13                     ; 0x13 <__rc3>
    5f11: a0 0c        	ldy	#$c
    5f13: a5 25        	lda	$25                     ; 0x25 <__rc21>
    5f15: 91 12        	sta	($12),y                 ; 0x12 <__rc2>
    5f17: a5 14        	lda	$14                     ; 0x14 <__rc4>
    5f19: a4 14        	ldy	$14                     ; 0x14 <__rc4>
    5f1b: 84 16        	sty	$16                     ; 0x16 <__rc6>
    5f1d: 18           	clc
    5f1e: 69 0c        	adc	#$c
    5f20: 85 14        	sta	$14                     ; 0x14 <__rc4>
    5f22: 8a           	txa
    5f23: 69 00        	adc	#$0
    5f25: 85 15        	sta	$15                     ; 0x15 <__rc5>
    5f27: a4 27        	ldy	$27                     ; 0x27 <__rc23>
    5f29: a5 2c        	lda	$2c                     ; 0x2c <__rc28>
    5f2b: 91 14        	sta	($14),y                 ; 0x14 <__rc4>
    5f2d: 84 19        	sty	$19                     ; 0x19 <__rc9>
    5f2f: a4 28        	ldy	$28                     ; 0x28 <__rc24>
    5f31: a5 2e        	lda	$2e                     ; 0x2e <__rc30>
    5f33: 91 14        	sta	($14),y                 ; 0x14 <__rc4>
    5f35: 84 1e        	sty	$1e                     ; 0x1e <__rc14>
    5f37: a0 03        	ldy	#$3
    5f39: a5 2d        	lda	$2d                     ; 0x2d <__rc29>
    5f3b: 91 14        	sta	($14),y                 ; 0x14 <__rc4>
    5f3d: 84 1a        	sty	$1a                     ; 0x1a <__rc10>
    5f3f: a5 16        	lda	$16                     ; 0x16 <__rc6>
    5f41: 18           	clc
    5f42: 69 08        	adc	#$8
    5f44: 85 14        	sta	$14                     ; 0x14 <__rc4>
    5f46: 8a           	txa
    5f47: 69 00        	adc	#$0
    5f49: 85 15        	sta	$15                     ; 0x15 <__rc5>
    5f4b: 18           	clc
    5f4c: a5 16        	lda	$16                     ; 0x16 <__rc6>
    5f4e: 69 04        	adc	#$4
    5f50: 85 16        	sta	$16                     ; 0x16 <__rc6>
    5f52: 8a           	txa
    5f53: 69 00        	adc	#$0
    5f55: 85 17        	sta	$17                     ; 0x17 <__rc7>
    5f57: a0 08        	ldy	#$8
    5f59: b1 12        	lda	($12),y                 ; 0x12 <__rc2>
    5f5b: 85 1c        	sta	$1c                     ; 0x1c <__rc12>
    5f5d: 84 1d        	sty	$1d                     ; 0x1d <__rc13>
    5f5f: a4 19        	ldy	$19                     ; 0x19 <__rc9>
    5f61: b1 14        	lda	($14),y                 ; 0x14 <__rc4>
    5f63: 85 1f        	sta	$1f                     ; 0x1f <__rc15>
    5f65: a4 1e        	ldy	$1e                     ; 0x1e <__rc14>
    5f67: b1 14        	lda	($14),y                 ; 0x14 <__rc4>
    5f69: 85 14        	sta	$14                     ; 0x14 <__rc4>
    5f6b: 18           	clc
    5f6c: a2 04        	ldx	#$4
    5f6e: 86 29        	stx	$29                     ; 0x29 <__rc25>
    5f70: a4 29        	ldy	$29                     ; 0x29 <__rc25>
    5f72: a5 1c        	lda	$1c                     ; 0x1c <__rc12>
    5f74: 71 12        	adc	($12),y                 ; 0x12 <__rc2>
    5f76: 85 13        	sta	$13                     ; 0x13 <__rc3>
    5f78: a5 1f        	lda	$1f                     ; 0x1f <__rc15>
    5f7a: a4 19        	ldy	$19                     ; 0x19 <__rc9>
    5f7c: 71 16        	adc	($16),y                 ; 0x16 <__rc6>
    5f7e: aa           	tax
    5f7f: 84 1c        	sty	$1c                     ; 0x1c <__rc12>
    5f81: a4 1e        	ldy	$1e                     ; 0x1e <__rc14>
    5f83: a5 14        	lda	$14                     ; 0x14 <__rc4>
    5f85: 71 16        	adc	($16),y                 ; 0x16 <__rc6>
    5f87: 85 14        	sta	$14                     ; 0x14 <__rc4>
    5f89: 8a           	txa
    5f8a: 86 12        	stx	$12                     ; 0x12 <__rc2>
    5f8c: 06 12        	asl	$12                     ; 0x12 <__rc2>
    5f8e: 26 14        	rol	$14                     ; 0x14 <__rc4>
    5f90: 06 12        	asl	$12                     ; 0x12 <__rc2>
    5f92: 26 14        	rol	$14                     ; 0x14 <__rc4>
    5f94: 06 12        	asl	$12                     ; 0x12 <__rc2>
    5f96: 26 14        	rol	$14                     ; 0x14 <__rc4>
    5f98: a4 14        	ldy	$14                     ; 0x14 <__rc4>
    5f9a: a6 0f        	ldx	$f                      ; 0xf
    5f9c: 78           	sei
    5f9d: 84 0f        	sty	$f                      ; 0xf
    5f9f: a4 13        	ldy	$13                     ; 0x13 <__rc3>
    5fa1: 84 12        	sty	$12                     ; 0x12 <__rc2>
    5fa3: 09 e0        	ora	#$e0
    5fa5: 85 13        	sta	$13                     ; 0x13 <__rc3>
    5fa7: b2 12        	lda	($12)                   ; 0x12 <__rc2>
    5fa9: 85 19        	sta	$19                     ; 0x19 <__rc9>
    5fab: 86 0f        	stx	$f                      ; 0xf
    5fad: 58           	cli
    5fae: a5 18        	lda	$18                     ; 0x18 <__rc8>
    5fb0: 18           	clc
    5fb1: 65 74        	adc	$74                     ; 0x74 <theOne.8>
    5fb3: aa           	tax
    5fb4: a5 1b        	lda	$1b                     ; 0x1b <__rc11>
    5fb6: 65 75        	adc	$75                     ; 0x75 <theOne.8+0x1>
    5fb8: a8           	tay
    5fb9: 8a           	txa
    5fba: 18           	clc
    5fbb: 69 08        	adc	#$8
    5fbd: 85 12        	sta	$12                     ; 0x12 <__rc2>
    5fbf: 98           	tya
    5fc0: 69 00        	adc	#$0
    5fc2: 85 13        	sta	$13                     ; 0x13 <__rc3>
    5fc4: 86 14        	stx	$14                     ; 0x14 <__rc4>
    5fc6: 84 15        	sty	$15                     ; 0x15 <__rc5>
    5fc8: 18           	clc
    5fc9: 8a           	txa
    5fca: 69 04        	adc	#$4
    5fcc: 85 16        	sta	$16                     ; 0x16 <__rc6>
    5fce: 98           	tya
    5fcf: 69 00        	adc	#$0
    5fd1: 85 17        	sta	$17                     ; 0x17 <__rc7>
    5fd3: a4 29        	ldy	$29                     ; 0x29 <__rc25>
    5fd5: b1 14        	lda	($14),y                 ; 0x14 <__rc4>
    5fd7: 85 1f        	sta	$1f                     ; 0x1f <__rc15>
    5fd9: a4 1c        	ldy	$1c                     ; 0x1c <__rc12>
    5fdb: b1 16        	lda	($16),y                 ; 0x16 <__rc6>
    5fdd: aa           	tax
    5fde: a4 1e        	ldy	$1e                     ; 0x1e <__rc14>
    5fe0: b1 16        	lda	($16),y                 ; 0x16 <__rc6>
    5fe2: 85 22        	sta	$22                     ; 0x22 <__rc18>
    5fe4: a4 1a        	ldy	$1a                     ; 0x1a <__rc10>
    5fe6: b1 16        	lda	($16),y                 ; 0x16 <__rc6>
    5fe8: 85 16        	sta	$16                     ; 0x16 <__rc6>
    5fea: 18           	clc
    5feb: a4 1d        	ldy	$1d                     ; 0x1d <__rc13>
    5fed: a5 1f        	lda	$1f                     ; 0x1f <__rc15>
    5fef: 71 14        	adc	($14),y                 ; 0x14 <__rc4>
    5ff1: 85 14        	sta	$14                     ; 0x14 <__rc4>
    5ff3: a4 1c        	ldy	$1c                     ; 0x1c <__rc12>
    5ff5: 8a           	txa
    5ff6: 71 12        	adc	($12),y                 ; 0x12 <__rc2>
    5ff8: 85 15        	sta	$15                     ; 0x15 <__rc5>
    5ffa: 84 1f        	sty	$1f                     ; 0x1f <__rc15>
    5ffc: a4 1e        	ldy	$1e                     ; 0x1e <__rc14>
    5ffe: a5 22        	lda	$22                     ; 0x22 <__rc18>
    6000: 71 12        	adc	($12),y                 ; 0x12 <__rc2>
    6002: aa           	tax
    6003: a5 16        	lda	$16                     ; 0x16 <__rc6>
    6005: a4 1a        	ldy	$1a                     ; 0x1a <__rc10>
    6007: 71 12        	adc	($12),y                 ; 0x12 <__rc2>
    6009: a8           	tay
    600a: a5 15        	lda	$15                     ; 0x15 <__rc5>
    600c: e6 14        	inc	$14                     ; 0x14 <__rc4>
    600e: d0 07        	bne	$6017 <chainEvent+0x2c6>
    6010: 1a           	inc
    6011: d0 04        	bne	$6017 <chainEvent+0x2c6>
    6013: e8           	inx
    6014: d0 01        	bne	$6017 <chainEvent+0x2c6>
    6016: c8           	iny
    6017: 85 12        	sta	$12                     ; 0x12 <__rc2>
    6019: 06 12        	asl	$12                     ; 0x12 <__rc2>
    601b: 86 13        	stx	$13                     ; 0x13 <__rc3>
    601d: 26 13        	rol	$13                     ; 0x13 <__rc3>
    601f: 06 12        	asl	$12                     ; 0x12 <__rc2>
    6021: 26 13        	rol	$13                     ; 0x13 <__rc3>
    6023: 06 12        	asl	$12                     ; 0x12 <__rc2>
    6025: 26 13        	rol	$13                     ; 0x13 <__rc3>
    6027: a4 13        	ldy	$13                     ; 0x13 <__rc3>
    6029: a6 0f        	ldx	$f                      ; 0xf
    602b: 78           	sei
    602c: 84 0f        	sty	$f                      ; 0xf
    602e: a4 14        	ldy	$14                     ; 0x14 <__rc4>
    6030: 84 12        	sty	$12                     ; 0x12 <__rc2>
    6032: 09 e0        	ora	#$e0
    6034: 85 13        	sta	$13                     ; 0x13 <__rc3>
    6036: b2 12        	lda	($12)                   ; 0x12 <__rc2>
    6038: 85 1c        	sta	$1c                     ; 0x1c <__rc12>
    603a: 86 0f        	stx	$f                      ; 0xf
    603c: 58           	cli
    603d: a5 18        	lda	$18                     ; 0x18 <__rc8>
    603f: 18           	clc
    6040: 65 74        	adc	$74                     ; 0x74 <theOne.8>
    6042: aa           	tax
    6043: a5 1b        	lda	$1b                     ; 0x1b <__rc11>
    6045: 65 75        	adc	$75                     ; 0x75 <theOne.8+0x1>
    6047: a8           	tay
    6048: 8a           	txa
    6049: 18           	clc
    604a: 69 08        	adc	#$8
    604c: 85 12        	sta	$12                     ; 0x12 <__rc2>
    604e: 98           	tya
    604f: 69 00        	adc	#$0
    6051: 85 13        	sta	$13                     ; 0x13 <__rc3>
    6053: 86 14        	stx	$14                     ; 0x14 <__rc4>
    6055: 84 15        	sty	$15                     ; 0x15 <__rc5>
    6057: 18           	clc
    6058: 8a           	txa
    6059: 69 04        	adc	#$4
    605b: 85 16        	sta	$16                     ; 0x16 <__rc6>
    605d: 98           	tya
    605e: 69 00        	adc	#$0
    6060: 85 17        	sta	$17                     ; 0x17 <__rc7>
    6062: a4 29        	ldy	$29                     ; 0x29 <__rc25>
    6064: b1 14        	lda	($14),y                 ; 0x14 <__rc4>
    6066: 85 23        	sta	$23                     ; 0x23 <__rc19>
    6068: 84 22        	sty	$22                     ; 0x22 <__rc18>
    606a: a4 1f        	ldy	$1f                     ; 0x1f <__rc15>
    606c: b1 16        	lda	($16),y                 ; 0x16 <__rc6>
    606e: 84 24        	sty	$24                     ; 0x24 <__rc20>
    6070: 85 1f        	sta	$1f                     ; 0x1f <__rc15>
    6072: a4 1e        	ldy	$1e                     ; 0x1e <__rc14>
    6074: b1 16        	lda	($16),y                 ; 0x16 <__rc6>
    6076: 85 16        	sta	$16                     ; 0x16 <__rc6>
    6078: 18           	clc
    6079: a4 1d        	ldy	$1d                     ; 0x1d <__rc13>
    607b: a5 23        	lda	$23                     ; 0x23 <__rc19>
    607d: 71 14        	adc	($14),y                 ; 0x14 <__rc4>
    607f: 85 14        	sta	$14                     ; 0x14 <__rc4>
    6081: a5 1f        	lda	$1f                     ; 0x1f <__rc15>
    6083: a4 24        	ldy	$24                     ; 0x24 <__rc20>
    6085: 71 12        	adc	($12),y                 ; 0x12 <__rc2>
    6087: 85 15        	sta	$15                     ; 0x15 <__rc5>
    6089: 84 23        	sty	$23                     ; 0x23 <__rc19>
    608b: a4 1e        	ldy	$1e                     ; 0x1e <__rc14>
    608d: a5 16        	lda	$16                     ; 0x16 <__rc6>
    608f: 71 12        	adc	($12),y                 ; 0x12 <__rc2>
    6091: 85 12        	sta	$12                     ; 0x12 <__rc2>
    6093: 18           	clc
    6094: a5 14        	lda	$14                     ; 0x14 <__rc4>
    6096: 69 02        	adc	#$2
    6098: 85 14        	sta	$14                     ; 0x14 <__rc4>
    609a: a5 15        	lda	$15                     ; 0x15 <__rc5>
    609c: 69 00        	adc	#$0
    609e: aa           	tax
    609f: a5 12        	lda	$12                     ; 0x12 <__rc2>
    60a1: 69 00        	adc	#$0
    60a3: 85 13        	sta	$13                     ; 0x13 <__rc3>
    60a5: 8a           	txa
    60a6: 86 12        	stx	$12                     ; 0x12 <__rc2>
    60a8: 06 12        	asl	$12                     ; 0x12 <__rc2>
    60aa: 26 13        	rol	$13                     ; 0x13 <__rc3>
    60ac: 06 12        	asl	$12                     ; 0x12 <__rc2>
    60ae: 26 13        	rol	$13                     ; 0x13 <__rc3>
    60b0: 06 12        	asl	$12                     ; 0x12 <__rc2>
    60b2: 26 13        	rol	$13                     ; 0x13 <__rc3>
    60b4: a4 13        	ldy	$13                     ; 0x13 <__rc3>
    60b6: a6 0f        	ldx	$f                      ; 0xf
    60b8: 78           	sei
    60b9: 84 0f        	sty	$f                      ; 0xf
    60bb: a4 14        	ldy	$14                     ; 0x14 <__rc4>
    60bd: 84 12        	sty	$12                     ; 0x12 <__rc2>
    60bf: 09 e0        	ora	#$e0
    60c1: 85 13        	sta	$13                     ; 0x13 <__rc3>
    60c3: b2 12        	lda	($12)                   ; 0x12 <__rc2>
    60c5: 85 1f        	sta	$1f                     ; 0x1f <__rc15>
    60c7: 86 0f        	stx	$f                      ; 0xf
    60c9: 58           	cli
    60ca: a5 18        	lda	$18                     ; 0x18 <__rc8>
    60cc: 18           	clc
    60cd: 65 74        	adc	$74                     ; 0x74 <theOne.8>
    60cf: aa           	tax
    60d0: a5 1b        	lda	$1b                     ; 0x1b <__rc11>
    60d2: 65 75        	adc	$75                     ; 0x75 <theOne.8+0x1>
    60d4: a8           	tay
    60d5: 18           	clc
    60d6: 8a           	txa
    60d7: 69 08        	adc	#$8
    60d9: 85 12        	sta	$12                     ; 0x12 <__rc2>
    60db: 98           	tya
    60dc: 69 00        	adc	#$0
    60de: 85 13        	sta	$13                     ; 0x13 <__rc3>
    60e0: 86 14        	stx	$14                     ; 0x14 <__rc4>
    60e2: 84 15        	sty	$15                     ; 0x15 <__rc5>
    60e4: 18           	clc
    60e5: 8a           	txa
    60e6: 69 04        	adc	#$4
    60e8: 85 16        	sta	$16                     ; 0x16 <__rc6>
    60ea: 98           	tya
    60eb: 69 00        	adc	#$0
    60ed: 85 17        	sta	$17                     ; 0x17 <__rc7>
    60ef: a4 22        	ldy	$22                     ; 0x22 <__rc18>
    60f1: b1 14        	lda	($14),y                 ; 0x14 <__rc4>
    60f3: aa           	tax
    60f4: a4 23        	ldy	$23                     ; 0x23 <__rc19>
    60f6: b1 16        	lda	($16),y                 ; 0x16 <__rc6>
    60f8: 85 24        	sta	$24                     ; 0x24 <__rc20>
    60fa: a4 1e        	ldy	$1e                     ; 0x1e <__rc14>
    60fc: b1 16        	lda	($16),y                 ; 0x16 <__rc6>
    60fe: 85 16        	sta	$16                     ; 0x16 <__rc6>
    6100: 18           	clc
    6101: a4 1d        	ldy	$1d                     ; 0x1d <__rc13>
    6103: 8a           	txa
    6104: 71 14        	adc	($14),y                 ; 0x14 <__rc4>
    6106: 85 14        	sta	$14                     ; 0x14 <__rc4>
    6108: a4 23        	ldy	$23                     ; 0x23 <__rc19>
    610a: a5 24        	lda	$24                     ; 0x24 <__rc20>
    610c: 71 12        	adc	($12),y                 ; 0x12 <__rc2>
    610e: 85 15        	sta	$15                     ; 0x15 <__rc5>
    6110: a4 1e        	ldy	$1e                     ; 0x1e <__rc14>
    6112: a5 16        	lda	$16                     ; 0x16 <__rc6>
    6114: 71 12        	adc	($12),y                 ; 0x12 <__rc2>
    6116: 85 12        	sta	$12                     ; 0x12 <__rc2>
    6118: 84 24        	sty	$24                     ; 0x24 <__rc20>
    611a: 18           	clc
    611b: a5 14        	lda	$14                     ; 0x14 <__rc4>
    611d: 69 03        	adc	#$3
    611f: 85 14        	sta	$14                     ; 0x14 <__rc4>
    6121: a5 15        	lda	$15                     ; 0x15 <__rc5>
    6123: 69 00        	adc	#$0
    6125: aa           	tax
    6126: a5 12        	lda	$12                     ; 0x12 <__rc2>
    6128: 69 00        	adc	#$0
    612a: 85 13        	sta	$13                     ; 0x13 <__rc3>
    612c: 8a           	txa
    612d: 86 12        	stx	$12                     ; 0x12 <__rc2>
    612f: 06 12        	asl	$12                     ; 0x12 <__rc2>
    6131: 26 13        	rol	$13                     ; 0x13 <__rc3>
    6133: 06 12        	asl	$12                     ; 0x12 <__rc2>
    6135: 26 13        	rol	$13                     ; 0x13 <__rc3>
    6137: 06 12        	asl	$12                     ; 0x12 <__rc2>
    6139: 26 13        	rol	$13                     ; 0x13 <__rc3>
    613b: a4 13        	ldy	$13                     ; 0x13 <__rc3>
    613d: a6 0f        	ldx	$f                      ; 0xf
    613f: 78           	sei
    6140: 84 0f        	sty	$f                      ; 0xf
    6142: a4 14        	ldy	$14                     ; 0x14 <__rc4>
    6144: 84 12        	sty	$12                     ; 0x12 <__rc2>
    6146: 09 e0        	ora	#$e0
    6148: 85 13        	sta	$13                     ; 0x13 <__rc3>
    614a: b2 12        	lda	($12)                   ; 0x12 <__rc2>
    614c: 85 1e        	sta	$1e                     ; 0x1e <__rc14>
    614e: 86 0f        	stx	$f                      ; 0xf
    6150: 58           	cli
    6151: a5 18        	lda	$18                     ; 0x18 <__rc8>
    6153: 18           	clc
    6154: 65 74        	adc	$74                     ; 0x74 <theOne.8>
    6156: aa           	tax
    6157: a5 1b        	lda	$1b                     ; 0x1b <__rc11>
    6159: 65 75        	adc	$75                     ; 0x75 <theOne.8+0x1>
    615b: a8           	tay
    615c: 8a           	txa
    615d: 18           	clc
    615e: 69 08        	adc	#$8
    6160: 85 12        	sta	$12                     ; 0x12 <__rc2>
    6162: 98           	tya
    6163: 69 00        	adc	#$0
    6165: 85 13        	sta	$13                     ; 0x13 <__rc3>
    6167: 86 14        	stx	$14                     ; 0x14 <__rc4>
    6169: 84 15        	sty	$15                     ; 0x15 <__rc5>
    616b: 18           	clc
    616c: 8a           	txa
    616d: 69 04        	adc	#$4
    616f: 85 16        	sta	$16                     ; 0x16 <__rc6>
    6171: 98           	tya
    6172: 69 00        	adc	#$0
    6174: 85 17        	sta	$17                     ; 0x17 <__rc7>
    6176: a4 22        	ldy	$22                     ; 0x22 <__rc18>
    6178: b1 14        	lda	($14),y                 ; 0x14 <__rc4>
    617a: aa           	tax
    617b: a4 23        	ldy	$23                     ; 0x23 <__rc19>
    617d: b1 16        	lda	($16),y                 ; 0x16 <__rc6>
    617f: 84 26        	sty	$26                     ; 0x26 <__rc22>
    6181: 85 25        	sta	$25                     ; 0x25 <__rc21>
    6183: a4 24        	ldy	$24                     ; 0x24 <__rc20>
    6185: b1 16        	lda	($16),y                 ; 0x16 <__rc6>
    6187: 85 17        	sta	$17                     ; 0x17 <__rc7>
    6189: 18           	clc
    618a: a4 1d        	ldy	$1d                     ; 0x1d <__rc13>
    618c: 84 23        	sty	$23                     ; 0x23 <__rc19>
    618e: a4 1d        	ldy	$1d                     ; 0x1d <__rc13>
    6190: 8a           	txa
    6191: 71 14        	adc	($14),y                 ; 0x14 <__rc4>
    6193: 85 14        	sta	$14                     ; 0x14 <__rc4>
    6195: a5 25        	lda	$25                     ; 0x25 <__rc21>
    6197: a4 26        	ldy	$26                     ; 0x26 <__rc22>
    6199: 71 12        	adc	($12),y                 ; 0x12 <__rc2>
    619b: 85 15        	sta	$15                     ; 0x15 <__rc5>
    619d: 84 16        	sty	$16                     ; 0x16 <__rc6>
    619f: a4 24        	ldy	$24                     ; 0x24 <__rc20>
    61a1: a5 17        	lda	$17                     ; 0x17 <__rc7>
    61a3: 71 12        	adc	($12),y                 ; 0x12 <__rc2>
    61a5: 85 12        	sta	$12                     ; 0x12 <__rc2>
    61a7: 84 17        	sty	$17                     ; 0x17 <__rc7>
    61a9: 18           	clc
    61aa: a5 14        	lda	$14                     ; 0x14 <__rc4>
    61ac: 69 04        	adc	#$4
    61ae: 85 14        	sta	$14                     ; 0x14 <__rc4>
    61b0: a5 15        	lda	$15                     ; 0x15 <__rc5>
    61b2: 69 00        	adc	#$0
    61b4: aa           	tax
    61b5: a5 12        	lda	$12                     ; 0x12 <__rc2>
    61b7: 69 00        	adc	#$0
    61b9: 85 13        	sta	$13                     ; 0x13 <__rc3>
    61bb: 8a           	txa
    61bc: 86 12        	stx	$12                     ; 0x12 <__rc2>
    61be: 06 12        	asl	$12                     ; 0x12 <__rc2>
    61c0: 26 13        	rol	$13                     ; 0x13 <__rc3>
    61c2: 06 12        	asl	$12                     ; 0x12 <__rc2>
    61c4: 26 13        	rol	$13                     ; 0x13 <__rc3>
    61c6: 06 12        	asl	$12                     ; 0x12 <__rc2>
    61c8: 26 13        	rol	$13                     ; 0x13 <__rc3>
    61ca: a4 13        	ldy	$13                     ; 0x13 <__rc3>
    61cc: a6 0f        	ldx	$f                      ; 0xf
    61ce: 78           	sei
    61cf: 84 0f        	sty	$f                      ; 0xf
    61d1: a4 14        	ldy	$14                     ; 0x14 <__rc4>
    61d3: 84 12        	sty	$12                     ; 0x12 <__rc2>
    61d5: 09 e0        	ora	#$e0
    61d7: 85 13        	sta	$13                     ; 0x13 <__rc3>
    61d9: b2 12        	lda	($12)                   ; 0x12 <__rc2>
    61db: 85 1d        	sta	$1d                     ; 0x1d <__rc13>
    61dd: 86 0f        	stx	$f                      ; 0xf
    61df: 58           	cli
    61e0: a5 18        	lda	$18                     ; 0x18 <__rc8>
    61e2: 18           	clc
    61e3: 65 74        	adc	$74                     ; 0x74 <theOne.8>
    61e5: a8           	tay
    61e6: a5 1b        	lda	$1b                     ; 0x1b <__rc11>
    61e8: 65 75        	adc	$75                     ; 0x75 <theOne.8+0x1>
    61ea: 84 12        	sty	$12                     ; 0x12 <__rc2>
    61ec: 85 13        	sta	$13                     ; 0x13 <__rc3>
    61ee: 85 15        	sta	$15                     ; 0x15 <__rc5>
    61f0: 5a           	phy
    61f1: fa           	plx
    61f2: 18           	clc
    61f3: 98           	tya
    61f4: 69 04        	adc	#$4
    61f6: 85 14        	sta	$14                     ; 0x14 <__rc4>
    61f8: a5 15        	lda	$15                     ; 0x15 <__rc5>
    61fa: 85 25        	sta	$25                     ; 0x25 <__rc21>
    61fc: 69 00        	adc	#$0
    61fe: 85 15        	sta	$15                     ; 0x15 <__rc5>
    6200: a4 22        	ldy	$22                     ; 0x22 <__rc18>
    6202: b1 12        	lda	($12),y                 ; 0x12 <__rc2>
    6204: 85 22        	sta	$22                     ; 0x22 <__rc18>
    6206: 84 24        	sty	$24                     ; 0x24 <__rc20>
    6208: a4 16        	ldy	$16                     ; 0x16 <__rc6>
    620a: b1 14        	lda	($14),y                 ; 0x14 <__rc4>
    620c: 84 26        	sty	$26                     ; 0x26 <__rc22>
    620e: 85 16        	sta	$16                     ; 0x16 <__rc6>
    6210: a4 17        	ldy	$17                     ; 0x17 <__rc7>
    6212: b1 14        	lda	($14),y                 ; 0x14 <__rc4>
    6214: 85 15        	sta	$15                     ; 0x15 <__rc5>
    6216: 18           	clc
    6217: a4 23        	ldy	$23                     ; 0x23 <__rc19>
    6219: a5 22        	lda	$22                     ; 0x22 <__rc18>
    621b: 71 12        	adc	($12),y                 ; 0x12 <__rc2>
    621d: a0 01        	ldy	#$1
    621f: b0 02        	bcs	$6223 <chainEvent+0x4d2>
    6221: a0 00        	ldy	#$0
    6223: 84 22        	sty	$22                     ; 0x22 <__rc18>
    6225: 85 14        	sta	$14                     ; 0x14 <__rc4>
    6227: 18           	clc
    6228: 8a           	txa
    6229: 69 08        	adc	#$8
    622b: 85 12        	sta	$12                     ; 0x12 <__rc2>
    622d: a5 25        	lda	$25                     ; 0x25 <__rc21>
    622f: 69 00        	adc	#$0
    6231: 85 13        	sta	$13                     ; 0x13 <__rc3>
    6233: a5 16        	lda	$16                     ; 0x16 <__rc6>
    6235: a4 26        	ldy	$26                     ; 0x26 <__rc22>
    6237: a6 22        	ldx	$22                     ; 0x22 <__rc18>
    6239: e0 01        	cpx	#$1
    623b: 71 12        	adc	($12),y                 ; 0x12 <__rc2>
    623d: 85 16        	sta	$16                     ; 0x16 <__rc6>
    623f: 84 25        	sty	$25                     ; 0x25 <__rc21>
    6241: a4 17        	ldy	$17                     ; 0x17 <__rc7>
    6243: a5 15        	lda	$15                     ; 0x15 <__rc5>
    6245: 71 12        	adc	($12),y                 ; 0x12 <__rc2>
    6247: 85 12        	sta	$12                     ; 0x12 <__rc2>
    6249: 84 23        	sty	$23                     ; 0x23 <__rc19>
    624b: 18           	clc
    624c: a5 14        	lda	$14                     ; 0x14 <__rc4>
    624e: 69 05        	adc	#$5
    6250: 85 14        	sta	$14                     ; 0x14 <__rc4>
    6252: a5 16        	lda	$16                     ; 0x16 <__rc6>
    6254: 69 00        	adc	#$0
    6256: aa           	tax
    6257: a5 12        	lda	$12                     ; 0x12 <__rc2>
    6259: 69 00        	adc	#$0
    625b: 85 13        	sta	$13                     ; 0x13 <__rc3>
    625d: 8a           	txa
    625e: 86 12        	stx	$12                     ; 0x12 <__rc2>
    6260: 06 12        	asl	$12                     ; 0x12 <__rc2>
    6262: 26 13        	rol	$13                     ; 0x13 <__rc3>
    6264: 06 12        	asl	$12                     ; 0x12 <__rc2>
    6266: 26 13        	rol	$13                     ; 0x13 <__rc3>
    6268: 06 12        	asl	$12                     ; 0x12 <__rc2>
    626a: 26 13        	rol	$13                     ; 0x13 <__rc3>
    626c: a4 13        	ldy	$13                     ; 0x13 <__rc3>
    626e: a6 0f        	ldx	$f                      ; 0xf
    6270: 78           	sei
    6271: 84 0f        	sty	$f                      ; 0xf
    6273: a4 14        	ldy	$14                     ; 0x14 <__rc4>
    6275: 84 12        	sty	$12                     ; 0x12 <__rc2>
    6277: 09 e0        	ora	#$e0
    6279: 85 13        	sta	$13                     ; 0x13 <__rc3>
    627b: b2 12        	lda	($12)                   ; 0x12 <__rc2>
    627d: 85 22        	sta	$22                     ; 0x22 <__rc18>
    627f: 86 0f        	stx	$f                      ; 0xf
    6281: 58           	cli
    6282: 18           	clc
    6283: a5 18        	lda	$18                     ; 0x18 <__rc8>
    6285: 65 74        	adc	$74                     ; 0x74 <theOne.8>
    6287: aa           	tax
    6288: a5 1b        	lda	$1b                     ; 0x1b <__rc11>
    628a: 65 75        	adc	$75                     ; 0x75 <theOne.8+0x1>
    628c: 85 13        	sta	$13                     ; 0x13 <__rc3>
    628e: 8a           	txa
    628f: a4 2a        	ldy	$2a                     ; 0x2a <__rc26>
    6291: c0 01        	cpy	#$1
    6293: 69 04        	adc	#$4
    6295: 85 14        	sta	$14                     ; 0x14 <__rc4>
    6297: a5 13        	lda	$13                     ; 0x13 <__rc3>
    6299: 69 00        	adc	#$0
    629b: 85 15        	sta	$15                     ; 0x15 <__rc5>
    629d: 86 16        	stx	$16                     ; 0x16 <__rc6>
    629f: 86 12        	stx	$12                     ; 0x12 <__rc2>
    62a1: a6 13        	ldx	$13                     ; 0x13 <__rc3>
    62a3: a0 10        	ldy	#$10
    62a5: a5 19        	lda	$19                     ; 0x19 <__rc9>
    62a7: 91 12        	sta	($12),y                 ; 0x12 <__rc2>
    62a9: c8           	iny
    62aa: a5 1c        	lda	$1c                     ; 0x1c <__rc12>
    62ac: 85 17        	sta	$17                     ; 0x17 <__rc7>
    62ae: 91 12        	sta	($12),y                 ; 0x12 <__rc2>
    62b0: c8           	iny
    62b1: a5 1f        	lda	$1f                     ; 0x1f <__rc15>
    62b3: 85 18        	sta	$18                     ; 0x18 <__rc8>
    62b5: 91 12        	sta	($12),y                 ; 0x12 <__rc2>
    62b7: a4 24        	ldy	$24                     ; 0x24 <__rc20>
    62b9: b1 12        	lda	($12),y                 ; 0x12 <__rc2>
    62bb: 85 1b        	sta	$1b                     ; 0x1b <__rc11>
    62bd: 84 26        	sty	$26                     ; 0x26 <__rc22>
    62bf: a4 25        	ldy	$25                     ; 0x25 <__rc21>
    62c1: b1 14        	lda	($14),y                 ; 0x14 <__rc4>
    62c3: 85 1c        	sta	$1c                     ; 0x1c <__rc12>
    62c5: a4 23        	ldy	$23                     ; 0x23 <__rc19>
    62c7: b1 14        	lda	($14),y                 ; 0x14 <__rc4>
    62c9: 85 1f        	sta	$1f                     ; 0x1f <__rc15>
    62cb: a4 1a        	ldy	$1a                     ; 0x1a <__rc10>
    62cd: b1 14        	lda	($14),y                 ; 0x14 <__rc4>
    62cf: 85 28        	sta	$28                     ; 0x28 <__rc24>
    62d1: a4 1b        	ldy	$1b                     ; 0x1b <__rc11>
    62d3: 84 29        	sty	$29                     ; 0x29 <__rc25>
    62d5: a5 1c        	lda	$1c                     ; 0x1c <__rc12>
    62d7: 85 24        	sta	$24                     ; 0x24 <__rc20>
    62d9: 85 2a        	sta	$2a                     ; 0x2a <__rc26>
    62db: a4 1f        	ldy	$1f                     ; 0x1f <__rc15>
    62dd: 84 27        	sty	$27                     ; 0x27 <__rc23>
    62df: a4 28        	ldy	$28                     ; 0x28 <__rc24>
    62e1: 84 1c        	sty	$1c                     ; 0x1c <__rc12>
    62e3: e6 29        	inc	$29                     ; 0x29 <__rc25>
    62e5: d0 0a        	bne	$62f1 <chainEvent+0x5a0>
    62e7: e6 2a        	inc	$2a                     ; 0x2a <__rc26>
    62e9: d0 06        	bne	$62f1 <chainEvent+0x5a0>
    62eb: e6 27        	inc	$27                     ; 0x27 <__rc23>
    62ed: d0 02        	bne	$62f1 <chainEvent+0x5a0>
    62ef: e6 28        	inc	$28                     ; 0x28 <__rc24>
    62f1: a4 26        	ldy	$26                     ; 0x26 <__rc22>
    62f3: a5 29        	lda	$29                     ; 0x29 <__rc25>
    62f5: 91 12        	sta	($12),y                 ; 0x12 <__rc2>
    62f7: a4 25        	ldy	$25                     ; 0x25 <__rc21>
    62f9: a5 2a        	lda	$2a                     ; 0x2a <__rc26>
    62fb: 85 25        	sta	$25                     ; 0x25 <__rc21>
    62fd: 91 14        	sta	($14),y                 ; 0x14 <__rc4>
    62ff: a5 27        	lda	$27                     ; 0x27 <__rc23>
    6301: a4 23        	ldy	$23                     ; 0x23 <__rc19>
    6303: 91 14        	sta	($14),y                 ; 0x14 <__rc4>
    6305: a4 1a        	ldy	$1a                     ; 0x1a <__rc10>
    6307: a5 28        	lda	$28                     ; 0x28 <__rc24>
    6309: 91 14        	sta	($14),y                 ; 0x14 <__rc4>
    630b: a4 19        	ldy	$19                     ; 0x19 <__rc9>
    630d: 84 14        	sty	$14                     ; 0x14 <__rc4>
    630f: 10 03        	bpl	$6314 <chainEvent+0x5c3>
    6311: 4c 66 64     	jmp	$6466 <chainEvent+0x715>
    6314: a0 16        	ldy	#$16
    6316: b1 12        	lda	($12),y                 ; 0x12 <__rc2>
    6318: a0 10        	ldy	#$10
    631a: 91 12        	sta	($12),y                 ; 0x12 <__rc2>
    631c: 85 23        	sta	$23                     ; 0x23 <__rc19>
    631e: a5 19        	lda	$19                     ; 0x19 <__rc9>
    6320: c8           	iny
    6321: 91 12        	sta	($12),y                 ; 0x12 <__rc2>
    6323: 85 25        	sta	$25                     ; 0x25 <__rc21>
    6325: a5 17        	lda	$17                     ; 0x17 <__rc7>
    6327: c8           	iny
    6328: 91 12        	sta	($12),y                 ; 0x12 <__rc2>
    632a: 85 18        	sta	$18                     ; 0x18 <__rc8>
    632c: 18           	clc
    632d: a5 16        	lda	$16                     ; 0x16 <__rc6>
    632f: 69 04        	adc	#$4
    6331: 85 14        	sta	$14                     ; 0x14 <__rc4>
    6333: 8a           	txa
    6334: 69 00        	adc	#$0
    6336: 85 15        	sta	$15                     ; 0x15 <__rc5>
    6338: a0 04        	ldy	#$4
    633a: a5 1b        	lda	$1b                     ; 0x1b <__rc11>
    633c: 91 12        	sta	($12),y                 ; 0x12 <__rc2>
    633e: a0 01        	ldy	#$1
    6340: a5 24        	lda	$24                     ; 0x24 <__rc20>
    6342: 85 1a        	sta	$1a                     ; 0x1a <__rc10>
    6344: 91 14        	sta	($14),y                 ; 0x14 <__rc4>
    6346: c8           	iny
    6347: a5 1f        	lda	$1f                     ; 0x1f <__rc15>
    6349: 85 19        	sta	$19                     ; 0x19 <__rc9>
    634b: 91 14        	sta	($14),y                 ; 0x14 <__rc4>
    634d: c8           	iny
    634e: a5 1c        	lda	$1c                     ; 0x1c <__rc12>
    6350: 85 17        	sta	$17                     ; 0x17 <__rc7>
    6352: 91 14        	sta	($14),y                 ; 0x14 <__rc4>
    6354: a4 25        	ldy	$25                     ; 0x25 <__rc21>
    6356: 84 15        	sty	$15                     ; 0x15 <__rc5>
    6358: 4c 7c 64     	jmp	$647c <chainEvent+0x72b>
    635b: 64 25        	stz	$25                     ; 0x25 <__rc21>
    635d: 84 28        	sty	$28                     ; 0x28 <__rc24>
    635f: a0 19        	ldy	#$19
    6361: 84 24        	sty	$24                     ; 0x24 <__rc20>
    6363: 64 2f        	stz	$2f                     ; 0x2f <__rc31>
    6365: 64 2c        	stz	$2c                     ; 0x2c <__rc28>
    6367: 64 2e        	stz	$2e                     ; 0x2e <__rc30>
    6369: 64 2d        	stz	$2d                     ; 0x2d <__rc29>
    636b: a4 16        	ldy	$16                     ; 0x16 <__rc6>
    636d: 84 27        	sty	$27                     ; 0x27 <__rc23>
    636f: 86 2a        	stx	$2a                     ; 0x2a <__rc26>
    6371: 4c ce 63     	jmp	$63ce <chainEvent+0x67d>
    6374: e6 1f        	inc	$1f                     ; 0x1f <__rc15>
    6376: a4 1d        	ldy	$1d                     ; 0x1d <__rc13>
    6378: 91 12        	sta	($12),y                 ; 0x12 <__rc2>
    637a: a4 19        	ldy	$19                     ; 0x19 <__rc9>
    637c: a5 22        	lda	$22                     ; 0x22 <__rc18>
    637e: 91 16        	sta	($16),y                 ; 0x16 <__rc6>
    6380: a4 1a        	ldy	$1a                     ; 0x1a <__rc10>
    6382: a5 1e        	lda	$1e                     ; 0x1e <__rc14>
    6384: 91 16        	sta	($16),y                 ; 0x16 <__rc6>
    6386: a4 1c        	ldy	$1c                     ; 0x1c <__rc12>
    6388: a5 1f        	lda	$1f                     ; 0x1f <__rc15>
    638a: 91 16        	sta	($16),y                 ; 0x16 <__rc6>
    638c: 18           	clc
    638d: a5 18        	lda	$18                     ; 0x18 <__rc8>
    638f: a0 08        	ldy	#$8
    6391: 71 12        	adc	($12),y                 ; 0x12 <__rc2>
    6393: 85 16        	sta	$16                     ; 0x16 <__rc6>
    6395: a5 1b        	lda	$1b                     ; 0x1b <__rc11>
    6397: a4 19        	ldy	$19                     ; 0x19 <__rc9>
    6399: 71 14        	adc	($14),y                 ; 0x14 <__rc4>
    639b: 85 12        	sta	$12                     ; 0x12 <__rc2>
    639d: 8a           	txa
    639e: a4 1a        	ldy	$1a                     ; 0x1a <__rc10>
    63a0: 71 14        	adc	($14),y                 ; 0x14 <__rc4>
    63a2: 85 13        	sta	$13                     ; 0x13 <__rc3>
    63a4: a5 12        	lda	$12                     ; 0x12 <__rc2>
    63a6: 06 12        	asl	$12                     ; 0x12 <__rc2>
    63a8: 26 13        	rol	$13                     ; 0x13 <__rc3>
    63aa: 06 12        	asl	$12                     ; 0x12 <__rc2>
    63ac: 26 13        	rol	$13                     ; 0x13 <__rc3>
    63ae: 06 12        	asl	$12                     ; 0x12 <__rc2>
    63b0: 26 13        	rol	$13                     ; 0x13 <__rc3>
    63b2: a4 13        	ldy	$13                     ; 0x13 <__rc3>
    63b4: a6 0f        	ldx	$f                      ; 0xf
    63b6: 78           	sei
    63b7: 84 0f        	sty	$f                      ; 0xf
    63b9: a4 16        	ldy	$16                     ; 0x16 <__rc6>
    63bb: 84 12        	sty	$12                     ; 0x12 <__rc2>
    63bd: 09 e0        	ora	#$e0
    63bf: 85 13        	sta	$13                     ; 0x13 <__rc3>
    63c1: b2 12        	lda	($12)                   ; 0x12 <__rc2>
    63c3: 86 0f        	stx	$f                      ; 0xf
    63c5: 58           	cli
    63c6: 85 12        	sta	$12                     ; 0x12 <__rc2>
    63c8: aa           	tax
    63c9: 30 03        	bmi	$63ce <chainEvent+0x67d>
    63cb: 4c da 5e     	jmp	$5eda <chainEvent+0x189>
    63ce: 29 7f        	and	#$7f
    63d0: 05 2f        	ora	$2f                     ; 0x2f <__rc31>
    63d2: 46 2d        	lsr	$2d                     ; 0x2d <__rc29>
    63d4: a6 2e        	ldx	$2e                     ; 0x2e <__rc30>
    63d6: 86 2d        	stx	$2d                     ; 0x2d <__rc29>
    63d8: 66 2d        	ror	$2d                     ; 0x2d <__rc29>
    63da: 66 2c        	ror	$2c                     ; 0x2c <__rc28>
    63dc: a6 2c        	ldx	$2c                     ; 0x2c <__rc28>
    63de: 86 2e        	stx	$2e                     ; 0x2e <__rc30>
    63e0: 6a           	ror
    63e1: 85 2c        	sta	$2c                     ; 0x2c <__rc28>
    63e3: 64 2f        	stz	$2f                     ; 0x2f <__rc31>
    63e5: 66 2f        	ror	$2f                     ; 0x2f <__rc31>
    63e7: a6 74        	ldx	$74                     ; 0x74 <theOne.8>
    63e9: 86 26        	stx	$26                     ; 0x26 <__rc22>
    63eb: a6 75        	ldx	$75                     ; 0x75 <theOne.8+0x1>
    63ed: 86 2b        	stx	$2b                     ; 0x2b <__rc27>
    63ef: a6 24        	ldx	$24                     ; 0x24 <__rc20>
    63f1: 86 12        	stx	$12                     ; 0x12 <__rc2>
    63f3: 64 13        	stz	$13                     ; 0x13 <__rc3>
    63f5: a2 00        	ldx	#$0
    63f7: a5 29        	lda	$29                     ; 0x29 <__rc25>
    63f9: 20 3d 83     	jsr	$833d <__mulhi3>
    63fc: 85 12        	sta	$12                     ; 0x12 <__rc2>
    63fe: 86 13        	stx	$13                     ; 0x13 <__rc3>
    6400: a6 2a        	ldx	$2a                     ; 0x2a <__rc26>
    6402: e0 01        	cpx	#$1
    6404: a5 26        	lda	$26                     ; 0x26 <__rc22>
    6406: 65 12        	adc	$12                     ; 0x12 <__rc2>
    6408: a8           	tay
    6409: a5 2b        	lda	$2b                     ; 0x2b <__rc27>
    640b: 65 13        	adc	$13                     ; 0x13 <__rc3>
    640d: aa           	tax
    640e: 84 12        	sty	$12                     ; 0x12 <__rc2>
    6410: 85 13        	sta	$13                     ; 0x13 <__rc3>
    6412: 18           	clc
    6413: 98           	tya
    6414: 69 08        	adc	#$8
    6416: 85 14        	sta	$14                     ; 0x14 <__rc4>
    6418: 8a           	txa
    6419: 69 00        	adc	#$0
    641b: 85 15        	sta	$15                     ; 0x15 <__rc5>
    641d: 18           	clc
    641e: 98           	tya
    641f: 69 04        	adc	#$4
    6421: 85 16        	sta	$16                     ; 0x16 <__rc6>
    6423: 8a           	txa
    6424: 69 00        	adc	#$0
    6426: 85 17        	sta	$17                     ; 0x17 <__rc7>
    6428: a0 04        	ldy	#$4
    642a: b1 12        	lda	($12),y                 ; 0x12 <__rc2>
    642c: 84 1d        	sty	$1d                     ; 0x1d <__rc13>
    642e: 85 18        	sta	$18                     ; 0x18 <__rc8>
    6430: a4 27        	ldy	$27                     ; 0x27 <__rc23>
    6432: b1 16        	lda	($16),y                 ; 0x16 <__rc6>
    6434: 85 1b        	sta	$1b                     ; 0x1b <__rc11>
    6436: 84 19        	sty	$19                     ; 0x19 <__rc9>
    6438: a4 28        	ldy	$28                     ; 0x28 <__rc24>
    643a: b1 16        	lda	($16),y                 ; 0x16 <__rc6>
    643c: aa           	tax
    643d: 84 1a        	sty	$1a                     ; 0x1a <__rc10>
    643f: a0 03        	ldy	#$3
    6441: b1 16        	lda	($16),y                 ; 0x16 <__rc6>
    6443: 85 1f        	sta	$1f                     ; 0x1f <__rc15>
    6445: 84 1c        	sty	$1c                     ; 0x1c <__rc12>
    6447: 86 1e        	stx	$1e                     ; 0x1e <__rc14>
    6449: a5 18        	lda	$18                     ; 0x18 <__rc8>
    644b: a4 1b        	ldy	$1b                     ; 0x1b <__rc11>
    644d: 84 22        	sty	$22                     ; 0x22 <__rc18>
    644f: 1a           	inc
    6450: f0 03        	beq	$6455 <chainEvent+0x704>
    6452: 4c 76 63     	jmp	$6376 <chainEvent+0x625>
    6455: e6 22        	inc	$22                     ; 0x22 <__rc18>
    6457: f0 03        	beq	$645c <chainEvent+0x70b>
    6459: 4c 76 63     	jmp	$6376 <chainEvent+0x625>
    645c: e6 1e        	inc	$1e                     ; 0x1e <__rc14>
    645e: d0 03        	bne	$6463 <chainEvent+0x712>
    6460: 4c 74 63     	jmp	$6374 <chainEvent+0x623>
    6463: 4c 76 63     	jmp	$6376 <chainEvent+0x625>
    6466: a4 17        	ldy	$17                     ; 0x17 <__rc7>
    6468: 84 15        	sty	$15                     ; 0x15 <__rc5>
    646a: a4 29        	ldy	$29                     ; 0x29 <__rc25>
    646c: 84 1b        	sty	$1b                     ; 0x1b <__rc11>
    646e: a4 25        	ldy	$25                     ; 0x25 <__rc21>
    6470: 84 1a        	sty	$1a                     ; 0x1a <__rc10>
    6472: a4 27        	ldy	$27                     ; 0x27 <__rc23>
    6474: 84 19        	sty	$19                     ; 0x19 <__rc9>
    6476: 85 17        	sta	$17                     ; 0x17 <__rc7>
    6478: a4 14        	ldy	$14                     ; 0x14 <__rc4>
    647a: 84 23        	sty	$23                     ; 0x23 <__rc19>
    647c: a4 23        	ldy	$23                     ; 0x23 <__rc19>
    647e: c0 ff        	cpy	#$ff
    6480: f0 4d        	beq	$64cf <chainEvent+0x77e>
    6482: a4 23        	ldy	$23                     ; 0x23 <__rc19>
    6484: c0 c0        	cpy	#$c0
    6486: b0 03        	bcs	$648b <chainEvent+0x73a>
    6488: 4c 4b 65     	jmp	$654b <chainEvent+0x7fa>
    648b: a4 23        	ldy	$23                     ; 0x23 <__rc19>
    648d: c0 e0        	cpy	#$e0
    648f: 90 03        	bcc	$6494 <chainEvent+0x743>
    6491: 4c 51 65     	jmp	$6551 <chainEvent+0x800>
    6494: a5 1b        	lda	$1b                     ; 0x1b <__rc11>
    6496: 1a           	inc
    6497: d0 0a        	bne	$64a3 <chainEvent+0x752>
    6499: e6 1a        	inc	$1a                     ; 0x1a <__rc10>
    649b: d0 06        	bne	$64a3 <chainEvent+0x752>
    649d: e6 19        	inc	$19                     ; 0x19 <__rc9>
    649f: d0 02        	bne	$64a3 <chainEvent+0x752>
    64a1: e6 17        	inc	$17                     ; 0x17 <__rc7>
    64a3: a0 04        	ldy	#$4
    64a5: 91 12        	sta	($12),y                 ; 0x12 <__rc2>
    64a7: 18           	clc
    64a8: a5 16        	lda	$16                     ; 0x16 <__rc6>
    64aa: 69 04        	adc	#$4
    64ac: 85 14        	sta	$14                     ; 0x14 <__rc4>
    64ae: 8a           	txa
    64af: 69 00        	adc	#$0
    64b1: 85 15        	sta	$15                     ; 0x15 <__rc5>
    64b3: a0 01        	ldy	#$1
    64b5: a5 1a        	lda	$1a                     ; 0x1a <__rc10>
    64b7: 91 14        	sta	($14),y                 ; 0x14 <__rc4>
    64b9: c8           	iny
    64ba: a5 19        	lda	$19                     ; 0x19 <__rc9>
    64bc: 91 14        	sta	($14),y                 ; 0x14 <__rc4>
    64be: c8           	iny
    64bf: a5 17        	lda	$17                     ; 0x17 <__rc7>
    64c1: 91 14        	sta	($14),y                 ; 0x14 <__rc4>
    64c3: a0 17        	ldy	#$17
    64c5: a9 01        	lda	#$1
    64c7: 91 12        	sta	($12),y                 ; 0x12 <__rc2>
    64c9: 88           	dey
    64ca: a5 23        	lda	$23                     ; 0x23 <__rc19>
    64cc: 4c 99 65     	jmp	$6599 <chainEvent+0x848>
    64cf: 86 1c        	stx	$1c                     ; 0x1c <__rc12>
    64d1: a0 10        	ldy	#$10
    64d3: a9 ff        	lda	#$ff
    64d5: 91 12        	sta	($12),y                 ; 0x12 <__rc2>
    64d7: c8           	iny
    64d8: a5 15        	lda	$15                     ; 0x15 <__rc5>
    64da: 91 12        	sta	($12),y                 ; 0x12 <__rc2>
    64dc: a6 15        	ldx	$15                     ; 0x15 <__rc5>
    64de: c8           	iny
    64df: a5 18        	lda	$18                     ; 0x18 <__rc8>
    64e1: 91 12        	sta	($12),y                 ; 0x12 <__rc2>
    64e3: e0 51        	cpx	#$51
    64e5: d0 10        	bne	$64f7 <chainEvent+0x7a6>
    64e7: a0 13        	ldy	#$13
    64e9: a5 1e        	lda	$1e                     ; 0x1e <__rc14>
    64eb: 91 12        	sta	($12),y                 ; 0x12 <__rc2>
    64ed: c8           	iny
    64ee: a5 1d        	lda	$1d                     ; 0x1d <__rc13>
    64f0: 91 12        	sta	($12),y                 ; 0x12 <__rc2>
    64f2: c8           	iny
    64f3: a5 22        	lda	$22                     ; 0x22 <__rc18>
    64f5: 91 12        	sta	($12),y                 ; 0x12 <__rc2>
    64f7: 18           	clc
    64f8: a5 18        	lda	$18                     ; 0x18 <__rc8>
    64fa: 69 02        	adc	#$2
    64fc: a2 01        	ldx	#$1
    64fe: b0 02        	bcs	$6502 <chainEvent+0x7b1>
    6500: a2 00        	ldx	#$0
    6502: 86 15        	stx	$15                     ; 0x15 <__rc5>
    6504: 85 14        	sta	$14                     ; 0x14 <__rc4>
    6506: 18           	clc
    6507: a5 1b        	lda	$1b                     ; 0x1b <__rc11>
    6509: 65 14        	adc	$14                     ; 0x14 <__rc4>
    650b: a2 01        	ldx	#$1
    650d: b0 02        	bcs	$6511 <chainEvent+0x7c0>
    650f: a2 00        	ldx	#$0
    6511: 86 18        	stx	$18                     ; 0x18 <__rc8>
    6513: a0 04        	ldy	#$4
    6515: 91 12        	sta	($12),y                 ; 0x12 <__rc2>
    6517: a9 00        	lda	#$0
    6519: a6 15        	ldx	$15                     ; 0x15 <__rc5>
    651b: e0 01        	cpx	#$1
    651d: 69 00        	adc	#$0
    651f: 85 12        	sta	$12                     ; 0x12 <__rc2>
    6521: a5 16        	lda	$16                     ; 0x16 <__rc6>
    6523: 18           	clc
    6524: 69 04        	adc	#$4
    6526: 85 14        	sta	$14                     ; 0x14 <__rc4>
    6528: a5 1c        	lda	$1c                     ; 0x1c <__rc12>
    652a: 69 00        	adc	#$0
    652c: 85 15        	sta	$15                     ; 0x15 <__rc5>
    652e: a5 1a        	lda	$1a                     ; 0x1a <__rc10>
    6530: a6 18        	ldx	$18                     ; 0x18 <__rc8>
    6532: e0 01        	cpx	#$1
    6534: 65 12        	adc	$12                     ; 0x12 <__rc2>
    6536: a0 01        	ldy	#$1
    6538: 91 14        	sta	($14),y                 ; 0x14 <__rc4>
    653a: a5 19        	lda	$19                     ; 0x19 <__rc9>
    653c: 69 00        	adc	#$0
    653e: c8           	iny
    653f: 91 14        	sta	($14),y                 ; 0x14 <__rc4>
    6541: a5 17        	lda	$17                     ; 0x17 <__rc7>
    6543: 69 00        	adc	#$0
    6545: c8           	iny
    6546: 91 14        	sta	($14),y                 ; 0x14 <__rc4>
    6548: 4c 9b 65     	jmp	$659b <chainEvent+0x84a>
    654b: a5 23        	lda	$23                     ; 0x23 <__rc19>
    654d: 30 08        	bmi	$6557 <chainEvent+0x806>
    654f: 80 4a        	bra	$659b <chainEvent+0x84a>
    6551: a4 23        	ldy	$23                     ; 0x23 <__rc19>
    6553: c0 f0        	cpy	#$f0
    6555: b0 44        	bcs	$659b <chainEvent+0x84a>
    6557: a0 16        	ldy	#$16
    6559: a5 23        	lda	$23                     ; 0x23 <__rc19>
    655b: 91 12        	sta	($12),y                 ; 0x12 <__rc2>
    655d: 18           	clc
    655e: a5 1b        	lda	$1b                     ; 0x1b <__rc11>
    6560: 69 02        	adc	#$2
    6562: a0 01        	ldy	#$1
    6564: b0 02        	bcs	$6568 <chainEvent+0x817>
    6566: a0 00        	ldy	#$0
    6568: 84 15        	sty	$15                     ; 0x15 <__rc5>
    656a: a0 04        	ldy	#$4
    656c: 91 12        	sta	($12),y                 ; 0x12 <__rc2>
    656e: 18           	clc
    656f: a5 16        	lda	$16                     ; 0x16 <__rc6>
    6571: 69 04        	adc	#$4
    6573: 85 14        	sta	$14                     ; 0x14 <__rc4>
    6575: 8a           	txa
    6576: 69 00        	adc	#$0
    6578: aa           	tax
    6579: a5 1a        	lda	$1a                     ; 0x1a <__rc10>
    657b: a4 15        	ldy	$15                     ; 0x15 <__rc5>
    657d: c0 01        	cpy	#$1
    657f: 69 00        	adc	#$0
    6581: 86 15        	stx	$15                     ; 0x15 <__rc5>
    6583: a0 01        	ldy	#$1
    6585: 91 14        	sta	($14),y                 ; 0x14 <__rc4>
    6587: a5 19        	lda	$19                     ; 0x19 <__rc9>
    6589: 69 00        	adc	#$0
    658b: c8           	iny
    658c: 91 14        	sta	($14),y                 ; 0x14 <__rc4>
    658e: a5 17        	lda	$17                     ; 0x17 <__rc7>
    6590: 69 00        	adc	#$0
    6592: c8           	iny
    6593: 91 14        	sta	($14),y                 ; 0x14 <__rc4>
    6595: a9 00        	lda	#$0
    6597: a0 17        	ldy	#$17
    6599: 91 12        	sta	($12),y                 ; 0x12 <__rc2>
    659b: a0 00        	ldy	#$0
    659d: b1 10        	lda	($10),y                 ; 0x10 <__rc0>
    659f: 85 2f        	sta	$2f                     ; 0x2f <__rc31>
    65a1: c8           	iny
    65a2: b1 10        	lda	($10),y                 ; 0x10 <__rc0>
    65a4: 85 2e        	sta	$2e                     ; 0x2e <__rc30>
    65a6: c8           	iny
    65a7: b1 10        	lda	($10),y                 ; 0x10 <__rc0>
    65a9: 85 2d        	sta	$2d                     ; 0x2d <__rc29>
    65ab: c8           	iny
    65ac: b1 10        	lda	($10),y                 ; 0x10 <__rc0>
    65ae: 85 2c        	sta	$2c                     ; 0x2c <__rc28>
    65b0: c8           	iny
    65b1: b1 10        	lda	($10),y                 ; 0x10 <__rc0>
    65b3: 85 2b        	sta	$2b                     ; 0x2b <__rc27>
    65b5: c8           	iny
    65b6: b1 10        	lda	($10),y                 ; 0x10 <__rc0>
    65b8: 85 2a        	sta	$2a                     ; 0x2a <__rc26>
    65ba: c8           	iny
    65bb: b1 10        	lda	($10),y                 ; 0x10 <__rc0>
    65bd: 85 29        	sta	$29                     ; 0x29 <__rc25>
    65bf: c8           	iny
    65c0: b1 10        	lda	($10),y                 ; 0x10 <__rc0>
    65c2: 85 28        	sta	$28                     ; 0x28 <__rc24>
    65c4: fa           	plx
    65c5: 86 27        	stx	$27                     ; 0x27 <__rc23>
    65c7: fa           	plx
    65c8: 86 26        	stx	$26                     ; 0x26 <__rc22>
    65ca: fa           	plx
    65cb: 86 25        	stx	$25                     ; 0x25 <__rc21>
    65cd: fa           	plx
    65ce: 86 24        	stx	$24                     ; 0x24 <__rc20>
    65d0: 18           	clc
    65d1: a5 10        	lda	$10                     ; 0x10 <__rc0>
    65d3: 69 08        	adc	#$8
    65d5: 85 10        	sta	$10                     ; 0x10 <__rc0>
    65d7: a5 11        	lda	$11                     ; 0x11 <__zp_data_size>
    65d9: 69 00        	adc	#$0
    65db: 85 11        	sta	$11                     ; 0x11 <__zp_data_size>
    65dd: 60           	rts

000065de <performMIDICmd>:
    65de: a6 24        	ldx	$24                     ; 0x24 <__rc20>
    65e0: da           	phx
    65e1: a6 25        	ldx	$25                     ; 0x25 <__rc21>
    65e3: da           	phx
    65e4: a6 26        	ldx	$26                     ; 0x26 <__rc22>
    65e6: da           	phx
    65e7: a6 27        	ldx	$27                     ; 0x27 <__rc23>
    65e9: da           	phx
    65ea: a6 74        	ldx	$74                     ; 0x74 <theOne.8>
    65ec: 86 25        	stx	$25                     ; 0x25 <__rc21>
    65ee: a6 75        	ldx	$75                     ; 0x75 <theOne.8+0x1>
    65f0: 86 24        	stx	$24                     ; 0x24 <__rc20>
    65f2: a2 19        	ldx	#$19
    65f4: 86 12        	stx	$12                     ; 0x12 <__rc2>
    65f6: 64 13        	stz	$13                     ; 0x13 <__rc3>
    65f8: a2 00        	ldx	#$0
    65fa: 20 3d 83     	jsr	$833d <__mulhi3>
    65fd: 85 12        	sta	$12                     ; 0x12 <__rc2>
    65ff: 86 13        	stx	$13                     ; 0x13 <__rc3>
    6601: 18           	clc
    6602: a5 25        	lda	$25                     ; 0x25 <__rc21>
    6604: 65 12        	adc	$12                     ; 0x12 <__rc2>
    6606: 85 12        	sta	$12                     ; 0x12 <__rc2>
    6608: a5 24        	lda	$24                     ; 0x24 <__rc20>
    660a: 65 13        	adc	$13                     ; 0x13 <__rc3>
    660c: a6 12        	ldx	$12                     ; 0x12 <__rc2>
    660e: 86 1e        	stx	$1e                     ; 0x1e <__rc14>
    6610: 85 1f        	sta	$1f                     ; 0x1f <__rc15>
    6612: a0 10        	ldy	#$10
    6614: b1 1e        	lda	($1e),y                 ; 0x1e <__rc14>
    6616: aa           	tax
    6617: c8           	iny
    6618: b1 1e        	lda	($1e),y                 ; 0x1e <__rc14>
    661a: e0 ff        	cpx	#$ff
    661c: d0 03        	bne	$6621 <performMIDICmd+0x43>
    661e: 4c ae 66     	jmp	$66ae <performMIDICmd+0xd0>
    6621: 86 1a        	stx	$1a                     ; 0x1a <__rc10>
    6623: 85 1b        	sta	$1b                     ; 0x1b <__rc11>
    6625: a2 a1        	ldx	#$a1
    6627: 86 14        	stx	$14                     ; 0x14 <__rc4>
    6629: a2 dd        	ldx	#$dd
    662b: 86 15        	stx	$15                     ; 0x15 <__rc5>
    662d: a2 b1        	ldx	#$b1
    662f: 86 16        	stx	$16                     ; 0x16 <__rc6>
    6631: a2 dd        	ldx	#$dd
    6633: 86 17        	stx	$17                     ; 0x17 <__rc7>
    6635: a6 58        	ldx	$58                     ; 0x58 <midiChip>
    6637: a0 a1        	ldy	#$a1
    6639: 84 18        	sty	$18                     ; 0x18 <__rc8>
    663b: a0 dd        	ldy	#$dd
    663d: 84 19        	sty	$19                     ; 0x19 <__rc9>
    663f: 8a           	txa
    6640: f0 08        	beq	$664a <performMIDICmd+0x6c>
    6642: a2 b1        	ldx	#$b1
    6644: 86 18        	stx	$18                     ; 0x18 <__rc8>
    6646: a2 dd        	ldx	#$dd
    6648: 86 19        	stx	$19                     ; 0x19 <__rc9>
    664a: a0 12        	ldy	#$12
    664c: b1 1e        	lda	($1e),y                 ; 0x1e <__rc14>
    664e: 85 1c        	sta	$1c                     ; 0x1c <__rc12>
    6650: a0 17        	ldy	#$17
    6652: b1 1e        	lda	($1e),y                 ; 0x1e <__rc14>
    6654: 85 1d        	sta	$1d                     ; 0x1d <__rc13>
    6656: a5 1a        	lda	$1a                     ; 0x1a <__rc10>
    6658: 92 18        	sta	($18)                   ; 0x18 <__rc8>
    665a: a6 58        	ldx	$58                     ; 0x58 <midiChip>
    665c: a0 a1        	ldy	#$a1
    665e: 84 12        	sty	$12                     ; 0x12 <__rc2>
    6660: a0 dd        	ldy	#$dd
    6662: 84 13        	sty	$13                     ; 0x13 <__rc3>
    6664: 8a           	txa
    6665: f0 08        	beq	$666f <performMIDICmd+0x91>
    6667: a2 b1        	ldx	#$b1
    6669: 86 12        	stx	$12                     ; 0x12 <__rc2>
    666b: a2 dd        	ldx	#$dd
    666d: 86 13        	stx	$13                     ; 0x13 <__rc3>
    666f: a5 1b        	lda	$1b                     ; 0x1b <__rc11>
    6671: 92 12        	sta	($12)                   ; 0x12 <__rc2>
    6673: a6 1d        	ldx	$1d                     ; 0x1d <__rc13>
    6675: d0 12        	bne	$6689 <performMIDICmd+0xab>
    6677: a8           	tay
    6678: a6 58        	ldx	$58                     ; 0x58 <midiChip>
    667a: f0 08        	beq	$6684 <performMIDICmd+0xa6>
    667c: a2 b1        	ldx	#$b1
    667e: 86 14        	stx	$14                     ; 0x14 <__rc4>
    6680: a2 dd        	ldx	#$dd
    6682: 86 15        	stx	$15                     ; 0x15 <__rc5>
    6684: a5 1c        	lda	$1c                     ; 0x1c <__rc12>
    6686: 92 14        	sta	($14)                   ; 0x14 <__rc4>
    6688: 98           	tya
    6689: 85 18        	sta	$18                     ; 0x18 <__rc8>
    668b: a5 1a        	lda	$1a                     ; 0x1a <__rc10>
    668d: 29 0f        	and	#$f
    668f: aa           	tax
    6690: a5 1a        	lda	$1a                     ; 0x1a <__rc10>
    6692: 29 f0        	and	#$f0
    6694: c9 c0        	cmp	#$c0
    6696: f0 2a        	beq	$66c2 <performMIDICmd+0xe4>
    6698: c9 90        	cmp	#$90
    669a: f0 03        	beq	$669f <performMIDICmd+0xc1>
    669c: 4c 09 68     	jmp	$6809 <performMIDICmd+0x22b>
    669f: a5 1c        	lda	$1c                     ; 0x1c <__rc12>
    66a1: d0 03        	bne	$66a6 <performMIDICmd+0xc8>
    66a3: 4c 09 68     	jmp	$6809 <performMIDICmd+0x22b>
    66a6: a9 15        	lda	#$15
    66a8: 9d 59 00     	sta	$59,x                   ; 0x59 <shimmerBuffer>
    66ab: 4c 09 68     	jmp	$6809 <performMIDICmd+0x22b>
    66ae: c9 51        	cmp	#$51
    66b0: f0 46        	beq	$66f8 <performMIDICmd+0x11a>
    66b2: c9 2f        	cmp	#$2f
    66b4: f0 03        	beq	$66b9 <performMIDICmd+0xdb>
    66b6: 4c 09 68     	jmp	$6809 <performMIDICmd+0x22b>
    66b9: a0 18        	ldy	#$18
    66bb: a9 01        	lda	#$1
    66bd: 91 1e        	sta	($1e),y                 ; 0x1e <__rc14>
    66bf: 4c 09 68     	jmp	$6809 <performMIDICmd+0x22b>
    66c2: 18           	clc
    66c3: 8a           	txa
    66c4: 69 08        	adc	#$8
    66c6: a0 06        	ldy	#$6
    66c8: 84 47        	sty	$47                     ; 0x47 <_col>
    66ca: 8c 14 d0     	sty	$d014                   ; 0xd014 <__heap_start+0x4648>
    66cd: 9c 15 d0     	stz	$d015                   ; 0xd015 <__heap_start+0x4649>
    66d0: 85 48        	sta	$48                     ; 0x48 <_row>
    66d2: 8d 16 d0     	sta	$d016                   ; 0xd016 <__heap_start+0x464a>
    66d5: 9c 17 d0     	stz	$d017                   ; 0xd017 <__heap_start+0x464b>
    66d8: a5 1a        	lda	$1a                     ; 0x1a <__rc10>
    66da: 0a           	asl
    66db: 0a           	asl
    66dc: 0a           	asl
    66dd: 0a           	asl
    66de: 18           	clc
    66df: 69 10        	adc	#$10
    66e1: 85 30        	sta	$30                     ; 0x30 <_ccolor>
    66e3: e0 09        	cpx	#$9
    66e5: f0 03        	beq	$66ea <performMIDICmd+0x10c>
    66e7: 4c 67 67     	jmp	$6767 <performMIDICmd+0x189>
    66ea: a2 d1        	ldx	#$d1
    66ec: 86 12        	stx	$12                     ; 0x12 <__rc2>
    66ee: a2 86        	ldx	#$86
    66f0: 86 13        	stx	$13                     ; 0x13 <__rc3>
    66f2: 20 b8 2b     	jsr	$2bb8 <textPrint>
    66f5: 4c 09 68     	jmp	$6809 <performMIDICmd+0x22b>
    66f8: a0 13        	ldy	#$13
    66fa: b1 1e        	lda	($1e),y                 ; 0x1e <__rc14>
    66fc: 85 12        	sta	$12                     ; 0x12 <__rc2>
    66fe: c8           	iny
    66ff: b1 1e        	lda	($1e),y                 ; 0x1e <__rc14>
    6701: 85 18        	sta	$18                     ; 0x18 <__rc8>
    6703: c8           	iny
    6704: b1 1e        	lda	($1e),y                 ; 0x1e <__rc14>
    6706: ae 49 89     	ldx	$8949                   ; 0x8949 <theOne.1>
    6709: ac 4a 89     	ldy	$894a                   ; 0x894a <theOne.1+0x1>
    670c: 64 13        	stz	$13                     ; 0x13 <__rc3>
    670e: 86 14        	stx	$14                     ; 0x14 <__rc4>
    6710: 84 15        	sty	$15                     ; 0x15 <__rc5>
    6712: 64 16        	stz	$16                     ; 0x16 <__rc6>
    6714: 64 17        	stz	$17                     ; 0x17 <__rc7>
    6716: a6 18        	ldx	$18                     ; 0x18 <__rc8>
    6718: 20 de 81     	jsr	$81de <__udivsi3>
    671b: 86 14        	stx	$14                     ; 0x14 <__rc4>
    671d: 0a           	asl
    671e: 26 14        	rol	$14                     ; 0x14 <__rc4>
    6720: 26 12        	rol	$12                     ; 0x12 <__rc2>
    6722: 26 13        	rol	$13                     ; 0x13 <__rc3>
    6724: 0a           	asl
    6725: 85 15        	sta	$15                     ; 0x15 <__rc5>
    6727: 26 14        	rol	$14                     ; 0x14 <__rc4>
    6729: 26 12        	rol	$12                     ; 0x12 <__rc2>
    672b: 26 13        	rol	$13                     ; 0x13 <__rc3>
    672d: 0a           	asl
    672e: aa           	tax
    672f: a5 14        	lda	$14                     ; 0x14 <__rc4>
    6731: 2a           	rol
    6732: a8           	tay
    6733: a5 12        	lda	$12                     ; 0x12 <__rc2>
    6735: 2a           	rol
    6736: 85 16        	sta	$16                     ; 0x16 <__rc6>
    6738: a5 13        	lda	$13                     ; 0x13 <__rc3>
    673a: 2a           	rol
    673b: 85 17        	sta	$17                     ; 0x17 <__rc7>
    673d: 18           	clc
    673e: 8a           	txa
    673f: 65 15        	adc	$15                     ; 0x15 <__rc5>
    6741: 85 15        	sta	$15                     ; 0x15 <__rc5>
    6743: 98           	tya
    6744: 65 14        	adc	$14                     ; 0x14 <__rc4>
    6746: 85 14        	sta	$14                     ; 0x14 <__rc4>
    6748: a5 16        	lda	$16                     ; 0x16 <__rc6>
    674a: 65 12        	adc	$12                     ; 0x12 <__rc2>
    674c: 85 12        	sta	$12                     ; 0x12 <__rc2>
    674e: a5 17        	lda	$17                     ; 0x17 <__rc7>
    6750: 65 13        	adc	$13                     ; 0x13 <__rc3>
    6752: a6 15        	ldx	$15                     ; 0x15 <__rc5>
    6754: 8e 4b 89     	stx	$894b                   ; 0x894b <theOne.2>
    6757: a6 14        	ldx	$14                     ; 0x14 <__rc4>
    6759: 8e 4c 89     	stx	$894c                   ; 0x894c <theOne.2+0x1>
    675c: a6 12        	ldx	$12                     ; 0x12 <__rc2>
    675e: 8e 4d 89     	stx	$894d                   ; 0x894d <theOne.2+0x2>
    6761: 8d 4e 89     	sta	$894e                   ; 0x894e <theOne.2+0x3>
    6764: 4c 09 68     	jmp	$6809 <performMIDICmd+0x22b>
    6767: a2 15        	ldx	#$15
    6769: 64 12        	stz	$12                     ; 0x12 <__rc2>
    676b: 64 13        	stz	$13                     ; 0x13 <__rc3>
    676d: 86 14        	stx	$14                     ; 0x14 <__rc4>
    676f: 64 15        	stz	$15                     ; 0x15 <__rc5>
    6771: 64 16        	stz	$16                     ; 0x16 <__rc6>
    6773: 64 17        	stz	$17                     ; 0x17 <__rc7>
    6775: a2 00        	ldx	#$0
    6777: a5 18        	lda	$18                     ; 0x18 <__rc8>
    6779: 20 6f 83     	jsr	$836f <__mulsi3>
    677c: 85 25        	sta	$25                     ; 0x25 <__rc21>
    677e: 86 26        	stx	$26                     ; 0x26 <__rc22>
    6780: a6 12        	ldx	$12                     ; 0x12 <__rc2>
    6782: 86 27        	stx	$27                     ; 0x27 <__rc23>
    6784: a2 dc        	ldx	#$dc
    6786: 86 24        	stx	$24                     ; 0x24 <__rc20>
    6788: 8a           	txa
    6789: 18           	clc
    678a: 69 24        	adc	#$24
    678c: 18           	clc
    678d: 65 25        	adc	$25                     ; 0x25 <__rc21>
    678f: a8           	tay
    6790: a5 26        	lda	$26                     ; 0x26 <__rc22>
    6792: 69 00        	adc	#$0
    6794: 85 12        	sta	$12                     ; 0x12 <__rc2>
    6796: a5 27        	lda	$27                     ; 0x27 <__rc23>
    6798: 69 00        	adc	#$0
    679a: aa           	tax
    679b: 18           	clc
    679c: 98           	tya
    679d: 69 00        	adc	#$0
    679f: 85 14        	sta	$14                     ; 0x14 <__rc4>
    67a1: a5 12        	lda	$12                     ; 0x12 <__rc2>
    67a3: 69 54        	adc	#$54
    67a5: a8           	tay
    67a6: 8a           	txa
    67a7: 69 02        	adc	#$2
    67a9: 85 13        	sta	$13                     ; 0x13 <__rc3>
    67ab: 98           	tya
    67ac: 84 12        	sty	$12                     ; 0x12 <__rc2>
    67ae: 06 12        	asl	$12                     ; 0x12 <__rc2>
    67b0: 26 13        	rol	$13                     ; 0x13 <__rc3>
    67b2: 06 12        	asl	$12                     ; 0x12 <__rc2>
    67b4: 26 13        	rol	$13                     ; 0x13 <__rc3>
    67b6: 06 12        	asl	$12                     ; 0x12 <__rc2>
    67b8: 26 13        	rol	$13                     ; 0x13 <__rc3>
    67ba: a4 13        	ldy	$13                     ; 0x13 <__rc3>
    67bc: a6 0f        	ldx	$f                      ; 0xf
    67be: 78           	sei
    67bf: 84 0f        	sty	$f                      ; 0xf
    67c1: a4 14        	ldy	$14                     ; 0x14 <__rc4>
    67c3: 84 12        	sty	$12                     ; 0x12 <__rc2>
    67c5: 09 e0        	ora	#$e0
    67c7: 85 13        	sta	$13                     ; 0x13 <__rc3>
    67c9: b2 12        	lda	($12)                   ; 0x12 <__rc2>
    67cb: 86 0f        	stx	$f                      ; 0xf
    67cd: 58           	cli
    67ce: aa           	tax
    67cf: f0 17        	beq	$67e8 <performMIDICmd+0x20a>
    67d1: 85 4f        	sta	$4f                     ; 0x4f <__putchar.s>
    67d3: a2 4f        	ldx	#$4f
    67d5: 86 12        	stx	$12                     ; 0x12 <__rc2>
    67d7: a2 00        	ldx	#$0
    67d9: 86 13        	stx	$13                     ; 0x13 <__rc3>
    67db: 20 b8 2b     	jsr	$2bb8 <textPrint>
    67de: a6 24        	ldx	$24                     ; 0x24 <__rc20>
    67e0: e8           	inx
    67e1: 86 24        	stx	$24                     ; 0x24 <__rc20>
    67e3: f0 24        	beq	$6809 <performMIDICmd+0x22b>
    67e5: 4c 88 67     	jmp	$6788 <performMIDICmd+0x1aa>
    67e8: a6 24        	ldx	$24                     ; 0x24 <__rc20>
    67ea: e0 dc        	cpx	#$dc
    67ec: 90 1b        	bcc	$6809 <performMIDICmd+0x22b>
    67ee: a9 00        	lda	#$0
    67f0: 38           	sec
    67f1: e5 24        	sbc	$24                     ; 0x24 <__rc20>
    67f3: a2 20        	ldx	#$20
    67f5: 86 4f        	stx	$4f                     ; 0x4f <__putchar.s>
    67f7: a2 4f        	ldx	#$4f
    67f9: 86 12        	stx	$12                     ; 0x12 <__rc2>
    67fb: a2 00        	ldx	#$0
    67fd: 86 13        	stx	$13                     ; 0x13 <__rc3>
    67ff: 85 24        	sta	$24                     ; 0x24 <__rc20>
    6801: 20 b8 2b     	jsr	$2bb8 <textPrint>
    6804: a5 24        	lda	$24                     ; 0x24 <__rc20>
    6806: 3a           	dec
    6807: d0 ea        	bne	$67f3 <performMIDICmd+0x215>
    6809: fa           	plx
    680a: 86 27        	stx	$27                     ; 0x27 <__rc23>
    680c: fa           	plx
    680d: 86 26        	stx	$26                     ; 0x26 <__rc22>
    680f: fa           	plx
    6810: 86 25        	stx	$25                     ; 0x25 <__rc21>
    6812: fa           	plx
    6813: 86 24        	stx	$24                     ; 0x24 <__rc20>
    6815: 60           	rts

00006816 <exhaustZeroes>:
    6816: a6 24        	ldx	$24                     ; 0x24 <__rc20>
    6818: da           	phx
    6819: a6 25        	ldx	$25                     ; 0x25 <__rc21>
    681b: da           	phx
    681c: a6 26        	ldx	$26                     ; 0x26 <__rc22>
    681e: da           	phx
    681f: a6 27        	ldx	$27                     ; 0x27 <__rc23>
    6821: da           	phx
    6822: 85 24        	sta	$24                     ; 0x24 <__rc20>
    6824: a6 74        	ldx	$74                     ; 0x74 <theOne.8>
    6826: 86 26        	stx	$26                     ; 0x26 <__rc22>
    6828: a6 75        	ldx	$75                     ; 0x75 <theOne.8+0x1>
    682a: 86 25        	stx	$25                     ; 0x25 <__rc21>
    682c: a2 19        	ldx	#$19
    682e: 86 12        	stx	$12                     ; 0x12 <__rc2>
    6830: 64 13        	stz	$13                     ; 0x13 <__rc3>
    6832: a2 00        	ldx	#$0
    6834: 20 3d 83     	jsr	$833d <__mulhi3>
    6837: 85 12        	sta	$12                     ; 0x12 <__rc2>
    6839: 86 13        	stx	$13                     ; 0x13 <__rc3>
    683b: 18           	clc
    683c: a5 26        	lda	$26                     ; 0x26 <__rc22>
    683e: 65 12        	adc	$12                     ; 0x12 <__rc2>
    6840: a8           	tay
    6841: a5 25        	lda	$25                     ; 0x25 <__rc21>
    6843: 65 13        	adc	$13                     ; 0x13 <__rc3>
    6845: 84 14        	sty	$14                     ; 0x14 <__rc4>
    6847: 84 12        	sty	$12                     ; 0x12 <__rc2>
    6849: 85 15        	sta	$15                     ; 0x15 <__rc5>
    684b: 85 13        	sta	$13                     ; 0x13 <__rc3>
    684d: a0 18        	ldy	#$18
    684f: b1 12        	lda	($12),y                 ; 0x12 <__rc2>
    6851: d0 2f        	bne	$6882 <exhaustZeroes+0x6c>
    6853: a0 0c        	ldy	#$c
    6855: a5 14        	lda	$14                     ; 0x14 <__rc4>
    6857: 18           	clc
    6858: 69 0c        	adc	#$c
    685a: 85 14        	sta	$14                     ; 0x14 <__rc4>
    685c: a5 15        	lda	$15                     ; 0x15 <__rc5>
    685e: 69 00        	adc	#$0
    6860: 85 15        	sta	$15                     ; 0x15 <__rc5>
    6862: b1 12        	lda	($12),y                 ; 0x12 <__rc2>
    6864: 85 12        	sta	$12                     ; 0x12 <__rc2>
    6866: a0 01        	ldy	#$1
    6868: b1 14        	lda	($14),y                 ; 0x14 <__rc4>
    686a: 85 13        	sta	$13                     ; 0x13 <__rc3>
    686c: c8           	iny
    686d: b1 14        	lda	($14),y                 ; 0x14 <__rc4>
    686f: 85 16        	sta	$16                     ; 0x16 <__rc6>
    6871: c8           	iny
    6872: b1 14        	lda	($14),y                 ; 0x14 <__rc4>
    6874: d0 0c        	bne	$6882 <exhaustZeroes+0x6c>
    6876: a5 16        	lda	$16                     ; 0x16 <__rc6>
    6878: d0 08        	bne	$6882 <exhaustZeroes+0x6c>
    687a: a5 13        	lda	$13                     ; 0x13 <__rc3>
    687c: d0 04        	bne	$6882 <exhaustZeroes+0x6c>
    687e: a5 12        	lda	$12                     ; 0x12 <__rc2>
    6880: f0 0d        	beq	$688f <exhaustZeroes+0x79>
    6882: fa           	plx
    6883: 86 27        	stx	$27                     ; 0x27 <__rc23>
    6885: fa           	plx
    6886: 86 26        	stx	$26                     ; 0x26 <__rc22>
    6888: fa           	plx
    6889: 86 25        	stx	$25                     ; 0x25 <__rc21>
    688b: fa           	plx
    688c: 86 24        	stx	$24                     ; 0x24 <__rc20>
    688e: 60           	rts
    688f: a2 19        	ldx	#$19
    6891: 86 25        	stx	$25                     ; 0x25 <__rc21>
    6893: a5 24        	lda	$24                     ; 0x24 <__rc20>
    6895: 20 de 65     	jsr	$65de <performMIDICmd>
    6898: a5 24        	lda	$24                     ; 0x24 <__rc20>
    689a: 20 51 5d     	jsr	$5d51 <chainEvent>
    689d: a6 74        	ldx	$74                     ; 0x74 <theOne.8>
    689f: 86 27        	stx	$27                     ; 0x27 <__rc23>
    68a1: a6 75        	ldx	$75                     ; 0x75 <theOne.8+0x1>
    68a3: 86 26        	stx	$26                     ; 0x26 <__rc22>
    68a5: a6 25        	ldx	$25                     ; 0x25 <__rc21>
    68a7: 86 12        	stx	$12                     ; 0x12 <__rc2>
    68a9: 64 13        	stz	$13                     ; 0x13 <__rc3>
    68ab: a2 00        	ldx	#$0
    68ad: a5 24        	lda	$24                     ; 0x24 <__rc20>
    68af: 20 3d 83     	jsr	$833d <__mulhi3>
    68b2: 85 12        	sta	$12                     ; 0x12 <__rc2>
    68b4: 86 13        	stx	$13                     ; 0x13 <__rc3>
    68b6: 18           	clc
    68b7: a5 27        	lda	$27                     ; 0x27 <__rc23>
    68b9: 65 12        	adc	$12                     ; 0x12 <__rc2>
    68bb: a8           	tay
    68bc: a5 26        	lda	$26                     ; 0x26 <__rc22>
    68be: 65 13        	adc	$13                     ; 0x13 <__rc3>
    68c0: 84 14        	sty	$14                     ; 0x14 <__rc4>
    68c2: 84 12        	sty	$12                     ; 0x12 <__rc2>
    68c4: 85 15        	sta	$15                     ; 0x15 <__rc5>
    68c6: 85 13        	sta	$13                     ; 0x13 <__rc3>
    68c8: a0 18        	ldy	#$18
    68ca: b1 12        	lda	($12),y                 ; 0x12 <__rc2>
    68cc: d0 b4        	bne	$6882 <exhaustZeroes+0x6c>
    68ce: 18           	clc
    68cf: a5 14        	lda	$14                     ; 0x14 <__rc4>
    68d1: 69 0c        	adc	#$c
    68d3: 85 14        	sta	$14                     ; 0x14 <__rc4>
    68d5: a5 15        	lda	$15                     ; 0x15 <__rc5>
    68d7: 69 00        	adc	#$0
    68d9: 85 15        	sta	$15                     ; 0x15 <__rc5>
    68db: a0 0c        	ldy	#$c
    68dd: b1 12        	lda	($12),y                 ; 0x12 <__rc2>
    68df: 85 12        	sta	$12                     ; 0x12 <__rc2>
    68e1: a0 01        	ldy	#$1
    68e3: b1 14        	lda	($14),y                 ; 0x14 <__rc4>
    68e5: 85 13        	sta	$13                     ; 0x13 <__rc3>
    68e7: c8           	iny
    68e8: b1 14        	lda	($14),y                 ; 0x14 <__rc4>
    68ea: 85 16        	sta	$16                     ; 0x16 <__rc6>
    68ec: c8           	iny
    68ed: b1 14        	lda	($14),y                 ; 0x14 <__rc4>
    68ef: f0 03        	beq	$68f4 <exhaustZeroes+0xde>
    68f1: 4c 82 68     	jmp	$6882 <exhaustZeroes+0x6c>
    68f4: a5 16        	lda	$16                     ; 0x16 <__rc6>
    68f6: f0 03        	beq	$68fb <exhaustZeroes+0xe5>
    68f8: 4c 82 68     	jmp	$6882 <exhaustZeroes+0x6c>
    68fb: a5 13        	lda	$13                     ; 0x13 <__rc3>
    68fd: f0 03        	beq	$6902 <exhaustZeroes+0xec>
    68ff: 4c 82 68     	jmp	$6882 <exhaustZeroes+0x6c>
    6902: a5 12        	lda	$12                     ; 0x12 <__rc2>
    6904: d0 03        	bne	$6909 <exhaustZeroes+0xf3>
    6906: 4c 93 68     	jmp	$6893 <exhaustZeroes+0x7d>
    6909: 4c 82 68     	jmp	$6882 <exhaustZeroes+0x6c>

0000690c <initTrack>:
    690c: 18           	clc
    690d: a5 10        	lda	$10                     ; 0x10 <__rc0>
    690f: 69 fe        	adc	#$fe
    6911: 85 10        	sta	$10                     ; 0x10 <__rc0>
    6913: a5 11        	lda	$11                     ; 0x11 <__zp_data_size>
    6915: 69 ff        	adc	#$ff
    6917: 85 11        	sta	$11                     ; 0x11 <__zp_data_size>
    6919: a6 24        	ldx	$24                     ; 0x24 <__rc20>
    691b: da           	phx
    691c: a6 25        	ldx	$25                     ; 0x25 <__rc21>
    691e: da           	phx
    691f: a6 26        	ldx	$26                     ; 0x26 <__rc22>
    6921: da           	phx
    6922: a6 27        	ldx	$27                     ; 0x27 <__rc23>
    6924: da           	phx
    6925: a5 28        	lda	$28                     ; 0x28 <__rc24>
    6927: a0 01        	ldy	#$1
    6929: 91 10        	sta	($10),y                 ; 0x10 <__rc0>
    692b: a5 29        	lda	$29                     ; 0x29 <__rc25>
    692d: 88           	dey
    692e: 91 10        	sta	($10),y                 ; 0x10 <__rc0>
    6930: a4 0f        	ldy	$f                      ; 0xf
    6932: 78           	sei
    6933: a2 28        	ldx	#$28
    6935: 86 0f        	stx	$f                      ; 0xf
    6937: ad 0a e0     	lda	$e00a                   ; 0xe00a <__heap_start+0x563e>
    693a: 84 0f        	sty	$f                      ; 0xf
    693c: 58           	cli
    693d: a4 0f        	ldy	$f                      ; 0xf
    693f: 78           	sei
    6940: 86 0f        	stx	$f                      ; 0xf
    6942: ae 0b e0     	ldx	$e00b                   ; 0xe00b <__heap_start+0x563f>
    6945: 84 0f        	sty	$f                      ; 0xf
    6947: 58           	cli
    6948: 86 25        	stx	$25                     ; 0x25 <__rc21>
    694a: 86 69        	stx	$69                     ; 0x69 <theOne.0>
    694c: 85 24        	sta	$24                     ; 0x24 <__rc20>
    694e: 85 6a        	sta	$6a                     ; 0x6a <theOne.0+0x1>
    6950: a6 74        	ldx	$74                     ; 0x74 <theOne.8>
    6952: a4 75        	ldy	$75                     ; 0x75 <theOne.8+0x1>
    6954: a9 00        	lda	#$0
    6956: 85 12        	sta	$12                     ; 0x12 <__rc2>
    6958: a9 00        	lda	#$0
    695a: 85 13        	sta	$13                     ; 0x13 <__rc3>
    695c: c4 13        	cpy	$13                     ; 0x13 <__rc3>
    695e: d0 04        	bne	$6964 <initTrack+0x58>
    6960: e4 12        	cpx	$12                     ; 0x12 <__rc2>
    6962: f0 07        	beq	$696b <initTrack+0x5f>
    6964: 86 12        	stx	$12                     ; 0x12 <__rc2>
    6966: 84 13        	sty	$13                     ; 0x13 <__rc3>
    6968: 20 39 7f     	jsr	$7f39 <free>
    696b: a2 19        	ldx	#$19
    696d: 64 13        	stz	$13                     ; 0x13 <__rc3>
    696f: 86 12        	stx	$12                     ; 0x12 <__rc2>
    6971: a6 24        	ldx	$24                     ; 0x24 <__rc20>
    6973: a5 25        	lda	$25                     ; 0x25 <__rc21>
    6975: 20 3d 83     	jsr	$833d <__mulhi3>
    6978: 20 51 7d     	jsr	$7d51 <malloc>
    697b: a6 12        	ldx	$12                     ; 0x12 <__rc2>
    697d: a4 13        	ldy	$13                     ; 0x13 <__rc3>
    697f: 86 74        	stx	$74                     ; 0x74 <theOne.8>
    6981: 84 75        	sty	$75                     ; 0x75 <theOne.8+0x1>
    6983: 64 6b        	stz	$6b                     ; 0x6b <theOne.4>
    6985: a2 20        	ldx	#$20
    6987: 8e 4b 89     	stx	$894b                   ; 0x894b <theOne.2>
    698a: a2 a1        	ldx	#$a1
    698c: 8e 4c 89     	stx	$894c                   ; 0x894c <theOne.2+0x1>
    698f: a2 07        	ldx	#$7
    6991: 8e 4d 89     	stx	$894d                   ; 0x894d <theOne.2+0x2>
    6994: 9c 4e 89     	stz	$894e                   ; 0x894e <theOne.2+0x3>
    6997: a2 ff        	ldx	#$ff
    6999: 86 6c        	stx	$6c                     ; 0x6c <theOne.5>
    699b: 86 6d        	stx	$6d                     ; 0x6d <theOne.5+0x1>
    699d: 86 6e        	stx	$6e                     ; 0x6e <theOne.5+0x2>
    699f: 86 6f        	stx	$6f                     ; 0x6f <theOne.5+0x3>
    69a1: 64 70        	stz	$70                     ; 0x70 <theOne.6>
    69a3: 64 71        	stz	$71                     ; 0x71 <theOne.6+0x1>
    69a5: a2 30        	ldx	#$30
    69a7: 8e 49 89     	stx	$8949                   ; 0x8949 <theOne.1>
    69aa: 9c 4a 89     	stz	$894a                   ; 0x894a <theOne.1+0x1>
    69ad: 64 72        	stz	$72                     ; 0x72 <theOne.7>
    69af: 64 73        	stz	$73                     ; 0x73 <theOne.7+0x1>
    69b1: a5 0f        	lda	$f                      ; 0xf
    69b3: 78           	sei
    69b4: a0 28        	ldy	#$28
    69b6: 84 0f        	sty	$f                      ; 0xf
    69b8: ae 0c e0     	ldx	$e00c                   ; 0xe00c <__heap_start+0x5640>
    69bb: 85 0f        	sta	$f                      ; 0xf
    69bd: 58           	cli
    69be: a5 0f        	lda	$f                      ; 0xf
    69c0: 78           	sei
    69c1: 84 0f        	sty	$f                      ; 0xf
    69c3: ac 0d e0     	ldy	$e00d                   ; 0xe00d <__heap_start+0x5641>
    69c6: 85 0f        	sta	$f                      ; 0xf
    69c8: 58           	cli
    69c9: 8c 49 89     	sty	$8949                   ; 0x8949 <theOne.1>
    69cc: 8e 4a 89     	stx	$894a                   ; 0x894a <theOne.1+0x1>
    69cf: a6 69        	ldx	$69                     ; 0x69 <theOne.0>
    69d1: a5 6a        	lda	$6a                     ; 0x6a <theOne.0+0x1>
    69d3: d0 07        	bne	$69dc <initTrack+0xd0>
    69d5: e0 00        	cpx	#$0
    69d7: d0 03        	bne	$69dc <initTrack+0xd0>
    69d9: 4c de 6c     	jmp	$6cde <initTrack+0x3d2>
    69dc: a4 74        	ldy	$74                     ; 0x74 <theOne.8>
    69de: 84 24        	sty	$24                     ; 0x24 <__rc20>
    69e0: a4 75        	ldy	$75                     ; 0x75 <theOne.8+0x1>
    69e2: 84 25        	sty	$25                     ; 0x25 <__rc21>
    69e4: a0 17        	ldy	#$17
    69e6: 84 15        	sty	$15                     ; 0x15 <__rc5>
    69e8: 86 26        	stx	$26                     ; 0x26 <__rc22>
    69ea: 85 27        	sta	$27                     ; 0x27 <__rc23>
    69ec: a6 24        	ldx	$24                     ; 0x24 <__rc20>
    69ee: 86 12        	stx	$12                     ; 0x12 <__rc2>
    69f0: a6 25        	ldx	$25                     ; 0x25 <__rc21>
    69f2: 86 13        	stx	$13                     ; 0x13 <__rc3>
    69f4: 64 14        	stz	$14                     ; 0x14 <__rc4>
    69f6: a9 00        	lda	#$0
    69f8: a6 15        	ldx	$15                     ; 0x15 <__rc5>
    69fa: a4 15        	ldy	$15                     ; 0x15 <__rc5>
    69fc: 84 28        	sty	$28                     ; 0x28 <__rc24>
    69fe: 20 f2 80     	jsr	$80f2 <__memset>
    6a01: a2 17        	ldx	#$17
    6a03: 86 15        	stx	$15                     ; 0x15 <__rc5>
    6a05: a9 01        	lda	#$1
    6a07: a4 28        	ldy	$28                     ; 0x28 <__rc24>
    6a09: 91 24        	sta	($24),y                 ; 0x24 <__rc20>
    6a0b: a0 18        	ldy	#$18
    6a0d: 3a           	dec
    6a0e: 91 24        	sta	($24),y                 ; 0x24 <__rc20>
    6a10: a5 24        	lda	$24                     ; 0x24 <__rc20>
    6a12: 18           	clc
    6a13: 69 19        	adc	#$19
    6a15: 85 24        	sta	$24                     ; 0x24 <__rc20>
    6a17: a5 25        	lda	$25                     ; 0x25 <__rc21>
    6a19: 69 00        	adc	#$0
    6a1b: a2 ff        	ldx	#$ff
    6a1d: c6 26        	dec	$26                     ; 0x26 <__rc22>
    6a1f: e4 26        	cpx	$26                     ; 0x26 <__rc22>
    6a21: d0 02        	bne	$6a25 <initTrack+0x119>
    6a23: c6 27        	dec	$27                     ; 0x27 <__rc23>
    6a25: 85 25        	sta	$25                     ; 0x25 <__rc21>
    6a27: a5 27        	lda	$27                     ; 0x27 <__rc23>
    6a29: d0 c1        	bne	$69ec <initTrack+0xe0>
    6a2b: a5 26        	lda	$26                     ; 0x26 <__rc22>
    6a2d: d0 bd        	bne	$69ec <initTrack+0xe0>
    6a2f: a9 0e        	lda	#$e
    6a31: 64 18        	stz	$18                     ; 0x18 <__rc8>
    6a33: a2 08        	ldx	#$8
    6a35: 86 19        	stx	$19                     ; 0x19 <__rc9>
    6a37: 64 16        	stz	$16                     ; 0x16 <__rc6>
    6a39: 64 15        	stz	$15                     ; 0x15 <__rc5>
    6a3b: 64 14        	stz	$14                     ; 0x14 <__rc4>
    6a3d: a2 00        	ldx	#$0
    6a3f: 64 27        	stz	$27                     ; 0x27 <__rc23>
    6a41: a4 14        	ldy	$14                     ; 0x14 <__rc4>
    6a43: 84 12        	sty	$12                     ; 0x12 <__rc2>
    6a45: a4 15        	ldy	$15                     ; 0x15 <__rc5>
    6a47: 84 13        	sty	$13                     ; 0x13 <__rc3>
    6a49: a4 16        	ldy	$16                     ; 0x16 <__rc6>
    6a4b: 84 14        	sty	$14                     ; 0x14 <__rc4>
    6a4d: 85 15        	sta	$15                     ; 0x15 <__rc5>
    6a4f: 18           	clc
    6a50: 69 04        	adc	#$4
    6a52: 85 17        	sta	$17                     ; 0x17 <__rc7>
    6a54: a5 16        	lda	$16                     ; 0x16 <__rc6>
    6a56: 69 00        	adc	#$0
    6a58: 85 1b        	sta	$1b                     ; 0x1b <__rc11>
    6a5a: a5 13        	lda	$13                     ; 0x13 <__rc3>
    6a5c: 69 05        	adc	#$5
    6a5e: a4 1b        	ldy	$1b                     ; 0x1b <__rc11>
    6a60: 84 16        	sty	$16                     ; 0x16 <__rc6>
    6a62: 06 16        	asl	$16                     ; 0x16 <__rc6>
    6a64: 2a           	rol
    6a65: 06 16        	asl	$16                     ; 0x16 <__rc6>
    6a67: 2a           	rol
    6a68: 06 16        	asl	$16                     ; 0x16 <__rc6>
    6a6a: 2a           	rol
    6a6b: 86 1a        	stx	$1a                     ; 0x1a <__rc10>
    6a6d: a6 0f        	ldx	$f                      ; 0xf
    6a6f: 78           	sei
    6a70: 85 0f        	sta	$f                      ; 0xf
    6a72: a5 1b        	lda	$1b                     ; 0x1b <__rc11>
    6a74: 09 e0        	ora	#$e0
    6a76: a4 17        	ldy	$17                     ; 0x17 <__rc7>
    6a78: 84 16        	sty	$16                     ; 0x16 <__rc6>
    6a7a: 85 17        	sta	$17                     ; 0x17 <__rc7>
    6a7c: b2 16        	lda	($16)                   ; 0x16 <__rc6>
    6a7e: 85 1c        	sta	$1c                     ; 0x1c <__rc12>
    6a80: 86 0f        	stx	$f                      ; 0xf
    6a82: 18           	clc
    6a83: a5 15        	lda	$15                     ; 0x15 <__rc5>
    6a85: 69 05        	adc	#$5
    6a87: 85 17        	sta	$17                     ; 0x17 <__rc7>
    6a89: a5 14        	lda	$14                     ; 0x14 <__rc4>
    6a8b: 69 00        	adc	#$0
    6a8d: 85 1b        	sta	$1b                     ; 0x1b <__rc11>
    6a8f: a5 13        	lda	$13                     ; 0x13 <__rc3>
    6a91: 69 05        	adc	#$5
    6a93: a6 1b        	ldx	$1b                     ; 0x1b <__rc11>
    6a95: 86 16        	stx	$16                     ; 0x16 <__rc6>
    6a97: 06 16        	asl	$16                     ; 0x16 <__rc6>
    6a99: 2a           	rol
    6a9a: 06 16        	asl	$16                     ; 0x16 <__rc6>
    6a9c: 2a           	rol
    6a9d: 06 16        	asl	$16                     ; 0x16 <__rc6>
    6a9f: 2a           	rol
    6aa0: 58           	cli
    6aa1: a6 0f        	ldx	$f                      ; 0xf
    6aa3: 78           	sei
    6aa4: 85 0f        	sta	$f                      ; 0xf
    6aa6: a5 1b        	lda	$1b                     ; 0x1b <__rc11>
    6aa8: 09 e0        	ora	#$e0
    6aaa: a4 17        	ldy	$17                     ; 0x17 <__rc7>
    6aac: 84 16        	sty	$16                     ; 0x16 <__rc6>
    6aae: 85 17        	sta	$17                     ; 0x17 <__rc7>
    6ab0: b2 16        	lda	($16)                   ; 0x16 <__rc6>
    6ab2: 85 1d        	sta	$1d                     ; 0x1d <__rc13>
    6ab4: 86 0f        	stx	$f                      ; 0xf
    6ab6: 18           	clc
    6ab7: a5 15        	lda	$15                     ; 0x15 <__rc5>
    6ab9: 69 06        	adc	#$6
    6abb: 85 17        	sta	$17                     ; 0x17 <__rc7>
    6abd: a5 14        	lda	$14                     ; 0x14 <__rc4>
    6abf: 69 00        	adc	#$0
    6ac1: 85 1b        	sta	$1b                     ; 0x1b <__rc11>
    6ac3: a5 13        	lda	$13                     ; 0x13 <__rc3>
    6ac5: 69 05        	adc	#$5
    6ac7: a6 1b        	ldx	$1b                     ; 0x1b <__rc11>
    6ac9: 86 16        	stx	$16                     ; 0x16 <__rc6>
    6acb: 06 16        	asl	$16                     ; 0x16 <__rc6>
    6acd: 2a           	rol
    6ace: 06 16        	asl	$16                     ; 0x16 <__rc6>
    6ad0: 2a           	rol
    6ad1: 06 16        	asl	$16                     ; 0x16 <__rc6>
    6ad3: 2a           	rol
    6ad4: 58           	cli
    6ad5: a6 0f        	ldx	$f                      ; 0xf
    6ad7: 78           	sei
    6ad8: 85 0f        	sta	$f                      ; 0xf
    6ada: a4 17        	ldy	$17                     ; 0x17 <__rc7>
    6adc: 84 16        	sty	$16                     ; 0x16 <__rc6>
    6ade: a5 1b        	lda	$1b                     ; 0x1b <__rc11>
    6ae0: 09 e0        	ora	#$e0
    6ae2: 85 17        	sta	$17                     ; 0x17 <__rc7>
    6ae4: b2 16        	lda	($16)                   ; 0x16 <__rc6>
    6ae6: 85 22        	sta	$22                     ; 0x22 <__rc18>
    6ae8: 86 0f        	stx	$f                      ; 0xf
    6aea: 18           	clc
    6aeb: a5 15        	lda	$15                     ; 0x15 <__rc5>
    6aed: 69 07        	adc	#$7
    6aef: 85 17        	sta	$17                     ; 0x17 <__rc7>
    6af1: a5 14        	lda	$14                     ; 0x14 <__rc4>
    6af3: 69 00        	adc	#$0
    6af5: 85 1b        	sta	$1b                     ; 0x1b <__rc11>
    6af7: a5 13        	lda	$13                     ; 0x13 <__rc3>
    6af9: 69 05        	adc	#$5
    6afb: a6 1b        	ldx	$1b                     ; 0x1b <__rc11>
    6afd: 86 16        	stx	$16                     ; 0x16 <__rc6>
    6aff: 06 16        	asl	$16                     ; 0x16 <__rc6>
    6b01: 2a           	rol
    6b02: 06 16        	asl	$16                     ; 0x16 <__rc6>
    6b04: 2a           	rol
    6b05: 06 16        	asl	$16                     ; 0x16 <__rc6>
    6b07: 2a           	rol
    6b08: 58           	cli
    6b09: a6 0f        	ldx	$f                      ; 0xf
    6b0b: 78           	sei
    6b0c: 85 0f        	sta	$f                      ; 0xf
    6b0e: a4 17        	ldy	$17                     ; 0x17 <__rc7>
    6b10: 84 16        	sty	$16                     ; 0x16 <__rc6>
    6b12: a5 1b        	lda	$1b                     ; 0x1b <__rc11>
    6b14: 09 e0        	ora	#$e0
    6b16: 85 17        	sta	$17                     ; 0x17 <__rc7>
    6b18: b2 16        	lda	($16)                   ; 0x16 <__rc6>
    6b1a: 85 25        	sta	$25                     ; 0x25 <__rc21>
    6b1c: 86 0f        	stx	$f                      ; 0xf
    6b1e: 58           	cli
    6b1f: a6 74        	ldx	$74                     ; 0x74 <theOne.8>
    6b21: 86 1e        	stx	$1e                     ; 0x1e <__rc14>
    6b23: a6 75        	ldx	$75                     ; 0x75 <theOne.8+0x1>
    6b25: 86 1f        	stx	$1f                     ; 0x1f <__rc15>
    6b27: 18           	clc
    6b28: a6 19        	ldx	$19                     ; 0x19 <__rc9>
    6b2a: 86 24        	stx	$24                     ; 0x24 <__rc20>
    6b2c: a5 19        	lda	$19                     ; 0x19 <__rc9>
    6b2e: 65 74        	adc	$74                     ; 0x74 <theOne.8>
    6b30: aa           	tax
    6b31: a4 18        	ldy	$18                     ; 0x18 <__rc8>
    6b33: 84 23        	sty	$23                     ; 0x23 <__rc19>
    6b35: a5 18        	lda	$18                     ; 0x18 <__rc8>
    6b37: 65 75        	adc	$75                     ; 0x75 <theOne.8+0x1>
    6b39: 86 16        	stx	$16                     ; 0x16 <__rc6>
    6b3b: 85 17        	sta	$17                     ; 0x17 <__rc7>
    6b3d: 85 19        	sta	$19                     ; 0x19 <__rc9>
    6b3f: 18           	clc
    6b40: 8a           	txa
    6b41: 69 f8        	adc	#$f8
    6b43: 85 18        	sta	$18                     ; 0x18 <__rc8>
    6b45: a5 19        	lda	$19                     ; 0x19 <__rc9>
    6b47: 69 ff        	adc	#$ff
    6b49: 85 19        	sta	$19                     ; 0x19 <__rc9>
    6b4b: 18           	clc
    6b4c: a5 15        	lda	$15                     ; 0x15 <__rc5>
    6b4e: 69 08        	adc	#$8
    6b50: aa           	tax
    6b51: a5 14        	lda	$14                     ; 0x14 <__rc4>
    6b53: 69 00        	adc	#$0
    6b55: 85 1b        	sta	$1b                     ; 0x1b <__rc11>
    6b57: a5 13        	lda	$13                     ; 0x13 <__rc3>
    6b59: 69 05        	adc	#$5
    6b5b: 85 26        	sta	$26                     ; 0x26 <__rc22>
    6b5d: a5 12        	lda	$12                     ; 0x12 <__rc2>
    6b5f: 69 00        	adc	#$0
    6b61: 85 29        	sta	$29                     ; 0x29 <__rc25>
    6b63: 8a           	txa
    6b64: 92 16        	sta	($16)                   ; 0x16 <__rc6>
    6b66: a0 01        	ldy	#$1
    6b68: a5 1b        	lda	$1b                     ; 0x1b <__rc11>
    6b6a: 91 16        	sta	($16),y                 ; 0x16 <__rc6>
    6b6c: 84 28        	sty	$28                     ; 0x28 <__rc24>
    6b6e: c8           	iny
    6b6f: a5 26        	lda	$26                     ; 0x26 <__rc22>
    6b71: 91 16        	sta	($16),y                 ; 0x16 <__rc6>
    6b73: 84 26        	sty	$26                     ; 0x26 <__rc22>
    6b75: c8           	iny
    6b76: a5 29        	lda	$29                     ; 0x29 <__rc25>
    6b78: 91 16        	sta	($16),y                 ; 0x16 <__rc6>
    6b7a: 84 16        	sty	$16                     ; 0x16 <__rc6>
    6b7c: a5 25        	lda	$25                     ; 0x25 <__rc21>
    6b7e: 92 18        	sta	($18)                   ; 0x18 <__rc8>
    6b80: a5 22        	lda	$22                     ; 0x22 <__rc18>
    6b82: a4 28        	ldy	$28                     ; 0x28 <__rc24>
    6b84: 91 18        	sta	($18),y                 ; 0x18 <__rc8>
    6b86: a5 1d        	lda	$1d                     ; 0x1d <__rc13>
    6b88: a4 26        	ldy	$26                     ; 0x26 <__rc22>
    6b8a: 91 18        	sta	($18),y                 ; 0x18 <__rc8>
    6b8c: a5 1c        	lda	$1c                     ; 0x1c <__rc12>
    6b8e: a4 16        	ldy	$16                     ; 0x16 <__rc6>
    6b90: 91 18        	sta	($18),y                 ; 0x18 <__rc8>
    6b92: 85 16        	sta	$16                     ; 0x16 <__rc6>
    6b94: 18           	clc
    6b95: a5 25        	lda	$25                     ; 0x25 <__rc21>
    6b97: 65 15        	adc	$15                     ; 0x15 <__rc5>
    6b99: 85 15        	sta	$15                     ; 0x15 <__rc5>
    6b9b: a5 22        	lda	$22                     ; 0x22 <__rc18>
    6b9d: 65 14        	adc	$14                     ; 0x14 <__rc4>
    6b9f: a8           	tay
    6ba0: a5 1d        	lda	$1d                     ; 0x1d <__rc13>
    6ba2: 65 13        	adc	$13                     ; 0x13 <__rc3>
    6ba4: aa           	tax
    6ba5: a5 16        	lda	$16                     ; 0x16 <__rc6>
    6ba7: 65 12        	adc	$12                     ; 0x12 <__rc2>
    6ba9: 85 12        	sta	$12                     ; 0x12 <__rc2>
    6bab: 18           	clc
    6bac: a5 15        	lda	$15                     ; 0x15 <__rc5>
    6bae: 69 08        	adc	#$8
    6bb0: 85 17        	sta	$17                     ; 0x17 <__rc7>
    6bb2: 98           	tya
    6bb3: 69 00        	adc	#$0
    6bb5: 85 16        	sta	$16                     ; 0x16 <__rc6>
    6bb7: 8a           	txa
    6bb8: 69 00        	adc	#$0
    6bba: 85 15        	sta	$15                     ; 0x15 <__rc5>
    6bbc: a5 12        	lda	$12                     ; 0x12 <__rc2>
    6bbe: 69 00        	adc	#$0
    6bc0: 85 14        	sta	$14                     ; 0x14 <__rc4>
    6bc2: a6 1a        	ldx	$1a                     ; 0x1a <__rc10>
    6bc4: a4 27        	ldy	$27                     ; 0x27 <__rc23>
    6bc6: e8           	inx
    6bc7: d0 01        	bne	$6bca <initTrack+0x2be>
    6bc9: c8           	iny
    6bca: a5 69        	lda	$69                     ; 0x69 <theOne.0>
    6bcc: 85 12        	sta	$12                     ; 0x12 <__rc2>
    6bce: a5 6a        	lda	$6a                     ; 0x6a <theOne.0+0x1>
    6bd0: 85 13        	sta	$13                     ; 0x13 <__rc3>
    6bd2: 18           	clc
    6bd3: a5 24        	lda	$24                     ; 0x24 <__rc20>
    6bd5: 69 19        	adc	#$19
    6bd7: 85 19        	sta	$19                     ; 0x19 <__rc9>
    6bd9: a5 23        	lda	$23                     ; 0x23 <__rc19>
    6bdb: 69 00        	adc	#$0
    6bdd: 85 18        	sta	$18                     ; 0x18 <__rc8>
    6bdf: 84 27        	sty	$27                     ; 0x27 <__rc23>
    6be1: c4 13        	cpy	$13                     ; 0x13 <__rc3>
    6be3: d0 04        	bne	$6be9 <initTrack+0x2dd>
    6be5: e4 12        	cpx	$12                     ; 0x12 <__rc2>
    6be7: 80 02        	bra	$6beb <initTrack+0x2df>
    6be9: c4 13        	cpy	$13                     ; 0x13 <__rc3>
    6beb: a5 17        	lda	$17                     ; 0x17 <__rc7>
    6bed: b0 03        	bcs	$6bf2 <initTrack+0x2e6>
    6bef: 4c 41 6a     	jmp	$6a41 <initTrack+0x135>
    6bf2: a5 13        	lda	$13                     ; 0x13 <__rc3>
    6bf4: d0 07        	bne	$6bfd <initTrack+0x2f1>
    6bf6: a5 12        	lda	$12                     ; 0x12 <__rc2>
    6bf8: d0 03        	bne	$6bfd <initTrack+0x2f1>
    6bfa: 4c de 6c     	jmp	$6cde <initTrack+0x3d2>
    6bfd: a6 1e        	ldx	$1e                     ; 0x1e <__rc14>
    6bff: 86 14        	stx	$14                     ; 0x14 <__rc4>
    6c01: a6 1f        	ldx	$1f                     ; 0x1f <__rc15>
    6c03: 86 15        	stx	$15                     ; 0x15 <__rc5>
    6c05: 64 16        	stz	$16                     ; 0x16 <__rc6>
    6c07: 64 25        	stz	$25                     ; 0x25 <__rc21>
    6c09: a0 00        	ldy	#$0
    6c0b: a2 00        	ldx	#$0
    6c0d: 86 27        	stx	$27                     ; 0x27 <__rc23>
    6c0f: 84 26        	sty	$26                     ; 0x26 <__rc22>
    6c11: a5 16        	lda	$16                     ; 0x16 <__rc6>
    6c13: 18           	clc
    6c14: a2 01        	ldx	#$1
    6c16: b0 02        	bcs	$6c1a <initTrack+0x30e>
    6c18: a2 00        	ldx	#$0
    6c1a: 86 19        	stx	$19                     ; 0x19 <__rc9>
    6c1c: 65 14        	adc	$14                     ; 0x14 <__rc4>
    6c1e: a8           	tay
    6c1f: a6 16        	ldx	$16                     ; 0x16 <__rc6>
    6c21: a5 25        	lda	$25                     ; 0x25 <__rc21>
    6c23: 65 15        	adc	$15                     ; 0x15 <__rc5>
    6c25: 84 16        	sty	$16                     ; 0x16 <__rc6>
    6c27: 85 17        	sta	$17                     ; 0x17 <__rc7>
    6c29: a0 18        	ldy	#$18
    6c2b: b1 16        	lda	($16),y                 ; 0x16 <__rc6>
    6c2d: f0 04        	beq	$6c33 <initTrack+0x327>
    6c2f: 8a           	txa
    6c30: 4c b9 6c     	jmp	$6cb9 <initTrack+0x3ad>
    6c33: 86 24        	stx	$24                     ; 0x24 <__rc20>
    6c35: 8a           	txa
    6c36: a6 19        	ldx	$19                     ; 0x19 <__rc9>
    6c38: e0 01        	cpx	#$1
    6c3a: 65 14        	adc	$14                     ; 0x14 <__rc4>
    6c3c: aa           	tax
    6c3d: a5 25        	lda	$25                     ; 0x25 <__rc21>
    6c3f: 65 15        	adc	$15                     ; 0x15 <__rc5>
    6c41: a8           	tay
    6c42: 18           	clc
    6c43: 8a           	txa
    6c44: 69 04        	adc	#$4
    6c46: 85 18        	sta	$18                     ; 0x18 <__rc8>
    6c48: 98           	tya
    6c49: 84 1b        	sty	$1b                     ; 0x1b <__rc11>
    6c4b: 69 00        	adc	#$0
    6c4d: 85 19        	sta	$19                     ; 0x19 <__rc9>
    6c4f: a0 03        	ldy	#$3
    6c51: b1 18        	lda	($18),y                 ; 0x18 <__rc8>
    6c53: d1 16        	cmp	($16),y                 ; 0x16 <__rc6>
    6c55: d0 26        	bne	$6c7d <initTrack+0x371>
    6c57: a0 02        	ldy	#$2
    6c59: b1 18        	lda	($18),y                 ; 0x18 <__rc8>
    6c5b: 85 1c        	sta	$1c                     ; 0x1c <__rc12>
    6c5d: b1 16        	lda	($16),y                 ; 0x16 <__rc6>
    6c5f: 85 1a        	sta	$1a                     ; 0x1a <__rc10>
    6c61: a4 1c        	ldy	$1c                     ; 0x1c <__rc12>
    6c63: c4 1a        	cpy	$1a                     ; 0x1a <__rc10>
    6c65: d0 1a        	bne	$6c81 <initTrack+0x375>
    6c67: a0 01        	ldy	#$1
    6c69: b1 18        	lda	($18),y                 ; 0x18 <__rc8>
    6c6b: 85 19        	sta	$19                     ; 0x19 <__rc9>
    6c6d: b1 16        	lda	($16),y                 ; 0x16 <__rc6>
    6c6f: 85 18        	sta	$18                     ; 0x18 <__rc8>
    6c71: a4 19        	ldy	$19                     ; 0x19 <__rc9>
    6c73: c4 18        	cpy	$18                     ; 0x18 <__rc8>
    6c75: f0 03        	beq	$6c7a <initTrack+0x36e>
    6c77: 4c 1a 6d     	jmp	$6d1a <initTrack+0x40e>
    6c7a: 4c 03 6d     	jmp	$6d03 <initTrack+0x3f7>
    6c7d: d1 16        	cmp	($16),y                 ; 0x16 <__rc6>
    6c7f: 80 02        	bra	$6c83 <initTrack+0x377>
    6c81: c4 1a        	cpy	$1a                     ; 0x1a <__rc10>
    6c83: a6 26        	ldx	$26                     ; 0x26 <__rc22>
    6c85: b0 2a        	bcs	$6cb1 <initTrack+0x3a5>
    6c87: 64 47        	stz	$47                     ; 0x47 <_col>
    6c89: 9c 14 d0     	stz	$d014                   ; 0xd014 <__heap_start+0x4648>
    6c8c: 9c 15 d0     	stz	$d015                   ; 0xd015 <__heap_start+0x4649>
    6c8f: 8a           	txa
    6c90: 18           	clc
    6c91: 69 0f        	adc	#$f
    6c93: 85 48        	sta	$48                     ; 0x48 <_row>
    6c95: 8d 16 d0     	sta	$d016                   ; 0xd016 <__heap_start+0x464a>
    6c98: 9c 17 d0     	stz	$d017                   ; 0xd017 <__heap_start+0x464b>
    6c9b: 8a           	txa
    6c9c: 20 51 5d     	jsr	$5d51 <chainEvent>
    6c9f: a6 74        	ldx	$74                     ; 0x74 <theOne.8>
    6ca1: a4 75        	ldy	$75                     ; 0x75 <theOne.8+0x1>
    6ca3: 86 14        	stx	$14                     ; 0x14 <__rc4>
    6ca5: 84 15        	sty	$15                     ; 0x15 <__rc5>
    6ca7: a6 69        	ldx	$69                     ; 0x69 <theOne.0>
    6ca9: a4 6a        	ldy	$6a                     ; 0x6a <theOne.0+0x1>
    6cab: 86 12        	stx	$12                     ; 0x12 <__rc2>
    6cad: 84 13        	sty	$13                     ; 0x13 <__rc3>
    6caf: 80 06        	bra	$6cb7 <initTrack+0x3ab>
    6cb1: a0 18        	ldy	#$18
    6cb3: a9 01        	lda	#$1
    6cb5: 91 16        	sta	($16),y                 ; 0x16 <__rc6>
    6cb7: a5 24        	lda	$24                     ; 0x24 <__rc20>
    6cb9: a6 27        	ldx	$27                     ; 0x27 <__rc23>
    6cbb: a4 26        	ldy	$26                     ; 0x26 <__rc22>
    6cbd: c8           	iny
    6cbe: d0 01        	bne	$6cc1 <initTrack+0x3b5>
    6cc0: e8           	inx
    6cc1: 18           	clc
    6cc2: 69 19        	adc	#$19
    6cc4: 85 16        	sta	$16                     ; 0x16 <__rc6>
    6cc6: a5 25        	lda	$25                     ; 0x25 <__rc21>
    6cc8: 69 00        	adc	#$0
    6cca: 85 25        	sta	$25                     ; 0x25 <__rc21>
    6ccc: e4 13        	cpx	$13                     ; 0x13 <__rc3>
    6cce: d0 07        	bne	$6cd7 <initTrack+0x3cb>
    6cd0: c4 12        	cpy	$12                     ; 0x12 <__rc2>
    6cd2: b0 0a        	bcs	$6cde <initTrack+0x3d2>
    6cd4: 4c 0d 6c     	jmp	$6c0d <initTrack+0x301>
    6cd7: e4 13        	cpx	$13                     ; 0x13 <__rc3>
    6cd9: b0 03        	bcs	$6cde <initTrack+0x3d2>
    6cdb: 4c 0d 6c     	jmp	$6c0d <initTrack+0x301>
    6cde: a0 00        	ldy	#$0
    6ce0: b1 10        	lda	($10),y                 ; 0x10 <__rc0>
    6ce2: 85 29        	sta	$29                     ; 0x29 <__rc25>
    6ce4: c8           	iny
    6ce5: b1 10        	lda	($10),y                 ; 0x10 <__rc0>
    6ce7: 85 28        	sta	$28                     ; 0x28 <__rc24>
    6ce9: fa           	plx
    6cea: 86 27        	stx	$27                     ; 0x27 <__rc23>
    6cec: fa           	plx
    6ced: 86 26        	stx	$26                     ; 0x26 <__rc22>
    6cef: fa           	plx
    6cf0: 86 25        	stx	$25                     ; 0x25 <__rc21>
    6cf2: fa           	plx
    6cf3: 86 24        	stx	$24                     ; 0x24 <__rc20>
    6cf5: 18           	clc
    6cf6: a5 10        	lda	$10                     ; 0x10 <__rc0>
    6cf8: 69 02        	adc	#$2
    6cfa: 85 10        	sta	$10                     ; 0x10 <__rc0>
    6cfc: a5 11        	lda	$11                     ; 0x11 <__zp_data_size>
    6cfe: 69 00        	adc	#$0
    6d00: 85 11        	sta	$11                     ; 0x11 <__zp_data_size>
    6d02: 60           	rts
    6d03: 86 18        	stx	$18                     ; 0x18 <__rc8>
    6d05: a6 1b        	ldx	$1b                     ; 0x1b <__rc11>
    6d07: 86 19        	stx	$19                     ; 0x19 <__rc9>
    6d09: a0 04        	ldy	#$4
    6d0b: b1 18        	lda	($18),y                 ; 0x18 <__rc8>
    6d0d: 85 19        	sta	$19                     ; 0x19 <__rc9>
    6d0f: b2 16        	lda	($16)                   ; 0x16 <__rc6>
    6d11: 85 18        	sta	$18                     ; 0x18 <__rc8>
    6d13: a6 19        	ldx	$19                     ; 0x19 <__rc9>
    6d15: e4 18        	cpx	$18                     ; 0x18 <__rc8>
    6d17: 4c 83 6c     	jmp	$6c83 <initTrack+0x377>
    6d1a: c4 18        	cpy	$18                     ; 0x18 <__rc8>
    6d1c: 4c 83 6c     	jmp	$6c83 <initTrack+0x377>

00006d1f <lilpause>:
    6d1f: 85 16        	sta	$16                     ; 0x16 <__rc6>
    6d21: a2 80        	ldx	#$80
    6d23: 86 f3        	stx	$f3                     ; 0xf3 <__midigfxpal_size+0x73>
    6d25: a2 8c        	ldx	#$8c
    6d27: a0 00        	ldy	#$0
    6d29: 86 14        	stx	$14                     ; 0x14 <__rc4>
    6d2b: 84 15        	sty	$15                     ; 0x15 <__rc5>
    6d2d: a2 76        	ldx	#$76
    6d2f: 86 12        	stx	$12                     ; 0x12 <__rc2>
    6d31: a2 00        	ldx	#$0
    6d33: 86 13        	stx	$13                     ; 0x13 <__rc3>
    6d35: 20 f0 ff     	jsr	$fff0 <__heap_start+0x7624>
    6d38: 92 14        	sta	($14)                   ; 0x14 <__rc4>
    6d3a: a9 00        	lda	#$0
    6d3c: 6a           	ror
    6d3d: 85 12        	sta	$12                     ; 0x12 <__rc2>
    6d3f: a5 16        	lda	$16                     ; 0x16 <__rc6>
    6d41: 18           	clc
    6d42: 65 8c        	adc	$8c                     ; 0x8c <__midigfxpal_size+0xc>
    6d44: 64 f3        	stz	$f3                     ; 0xf3 <__midigfxpal_size+0x73>
    6d46: 85 f4        	sta	$f4                     ; 0xf4 <__midigfxpal_size+0x74>
    6d48: a2 d5        	ldx	#$d5
    6d4a: 86 f5        	stx	$f5                     ; 0xf5 <__midigfxpal_size+0x75>
    6d4c: a2 8b        	ldx	#$8b
    6d4e: a0 00        	ldy	#$0
    6d50: 86 16        	stx	$16                     ; 0x16 <__rc6>
    6d52: 84 17        	sty	$17                     ; 0x17 <__rc7>
    6d54: a2 8d        	ldx	#$8d
    6d56: a0 00        	ldy	#$0
    6d58: 86 14        	stx	$14                     ; 0x14 <__rc4>
    6d5a: 84 15        	sty	$15                     ; 0x15 <__rc5>
    6d5c: 20 f0 ff     	jsr	$fff0 <__heap_start+0x7624>
    6d5f: 92 16        	sta	($16)                   ; 0x16 <__rc6>
    6d61: a9 00        	lda	#$0
    6d63: 6a           	ror
    6d64: 85 12        	sta	$12                     ; 0x12 <__rc2>
    6d66: 64 77        	stz	$77                     ; 0x77 <kernelEventData>
    6d68: 20 00 ff     	jsr	$ff00 <__heap_start+0x7534>
    6d6b: 92 14        	sta	($14)                   ; 0x14 <__rc4>
    6d6d: a9 00        	lda	#$0
    6d6f: 6a           	ror
    6d70: 85 12        	sta	$12                     ; 0x12 <__rc2>
    6d72: a6 77        	ldx	$77                     ; 0x77 <kernelEventData>
    6d74: e0 52        	cpx	#$52
    6d76: d0 ee        	bne	$6d66 <lilpause+0x47>
    6d78: a6 7b        	ldx	$7b                     ; 0x7b <kernelEventData+0x4>
    6d7a: e0 d5        	cpx	#$d5
    6d7c: d0 e8        	bne	$6d66 <lilpause+0x47>
    6d7e: 60           	rts

00006d7f <setColors>:
    6d7f: a6 01        	ldx	$1                      ; 0x1
    6d81: 86 15        	stx	$15                     ; 0x15 <__rc5>
    6d83: 64 01        	stz	$1                      ; 0x1
    6d85: a0 ff        	ldy	#$ff
    6d87: 8c 00 d8     	sty	$d800                   ; 0xd800 <__heap_start+0x4e34>
    6d8a: 8c 01 d8     	sty	$d801                   ; 0xd801 <__heap_start+0x4e35>
    6d8d: 8c 02 d8     	sty	$d802                   ; 0xd802 <__heap_start+0x4e36>
    6d90: 9c 03 d8     	stz	$d803                   ; 0xd803 <__heap_start+0x4e37>
    6d93: a2 d8        	ldx	#$d8
    6d95: 86 13        	stx	$13                     ; 0x13 <__rc3>
    6d97: a2 cd        	ldx	#$cd
    6d99: 86 16        	stx	$16                     ; 0x16 <__rc6>
    6d9b: a2 04        	ldx	#$4
    6d9d: 86 12        	stx	$12                     ; 0x12 <__rc2>
    6d9f: a9 00        	lda	#$0
    6da1: 92 12        	sta	($12)                   ; 0x12 <__rc2>
    6da3: 8a           	txa
    6da4: 09 01        	ora	#$1
    6da6: 85 12        	sta	$12                     ; 0x12 <__rc2>
    6da8: a5 16        	lda	$16                     ; 0x16 <__rc6>
    6daa: 92 12        	sta	($12)                   ; 0x12 <__rc2>
    6dac: 8a           	txa
    6dad: 09 02        	ora	#$2
    6daf: 85 12        	sta	$12                     ; 0x12 <__rc2>
    6db1: a5 16        	lda	$16                     ; 0x16 <__rc6>
    6db3: 92 12        	sta	($12)                   ; 0x12 <__rc2>
    6db5: 8a           	txa
    6db6: 09 03        	ora	#$3
    6db8: 85 12        	sta	$12                     ; 0x12 <__rc2>
    6dba: a9 00        	lda	#$0
    6dbc: 92 12        	sta	($12)                   ; 0x12 <__rc2>
    6dbe: 18           	clc
    6dbf: 8a           	txa
    6dc0: 69 04        	adc	#$4
    6dc2: 85 12        	sta	$12                     ; 0x12 <__rc2>
    6dc4: a5 13        	lda	$13                     ; 0x13 <__rc3>
    6dc6: 69 00        	adc	#$0
    6dc8: 85 13        	sta	$13                     ; 0x13 <__rc3>
    6dca: 18           	clc
    6dcb: a5 16        	lda	$16                     ; 0x16 <__rc6>
    6dcd: 69 0a        	adc	#$a
    6dcf: 85 16        	sta	$16                     ; 0x16 <__rc6>
    6dd1: a6 12        	ldx	$12                     ; 0x12 <__rc2>
    6dd3: a4 12        	ldy	$12                     ; 0x12 <__rc2>
    6dd5: c0 18        	cpy	#$18
    6dd7: d0 c4        	bne	$6d9d <setColors+0x1e>
    6dd9: a2 66        	ldx	#$66
    6ddb: 86 17        	stx	$17                     ; 0x17 <__rc7>
    6ddd: a2 d8        	ldx	#$d8
    6ddf: 86 13        	stx	$13                     ; 0x13 <__rc3>
    6de1: a2 cd        	ldx	#$cd
    6de3: 86 16        	stx	$16                     ; 0x16 <__rc6>
    6de5: a2 18        	ldx	#$18
    6de7: 86 12        	stx	$12                     ; 0x12 <__rc2>
    6de9: a4 13        	ldy	$13                     ; 0x13 <__rc3>
    6deb: a9 00        	lda	#$0
    6ded: 92 12        	sta	($12)                   ; 0x12 <__rc2>
    6def: 8a           	txa
    6df0: 09 01        	ora	#$1
    6df2: 85 12        	sta	$12                     ; 0x12 <__rc2>
    6df4: a5 17        	lda	$17                     ; 0x17 <__rc7>
    6df6: 92 12        	sta	($12)                   ; 0x12 <__rc2>
    6df8: 8a           	txa
    6df9: 09 02        	ora	#$2
    6dfb: 85 12        	sta	$12                     ; 0x12 <__rc2>
    6dfd: a5 16        	lda	$16                     ; 0x16 <__rc6>
    6dff: 92 12        	sta	($12)                   ; 0x12 <__rc2>
    6e01: 8a           	txa
    6e02: 09 03        	ora	#$3
    6e04: 85 12        	sta	$12                     ; 0x12 <__rc2>
    6e06: a9 00        	lda	#$0
    6e08: 92 12        	sta	($12)                   ; 0x12 <__rc2>
    6e0a: 18           	clc
    6e0b: 8a           	txa
    6e0c: 69 04        	adc	#$4
    6e0e: 85 12        	sta	$12                     ; 0x12 <__rc2>
    6e10: 98           	tya
    6e11: 69 00        	adc	#$0
    6e13: 85 13        	sta	$13                     ; 0x13 <__rc3>
    6e15: 18           	clc
    6e16: a5 16        	lda	$16                     ; 0x16 <__rc6>
    6e18: 69 0a        	adc	#$a
    6e1a: 85 16        	sta	$16                     ; 0x16 <__rc6>
    6e1c: 18           	clc
    6e1d: a5 17        	lda	$17                     ; 0x17 <__rc7>
    6e1f: 69 05        	adc	#$5
    6e21: 85 17        	sta	$17                     ; 0x17 <__rc7>
    6e23: a6 12        	ldx	$12                     ; 0x12 <__rc2>
    6e25: a4 12        	ldy	$12                     ; 0x12 <__rc2>
    6e27: c0 2c        	cpy	#$2c
    6e29: d0 bc        	bne	$6de7 <setColors+0x68>
    6e2b: a2 d8        	ldx	#$d8
    6e2d: 86 13        	stx	$13                     ; 0x13 <__rc3>
    6e2f: a2 cd        	ldx	#$cd
    6e31: 86 16        	stx	$16                     ; 0x16 <__rc6>
    6e33: a2 2c        	ldx	#$2c
    6e35: 86 12        	stx	$12                     ; 0x12 <__rc2>
    6e37: a9 00        	lda	#$0
    6e39: 92 12        	sta	($12)                   ; 0x12 <__rc2>
    6e3b: 8a           	txa
    6e3c: 09 01        	ora	#$1
    6e3e: 85 12        	sta	$12                     ; 0x12 <__rc2>
    6e40: a9 00        	lda	#$0
    6e42: 92 12        	sta	($12)                   ; 0x12 <__rc2>
    6e44: 8a           	txa
    6e45: 09 02        	ora	#$2
    6e47: 85 12        	sta	$12                     ; 0x12 <__rc2>
    6e49: a5 16        	lda	$16                     ; 0x16 <__rc6>
    6e4b: 92 12        	sta	($12)                   ; 0x12 <__rc2>
    6e4d: 8a           	txa
    6e4e: 09 03        	ora	#$3
    6e50: 85 12        	sta	$12                     ; 0x12 <__rc2>
    6e52: a9 00        	lda	#$0
    6e54: 92 12        	sta	($12)                   ; 0x12 <__rc2>
    6e56: 18           	clc
    6e57: 8a           	txa
    6e58: 69 04        	adc	#$4
    6e5a: 85 12        	sta	$12                     ; 0x12 <__rc2>
    6e5c: a5 13        	lda	$13                     ; 0x13 <__rc3>
    6e5e: 69 00        	adc	#$0
    6e60: 85 13        	sta	$13                     ; 0x13 <__rc3>
    6e62: 18           	clc
    6e63: a5 16        	lda	$16                     ; 0x16 <__rc6>
    6e65: 69 0a        	adc	#$a
    6e67: 85 16        	sta	$16                     ; 0x16 <__rc6>
    6e69: a6 12        	ldx	$12                     ; 0x12 <__rc2>
    6e6b: a4 12        	ldy	$12                     ; 0x12 <__rc2>
    6e6d: c0 40        	cpy	#$40
    6e6f: d0 c4        	bne	$6e35 <setColors+0xb6>
    6e71: a6 15        	ldx	$15                     ; 0x15 <__rc5>
    6e73: 86 01        	stx	$1                      ; 0x1
    6e75: 60           	rts

00006e76 <exit>:
    6e76: 20 29 03     	jsr	$329 <_fini>
    6e79: 80 fe        	bra	$6e79 <exit+0x3>

00006e7b <_ZN12_GLOBAL__N_15printEPKcP6Status>:
    6e7b: a6 14        	ldx	$14                     ; 0x14 <__rc4>
    6e7d: 86 9d        	stx	$9d                     ; 0x9d <__midigfxpal_size+0x1d>
    6e7f: a6 15        	ldx	$15                     ; 0x15 <__rc5>
    6e81: 86 9e        	stx	$9e                     ; 0x9e <__midigfxpal_size+0x1e>
    6e83: a6 12        	ldx	$12                     ; 0x12 <__rc2>
    6e85: 86 14        	stx	$14                     ; 0x14 <__rc4>
    6e87: a6 13        	ldx	$13                     ; 0x13 <__rc3>
    6e89: 86 15        	stx	$15                     ; 0x15 <__rc5>
    6e8b: e6 14        	inc	$14                     ; 0x14 <__rc4>
    6e8d: d0 02        	bne	$6e91 <_ZN12_GLOBAL__N_15printEPKcP6Status+0x16>
    6e8f: e6 15        	inc	$15                     ; 0x15 <__rc5>
    6e91: a0 01        	ldy	#$1
    6e93: b1 12        	lda	($12),y                 ; 0x12 <__rc2>
    6e95: c9 25        	cmp	#$25
    6e97: d0 23        	bne	$6ebc <_ZN12_GLOBAL__N_15printEPKcP6Status+0x41>
    6e99: a9 25        	lda	#$25
    6e9b: a6 12        	ldx	$12                     ; 0x12 <__rc2>
    6e9d: 86 9f        	stx	$9f                     ; 0x9f <__midigfxpal_size+0x1f>
    6e9f: a6 13        	ldx	$13                     ; 0x13 <__rc3>
    6ea1: 86 a0        	stx	$a0                     ; 0xa0 <__midigfxpal_size+0x20>
    6ea3: a6 9d        	ldx	$9d                     ; 0x9d <__midigfxpal_size+0x1d>
    6ea5: 86 12        	stx	$12                     ; 0x12 <__rc2>
    6ea7: a6 9e        	ldx	$9e                     ; 0x9e <__midigfxpal_size+0x1e>
    6ea9: 86 13        	stx	$13                     ; 0x13 <__rc3>
    6eab: 20 f1 79     	jsr	$79f1 <_ZN12_GLOBAL__N_13putEcP6Status>
    6eae: a5 9f        	lda	$9f                     ; 0x9f <__midigfxpal_size+0x1f>
    6eb0: 18           	clc
    6eb1: 69 02        	adc	#$2
    6eb3: 85 12        	sta	$12                     ; 0x12 <__rc2>
    6eb5: a5 a0        	lda	$a0                     ; 0xa0 <__midigfxpal_size+0x20>
    6eb7: 69 00        	adc	#$0
    6eb9: 85 13        	sta	$13                     ; 0x13 <__rc3>
    6ebb: 60           	rts
    6ebc: a6 9d        	ldx	$9d                     ; 0x9d <__midigfxpal_size+0x1d>
    6ebe: a5 9d        	lda	$9d                     ; 0x9d <__midigfxpal_size+0x1d>
    6ec0: 86 17        	stx	$17                     ; 0x17 <__rc7>
    6ec2: 18           	clc
    6ec3: 69 0b        	adc	#$b
    6ec5: 85 18        	sta	$18                     ; 0x18 <__rc8>
    6ec7: a5 9e        	lda	$9e                     ; 0x9e <__midigfxpal_size+0x1e>
    6ec9: 69 00        	adc	#$0
    6ecb: a2 10        	ldx	#$10
    6ecd: 86 a4        	stx	$a4                     ; 0xa4 <__midigfxpal_size+0x24>
    6ecf: 85 19        	sta	$19                     ; 0x19 <__rc9>
    6ed1: a0 0b        	ldy	#$b
    6ed3: a9 00        	lda	#$0
    6ed5: 91 9d        	sta	($9d),y                 ; 0x9d <__midigfxpal_size+0x1d>
    6ed7: 18           	clc
    6ed8: a5 17        	lda	$17                     ; 0x17 <__rc7>
    6eda: 69 0d        	adc	#$d
    6edc: a8           	tay
    6edd: a5 9e        	lda	$9e                     ; 0x9e <__midigfxpal_size+0x1e>
    6edf: 69 00        	adc	#$0
    6ee1: a2 02        	ldx	#$2
    6ee3: 86 1f        	stx	$1f                     ; 0x1f <__rc15>
    6ee5: 84 16        	sty	$16                     ; 0x16 <__rc6>
    6ee7: a0 0d        	ldy	#$d
    6ee9: 85 17        	sta	$17                     ; 0x17 <__rc7>
    6eeb: a9 ff        	lda	#$ff
    6eed: 91 9d        	sta	($9d),y                 ; 0x9d <__midigfxpal_size+0x1d>
    6eef: a0 01        	ldy	#$1
    6ef1: 91 16        	sta	($16),y                 ; 0x16 <__rc6>
    6ef3: 18           	clc
    6ef4: a2 00        	ldx	#$0
    6ef6: 86 ca        	stx	$ca                     ; 0xca <__midigfxpal_size+0x4a>
    6ef8: a6 9d        	ldx	$9d                     ; 0x9d <__midigfxpal_size+0x1d>
    6efa: 86 16        	stx	$16                     ; 0x16 <__rc6>
    6efc: a6 9e        	ldx	$9e                     ; 0x9e <__midigfxpal_size+0x1e>
    6efe: 86 17        	stx	$17                     ; 0x17 <__rc7>
    6f00: e6 16        	inc	$16                     ; 0x16 <__rc6>
    6f02: d0 02        	bne	$6f06 <_ZN12_GLOBAL__N_15printEPKcP6Status+0x8b>
    6f04: e6 17        	inc	$17                     ; 0x17 <__rc7>
    6f06: a9 00        	lda	#$0
    6f08: 91 9d        	sta	($9d),y                 ; 0x9d <__midigfxpal_size+0x1d>
    6f0a: 91 16        	sta	($16),y                 ; 0x16 <__rc6>
    6f0c: 92 9d        	sta	($9d)                   ; 0x9d <__midigfxpal_size+0x1d>
    6f0e: 91 18        	sta	($18),y                 ; 0x18 <__rc8>
    6f10: 64 a3        	stz	$a3                     ; 0xa3 <__midigfxpal_size+0x23>
    6f12: 80 33        	bra	$6f47 <_ZN12_GLOBAL__N_15printEPKcP6Status+0xcc>
    6f14: a2 02        	ldx	#$2
    6f16: 80 15        	bra	$6f2d <_ZN12_GLOBAL__N_15printEPKcP6Status+0xb2>
    6f18: e0 20        	cpx	#$20
    6f1a: f0 15        	beq	$6f31 <_ZN12_GLOBAL__N_15printEPKcP6Status+0xb6>
    6f1c: 86 19        	stx	$19                     ; 0x19 <__rc9>
    6f1e: e0 23        	cpx	#$23
    6f20: f0 03        	beq	$6f25 <_ZN12_GLOBAL__N_15printEPKcP6Status+0xaa>
    6f22: 4c 96 6f     	jmp	$6f96 <_ZN12_GLOBAL__N_15printEPKcP6Status+0x11b>
    6f25: a5 a3        	lda	$a3                     ; 0xa3 <__midigfxpal_size+0x23>
    6f27: a2 04        	ldx	#$4
    6f29: 80 02        	bra	$6f2d <_ZN12_GLOBAL__N_15printEPKcP6Status+0xb2>
    6f2b: a2 10        	ldx	#$10
    6f2d: 86 18        	stx	$18                     ; 0x18 <__rc8>
    6f2f: 80 06        	bra	$6f37 <_ZN12_GLOBAL__N_15printEPKcP6Status+0xbc>
    6f31: a2 08        	ldx	#$8
    6f33: 86 18        	stx	$18                     ; 0x18 <__rc8>
    6f35: a5 a3        	lda	$a3                     ; 0xa3 <__midigfxpal_size+0x23>
    6f37: 05 18        	ora	$18                     ; 0x18 <__rc8>
    6f39: 85 a3        	sta	$a3                     ; 0xa3 <__midigfxpal_size+0x23>
    6f3b: 91 9d        	sta	($9d),y                 ; 0x9d <__midigfxpal_size+0x1d>
    6f3d: a9 00        	lda	#$0
    6f3f: 91 16        	sta	($16),y                 ; 0x16 <__rc6>
    6f41: e6 14        	inc	$14                     ; 0x14 <__rc4>
    6f43: d0 02        	bne	$6f47 <_ZN12_GLOBAL__N_15printEPKcP6Status+0xcc>
    6f45: e6 15        	inc	$15                     ; 0x15 <__rc5>
    6f47: b2 14        	lda	($14)                   ; 0x14 <__rc4>
    6f49: 18           	clc
    6f4a: aa           	tax
    6f4b: 69 d6        	adc	#$d6
    6f4d: c9 07        	cmp	#$7
    6f4f: b0 c7        	bcs	$6f18 <_ZN12_GLOBAL__N_15printEPKcP6Status+0x9d>
    6f51: 86 19        	stx	$19                     ; 0x19 <__rc9>
    6f53: 0a           	asl
    6f54: aa           	tax
    6f55: a9 01        	lda	#$1
    6f57: 85 18        	sta	$18                     ; 0x18 <__rc8>
    6f59: a5 a3        	lda	$a3                     ; 0xa3 <__midigfxpal_size+0x23>
    6f5b: 7c 4e 84     	jmp	($844e,x)               ; 0x844e <__set_v+0x6f>
    6f5e: a0 11        	ldy	#$11
    6f60: a5 9d        	lda	$9d                     ; 0x9d <__midigfxpal_size+0x1d>
    6f62: 18           	clc
    6f63: 69 11        	adc	#$11
    6f65: 85 16        	sta	$16                     ; 0x16 <__rc6>
    6f67: a5 9e        	lda	$9e                     ; 0x9e <__midigfxpal_size+0x1e>
    6f69: 69 00        	adc	#$0
    6f6b: 85 17        	sta	$17                     ; 0x17 <__rc7>
    6f6d: b1 9d        	lda	($9d),y                 ; 0x9d <__midigfxpal_size+0x1d>
    6f6f: 85 18        	sta	$18                     ; 0x18 <__rc8>
    6f71: 18           	clc
    6f72: 69 02        	adc	#$2
    6f74: 91 9d        	sta	($9d),y                 ; 0x9d <__midigfxpal_size+0x1d>
    6f76: a0 01        	ldy	#$1
    6f78: b1 16        	lda	($16),y                 ; 0x16 <__rc6>
    6f7a: 85 19        	sta	$19                     ; 0x19 <__rc9>
    6f7c: 69 00        	adc	#$0
    6f7e: 91 16        	sta	($16),y                 ; 0x16 <__rc6>
    6f80: b2 18        	lda	($18)                   ; 0x18 <__rc8>
    6f82: 85 17        	sta	$17                     ; 0x17 <__rc7>
    6f84: b1 18        	lda	($18),y                 ; 0x18 <__rc8>
    6f86: 85 16        	sta	$16                     ; 0x16 <__rc6>
    6f88: 10 03        	bpl	$6f8d <_ZN12_GLOBAL__N_15printEPKcP6Status+0x112>
    6f8a: 4c 2b 70     	jmp	$702b <_ZN12_GLOBAL__N_15printEPKcP6Status+0x1b0>
    6f8d: a6 17        	ldx	$17                     ; 0x17 <__rc7>
    6f8f: 86 1b        	stx	$1b                     ; 0x1b <__rc11>
    6f91: 85 1a        	sta	$1a                     ; 0x1a <__rc10>
    6f93: 4c 54 70     	jmp	$7054 <_ZN12_GLOBAL__N_15printEPKcP6Status+0x1d9>
    6f96: 18           	clc
    6f97: a5 19        	lda	$19                     ; 0x19 <__rc9>
    6f99: 69 d0        	adc	#$d0
    6f9b: c9 0a        	cmp	#$a
    6f9d: 90 03        	bcc	$6fa2 <_ZN12_GLOBAL__N_15printEPKcP6Status+0x127>
    6f9f: 4c 05 70     	jmp	$7005 <_ZN12_GLOBAL__N_15printEPKcP6Status+0x18a>
    6fa2: a6 19        	ldx	$19                     ; 0x19 <__rc9>
    6fa4: 86 16        	stx	$16                     ; 0x16 <__rc6>
    6fa6: 64 18        	stz	$18                     ; 0x18 <__rc8>
    6fa8: a0 01        	ldy	#$1
    6faa: 64 17        	stz	$17                     ; 0x17 <__rc7>
    6fac: 64 19        	stz	$19                     ; 0x19 <__rc9>
    6fae: 06 18        	asl	$18                     ; 0x18 <__rc8>
    6fb0: 26 19        	rol	$19                     ; 0x19 <__rc9>
    6fb2: a5 18        	lda	$18                     ; 0x18 <__rc8>
    6fb4: 0a           	asl
    6fb5: aa           	tax
    6fb6: a5 19        	lda	$19                     ; 0x19 <__rc9>
    6fb8: 2a           	rol
    6fb9: 86 1a        	stx	$1a                     ; 0x1a <__rc10>
    6fbb: 06 1a        	asl	$1a                     ; 0x1a <__rc10>
    6fbd: 2a           	rol
    6fbe: aa           	tax
    6fbf: a9 00        	lda	#$0
    6fc1: 85 1b        	sta	$1b                     ; 0x1b <__rc11>
    6fc3: a5 1a        	lda	$1a                     ; 0x1a <__rc10>
    6fc5: 5a           	phy
    6fc6: a4 1b        	ldy	$1b                     ; 0x1b <__rc11>
    6fc8: c0 01        	cpy	#$1
    6fca: 7a           	ply
    6fcb: 65 18        	adc	$18                     ; 0x18 <__rc8>
    6fcd: 85 18        	sta	$18                     ; 0x18 <__rc8>
    6fcf: 8a           	txa
    6fd0: 65 19        	adc	$19                     ; 0x19 <__rc9>
    6fd2: 85 19        	sta	$19                     ; 0x19 <__rc9>
    6fd4: a5 18        	lda	$18                     ; 0x18 <__rc8>
    6fd6: a6 1b        	ldx	$1b                     ; 0x1b <__rc11>
    6fd8: e0 01        	cpx	#$1
    6fda: 65 16        	adc	$16                     ; 0x16 <__rc6>
    6fdc: 85 16        	sta	$16                     ; 0x16 <__rc6>
    6fde: a5 19        	lda	$19                     ; 0x19 <__rc9>
    6fe0: 65 17        	adc	$17                     ; 0x17 <__rc7>
    6fe2: aa           	tax
    6fe3: 18           	clc
    6fe4: a5 16        	lda	$16                     ; 0x16 <__rc6>
    6fe6: 69 d0        	adc	#$d0
    6fe8: 85 18        	sta	$18                     ; 0x18 <__rc8>
    6fea: 8a           	txa
    6feb: 69 ff        	adc	#$ff
    6fed: 85 19        	sta	$19                     ; 0x19 <__rc9>
    6fef: b1 14        	lda	($14),y                 ; 0x14 <__rc4>
    6ff1: 85 16        	sta	$16                     ; 0x16 <__rc6>
    6ff3: 18           	clc
    6ff4: 69 d0        	adc	#$d0
    6ff6: e6 14        	inc	$14                     ; 0x14 <__rc4>
    6ff8: d0 02        	bne	$6ffc <_ZN12_GLOBAL__N_15printEPKcP6Status+0x181>
    6ffa: e6 15        	inc	$15                     ; 0x15 <__rc5>
    6ffc: c9 0a        	cmp	#$a
    6ffe: 64 17        	stz	$17                     ; 0x17 <__rc7>
    7000: b0 07        	bcs	$7009 <_ZN12_GLOBAL__N_15printEPKcP6Status+0x18e>
    7002: 4c ae 6f     	jmp	$6fae <_ZN12_GLOBAL__N_15printEPKcP6Status+0x133>
    7005: 64 18        	stz	$18                     ; 0x18 <__rc8>
    7007: 64 19        	stz	$19                     ; 0x19 <__rc9>
    7009: a5 9d        	lda	$9d                     ; 0x9d <__midigfxpal_size+0x1d>
    700b: 18           	clc
    700c: 69 0b        	adc	#$b
    700e: 85 16        	sta	$16                     ; 0x16 <__rc6>
    7010: a5 9e        	lda	$9e                     ; 0x9e <__midigfxpal_size+0x1e>
    7012: 69 00        	adc	#$0
    7014: 85 17        	sta	$17                     ; 0x17 <__rc7>
    7016: a0 0b        	ldy	#$b
    7018: a5 18        	lda	$18                     ; 0x18 <__rc8>
    701a: 91 9d        	sta	($9d),y                 ; 0x9d <__midigfxpal_size+0x1d>
    701c: a6 18        	ldx	$18                     ; 0x18 <__rc8>
    701e: a0 01        	ldy	#$1
    7020: a5 19        	lda	$19                     ; 0x19 <__rc9>
    7022: 91 16        	sta	($16),y                 ; 0x16 <__rc6>
    7024: 86 16        	stx	$16                     ; 0x16 <__rc6>
    7026: 85 17        	sta	$17                     ; 0x17 <__rc7>
    7028: 4c 7d 70     	jmp	$707d <_ZN12_GLOBAL__N_15printEPKcP6Status+0x202>
    702b: a5 a3        	lda	$a3                     ; 0xa3 <__midigfxpal_size+0x23>
    702d: 09 01        	ora	#$1
    702f: aa           	tax
    7030: a5 9d        	lda	$9d                     ; 0x9d <__midigfxpal_size+0x1d>
    7032: 85 18        	sta	$18                     ; 0x18 <__rc8>
    7034: a5 9e        	lda	$9e                     ; 0x9e <__midigfxpal_size+0x1e>
    7036: 85 19        	sta	$19                     ; 0x19 <__rc9>
    7038: 38           	sec
    7039: a9 00        	lda	#$0
    703b: e5 17        	sbc	$17                     ; 0x17 <__rc7>
    703d: 85 1b        	sta	$1b                     ; 0x1b <__rc11>
    703f: a9 00        	lda	#$0
    7041: e5 16        	sbc	$16                     ; 0x16 <__rc6>
    7043: 85 1a        	sta	$1a                     ; 0x1a <__rc10>
    7045: e6 18        	inc	$18                     ; 0x18 <__rc8>
    7047: d0 02        	bne	$704b <_ZN12_GLOBAL__N_15printEPKcP6Status+0x1d0>
    7049: e6 19        	inc	$19                     ; 0x19 <__rc9>
    704b: 8a           	txa
    704c: 86 a3        	stx	$a3                     ; 0xa3 <__midigfxpal_size+0x23>
    704e: 91 9d        	sta	($9d),y                 ; 0x9d <__midigfxpal_size+0x1d>
    7050: a9 00        	lda	#$0
    7052: 91 18        	sta	($18),y                 ; 0x18 <__rc8>
    7054: a2 01        	ldx	#$1
    7056: a5 9d        	lda	$9d                     ; 0x9d <__midigfxpal_size+0x1d>
    7058: 18           	clc
    7059: 69 0b        	adc	#$b
    705b: 85 16        	sta	$16                     ; 0x16 <__rc6>
    705d: a5 9e        	lda	$9e                     ; 0x9e <__midigfxpal_size+0x1e>
    705f: 69 00        	adc	#$0
    7061: 85 17        	sta	$17                     ; 0x17 <__rc7>
    7063: a0 0b        	ldy	#$b
    7065: a5 1b        	lda	$1b                     ; 0x1b <__rc11>
    7067: 91 9d        	sta	($9d),y                 ; 0x9d <__midigfxpal_size+0x1d>
    7069: 85 18        	sta	$18                     ; 0x18 <__rc8>
    706b: a5 1a        	lda	$1a                     ; 0x1a <__rc10>
    706d: a0 01        	ldy	#$1
    706f: 91 16        	sta	($16),y                 ; 0x16 <__rc6>
    7071: a6 18        	ldx	$18                     ; 0x18 <__rc8>
    7073: 86 16        	stx	$16                     ; 0x16 <__rc6>
    7075: 85 17        	sta	$17                     ; 0x17 <__rc7>
    7077: e6 14        	inc	$14                     ; 0x14 <__rc4>
    7079: d0 02        	bne	$707d <_ZN12_GLOBAL__N_15printEPKcP6Status+0x202>
    707b: e6 15        	inc	$15                     ; 0x15 <__rc5>
    707d: b2 14        	lda	($14)                   ; 0x14 <__rc4>
    707f: a2 ff        	ldx	#$ff
    7081: c9 2e        	cmp	#$2e
    7083: f0 03        	beq	$7088 <_ZN12_GLOBAL__N_15printEPKcP6Status+0x20d>
    7085: 4c 0d 71     	jmp	$710d <_ZN12_GLOBAL__N_15printEPKcP6Status+0x292>
    7088: a6 14        	ldx	$14                     ; 0x14 <__rc4>
    708a: 86 18        	stx	$18                     ; 0x18 <__rc8>
    708c: a6 15        	ldx	$15                     ; 0x15 <__rc5>
    708e: 86 19        	stx	$19                     ; 0x19 <__rc9>
    7090: e6 18        	inc	$18                     ; 0x18 <__rc8>
    7092: d0 02        	bne	$7096 <_ZN12_GLOBAL__N_15printEPKcP6Status+0x21b>
    7094: e6 19        	inc	$19                     ; 0x19 <__rc9>
    7096: a0 01        	ldy	#$1
    7098: b1 14        	lda	($14),y                 ; 0x14 <__rc4>
    709a: c9 2a        	cmp	#$2a
    709c: f0 03        	beq	$70a1 <_ZN12_GLOBAL__N_15printEPKcP6Status+0x226>
    709e: 4c 14 71     	jmp	$7114 <_ZN12_GLOBAL__N_15printEPKcP6Status+0x299>
    70a1: 84 19        	sty	$19                     ; 0x19 <__rc9>
    70a3: a0 11        	ldy	#$11
    70a5: b1 9d        	lda	($9d),y                 ; 0x9d <__midigfxpal_size+0x1d>
    70a7: 85 18        	sta	$18                     ; 0x18 <__rc8>
    70a9: 18           	clc
    70aa: 69 02        	adc	#$2
    70ac: a2 01        	ldx	#$1
    70ae: b0 02        	bcs	$70b2 <_ZN12_GLOBAL__N_15printEPKcP6Status+0x237>
    70b0: a2 00        	ldx	#$0
    70b2: 86 1d        	stx	$1d                     ; 0x1d <__rc13>
    70b4: 91 9d        	sta	($9d),y                 ; 0x9d <__midigfxpal_size+0x1d>
    70b6: a5 9d        	lda	$9d                     ; 0x9d <__midigfxpal_size+0x1d>
    70b8: 18           	clc
    70b9: 69 11        	adc	#$11
    70bb: 85 1a        	sta	$1a                     ; 0x1a <__rc10>
    70bd: a5 9e        	lda	$9e                     ; 0x9e <__midigfxpal_size+0x1e>
    70bf: 69 00        	adc	#$0
    70c1: 85 1b        	sta	$1b                     ; 0x1b <__rc11>
    70c3: a4 19        	ldy	$19                     ; 0x19 <__rc9>
    70c5: b1 1a        	lda	($1a),y                 ; 0x1a <__rc10>
    70c7: 85 19        	sta	$19                     ; 0x19 <__rc9>
    70c9: a6 1d        	ldx	$1d                     ; 0x1d <__rc13>
    70cb: e0 01        	cpx	#$1
    70cd: 69 00        	adc	#$0
    70cf: 91 1a        	sta	($1a),y                 ; 0x1a <__rc10>
    70d1: b2 18        	lda	($18)                   ; 0x18 <__rc8>
    70d3: 85 1b        	sta	$1b                     ; 0x1b <__rc11>
    70d5: 18           	clc
    70d6: a5 9d        	lda	$9d                     ; 0x9d <__midigfxpal_size+0x1d>
    70d8: 69 0d        	adc	#$d
    70da: 85 1a        	sta	$1a                     ; 0x1a <__rc10>
    70dc: a5 9e        	lda	$9e                     ; 0x9e <__midigfxpal_size+0x1e>
    70de: 69 00        	adc	#$0
    70e0: aa           	tax
    70e1: b1 18        	lda	($18),y                 ; 0x18 <__rc8>
    70e3: 84 1d        	sty	$1d                     ; 0x1d <__rc13>
    70e5: 85 1c        	sta	$1c                     ; 0x1c <__rc12>
    70e7: a4 1a        	ldy	$1a                     ; 0x1a <__rc10>
    70e9: 84 18        	sty	$18                     ; 0x18 <__rc8>
    70eb: 86 19        	stx	$19                     ; 0x19 <__rc9>
    70ed: a5 1b        	lda	$1b                     ; 0x1b <__rc11>
    70ef: 85 1a        	sta	$1a                     ; 0x1a <__rc10>
    70f1: a0 0d        	ldy	#$d
    70f3: 91 9d        	sta	($9d),y                 ; 0x9d <__midigfxpal_size+0x1d>
    70f5: a5 1c        	lda	$1c                     ; 0x1c <__rc12>
    70f7: 85 1e        	sta	$1e                     ; 0x1e <__rc14>
    70f9: a4 1d        	ldy	$1d                     ; 0x1d <__rc13>
    70fb: 91 18        	sta	($18),y                 ; 0x18 <__rc8>
    70fd: a5 14        	lda	$14                     ; 0x14 <__rc4>
    70ff: 18           	clc
    7100: 69 02        	adc	#$2
    7102: 85 18        	sta	$18                     ; 0x18 <__rc8>
    7104: a5 15        	lda	$15                     ; 0x15 <__rc5>
    7106: 69 00        	adc	#$0
    7108: 85 19        	sta	$19                     ; 0x19 <__rc9>
    710a: 4c e8 71     	jmp	$71e8 <_ZN12_GLOBAL__N_15printEPKcP6Status+0x36d>
    710d: 86 1a        	stx	$1a                     ; 0x1a <__rc10>
    710f: 86 1b        	stx	$1b                     ; 0x1b <__rc11>
    7111: 4c 12 72     	jmp	$7212 <_ZN12_GLOBAL__N_15printEPKcP6Status+0x397>
    7114: 18           	clc
    7115: 85 1c        	sta	$1c                     ; 0x1c <__rc12>
    7117: 69 d0        	adc	#$d0
    7119: c9 0a        	cmp	#$a
    711b: 90 03        	bcc	$7120 <_ZN12_GLOBAL__N_15printEPKcP6Status+0x2a5>
    711d: 4c cd 71     	jmp	$71cd <_ZN12_GLOBAL__N_15printEPKcP6Status+0x352>
    7120: 64 1b        	stz	$1b                     ; 0x1b <__rc11>
    7122: 64 22        	stz	$22                     ; 0x22 <__rc18>
    7124: 64 1e        	stz	$1e                     ; 0x1e <__rc14>
    7126: a2 01        	ldx	#$1
    7128: 64 1a        	stz	$1a                     ; 0x1a <__rc10>
    712a: 5a           	phy
    712b: a4 1a        	ldy	$1a                     ; 0x1a <__rc10>
    712d: 84 18        	sty	$18                     ; 0x18 <__rc8>
    712f: 86 19        	stx	$19                     ; 0x19 <__rc9>
    7131: a5 22        	lda	$22                     ; 0x22 <__rc18>
    7133: 0a           	asl
    7134: 85 1d        	sta	$1d                     ; 0x1d <__rc13>
    7136: 26 1e        	rol	$1e                     ; 0x1e <__rc14>
    7138: 0a           	asl
    7139: a4 1e        	ldy	$1e                     ; 0x1e <__rc14>
    713b: 84 22        	sty	$22                     ; 0x22 <__rc18>
    713d: 26 22        	rol	$22                     ; 0x22 <__rc18>
    713f: 0a           	asl
    7140: 26 22        	rol	$22                     ; 0x22 <__rc18>
    7142: 18           	clc
    7143: a0 01        	ldy	#$1
    7145: b0 02        	bcs	$7149 <_ZN12_GLOBAL__N_15printEPKcP6Status+0x2ce>
    7147: a0 00        	ldy	#$0
    7149: 84 23        	sty	$23                     ; 0x23 <__rc19>
    714b: 65 1d        	adc	$1d                     ; 0x1d <__rc13>
    714d: 85 9f        	sta	$9f                     ; 0x9f <__midigfxpal_size+0x1f>
    714f: a5 22        	lda	$22                     ; 0x22 <__rc18>
    7151: 65 1e        	adc	$1e                     ; 0x1e <__rc14>
    7153: 85 1d        	sta	$1d                     ; 0x1d <__rc13>
    7155: a4 23        	ldy	$23                     ; 0x23 <__rc19>
    7157: c0 01        	cpy	#$1
    7159: a5 9f        	lda	$9f                     ; 0x9f <__midigfxpal_size+0x1f>
    715b: 65 1c        	adc	$1c                     ; 0x1c <__rc12>
    715d: 85 1c        	sta	$1c                     ; 0x1c <__rc12>
    715f: a5 1d        	lda	$1d                     ; 0x1d <__rc13>
    7161: 65 1b        	adc	$1b                     ; 0x1b <__rc11>
    7163: 85 1b        	sta	$1b                     ; 0x1b <__rc11>
    7165: 18           	clc
    7166: a5 1c        	lda	$1c                     ; 0x1c <__rc12>
    7168: 69 d0        	adc	#$d0
    716a: 85 1c        	sta	$1c                     ; 0x1c <__rc12>
    716c: a5 1b        	lda	$1b                     ; 0x1b <__rc11>
    716e: 69 ff        	adc	#$ff
    7170: 85 1e        	sta	$1e                     ; 0x1e <__rc14>
    7172: a4 1c        	ldy	$1c                     ; 0x1c <__rc12>
    7174: 84 22        	sty	$22                     ; 0x22 <__rc18>
    7176: e8           	inx
    7177: d0 02        	bne	$717b <_ZN12_GLOBAL__N_15printEPKcP6Status+0x300>
    7179: e6 1a        	inc	$1a                     ; 0x1a <__rc10>
    717b: a5 14        	lda	$14                     ; 0x14 <__rc4>
    717d: a4 23        	ldy	$23                     ; 0x23 <__rc19>
    717f: c0 01        	cpy	#$1
    7181: 7a           	ply
    7182: 65 19        	adc	$19                     ; 0x19 <__rc9>
    7184: 85 1c        	sta	$1c                     ; 0x1c <__rc12>
    7186: a5 15        	lda	$15                     ; 0x15 <__rc5>
    7188: 65 18        	adc	$18                     ; 0x18 <__rc8>
    718a: 85 1d        	sta	$1d                     ; 0x1d <__rc13>
    718c: b1 1c        	lda	($1c),y                 ; 0x1c <__rc12>
    718e: 85 1c        	sta	$1c                     ; 0x1c <__rc12>
    7190: 18           	clc
    7191: 69 d0        	adc	#$d0
    7193: c9 0a        	cmp	#$a
    7195: 64 1b        	stz	$1b                     ; 0x1b <__rc11>
    7197: b0 03        	bcs	$719c <_ZN12_GLOBAL__N_15printEPKcP6Status+0x321>
    7199: 4c 2a 71     	jmp	$712a <_ZN12_GLOBAL__N_15printEPKcP6Status+0x2af>
    719c: a5 14        	lda	$14                     ; 0x14 <__rc4>
    719e: 18           	clc
    719f: 65 19        	adc	$19                     ; 0x19 <__rc9>
    71a1: aa           	tax
    71a2: a5 15        	lda	$15                     ; 0x15 <__rc5>
    71a4: 65 18        	adc	$18                     ; 0x18 <__rc8>
    71a6: 86 18        	stx	$18                     ; 0x18 <__rc8>
    71a8: 85 19        	sta	$19                     ; 0x19 <__rc9>
    71aa: a5 9d        	lda	$9d                     ; 0x9d <__midigfxpal_size+0x1d>
    71ac: 18           	clc
    71ad: 69 0d        	adc	#$d
    71af: 85 14        	sta	$14                     ; 0x14 <__rc4>
    71b1: a5 9e        	lda	$9e                     ; 0x9e <__midigfxpal_size+0x1e>
    71b3: 69 00        	adc	#$0
    71b5: a0 0d        	ldy	#$d
    71b7: 85 15        	sta	$15                     ; 0x15 <__rc5>
    71b9: a5 22        	lda	$22                     ; 0x22 <__rc18>
    71bb: 85 1a        	sta	$1a                     ; 0x1a <__rc10>
    71bd: 91 9d        	sta	($9d),y                 ; 0x9d <__midigfxpal_size+0x1d>
    71bf: a0 01        	ldy	#$1
    71c1: a5 1e        	lda	$1e                     ; 0x1e <__rc14>
    71c3: 91 14        	sta	($14),y                 ; 0x14 <__rc4>
    71c5: e6 18        	inc	$18                     ; 0x18 <__rc8>
    71c7: d0 1f        	bne	$71e8 <_ZN12_GLOBAL__N_15printEPKcP6Status+0x36d>
    71c9: e6 19        	inc	$19                     ; 0x19 <__rc9>
    71cb: 80 1b        	bra	$71e8 <_ZN12_GLOBAL__N_15printEPKcP6Status+0x36d>
    71cd: a0 0d        	ldy	#$d
    71cf: a5 9d        	lda	$9d                     ; 0x9d <__midigfxpal_size+0x1d>
    71d1: 18           	clc
    71d2: 69 0d        	adc	#$d
    71d4: 85 14        	sta	$14                     ; 0x14 <__rc4>
    71d6: a5 9e        	lda	$9e                     ; 0x9e <__midigfxpal_size+0x1e>
    71d8: 69 00        	adc	#$0
    71da: 85 15        	sta	$15                     ; 0x15 <__rc5>
    71dc: a9 00        	lda	#$0
    71de: 91 9d        	sta	($9d),y                 ; 0x9d <__midigfxpal_size+0x1d>
    71e0: a0 01        	ldy	#$1
    71e2: 64 1a        	stz	$1a                     ; 0x1a <__rc10>
    71e4: 91 14        	sta	($14),y                 ; 0x14 <__rc4>
    71e6: 64 1e        	stz	$1e                     ; 0x1e <__rc14>
    71e8: a5 a3        	lda	$a3                     ; 0xa3 <__midigfxpal_size+0x23>
    71ea: 29 ef        	and	#$ef
    71ec: a6 9d        	ldx	$9d                     ; 0x9d <__midigfxpal_size+0x1d>
    71ee: 86 14        	stx	$14                     ; 0x14 <__rc4>
    71f0: a6 9e        	ldx	$9e                     ; 0x9e <__midigfxpal_size+0x1e>
    71f2: 86 15        	stx	$15                     ; 0x15 <__rc5>
    71f4: e6 14        	inc	$14                     ; 0x14 <__rc4>
    71f6: d0 02        	bne	$71fa <_ZN12_GLOBAL__N_15printEPKcP6Status+0x37f>
    71f8: e6 15        	inc	$15                     ; 0x15 <__rc5>
    71fa: a0 01        	ldy	#$1
    71fc: 85 a3        	sta	$a3                     ; 0xa3 <__midigfxpal_size+0x23>
    71fe: 91 9d        	sta	($9d),y                 ; 0x9d <__midigfxpal_size+0x1d>
    7200: a9 00        	lda	#$0
    7202: 91 14        	sta	($14),y                 ; 0x14 <__rc4>
    7204: b2 18        	lda	($18)                   ; 0x18 <__rc8>
    7206: a6 1e        	ldx	$1e                     ; 0x1e <__rc14>
    7208: 86 1b        	stx	$1b                     ; 0x1b <__rc11>
    720a: a6 18        	ldx	$18                     ; 0x18 <__rc8>
    720c: 86 14        	stx	$14                     ; 0x14 <__rc4>
    720e: a6 19        	ldx	$19                     ; 0x19 <__rc9>
    7210: 86 15        	stx	$15                     ; 0x15 <__rc5>
    7212: a6 14        	ldx	$14                     ; 0x14 <__rc4>
    7214: 86 18        	stx	$18                     ; 0x18 <__rc8>
    7216: a6 15        	ldx	$15                     ; 0x15 <__rc5>
    7218: 86 19        	stx	$19                     ; 0x19 <__rc9>
    721a: e6 18        	inc	$18                     ; 0x18 <__rc8>
    721c: d0 02        	bne	$7220 <_ZN12_GLOBAL__N_15printEPKcP6Status+0x3a5>
    721e: e6 19        	inc	$19                     ; 0x19 <__rc9>
    7220: 38           	sec
    7221: aa           	tax
    7222: e9 6c        	sbc	#$6c
    7224: 50 02        	bvc	$7228 <_ZN12_GLOBAL__N_15printEPKcP6Status+0x3ad>
    7226: 49 80        	eor	#$80
    7228: a8           	tay
    7229: 10 20        	bpl	$724b <_ZN12_GLOBAL__N_15printEPKcP6Status+0x3d0>
    722b: e0 4c        	cpx	#$4c
    722d: f0 3a        	beq	$7269 <_ZN12_GLOBAL__N_15printEPKcP6Status+0x3ee>
    722f: 8a           	txa
    7230: e0 68        	cpx	#$68
    7232: d0 03        	bne	$7237 <_ZN12_GLOBAL__N_15printEPKcP6Status+0x3bc>
    7234: 4c ff 72     	jmp	$72ff <_ZN12_GLOBAL__N_15printEPKcP6Status+0x484>
    7237: a0 08        	ldy	#$8
    7239: a6 1f        	ldx	$1f                     ; 0x1f <__rc15>
    723b: c9 6a        	cmp	#$6a
    723d: d0 26        	bne	$7265 <_ZN12_GLOBAL__N_15printEPKcP6Status+0x3ea>
    723f: a6 18        	ldx	$18                     ; 0x18 <__rc8>
    7241: 86 14        	stx	$14                     ; 0x14 <__rc4>
    7243: a6 19        	ldx	$19                     ; 0x19 <__rc9>
    7245: 86 15        	stx	$15                     ; 0x15 <__rc5>
    7247: a2 08        	ldx	#$8
    7249: 80 46        	bra	$7291 <_ZN12_GLOBAL__N_15printEPKcP6Status+0x416>
    724b: e0 6c        	cpx	#$6c
    724d: d0 03        	bne	$7252 <_ZN12_GLOBAL__N_15printEPKcP6Status+0x3d7>
    724f: 4c e1 72     	jmp	$72e1 <_ZN12_GLOBAL__N_15printEPKcP6Status+0x466>
    7252: 8a           	txa
    7253: e0 74        	cpx	#$74
    7255: f0 2e        	beq	$7285 <_ZN12_GLOBAL__N_15printEPKcP6Status+0x40a>
    7257: a6 1f        	ldx	$1f                     ; 0x1f <__rc15>
    7259: c9 7a        	cmp	#$7a
    725b: d0 08        	bne	$7265 <_ZN12_GLOBAL__N_15printEPKcP6Status+0x3ea>
    725d: a4 18        	ldy	$18                     ; 0x18 <__rc8>
    725f: 84 14        	sty	$14                     ; 0x14 <__rc4>
    7261: a4 19        	ldy	$19                     ; 0x19 <__rc9>
    7263: 84 15        	sty	$15                     ; 0x15 <__rc5>
    7265: a0 02        	ldy	#$2
    7267: 80 28        	bra	$7291 <_ZN12_GLOBAL__N_15printEPKcP6Status+0x416>
    7269: a5 a3        	lda	$a3                     ; 0xa3 <__midigfxpal_size+0x23>
    726b: 09 40        	ora	#$40
    726d: a6 9d        	ldx	$9d                     ; 0x9d <__midigfxpal_size+0x1d>
    726f: 86 14        	stx	$14                     ; 0x14 <__rc4>
    7271: a6 9e        	ldx	$9e                     ; 0x9e <__midigfxpal_size+0x1e>
    7273: 86 15        	stx	$15                     ; 0x15 <__rc5>
    7275: e6 14        	inc	$14                     ; 0x14 <__rc4>
    7277: d0 02        	bne	$727b <_ZN12_GLOBAL__N_15printEPKcP6Status+0x400>
    7279: e6 15        	inc	$15                     ; 0x15 <__rc5>
    727b: a0 01        	ldy	#$1
    727d: 85 a3        	sta	$a3                     ; 0xa3 <__midigfxpal_size+0x23>
    727f: 91 9d        	sta	($9d),y                 ; 0x9d <__midigfxpal_size+0x1d>
    7281: a9 00        	lda	#$0
    7283: 91 14        	sta	($14),y                 ; 0x14 <__rc4>
    7285: a6 18        	ldx	$18                     ; 0x18 <__rc8>
    7287: 86 14        	stx	$14                     ; 0x14 <__rc4>
    7289: a6 19        	ldx	$19                     ; 0x19 <__rc9>
    728b: 86 15        	stx	$15                     ; 0x15 <__rc5>
    728d: a0 02        	ldy	#$2
    728f: a6 1f        	ldx	$1f                     ; 0x1f <__rc15>
    7291: b2 14        	lda	($14)                   ; 0x14 <__rc4>
    7293: 5a           	phy
    7294: a4 14        	ldy	$14                     ; 0x14 <__rc4>
    7296: 84 18        	sty	$18                     ; 0x18 <__rc8>
    7298: a4 15        	ldy	$15                     ; 0x15 <__rc5>
    729a: 84 19        	sty	$19                     ; 0x19 <__rc9>
    729c: 7a           	ply
    729d: 86 9f        	stx	$9f                     ; 0x9f <__midigfxpal_size+0x1f>
    729f: 5a           	phy
    72a0: fa           	plx
    72a1: 18           	clc
    72a2: a8           	tay
    72a3: 69 9d        	adc	#$9d
    72a5: c9 16        	cmp	#$16
    72a7: 86 a5        	stx	$a5                     ; 0xa5 <__midigfxpal_size+0x25>
    72a9: 90 03        	bcc	$72ae <_ZN12_GLOBAL__N_15printEPKcP6Status+0x433>
    72ab: 4c 1e 73     	jmp	$731e <_ZN12_GLOBAL__N_15printEPKcP6Status+0x4a3>
    72ae: 0a           	asl
    72af: aa           	tax
    72b0: 7c 5c 84     	jmp	($845c,x)               ; 0x845c <__set_v+0x7d>
    72b3: a5 1b        	lda	$1b                     ; 0x1b <__rc11>
    72b5: 85 cb        	sta	$cb                     ; 0xcb <__midigfxpal_size+0x4b>
    72b7: a4 1a        	ldy	$1a                     ; 0x1a <__rc10>
    72b9: 84 cc        	sty	$cc                     ; 0xcc <__midigfxpal_size+0x4c>
    72bb: a6 16        	ldx	$16                     ; 0x16 <__rc6>
    72bd: 86 ce        	stx	$ce                     ; 0xce <__midigfxpal_size+0x4e>
    72bf: a6 17        	ldx	$17                     ; 0x17 <__rc7>
    72c1: 86 cd        	stx	$cd                     ; 0xcd <__midigfxpal_size+0x4d>
    72c3: a6 18        	ldx	$18                     ; 0x18 <__rc8>
    72c5: 86 12        	stx	$12                     ; 0x12 <__rc2>
    72c7: a6 19        	ldx	$19                     ; 0x19 <__rc9>
    72c9: 86 13        	stx	$13                     ; 0x13 <__rc3>
    72cb: a6 12        	ldx	$12                     ; 0x12 <__rc2>
    72cd: 86 c8        	stx	$c8                     ; 0xc8 <__midigfxpal_size+0x48>
    72cf: a6 13        	ldx	$13                     ; 0x13 <__rc3>
    72d1: 86 c9        	stx	$c9                     ; 0xc9 <__midigfxpal_size+0x49>
    72d3: a9 0a        	lda	#$a
    72d5: aa           	tax
    72d6: 86 a4        	stx	$a4                     ; 0xa4 <__midigfxpal_size+0x24>
    72d8: 92 9d        	sta	($9d)                   ; 0x9d <__midigfxpal_size+0x1d>
    72da: a2 00        	ldx	#$0
    72dc: 86 cf        	stx	$cf                     ; 0xcf <__midigfxpal_size+0x4f>
    72de: 4c 29 75     	jmp	$7529 <_ZN12_GLOBAL__N_15printEPKcP6Status+0x6ae>
    72e1: a0 01        	ldy	#$1
    72e3: b1 14        	lda	($14),y                 ; 0x14 <__rc4>
    72e5: a2 04        	ldx	#$4
    72e7: c9 6c        	cmp	#$6c
    72e9: d0 2e        	bne	$7319 <_ZN12_GLOBAL__N_15printEPKcP6Status+0x49e>
    72eb: a5 14        	lda	$14                     ; 0x14 <__rc4>
    72ed: 18           	clc
    72ee: 69 02        	adc	#$2
    72f0: 85 14        	sta	$14                     ; 0x14 <__rc4>
    72f2: a5 15        	lda	$15                     ; 0x15 <__rc5>
    72f4: 69 00        	adc	#$0
    72f6: 85 15        	sta	$15                     ; 0x15 <__rc5>
    72f8: a2 08        	ldx	#$8
    72fa: a0 08        	ldy	#$8
    72fc: 4c 91 72     	jmp	$7291 <_ZN12_GLOBAL__N_15printEPKcP6Status+0x416>
    72ff: a0 01        	ldy	#$1
    7301: b1 14        	lda	($14),y                 ; 0x14 <__rc4>
    7303: a2 02        	ldx	#$2
    7305: c9 68        	cmp	#$68
    7307: d0 10        	bne	$7319 <_ZN12_GLOBAL__N_15printEPKcP6Status+0x49e>
    7309: a5 14        	lda	$14                     ; 0x14 <__rc4>
    730b: 18           	clc
    730c: 69 02        	adc	#$2
    730e: 85 14        	sta	$14                     ; 0x14 <__rc4>
    7310: a5 15        	lda	$15                     ; 0x15 <__rc5>
    7312: 69 00        	adc	#$0
    7314: 85 15        	sta	$15                     ; 0x15 <__rc5>
    7316: 4c 8f 72     	jmp	$728f <_ZN12_GLOBAL__N_15printEPKcP6Status+0x414>
    7319: 86 9f        	stx	$9f                     ; 0x9f <__midigfxpal_size+0x1f>
    731b: 4c a1 72     	jmp	$72a1 <_ZN12_GLOBAL__N_15printEPKcP6Status+0x426>
    731e: c0 58        	cpy	#$58
    7320: f0 03        	beq	$7325 <_ZN12_GLOBAL__N_15printEPKcP6Status+0x4aa>
    7322: 4c be 79     	jmp	$79be <_ZN12_GLOBAL__N_15printEPKcP6Status+0xb43>
    7325: a5 1b        	lda	$1b                     ; 0x1b <__rc11>
    7327: 85 cb        	sta	$cb                     ; 0xcb <__midigfxpal_size+0x4b>
    7329: a4 1a        	ldy	$1a                     ; 0x1a <__rc10>
    732b: 84 cc        	sty	$cc                     ; 0xcc <__midigfxpal_size+0x4c>
    732d: a6 16        	ldx	$16                     ; 0x16 <__rc6>
    732f: 86 ce        	stx	$ce                     ; 0xce <__midigfxpal_size+0x4e>
    7331: a6 17        	ldx	$17                     ; 0x17 <__rc7>
    7333: 86 cd        	stx	$cd                     ; 0xcd <__midigfxpal_size+0x4d>
    7335: a6 18        	ldx	$18                     ; 0x18 <__rc8>
    7337: 86 12        	stx	$12                     ; 0x12 <__rc2>
    7339: a6 19        	ldx	$19                     ; 0x19 <__rc9>
    733b: 86 13        	stx	$13                     ; 0x13 <__rc3>
    733d: a6 12        	ldx	$12                     ; 0x12 <__rc2>
    733f: 86 c8        	stx	$c8                     ; 0xc8 <__midigfxpal_size+0x48>
    7341: a6 13        	ldx	$13                     ; 0x13 <__rc3>
    7343: 86 c9        	stx	$c9                     ; 0xc9 <__midigfxpal_size+0x49>
    7345: a9 10        	lda	#$10
    7347: 4c 09 75     	jmp	$7509 <_ZN12_GLOBAL__N_15printEPKcP6Status+0x68e>
    734a: a5 1b        	lda	$1b                     ; 0x1b <__rc11>
    734c: 85 cb        	sta	$cb                     ; 0xcb <__midigfxpal_size+0x4b>
    734e: a4 1a        	ldy	$1a                     ; 0x1a <__rc10>
    7350: 84 cc        	sty	$cc                     ; 0xcc <__midigfxpal_size+0x4c>
    7352: a6 16        	ldx	$16                     ; 0x16 <__rc6>
    7354: 86 ce        	stx	$ce                     ; 0xce <__midigfxpal_size+0x4e>
    7356: a6 17        	ldx	$17                     ; 0x17 <__rc7>
    7358: 86 cd        	stx	$cd                     ; 0xcd <__midigfxpal_size+0x4d>
    735a: a6 18        	ldx	$18                     ; 0x18 <__rc8>
    735c: 86 12        	stx	$12                     ; 0x12 <__rc2>
    735e: a6 19        	ldx	$19                     ; 0x19 <__rc9>
    7360: 86 13        	stx	$13                     ; 0x13 <__rc3>
    7362: a6 12        	ldx	$12                     ; 0x12 <__rc2>
    7364: 86 c8        	stx	$c8                     ; 0xc8 <__midigfxpal_size+0x48>
    7366: a6 13        	ldx	$13                     ; 0x13 <__rc3>
    7368: 86 c9        	stx	$c9                     ; 0xc9 <__midigfxpal_size+0x49>
    736a: a9 10        	lda	#$10
    736c: 92 9d        	sta	($9d)                   ; 0x9d <__midigfxpal_size+0x1d>
    736e: a5 a3        	lda	$a3                     ; 0xa3 <__midigfxpal_size+0x23>
    7370: 09 84        	ora	#$84
    7372: 80 28        	bra	$739c <_ZN12_GLOBAL__N_15printEPKcP6Status+0x521>
    7374: a5 1b        	lda	$1b                     ; 0x1b <__rc11>
    7376: 85 cb        	sta	$cb                     ; 0xcb <__midigfxpal_size+0x4b>
    7378: a4 1a        	ldy	$1a                     ; 0x1a <__rc10>
    737a: 84 cc        	sty	$cc                     ; 0xcc <__midigfxpal_size+0x4c>
    737c: a6 16        	ldx	$16                     ; 0x16 <__rc6>
    737e: 86 ce        	stx	$ce                     ; 0xce <__midigfxpal_size+0x4e>
    7380: a6 17        	ldx	$17                     ; 0x17 <__rc7>
    7382: 86 cd        	stx	$cd                     ; 0xcd <__midigfxpal_size+0x4d>
    7384: a6 18        	ldx	$18                     ; 0x18 <__rc8>
    7386: 86 12        	stx	$12                     ; 0x12 <__rc2>
    7388: a6 19        	ldx	$19                     ; 0x19 <__rc9>
    738a: 86 13        	stx	$13                     ; 0x13 <__rc3>
    738c: a6 12        	ldx	$12                     ; 0x12 <__rc2>
    738e: 86 c8        	stx	$c8                     ; 0xc8 <__midigfxpal_size+0x48>
    7390: a6 13        	ldx	$13                     ; 0x13 <__rc3>
    7392: 86 c9        	stx	$c9                     ; 0xc9 <__midigfxpal_size+0x49>
    7394: a9 10        	lda	#$10
    7396: 92 9d        	sta	($9d)                   ; 0x9d <__midigfxpal_size+0x1d>
    7398: a5 a3        	lda	$a3                     ; 0xa3 <__midigfxpal_size+0x23>
    739a: 09 80        	ora	#$80
    739c: 85 14        	sta	$14                     ; 0x14 <__rc4>
    739e: a9 00        	lda	#$0
    73a0: 09 01        	ora	#$1
    73a2: aa           	tax
    73a3: a4 9d        	ldy	$9d                     ; 0x9d <__midigfxpal_size+0x1d>
    73a5: 84 12        	sty	$12                     ; 0x12 <__rc2>
    73a7: a4 9e        	ldy	$9e                     ; 0x9e <__midigfxpal_size+0x1e>
    73a9: 84 13        	sty	$13                     ; 0x13 <__rc3>
    73ab: e6 12        	inc	$12                     ; 0x12 <__rc2>
    73ad: d0 02        	bne	$73b1 <_ZN12_GLOBAL__N_15printEPKcP6Status+0x536>
    73af: e6 13        	inc	$13                     ; 0x13 <__rc3>
    73b1: a0 01        	ldy	#$1
    73b3: a5 14        	lda	$14                     ; 0x14 <__rc4>
    73b5: 85 a3        	sta	$a3                     ; 0xa3 <__midigfxpal_size+0x23>
    73b7: 4c 22 75     	jmp	$7522 <_ZN12_GLOBAL__N_15printEPKcP6Status+0x6a7>
    73ba: a4 9d        	ldy	$9d                     ; 0x9d <__midigfxpal_size+0x1d>
    73bc: a5 9d        	lda	$9d                     ; 0x9d <__midigfxpal_size+0x1d>
    73be: 84 16        	sty	$16                     ; 0x16 <__rc6>
    73c0: 18           	clc
    73c1: 69 11        	adc	#$11
    73c3: 85 12        	sta	$12                     ; 0x12 <__rc2>
    73c5: a5 9e        	lda	$9e                     ; 0x9e <__midigfxpal_size+0x1e>
    73c7: 69 00        	adc	#$0
    73c9: 85 13        	sta	$13                     ; 0x13 <__rc3>
    73cb: a0 11        	ldy	#$11
    73cd: b1 9d        	lda	($9d),y                 ; 0x9d <__midigfxpal_size+0x1d>
    73cf: 85 14        	sta	$14                     ; 0x14 <__rc4>
    73d1: 18           	clc
    73d2: 69 02        	adc	#$2
    73d4: 91 9d        	sta	($9d),y                 ; 0x9d <__midigfxpal_size+0x1d>
    73d6: a0 01        	ldy	#$1
    73d8: b1 12        	lda	($12),y                 ; 0x12 <__rc2>
    73da: 85 15        	sta	$15                     ; 0x15 <__rc5>
    73dc: 69 00        	adc	#$0
    73de: 18           	clc
    73df: 91 12        	sta	($12),y                 ; 0x12 <__rc2>
    73e1: b2 14        	lda	($14)                   ; 0x14 <__rc4>
    73e3: 85 12        	sta	$12                     ; 0x12 <__rc2>
    73e5: b1 14        	lda	($14),y                 ; 0x14 <__rc4>
    73e7: 84 17        	sty	$17                     ; 0x17 <__rc7>
    73e9: 85 13        	sta	$13                     ; 0x13 <__rc3>
    73eb: a5 16        	lda	$16                     ; 0x16 <__rc6>
    73ed: 69 05        	adc	#$5
    73ef: 85 14        	sta	$14                     ; 0x14 <__rc4>
    73f1: a5 9e        	lda	$9e                     ; 0x9e <__midigfxpal_size+0x1e>
    73f3: 69 00        	adc	#$0
    73f5: 85 15        	sta	$15                     ; 0x15 <__rc5>
    73f7: a0 05        	ldy	#$5
    73f9: b1 9d        	lda	($9d),y                 ; 0x9d <__midigfxpal_size+0x1d>
    73fb: 85 16        	sta	$16                     ; 0x16 <__rc6>
    73fd: a4 17        	ldy	$17                     ; 0x17 <__rc7>
    73ff: b1 14        	lda	($14),y                 ; 0x14 <__rc4>
    7401: 85 14        	sta	$14                     ; 0x14 <__rc4>
    7403: a5 16        	lda	$16                     ; 0x16 <__rc6>
    7405: 92 12        	sta	($12)                   ; 0x12 <__rc2>
    7407: a5 14        	lda	$14                     ; 0x14 <__rc4>
    7409: 91 12        	sta	($12),y                 ; 0x12 <__rc2>
    740b: e6 18        	inc	$18                     ; 0x18 <__rc8>
    740d: d0 02        	bne	$7411 <_ZN12_GLOBAL__N_15printEPKcP6Status+0x596>
    740f: e6 19        	inc	$19                     ; 0x19 <__rc9>
    7411: a6 18        	ldx	$18                     ; 0x18 <__rc8>
    7413: 86 12        	stx	$12                     ; 0x12 <__rc2>
    7415: a6 19        	ldx	$19                     ; 0x19 <__rc9>
    7417: 4c e1 74     	jmp	$74e1 <_ZN12_GLOBAL__N_15printEPKcP6Status+0x666>
    741a: a0 11        	ldy	#$11
    741c: a5 9d        	lda	$9d                     ; 0x9d <__midigfxpal_size+0x1d>
    741e: 18           	clc
    741f: 69 11        	adc	#$11
    7421: 85 12        	sta	$12                     ; 0x12 <__rc2>
    7423: a5 9e        	lda	$9e                     ; 0x9e <__midigfxpal_size+0x1e>
    7425: 69 00        	adc	#$0
    7427: 85 13        	sta	$13                     ; 0x13 <__rc3>
    7429: b1 9d        	lda	($9d),y                 ; 0x9d <__midigfxpal_size+0x1d>
    742b: aa           	tax
    742c: 84 17        	sty	$17                     ; 0x17 <__rc7>
    742e: a0 01        	ldy	#$1
    7430: b1 12        	lda	($12),y                 ; 0x12 <__rc2>
    7432: 86 14        	stx	$14                     ; 0x14 <__rc4>
    7434: 85 15        	sta	$15                     ; 0x15 <__rc5>
    7436: a8           	tay
    7437: 18           	clc
    7438: 8a           	txa
    7439: 69 02        	adc	#$2
    743b: 85 16        	sta	$16                     ; 0x16 <__rc6>
    743d: 98           	tya
    743e: 69 00        	adc	#$0
    7440: 85 1a        	sta	$1a                     ; 0x1a <__rc10>
    7442: a5 16        	lda	$16                     ; 0x16 <__rc6>
    7444: a4 17        	ldy	$17                     ; 0x17 <__rc7>
    7446: 91 9d        	sta	($9d),y                 ; 0x9d <__midigfxpal_size+0x1d>
    7448: a0 01        	ldy	#$1
    744a: a5 1a        	lda	$1a                     ; 0x1a <__rc10>
    744c: 91 12        	sta	($12),y                 ; 0x12 <__rc2>
    744e: b2 14        	lda	($14)                   ; 0x14 <__rc4>
    7450: 85 12        	sta	$12                     ; 0x12 <__rc2>
    7452: b1 14        	lda	($14),y                 ; 0x14 <__rc4>
    7454: 85 13        	sta	$13                     ; 0x13 <__rc3>
    7456: 4c c2 74     	jmp	$74c2 <_ZN12_GLOBAL__N_15printEPKcP6Status+0x647>
    7459: a5 1b        	lda	$1b                     ; 0x1b <__rc11>
    745b: 85 cb        	sta	$cb                     ; 0xcb <__midigfxpal_size+0x4b>
    745d: a4 1a        	ldy	$1a                     ; 0x1a <__rc10>
    745f: 84 cc        	sty	$cc                     ; 0xcc <__midigfxpal_size+0x4c>
    7461: a6 16        	ldx	$16                     ; 0x16 <__rc6>
    7463: 86 ce        	stx	$ce                     ; 0xce <__midigfxpal_size+0x4e>
    7465: a6 17        	ldx	$17                     ; 0x17 <__rc7>
    7467: 86 cd        	stx	$cd                     ; 0xcd <__midigfxpal_size+0x4d>
    7469: a6 18        	ldx	$18                     ; 0x18 <__rc8>
    746b: 86 12        	stx	$12                     ; 0x12 <__rc2>
    746d: a6 19        	ldx	$19                     ; 0x19 <__rc9>
    746f: 86 13        	stx	$13                     ; 0x13 <__rc3>
    7471: a6 12        	ldx	$12                     ; 0x12 <__rc2>
    7473: 86 c8        	stx	$c8                     ; 0xc8 <__midigfxpal_size+0x48>
    7475: a6 13        	ldx	$13                     ; 0x13 <__rc3>
    7477: 86 c9        	stx	$c9                     ; 0xc9 <__midigfxpal_size+0x49>
    7479: a9 08        	lda	#$8
    747b: 4c 06 75     	jmp	$7506 <_ZN12_GLOBAL__N_15printEPKcP6Status+0x68b>
    747e: a0 11        	ldy	#$11
    7480: a5 9d        	lda	$9d                     ; 0x9d <__midigfxpal_size+0x1d>
    7482: 18           	clc
    7483: 69 11        	adc	#$11
    7485: 85 12        	sta	$12                     ; 0x12 <__rc2>
    7487: a5 9e        	lda	$9e                     ; 0x9e <__midigfxpal_size+0x1e>
    7489: 69 00        	adc	#$0
    748b: 85 13        	sta	$13                     ; 0x13 <__rc3>
    748d: b1 9d        	lda	($9d),y                 ; 0x9d <__midigfxpal_size+0x1d>
    748f: aa           	tax
    7490: 84 17        	sty	$17                     ; 0x17 <__rc7>
    7492: a0 01        	ldy	#$1
    7494: b1 12        	lda	($12),y                 ; 0x12 <__rc2>
    7496: 84 1a        	sty	$1a                     ; 0x1a <__rc10>
    7498: 86 14        	stx	$14                     ; 0x14 <__rc4>
    749a: 85 15        	sta	$15                     ; 0x15 <__rc5>
    749c: a8           	tay
    749d: 18           	clc
    749e: 8a           	txa
    749f: 69 02        	adc	#$2
    74a1: 85 16        	sta	$16                     ; 0x16 <__rc6>
    74a3: 98           	tya
    74a4: 69 00        	adc	#$0
    74a6: 85 1b        	sta	$1b                     ; 0x1b <__rc11>
    74a8: a5 16        	lda	$16                     ; 0x16 <__rc6>
    74aa: a4 17        	ldy	$17                     ; 0x17 <__rc7>
    74ac: 91 9d        	sta	($9d),y                 ; 0x9d <__midigfxpal_size+0x1d>
    74ae: a4 1a        	ldy	$1a                     ; 0x1a <__rc10>
    74b0: a5 1b        	lda	$1b                     ; 0x1b <__rc11>
    74b2: 91 12        	sta	($12),y                 ; 0x12 <__rc2>
    74b4: b2 14        	lda	($14)                   ; 0x14 <__rc4>
    74b6: 85 a8        	sta	$a8                     ; 0xa8 <__midigfxpal_size+0x28>
    74b8: 64 a9        	stz	$a9                     ; 0xa9 <__midigfxpal_size+0x29>
    74ba: a2 a8        	ldx	#$a8
    74bc: a0 00        	ldy	#$0
    74be: 86 12        	stx	$12                     ; 0x12 <__rc2>
    74c0: 84 13        	sty	$13                     ; 0x13 <__rc3>
    74c2: a6 18        	ldx	$18                     ; 0x18 <__rc8>
    74c4: 86 9f        	stx	$9f                     ; 0x9f <__midigfxpal_size+0x1f>
    74c6: a6 19        	ldx	$19                     ; 0x19 <__rc9>
    74c8: 86 a0        	stx	$a0                     ; 0xa0 <__midigfxpal_size+0x20>
    74ca: a6 9d        	ldx	$9d                     ; 0x9d <__midigfxpal_size+0x1d>
    74cc: 86 14        	stx	$14                     ; 0x14 <__rc4>
    74ce: a6 9e        	ldx	$9e                     ; 0x9e <__midigfxpal_size+0x1e>
    74d0: 86 15        	stx	$15                     ; 0x15 <__rc5>
    74d2: 20 d0 7a     	jsr	$7ad0 <_ZN12_GLOBAL__N_112print_stringEPKcP6Status>
    74d5: e6 9f        	inc	$9f                     ; 0x9f <__midigfxpal_size+0x1f>
    74d7: d0 02        	bne	$74db <_ZN12_GLOBAL__N_15printEPKcP6Status+0x660>
    74d9: e6 a0        	inc	$a0                     ; 0xa0 <__midigfxpal_size+0x20>
    74db: a6 9f        	ldx	$9f                     ; 0x9f <__midigfxpal_size+0x1f>
    74dd: 86 12        	stx	$12                     ; 0x12 <__rc2>
    74df: a6 a0        	ldx	$a0                     ; 0xa0 <__midigfxpal_size+0x20>
    74e1: 86 13        	stx	$13                     ; 0x13 <__rc3>
    74e3: 60           	rts
    74e4: a5 1b        	lda	$1b                     ; 0x1b <__rc11>
    74e6: 85 cb        	sta	$cb                     ; 0xcb <__midigfxpal_size+0x4b>
    74e8: a4 1a        	ldy	$1a                     ; 0x1a <__rc10>
    74ea: 84 cc        	sty	$cc                     ; 0xcc <__midigfxpal_size+0x4c>
    74ec: a6 16        	ldx	$16                     ; 0x16 <__rc6>
    74ee: 86 ce        	stx	$ce                     ; 0xce <__midigfxpal_size+0x4e>
    74f0: a6 17        	ldx	$17                     ; 0x17 <__rc7>
    74f2: 86 cd        	stx	$cd                     ; 0xcd <__midigfxpal_size+0x4d>
    74f4: a6 18        	ldx	$18                     ; 0x18 <__rc8>
    74f6: 86 12        	stx	$12                     ; 0x12 <__rc2>
    74f8: a6 19        	ldx	$19                     ; 0x19 <__rc9>
    74fa: 86 13        	stx	$13                     ; 0x13 <__rc3>
    74fc: a6 12        	ldx	$12                     ; 0x12 <__rc2>
    74fe: 86 c8        	stx	$c8                     ; 0xc8 <__midigfxpal_size+0x48>
    7500: a6 13        	ldx	$13                     ; 0x13 <__rc3>
    7502: 86 c9        	stx	$c9                     ; 0xc9 <__midigfxpal_size+0x49>
    7504: a9 0a        	lda	#$a
    7506: aa           	tax
    7507: 86 a4        	stx	$a4                     ; 0xa4 <__midigfxpal_size+0x24>
    7509: 92 9d        	sta	($9d)                   ; 0x9d <__midigfxpal_size+0x1d>
    750b: a9 00        	lda	#$0
    750d: 09 01        	ora	#$1
    750f: aa           	tax
    7510: a4 9d        	ldy	$9d                     ; 0x9d <__midigfxpal_size+0x1d>
    7512: 84 12        	sty	$12                     ; 0x12 <__rc2>
    7514: a4 9e        	ldy	$9e                     ; 0x9e <__midigfxpal_size+0x1e>
    7516: 84 13        	sty	$13                     ; 0x13 <__rc3>
    7518: e6 12        	inc	$12                     ; 0x12 <__rc2>
    751a: d0 02        	bne	$751e <_ZN12_GLOBAL__N_15printEPKcP6Status+0x6a3>
    751c: e6 13        	inc	$13                     ; 0x13 <__rc3>
    751e: a0 01        	ldy	#$1
    7520: a5 a3        	lda	$a3                     ; 0xa3 <__midigfxpal_size+0x23>
    7522: 91 9d        	sta	($9d),y                 ; 0x9d <__midigfxpal_size+0x1d>
    7524: 8a           	txa
    7525: 86 cf        	stx	$cf                     ; 0xcf <__midigfxpal_size+0x4f>
    7527: 91 12        	sta	($12),y                 ; 0x12 <__rc2>
    7529: a2 bf        	ldx	#$bf
    752b: a0 00        	ldy	#$0
    752d: 86 12        	stx	$12                     ; 0x12 <__rc2>
    752f: 84 13        	sty	$13                     ; 0x13 <__rc3>
    7531: e6 12        	inc	$12                     ; 0x12 <__rc2>
    7533: d0 02        	bne	$7537 <_ZN12_GLOBAL__N_15printEPKcP6Status+0x6bc>
    7535: e6 13        	inc	$13                     ; 0x13 <__rc3>
    7537: a0 11        	ldy	#$11
    7539: a2 00        	ldx	#$0
    753b: a5 9d        	lda	$9d                     ; 0x9d <__midigfxpal_size+0x1d>
    753d: 18           	clc
    753e: 69 11        	adc	#$11
    7540: 85 a1        	sta	$a1                     ; 0xa1 <__midigfxpal_size+0x21>
    7542: a5 9e        	lda	$9e                     ; 0x9e <__midigfxpal_size+0x1e>
    7544: 69 00        	adc	#$0
    7546: 85 a2        	sta	$a2                     ; 0xa2 <__midigfxpal_size+0x22>
    7548: b1 9d        	lda	($9d),y                 ; 0x9d <__midigfxpal_size+0x1d>
    754a: 85 a0        	sta	$a0                     ; 0xa0 <__midigfxpal_size+0x20>
    754c: a0 01        	ldy	#$1
    754e: b1 a1        	lda	($a1),y                 ; 0xa1 <__midigfxpal_size+0x21>
    7550: a4 a0        	ldy	$a0                     ; 0xa0 <__midigfxpal_size+0x20>
    7552: 84 14        	sty	$14                     ; 0x14 <__rc4>
    7554: 85 15        	sta	$15                     ; 0x15 <__rc5>
    7556: 85 a7        	sta	$a7                     ; 0xa7 <__midigfxpal_size+0x27>
    7558: 64 a6        	stz	$a6                     ; 0xa6 <__midigfxpal_size+0x26>
    755a: a5 a5        	lda	$a5                     ; 0xa5 <__midigfxpal_size+0x25>
    755c: a4 a5        	ldy	$a5                     ; 0xa5 <__midigfxpal_size+0x25>
    755e: 84 d0        	sty	$d0                     ; 0xd0 <__midigfxpal_size+0x50>
    7560: 20 c6 80     	jsr	$80c6 <memcpy>
    7563: a2 00        	ldx	#$0
    7565: 86 18        	stx	$18                     ; 0x18 <__rc8>
    7567: 18           	clc
    7568: a5 a0        	lda	$a0                     ; 0xa0 <__midigfxpal_size+0x20>
    756a: 65 9f        	adc	$9f                     ; 0x9f <__midigfxpal_size+0x1f>
    756c: aa           	tax
    756d: a5 a7        	lda	$a7                     ; 0xa7 <__midigfxpal_size+0x27>
    756f: 69 00        	adc	#$0
    7571: 85 12        	sta	$12                     ; 0x12 <__rc2>
    7573: a0 11        	ldy	#$11
    7575: 8a           	txa
    7576: 91 9d        	sta	($9d),y                 ; 0x9d <__midigfxpal_size+0x1d>
    7578: a5 12        	lda	$12                     ; 0x12 <__rc2>
    757a: a0 01        	ldy	#$1
    757c: 91 a1        	sta	($a1),y                 ; 0xa1 <__midigfxpal_size+0x21>
    757e: a5 cf        	lda	$cf                     ; 0xcf <__midigfxpal_size+0x4f>
    7580: 29 01        	and	#$1
    7582: d0 4f        	bne	$75d3 <_ZN12_GLOBAL__N_15printEPKcP6Status+0x758>
    7584: a6 d0        	ldx	$d0                     ; 0xd0 <__midigfxpal_size+0x50>
    7586: b4 bf        	ldy	$bf,x                   ; 0xbf <__midigfxpal_size+0x3f>
    7588: a6 cd        	ldx	$cd                     ; 0xcd <__midigfxpal_size+0x4d>
    758a: 86 12        	stx	$12                     ; 0x12 <__rc2>
    758c: a6 ce        	ldx	$ce                     ; 0xce <__midigfxpal_size+0x4e>
    758e: 86 13        	stx	$13                     ; 0x13 <__rc3>
    7590: a6 cc        	ldx	$cc                     ; 0xcc <__midigfxpal_size+0x4c>
    7592: 86 9f        	stx	$9f                     ; 0x9f <__midigfxpal_size+0x1f>
    7594: a6 cb        	ldx	$cb                     ; 0xcb <__midigfxpal_size+0x4b>
    7596: 86 a0        	stx	$a0                     ; 0xa0 <__midigfxpal_size+0x20>
    7598: 98           	tya
    7599: 10 48        	bpl	$75e3 <_ZN12_GLOBAL__N_15printEPKcP6Status+0x768>
    759b: a2 00        	ldx	#$0
    759d: 64 14        	stz	$14                     ; 0x14 <__rc4>
    759f: 38           	sec
    75a0: a9 00        	lda	#$0
    75a2: f5 c0        	sbc	$c0,x                   ; 0xc0 <__midigfxpal_size+0x40>
    75a4: a0 01        	ldy	#$1
    75a6: 84 16        	sty	$16                     ; 0x16 <__rc6>
    75a8: 88           	dey
    75a9: b0 02        	bcs	$75ad <_ZN12_GLOBAL__N_15printEPKcP6Status+0x732>
    75ab: a0 01        	ldy	#$1
    75ad: 38           	sec
    75ae: e5 14        	sbc	$14                     ; 0x14 <__rc4>
    75b0: 85 15        	sta	$15                     ; 0x15 <__rc5>
    75b2: 64 14        	stz	$14                     ; 0x14 <__rc4>
    75b4: b0 04        	bcs	$75ba <_ZN12_GLOBAL__N_15printEPKcP6Status+0x73f>
    75b6: a5 16        	lda	$16                     ; 0x16 <__rc6>
    75b8: 85 14        	sta	$14                     ; 0x14 <__rc4>
    75ba: 98           	tya
    75bb: 05 14        	ora	$14                     ; 0x14 <__rc4>
    75bd: 85 14        	sta	$14                     ; 0x14 <__rc4>
    75bf: a5 15        	lda	$15                     ; 0x15 <__rc5>
    75c1: 9d c0 00     	sta	$c0,x                   ; 0xc0 <__midigfxpal_size+0x40>
    75c4: e8           	inx
    75c5: 86 15        	stx	$15                     ; 0x15 <__rc5>
    75c7: a4 a5        	ldy	$a5                     ; 0xa5 <__midigfxpal_size+0x25>
    75c9: c4 15        	cpy	$15                     ; 0x15 <__rc5>
    75cb: d0 d2        	bne	$759f <_ZN12_GLOBAL__N_15printEPKcP6Status+0x724>
    75cd: a2 01        	ldx	#$1
    75cf: 86 18        	stx	$18                     ; 0x18 <__rc8>
    75d1: 80 10        	bra	$75e3 <_ZN12_GLOBAL__N_15printEPKcP6Status+0x768>
    75d3: a6 cd        	ldx	$cd                     ; 0xcd <__midigfxpal_size+0x4d>
    75d5: 86 12        	stx	$12                     ; 0x12 <__rc2>
    75d7: a6 ce        	ldx	$ce                     ; 0xce <__midigfxpal_size+0x4e>
    75d9: 86 13        	stx	$13                     ; 0x13 <__rc3>
    75db: a6 cc        	ldx	$cc                     ; 0xcc <__midigfxpal_size+0x4c>
    75dd: 86 9f        	stx	$9f                     ; 0x9f <__midigfxpal_size+0x1f>
    75df: a6 cb        	ldx	$cb                     ; 0xcb <__midigfxpal_size+0x4b>
    75e1: 86 a0        	stx	$a0                     ; 0xa0 <__midigfxpal_size+0x20>
    75e3: a5 a5        	lda	$a5                     ; 0xa5 <__midigfxpal_size+0x25>
    75e5: 0a           	asl
    75e6: 0a           	asl
    75e7: 0a           	asl
    75e8: 85 14        	sta	$14                     ; 0x14 <__rc4>
    75ea: a0 00        	ldy	#$0
    75ec: 98           	tya
    75ed: f0 50        	beq	$763f <_ZN12_GLOBAL__N_15printEPKcP6Status+0x7c4>
    75ef: 84 17        	sty	$17                     ; 0x17 <__rc7>
    75f1: 88           	dey
    75f2: 84 19        	sty	$19                     ; 0x19 <__rc9>
    75f4: a2 00        	ldx	#$0
    75f6: 64 15        	stz	$15                     ; 0x15 <__rc5>
    75f8: 80 0d        	bra	$7607 <_ZN12_GLOBAL__N_15printEPKcP6Status+0x78c>
    75fa: a4 15        	ldy	$15                     ; 0x15 <__rc5>
    75fc: 99 aa 00     	sta	$aa,y                   ; 0xaa <__midigfxpal_size+0x2a>
    75ff: a4 19        	ldy	$19                     ; 0x19 <__rc9>
    7601: c4 15        	cpy	$15                     ; 0x15 <__rc5>
    7603: f0 46        	beq	$764b <_ZN12_GLOBAL__N_15printEPKcP6Status+0x7d0>
    7605: e6 15        	inc	$15                     ; 0x15 <__rc5>
    7607: a4 15        	ldy	$15                     ; 0x15 <__rc5>
    7609: b9 aa 00     	lda	$aa,y                   ; 0xaa <__midigfxpal_size+0x2a>
    760c: 0a           	asl
    760d: e0 00        	cpx	#$0
    760f: f0 02        	beq	$7613 <_ZN12_GLOBAL__N_15printEPKcP6Status+0x798>
    7611: 09 01        	ora	#$1
    7613: a4 a4        	ldy	$a4                     ; 0xa4 <__midigfxpal_size+0x24>
    7615: 84 16        	sty	$16                     ; 0x16 <__rc6>
    7617: c5 16        	cmp	$16                     ; 0x16 <__rc6>
    7619: a2 01        	ldx	#$1
    761b: b0 02        	bcs	$761f <_ZN12_GLOBAL__N_15printEPKcP6Status+0x7a4>
    761d: a2 00        	ldx	#$0
    761f: 90 d9        	bcc	$75fa <_ZN12_GLOBAL__N_15printEPKcP6Status+0x77f>
    7621: 84 16        	sty	$16                     ; 0x16 <__rc6>
    7623: 38           	sec
    7624: e5 16        	sbc	$16                     ; 0x16 <__rc6>
    7626: a4 15        	ldy	$15                     ; 0x15 <__rc5>
    7628: 99 aa 00     	sta	$aa,y                   ; 0xaa <__midigfxpal_size+0x2a>
    762b: a4 19        	ldy	$19                     ; 0x19 <__rc9>
    762d: c4 15        	cpy	$15                     ; 0x15 <__rc5>
    762f: d0 d4        	bne	$7605 <_ZN12_GLOBAL__N_15printEPKcP6Status+0x78a>
    7631: a4 17        	ldy	$17                     ; 0x17 <__rc7>
    7633: a6 17        	ldx	$17                     ; 0x17 <__rc7>
    7635: e8           	inx
    7636: a9 01        	lda	#$1
    7638: 99 aa 00     	sta	$aa,y                   ; 0xaa <__midigfxpal_size+0x2a>
    763b: da           	phx
    763c: 7a           	ply
    763d: 80 0e        	bra	$764d <_ZN12_GLOBAL__N_15printEPKcP6Status+0x7d2>
    763f: a6 a5        	ldx	$a5                     ; 0xa5 <__midigfxpal_size+0x25>
    7641: b5 bf        	lda	$bf,x                   ; 0xbf <__midigfxpal_size+0x3f>
    7643: aa           	tax
    7644: a0 00        	ldy	#$0
    7646: 8a           	txa
    7647: 30 36        	bmi	$767f <_ZN12_GLOBAL__N_15printEPKcP6Status+0x804>
    7649: 80 3e        	bra	$7689 <_ZN12_GLOBAL__N_15printEPKcP6Status+0x80e>
    764b: a4 17        	ldy	$17                     ; 0x17 <__rc7>
    764d: a6 a5        	ldx	$a5                     ; 0xa5 <__midigfxpal_size+0x25>
    764f: b5 bf        	lda	$bf,x                   ; 0xbf <__midigfxpal_size+0x3f>
    7651: aa           	tax
    7652: 10 35        	bpl	$7689 <_ZN12_GLOBAL__N_15printEPKcP6Status+0x80e>
    7654: 98           	tya
    7655: f0 26        	beq	$767d <_ZN12_GLOBAL__N_15printEPKcP6Status+0x802>
    7657: 84 16        	sty	$16                     ; 0x16 <__rc6>
    7659: a2 00        	ldx	#$0
    765b: a4 a4        	ldy	$a4                     ; 0xa4 <__midigfxpal_size+0x24>
    765d: b5 aa        	lda	$aa,x                   ; 0xaa <__midigfxpal_size+0x2a>
    765f: 1a           	inc
    7660: f6 aa        	inc	$aa,x                   ; 0xaa <__midigfxpal_size+0x2a>
    7662: 84 15        	sty	$15                     ; 0x15 <__rc5>
    7664: c5 15        	cmp	$15                     ; 0x15 <__rc5>
    7666: 90 4e        	bcc	$76b6 <_ZN12_GLOBAL__N_15printEPKcP6Status+0x83b>
    7668: 84 15        	sty	$15                     ; 0x15 <__rc5>
    766a: 38           	sec
    766b: e5 15        	sbc	$15                     ; 0x15 <__rc5>
    766d: 9d aa 00     	sta	$aa,x                   ; 0xaa <__midigfxpal_size+0x2a>
    7670: e8           	inx
    7671: 86 15        	stx	$15                     ; 0x15 <__rc5>
    7673: a5 16        	lda	$16                     ; 0x16 <__rc6>
    7675: c5 15        	cmp	$15                     ; 0x15 <__rc5>
    7677: d0 e4        	bne	$765d <_ZN12_GLOBAL__N_15printEPKcP6Status+0x7e2>
    7679: a4 16        	ldy	$16                     ; 0x16 <__rc6>
    767b: 80 02        	bra	$767f <_ZN12_GLOBAL__N_15printEPKcP6Status+0x804>
    767d: a0 00        	ldy	#$0
    767f: 5a           	phy
    7680: fa           	plx
    7681: e8           	inx
    7682: a9 01        	lda	#$1
    7684: 99 aa 00     	sta	$aa,y                   ; 0xaa <__midigfxpal_size+0x2a>
    7687: da           	phx
    7688: 7a           	ply
    7689: 84 19        	sty	$19                     ; 0x19 <__rc9>
    768b: 64 15        	stz	$15                     ; 0x15 <__rc5>
    768d: a2 00        	ldx	#$0
    768f: a4 a5        	ldy	$a5                     ; 0xa5 <__midigfxpal_size+0x25>
    7691: b5 c0        	lda	$c0,x                   ; 0xc0 <__midigfxpal_size+0x40>
    7693: 0a           	asl
    7694: 64 16        	stz	$16                     ; 0x16 <__rc6>
    7696: 26 16        	rol	$16                     ; 0x16 <__rc6>
    7698: 05 15        	ora	$15                     ; 0x15 <__rc5>
    769a: 9d c0 00     	sta	$c0,x                   ; 0xc0 <__midigfxpal_size+0x40>
    769d: e8           	inx
    769e: 86 17        	stx	$17                     ; 0x17 <__rc7>
    76a0: a5 16        	lda	$16                     ; 0x16 <__rc6>
    76a2: 85 15        	sta	$15                     ; 0x15 <__rc5>
    76a4: c4 17        	cpy	$17                     ; 0x17 <__rc7>
    76a6: d0 e9        	bne	$7691 <_ZN12_GLOBAL__N_15printEPKcP6Status+0x816>
    76a8: a6 a6        	ldx	$a6                     ; 0xa6 <__midigfxpal_size+0x26>
    76aa: e8           	inx
    76ab: 86 a6        	stx	$a6                     ; 0xa6 <__midigfxpal_size+0x26>
    76ad: e4 14        	cpx	$14                     ; 0x14 <__rc4>
    76af: a4 19        	ldy	$19                     ; 0x19 <__rc9>
    76b1: b0 07        	bcs	$76ba <_ZN12_GLOBAL__N_15printEPKcP6Status+0x83f>
    76b3: 4c ec 75     	jmp	$75ec <_ZN12_GLOBAL__N_15printEPKcP6Status+0x771>
    76b6: a4 16        	ldy	$16                     ; 0x16 <__rc6>
    76b8: 80 cf        	bra	$7689 <_ZN12_GLOBAL__N_15printEPKcP6Status+0x80e>
    76ba: a5 a3        	lda	$a3                     ; 0xa3 <__midigfxpal_size+0x23>
    76bc: a6 a0        	ldx	$a0                     ; 0xa0 <__midigfxpal_size+0x20>
    76be: 10 06        	bpl	$76c6 <_ZN12_GLOBAL__N_15printEPKcP6Status+0x84b>
    76c0: a2 01        	ldx	#$1
    76c2: 64 a0        	stz	$a0                     ; 0xa0 <__midigfxpal_size+0x20>
    76c4: 86 9f        	stx	$9f                     ; 0x9f <__midigfxpal_size+0x1f>
    76c6: 29 04        	and	#$4
    76c8: f0 29        	beq	$76f3 <_ZN12_GLOBAL__N_15printEPKcP6Status+0x878>
    76ca: a6 a4        	ldx	$a4                     ; 0xa4 <__midigfxpal_size+0x24>
    76cc: e0 10        	cpx	#$10
    76ce: f0 12        	beq	$76e2 <_ZN12_GLOBAL__N_15printEPKcP6Status+0x867>
    76d0: e0 08        	cpx	#$8
    76d2: d0 1f        	bne	$76f3 <_ZN12_GLOBAL__N_15printEPKcP6Status+0x878>
    76d4: a2 00        	ldx	#$0
    76d6: e4 a0        	cpx	$a0                     ; 0xa0 <__midigfxpal_size+0x20>
    76d8: f0 03        	beq	$76dd <_ZN12_GLOBAL__N_15printEPKcP6Status+0x862>
    76da: 4c bf 79     	jmp	$79bf <_ZN12_GLOBAL__N_15printEPKcP6Status+0xb44>
    76dd: c4 9f        	cpy	$9f                     ; 0x9f <__midigfxpal_size+0x1f>
    76df: 4c c1 79     	jmp	$79c1 <_ZN12_GLOBAL__N_15printEPKcP6Status+0xb46>
    76e2: 98           	tya
    76e3: f0 0e        	beq	$76f3 <_ZN12_GLOBAL__N_15printEPKcP6Status+0x878>
    76e5: a5 a3        	lda	$a3                     ; 0xa3 <__midigfxpal_size+0x23>
    76e7: 29 80        	and	#$80
    76e9: d0 03        	bne	$76ee <_ZN12_GLOBAL__N_15printEPKcP6Status+0x873>
    76eb: 4c d4 79     	jmp	$79d4 <_ZN12_GLOBAL__N_15printEPKcP6Status+0xb59>
    76ee: a2 78        	ldx	#$78
    76f0: 4c d6 79     	jmp	$79d6 <_ZN12_GLOBAL__N_15printEPKcP6Status+0xb5b>
    76f3: a5 a3        	lda	$a3                     ; 0xa3 <__midigfxpal_size+0x23>
    76f5: a2 2d        	ldx	#$2d
    76f7: e6 18        	inc	$18                     ; 0x18 <__rc8>
    76f9: c6 18        	dec	$18                     ; 0x18 <__rc8>
    76fb: d0 1a        	bne	$7717 <_ZN12_GLOBAL__N_15printEPKcP6Status+0x89c>
    76fd: 85 14        	sta	$14                     ; 0x14 <__rc4>
    76ff: 29 02        	and	#$2
    7701: a2 2b        	ldx	#$2b
    7703: c9 00        	cmp	#$0
    7705: d0 10        	bne	$7717 <_ZN12_GLOBAL__N_15printEPKcP6Status+0x89c>
    7707: a5 14        	lda	$14                     ; 0x14 <__rc4>
    7709: 29 08        	and	#$8
    770b: d0 08        	bne	$7715 <_ZN12_GLOBAL__N_15printEPKcP6Status+0x89a>
    770d: a2 01        	ldx	#$1
    770f: 86 a6        	stx	$a6                     ; 0xa6 <__midigfxpal_size+0x26>
    7711: a9 00        	lda	#$0
    7713: 80 0a        	bra	$771f <_ZN12_GLOBAL__N_15printEPKcP6Status+0x8a4>
    7715: a2 20        	ldx	#$20
    7717: 86 a5        	stx	$a5                     ; 0xa5 <__midigfxpal_size+0x25>
    7719: a2 00        	ldx	#$0
    771b: 86 a6        	stx	$a6                     ; 0xa6 <__midigfxpal_size+0x26>
    771d: a9 01        	lda	#$1
    771f: a6 a0        	ldx	$a0                     ; 0xa0 <__midigfxpal_size+0x20>
    7721: d0 08        	bne	$772b <_ZN12_GLOBAL__N_15printEPKcP6Status+0x8b0>
    7723: a6 9f        	ldx	$9f                     ; 0x9f <__midigfxpal_size+0x1f>
    7725: 84 14        	sty	$14                     ; 0x14 <__rc4>
    7727: e4 14        	cpx	$14                     ; 0x14 <__rc4>
    7729: 80 04        	bra	$772f <_ZN12_GLOBAL__N_15printEPKcP6Status+0x8b4>
    772b: a6 a0        	ldx	$a0                     ; 0xa0 <__midigfxpal_size+0x20>
    772d: e0 00        	cpx	#$0
    772f: a6 9f        	ldx	$9f                     ; 0x9f <__midigfxpal_size+0x1f>
    7731: 86 14        	stx	$14                     ; 0x14 <__rc4>
    7733: a6 a0        	ldx	$a0                     ; 0xa0 <__midigfxpal_size+0x20>
    7735: 86 15        	stx	$15                     ; 0x15 <__rc5>
    7737: b0 04        	bcs	$773d <_ZN12_GLOBAL__N_15printEPKcP6Status+0x8c2>
    7739: 84 14        	sty	$14                     ; 0x14 <__rc4>
    773b: 64 15        	stz	$15                     ; 0x15 <__rc5>
    773d: 18           	clc
    773e: aa           	tax
    773f: 65 14        	adc	$14                     ; 0x14 <__rc4>
    7741: 85 18        	sta	$18                     ; 0x18 <__rc8>
    7743: 85 16        	sta	$16                     ; 0x16 <__rc6>
    7745: a5 15        	lda	$15                     ; 0x15 <__rc5>
    7747: 69 00        	adc	#$0
    7749: 85 17        	sta	$17                     ; 0x17 <__rc7>
    774b: 84 a2        	sty	$a2                     ; 0xa2 <__midigfxpal_size+0x22>
    774d: c5 12        	cmp	$12                     ; 0x12 <__rc2>
    774f: d0 06        	bne	$7757 <_ZN12_GLOBAL__N_15printEPKcP6Status+0x8dc>
    7751: a4 18        	ldy	$18                     ; 0x18 <__rc8>
    7753: c4 13        	cpy	$13                     ; 0x13 <__rc3>
    7755: 80 02        	bra	$7759 <_ZN12_GLOBAL__N_15printEPKcP6Status+0x8de>
    7757: c5 12        	cmp	$12                     ; 0x12 <__rc2>
    7759: 64 a1        	stz	$a1                     ; 0xa1 <__midigfxpal_size+0x21>
    775b: 90 05        	bcc	$7762 <_ZN12_GLOBAL__N_15printEPKcP6Status+0x8e7>
    775d: 64 a3        	stz	$a3                     ; 0xa3 <__midigfxpal_size+0x23>
    775f: 4c b3 77     	jmp	$77b3 <_ZN12_GLOBAL__N_15printEPKcP6Status+0x938>
    7762: a5 a3        	lda	$a3                     ; 0xa3 <__midigfxpal_size+0x23>
    7764: 29 11        	and	#$11
    7766: f0 0f        	beq	$7777 <_ZN12_GLOBAL__N_15printEPKcP6Status+0x8fc>
    7768: a5 13        	lda	$13                     ; 0x13 <__rc3>
    776a: 38           	sec
    776b: e5 16        	sbc	$16                     ; 0x16 <__rc6>
    776d: 85 a1        	sta	$a1                     ; 0xa1 <__midigfxpal_size+0x21>
    776f: a5 12        	lda	$12                     ; 0x12 <__rc2>
    7771: e5 17        	sbc	$17                     ; 0x17 <__rc7>
    7773: 85 a3        	sta	$a3                     ; 0xa3 <__midigfxpal_size+0x23>
    7775: 80 3c        	bra	$77b3 <_ZN12_GLOBAL__N_15printEPKcP6Status+0x938>
    7777: 8a           	txa
    7778: 38           	sec
    7779: e5 13        	sbc	$13                     ; 0x13 <__rc3>
    777b: aa           	tax
    777c: a9 00        	lda	#$0
    777e: e5 12        	sbc	$12                     ; 0x12 <__rc2>
    7780: 85 12        	sta	$12                     ; 0x12 <__rc2>
    7782: 18           	clc
    7783: 8a           	txa
    7784: 65 14        	adc	$14                     ; 0x14 <__rc4>
    7786: 85 a1        	sta	$a1                     ; 0xa1 <__midigfxpal_size+0x21>
    7788: a5 12        	lda	$12                     ; 0x12 <__rc2>
    778a: 65 15        	adc	$15                     ; 0x15 <__rc5>
    778c: 85 a3        	sta	$a3                     ; 0xa3 <__midigfxpal_size+0x23>
    778e: a2 20        	ldx	#$20
    7790: 86 a7        	stx	$a7                     ; 0xa7 <__midigfxpal_size+0x27>
    7792: a6 9d        	ldx	$9d                     ; 0x9d <__midigfxpal_size+0x1d>
    7794: 86 12        	stx	$12                     ; 0x12 <__rc2>
    7796: a6 9e        	ldx	$9e                     ; 0x9e <__midigfxpal_size+0x1e>
    7798: 86 13        	stx	$13                     ; 0x13 <__rc3>
    779a: a5 a7        	lda	$a7                     ; 0xa7 <__midigfxpal_size+0x27>
    779c: 20 f1 79     	jsr	$79f1 <_ZN12_GLOBAL__N_13putEcP6Status>
    779f: a6 a3        	ldx	$a3                     ; 0xa3 <__midigfxpal_size+0x23>
    77a1: e6 a1        	inc	$a1                     ; 0xa1 <__midigfxpal_size+0x21>
    77a3: d0 01        	bne	$77a6 <_ZN12_GLOBAL__N_15printEPKcP6Status+0x92b>
    77a5: e8           	inx
    77a6: 86 a3        	stx	$a3                     ; 0xa3 <__midigfxpal_size+0x23>
    77a8: 8a           	txa
    77a9: d0 e7        	bne	$7792 <_ZN12_GLOBAL__N_15printEPKcP6Status+0x917>
    77ab: a5 a1        	lda	$a1                     ; 0xa1 <__midigfxpal_size+0x21>
    77ad: d0 e3        	bne	$7792 <_ZN12_GLOBAL__N_15printEPKcP6Status+0x917>
    77af: 64 a3        	stz	$a3                     ; 0xa3 <__midigfxpal_size+0x23>
    77b1: 64 a1        	stz	$a1                     ; 0xa1 <__midigfxpal_size+0x21>
    77b3: a5 a6        	lda	$a6                     ; 0xa6 <__midigfxpal_size+0x26>
    77b5: d0 0d        	bne	$77c4 <_ZN12_GLOBAL__N_15printEPKcP6Status+0x949>
    77b7: a6 9d        	ldx	$9d                     ; 0x9d <__midigfxpal_size+0x1d>
    77b9: 86 12        	stx	$12                     ; 0x12 <__rc2>
    77bb: a6 9e        	ldx	$9e                     ; 0x9e <__midigfxpal_size+0x1e>
    77bd: 86 13        	stx	$13                     ; 0x13 <__rc3>
    77bf: a5 a5        	lda	$a5                     ; 0xa5 <__midigfxpal_size+0x25>
    77c1: 20 f1 79     	jsr	$79f1 <_ZN12_GLOBAL__N_13putEcP6Status>
    77c4: a6 ca        	ldx	$ca                     ; 0xca <__midigfxpal_size+0x4a>
    77c6: f0 0d        	beq	$77d5 <_ZN12_GLOBAL__N_15printEPKcP6Status+0x95a>
    77c8: a6 9d        	ldx	$9d                     ; 0x9d <__midigfxpal_size+0x1d>
    77ca: 86 12        	stx	$12                     ; 0x12 <__rc2>
    77cc: a6 9e        	ldx	$9e                     ; 0x9e <__midigfxpal_size+0x1e>
    77ce: 86 13        	stx	$13                     ; 0x13 <__rc3>
    77d0: a5 a4        	lda	$a4                     ; 0xa4 <__midigfxpal_size+0x24>
    77d2: 20 f1 79     	jsr	$79f1 <_ZN12_GLOBAL__N_13putEcP6Status>
    77d5: a0 01        	ldy	#$1
    77d7: b1 9d        	lda	($9d),y                 ; 0x9d <__midigfxpal_size+0x1d>
    77d9: aa           	tax
    77da: 29 10        	and	#$10
    77dc: f0 3a        	beq	$7818 <_ZN12_GLOBAL__N_15printEPKcP6Status+0x99d>
    77de: 8a           	txa
    77df: 29 01        	and	#$1
    77e1: a6 a2        	ldx	$a2                     ; 0xa2 <__midigfxpal_size+0x22>
    77e3: a8           	tay
    77e4: d0 34        	bne	$781a <_ZN12_GLOBAL__N_15printEPKcP6Status+0x99f>
    77e6: a5 a3        	lda	$a3                     ; 0xa3 <__midigfxpal_size+0x23>
    77e8: d0 07        	bne	$77f1 <_ZN12_GLOBAL__N_15printEPKcP6Status+0x976>
    77ea: a5 a1        	lda	$a1                     ; 0xa1 <__midigfxpal_size+0x21>
    77ec: d0 03        	bne	$77f1 <_ZN12_GLOBAL__N_15printEPKcP6Status+0x976>
    77ee: 4c ea 79     	jmp	$79ea <_ZN12_GLOBAL__N_15printEPKcP6Status+0xb6f>
    77f1: a2 30        	ldx	#$30
    77f3: 86 a4        	stx	$a4                     ; 0xa4 <__midigfxpal_size+0x24>
    77f5: a6 9d        	ldx	$9d                     ; 0x9d <__midigfxpal_size+0x1d>
    77f7: 86 12        	stx	$12                     ; 0x12 <__rc2>
    77f9: a6 9e        	ldx	$9e                     ; 0x9e <__midigfxpal_size+0x1e>
    77fb: 86 13        	stx	$13                     ; 0x13 <__rc3>
    77fd: a5 a4        	lda	$a4                     ; 0xa4 <__midigfxpal_size+0x24>
    77ff: 20 f1 79     	jsr	$79f1 <_ZN12_GLOBAL__N_13putEcP6Status>
    7802: a2 ff        	ldx	#$ff
    7804: c6 a1        	dec	$a1                     ; 0xa1 <__midigfxpal_size+0x21>
    7806: e4 a1        	cpx	$a1                     ; 0xa1 <__midigfxpal_size+0x21>
    7808: d0 02        	bne	$780c <_ZN12_GLOBAL__N_15printEPKcP6Status+0x991>
    780a: c6 a3        	dec	$a3                     ; 0xa3 <__midigfxpal_size+0x23>
    780c: a5 a3        	lda	$a3                     ; 0xa3 <__midigfxpal_size+0x23>
    780e: d0 e5        	bne	$77f5 <_ZN12_GLOBAL__N_15printEPKcP6Status+0x97a>
    7810: a5 a1        	lda	$a1                     ; 0xa1 <__midigfxpal_size+0x21>
    7812: d0 e1        	bne	$77f5 <_ZN12_GLOBAL__N_15printEPKcP6Status+0x97a>
    7814: 64 a1        	stz	$a1                     ; 0xa1 <__midigfxpal_size+0x21>
    7816: 64 a3        	stz	$a3                     ; 0xa3 <__midigfxpal_size+0x23>
    7818: a6 a2        	ldx	$a2                     ; 0xa2 <__midigfxpal_size+0x22>
    781a: a0 00        	ldy	#$0
    781c: c4 a0        	cpy	$a0                     ; 0xa0 <__midigfxpal_size+0x20>
    781e: d0 06        	bne	$7826 <_ZN12_GLOBAL__N_15printEPKcP6Status+0x9ab>
    7820: e4 9f        	cpx	$9f                     ; 0x9f <__midigfxpal_size+0x1f>
    7822: 90 06        	bcc	$782a <_ZN12_GLOBAL__N_15printEPKcP6Status+0x9af>
    7824: 80 33        	bra	$7859 <_ZN12_GLOBAL__N_15printEPKcP6Status+0x9de>
    7826: c4 a0        	cpy	$a0                     ; 0xa0 <__midigfxpal_size+0x20>
    7828: b0 2f        	bcs	$7859 <_ZN12_GLOBAL__N_15printEPKcP6Status+0x9de>
    782a: a2 30        	ldx	#$30
    782c: 86 a4        	stx	$a4                     ; 0xa4 <__midigfxpal_size+0x24>
    782e: a2 ff        	ldx	#$ff
    7830: c6 9f        	dec	$9f                     ; 0x9f <__midigfxpal_size+0x1f>
    7832: e4 9f        	cpx	$9f                     ; 0x9f <__midigfxpal_size+0x1f>
    7834: d0 02        	bne	$7838 <_ZN12_GLOBAL__N_15printEPKcP6Status+0x9bd>
    7836: c6 a0        	dec	$a0                     ; 0xa0 <__midigfxpal_size+0x20>
    7838: a6 9d        	ldx	$9d                     ; 0x9d <__midigfxpal_size+0x1d>
    783a: 86 12        	stx	$12                     ; 0x12 <__rc2>
    783c: a6 9e        	ldx	$9e                     ; 0x9e <__midigfxpal_size+0x1e>
    783e: 86 13        	stx	$13                     ; 0x13 <__rc3>
    7840: a5 a4        	lda	$a4                     ; 0xa4 <__midigfxpal_size+0x24>
    7842: 20 f1 79     	jsr	$79f1 <_ZN12_GLOBAL__N_13putEcP6Status>
    7845: a2 00        	ldx	#$0
    7847: e4 a0        	cpx	$a0                     ; 0xa0 <__midigfxpal_size+0x20>
    7849: d0 08        	bne	$7853 <_ZN12_GLOBAL__N_15printEPKcP6Status+0x9d8>
    784b: a6 a2        	ldx	$a2                     ; 0xa2 <__midigfxpal_size+0x22>
    784d: e4 9f        	cpx	$9f                     ; 0x9f <__midigfxpal_size+0x1f>
    784f: 90 dd        	bcc	$782e <_ZN12_GLOBAL__N_15printEPKcP6Status+0x9b3>
    7851: 80 06        	bra	$7859 <_ZN12_GLOBAL__N_15printEPKcP6Status+0x9de>
    7853: e4 a0        	cpx	$a0                     ; 0xa0 <__midigfxpal_size+0x20>
    7855: a6 a2        	ldx	$a2                     ; 0xa2 <__midigfxpal_size+0x22>
    7857: 90 d5        	bcc	$782e <_ZN12_GLOBAL__N_15printEPKcP6Status+0x9b3>
    7859: a4 a1        	ldy	$a1                     ; 0xa1 <__midigfxpal_size+0x21>
    785b: 84 a2        	sty	$a2                     ; 0xa2 <__midigfxpal_size+0x22>
    785d: 8a           	txa
    785e: d0 03        	bne	$7863 <_ZN12_GLOBAL__N_15printEPKcP6Status+0x9e8>
    7860: 4c f3 78     	jmp	$78f3 <_ZN12_GLOBAL__N_15printEPKcP6Status+0xa78>
    7863: ca           	dex
    7864: d0 03        	bne	$7869 <_ZN12_GLOBAL__N_15printEPKcP6Status+0x9ee>
    7866: 4c c4 78     	jmp	$78c4 <_ZN12_GLOBAL__N_15printEPKcP6Status+0xa49>
    7869: 86 a1        	stx	$a1                     ; 0xa1 <__midigfxpal_size+0x21>
    786b: a9 a8        	lda	#$a8
    786d: 18           	clc
    786e: 65 a1        	adc	$a1                     ; 0xa1 <__midigfxpal_size+0x21>
    7870: aa           	tax
    7871: a9 00        	lda	#$0
    7873: 69 00        	adc	#$0
    7875: 85 12        	sta	$12                     ; 0x12 <__rc2>
    7877: 18           	clc
    7878: 8a           	txa
    7879: 69 02        	adc	#$2
    787b: 85 9f        	sta	$9f                     ; 0x9f <__midigfxpal_size+0x1f>
    787d: a5 12        	lda	$12                     ; 0x12 <__rc2>
    787f: 69 00        	adc	#$0
    7881: 85 a0        	sta	$a0                     ; 0xa0 <__midigfxpal_size+0x20>
    7883: 80 35        	bra	$78ba <_ZN12_GLOBAL__N_15printEPKcP6Status+0xa3f>
    7885: 85 13        	sta	$13                     ; 0x13 <__rc3>
    7887: a9 80        	lda	#$80
    7889: a0 01        	ldy	#$1
    788b: 31 9d        	and	($9d),y                 ; 0x9d <__midigfxpal_size+0x1d>
    788d: f0 04        	beq	$7893 <_ZN12_GLOBAL__N_15printEPKcP6Status+0xa18>
    788f: a2 61        	ldx	#$61
    7891: 80 02        	bra	$7895 <_ZN12_GLOBAL__N_15printEPKcP6Status+0xa1a>
    7893: a2 41        	ldx	#$41
    7895: 86 12        	stx	$12                     ; 0x12 <__rc2>
    7897: 18           	clc
    7898: a5 13        	lda	$13                     ; 0x13 <__rc3>
    789a: 65 12        	adc	$12                     ; 0x12 <__rc2>
    789c: 18           	clc
    789d: 69 f6        	adc	#$f6
    789f: a6 9d        	ldx	$9d                     ; 0x9d <__midigfxpal_size+0x1d>
    78a1: 86 12        	stx	$12                     ; 0x12 <__rc2>
    78a3: a6 9e        	ldx	$9e                     ; 0x9e <__midigfxpal_size+0x1e>
    78a5: 86 13        	stx	$13                     ; 0x13 <__rc3>
    78a7: 20 f1 79     	jsr	$79f1 <_ZN12_GLOBAL__N_13putEcP6Status>
    78aa: c6 a1        	dec	$a1                     ; 0xa1 <__midigfxpal_size+0x21>
    78ac: a2 ff        	ldx	#$ff
    78ae: c6 9f        	dec	$9f                     ; 0x9f <__midigfxpal_size+0x1f>
    78b0: e4 9f        	cpx	$9f                     ; 0x9f <__midigfxpal_size+0x1f>
    78b2: d0 02        	bne	$78b6 <_ZN12_GLOBAL__N_15printEPKcP6Status+0xa3b>
    78b4: c6 a0        	dec	$a0                     ; 0xa0 <__midigfxpal_size+0x20>
    78b6: a5 a1        	lda	$a1                     ; 0xa1 <__midigfxpal_size+0x21>
    78b8: f0 0a        	beq	$78c4 <_ZN12_GLOBAL__N_15printEPKcP6Status+0xa49>
    78ba: b2 9f        	lda	($9f)                   ; 0x9f <__midigfxpal_size+0x1f>
    78bc: c9 0a        	cmp	#$a
    78be: b0 c5        	bcs	$7885 <_ZN12_GLOBAL__N_15printEPKcP6Status+0xa0a>
    78c0: 09 30        	ora	#$30
    78c2: 80 db        	bra	$789f <_ZN12_GLOBAL__N_15printEPKcP6Status+0xa24>
    78c4: a5 aa        	lda	$aa                     ; 0xaa <__midigfxpal_size+0x2a>
    78c6: c9 0a        	cmp	#$a
    78c8: b0 04        	bcs	$78ce <_ZN12_GLOBAL__N_15printEPKcP6Status+0xa53>
    78ca: 09 30        	ora	#$30
    78cc: 80 1a        	bra	$78e8 <_ZN12_GLOBAL__N_15printEPKcP6Status+0xa6d>
    78ce: 85 13        	sta	$13                     ; 0x13 <__rc3>
    78d0: a0 01        	ldy	#$1
    78d2: a9 80        	lda	#$80
    78d4: 31 9d        	and	($9d),y                 ; 0x9d <__midigfxpal_size+0x1d>
    78d6: f0 04        	beq	$78dc <_ZN12_GLOBAL__N_15printEPKcP6Status+0xa61>
    78d8: a2 61        	ldx	#$61
    78da: 80 02        	bra	$78de <_ZN12_GLOBAL__N_15printEPKcP6Status+0xa63>
    78dc: a2 41        	ldx	#$41
    78de: 86 12        	stx	$12                     ; 0x12 <__rc2>
    78e0: a5 13        	lda	$13                     ; 0x13 <__rc3>
    78e2: 18           	clc
    78e3: 65 12        	adc	$12                     ; 0x12 <__rc2>
    78e5: 18           	clc
    78e6: 69 f6        	adc	#$f6
    78e8: a6 9d        	ldx	$9d                     ; 0x9d <__midigfxpal_size+0x1d>
    78ea: 86 12        	stx	$12                     ; 0x12 <__rc2>
    78ec: a6 9e        	ldx	$9e                     ; 0x9e <__midigfxpal_size+0x1e>
    78ee: 86 13        	stx	$13                     ; 0x13 <__rc3>
    78f0: 20 f1 79     	jsr	$79f1 <_ZN12_GLOBAL__N_13putEcP6Status>
    78f3: a0 01        	ldy	#$1
    78f5: 98           	tya
    78f6: 31 9d        	and	($9d),y                 ; 0x9d <__midigfxpal_size+0x1d>
    78f8: f0 2b        	beq	$7925 <_ZN12_GLOBAL__N_15printEPKcP6Status+0xaaa>
    78fa: a5 a3        	lda	$a3                     ; 0xa3 <__midigfxpal_size+0x23>
    78fc: d0 04        	bne	$7902 <_ZN12_GLOBAL__N_15printEPKcP6Status+0xa87>
    78fe: a5 a2        	lda	$a2                     ; 0xa2 <__midigfxpal_size+0x22>
    7900: f0 23        	beq	$7925 <_ZN12_GLOBAL__N_15printEPKcP6Status+0xaaa>
    7902: a2 20        	ldx	#$20
    7904: 86 9f        	stx	$9f                     ; 0x9f <__midigfxpal_size+0x1f>
    7906: a6 9d        	ldx	$9d                     ; 0x9d <__midigfxpal_size+0x1d>
    7908: 86 12        	stx	$12                     ; 0x12 <__rc2>
    790a: a6 9e        	ldx	$9e                     ; 0x9e <__midigfxpal_size+0x1e>
    790c: 86 13        	stx	$13                     ; 0x13 <__rc3>
    790e: a5 9f        	lda	$9f                     ; 0x9f <__midigfxpal_size+0x1f>
    7910: 20 f1 79     	jsr	$79f1 <_ZN12_GLOBAL__N_13putEcP6Status>
    7913: a2 ff        	ldx	#$ff
    7915: c6 a2        	dec	$a2                     ; 0xa2 <__midigfxpal_size+0x22>
    7917: e4 a2        	cpx	$a2                     ; 0xa2 <__midigfxpal_size+0x22>
    7919: d0 02        	bne	$791d <_ZN12_GLOBAL__N_15printEPKcP6Status+0xaa2>
    791b: c6 a3        	dec	$a3                     ; 0xa3 <__midigfxpal_size+0x23>
    791d: a5 a3        	lda	$a3                     ; 0xa3 <__midigfxpal_size+0x23>
    791f: d0 e5        	bne	$7906 <_ZN12_GLOBAL__N_15printEPKcP6Status+0xa8b>
    7921: a5 a2        	lda	$a2                     ; 0xa2 <__midigfxpal_size+0x22>
    7923: d0 e1        	bne	$7906 <_ZN12_GLOBAL__N_15printEPKcP6Status+0xa8b>
    7925: a4 9d        	ldy	$9d                     ; 0x9d <__midigfxpal_size+0x1d>
    7927: 18           	clc
    7928: a5 9d        	lda	$9d                     ; 0x9d <__midigfxpal_size+0x1d>
    792a: 84 14        	sty	$14                     ; 0x14 <__rc4>
    792c: 69 05        	adc	#$5
    792e: 85 12        	sta	$12                     ; 0x12 <__rc2>
    7930: a5 9e        	lda	$9e                     ; 0x9e <__midigfxpal_size+0x1e>
    7932: 69 00        	adc	#$0
    7934: 18           	clc
    7935: 85 13        	sta	$13                     ; 0x13 <__rc3>
    7937: a0 01        	ldy	#$1
    7939: a5 14        	lda	$14                     ; 0x14 <__rc4>
    793b: 69 03        	adc	#$3
    793d: 85 14        	sta	$14                     ; 0x14 <__rc4>
    793f: a5 9e        	lda	$9e                     ; 0x9e <__midigfxpal_size+0x1e>
    7941: 69 00        	adc	#$0
    7943: aa           	tax
    7944: b1 12        	lda	($12),y                 ; 0x12 <__rc2>
    7946: 84 17        	sty	$17                     ; 0x17 <__rc7>
    7948: 85 15        	sta	$15                     ; 0x15 <__rc5>
    794a: a4 14        	ldy	$14                     ; 0x14 <__rc4>
    794c: 84 12        	sty	$12                     ; 0x12 <__rc2>
    794e: 86 13        	stx	$13                     ; 0x13 <__rc3>
    7950: a0 03        	ldy	#$3
    7952: b1 9d        	lda	($9d),y                 ; 0x9d <__midigfxpal_size+0x1d>
    7954: 85 16        	sta	$16                     ; 0x16 <__rc6>
    7956: a4 17        	ldy	$17                     ; 0x17 <__rc7>
    7958: b1 12        	lda	($12),y                 ; 0x12 <__rc2>
    795a: 85 17        	sta	$17                     ; 0x17 <__rc7>
    795c: 85 12        	sta	$12                     ; 0x12 <__rc2>
    795e: a4 15        	ldy	$15                     ; 0x15 <__rc5>
    7960: c4 12        	cpy	$12                     ; 0x12 <__rc2>
    7962: d0 0c        	bne	$7970 <_ZN12_GLOBAL__N_15printEPKcP6Status+0xaf5>
    7964: a6 16        	ldx	$16                     ; 0x16 <__rc6>
    7966: a0 05        	ldy	#$5
    7968: b1 9d        	lda	($9d),y                 ; 0x9d <__midigfxpal_size+0x1d>
    796a: 86 12        	stx	$12                     ; 0x12 <__rc2>
    796c: c5 12        	cmp	$12                     ; 0x12 <__rc2>
    796e: 80 08        	bra	$7978 <_ZN12_GLOBAL__N_15printEPKcP6Status+0xafd>
    7970: 84 13        	sty	$13                     ; 0x13 <__rc3>
    7972: 85 12        	sta	$12                     ; 0x12 <__rc2>
    7974: a6 13        	ldx	$13                     ; 0x13 <__rc3>
    7976: e4 12        	cpx	$12                     ; 0x12 <__rc2>
    7978: a6 c8        	ldx	$c8                     ; 0xc8 <__midigfxpal_size+0x48>
    797a: 86 12        	stx	$12                     ; 0x12 <__rc2>
    797c: a6 c9        	ldx	$c9                     ; 0xc9 <__midigfxpal_size+0x49>
    797e: 86 13        	stx	$13                     ; 0x13 <__rc3>
    7980: 90 36        	bcc	$79b8 <_ZN12_GLOBAL__N_15printEPKcP6Status+0xb3d>
    7982: a6 16        	ldx	$16                     ; 0x16 <__rc6>
    7984: a5 17        	lda	$17                     ; 0x17 <__rc7>
    7986: d0 03        	bne	$798b <_ZN12_GLOBAL__N_15printEPKcP6Status+0xb10>
    7988: 8a           	txa
    7989: f0 2d        	beq	$79b8 <_ZN12_GLOBAL__N_15printEPKcP6Status+0xb3d>
    798b: a5 9d        	lda	$9d                     ; 0x9d <__midigfxpal_size+0x1d>
    798d: 18           	clc
    798e: 69 09        	adc	#$9
    7990: 85 14        	sta	$14                     ; 0x14 <__rc4>
    7992: a5 9e        	lda	$9e                     ; 0x9e <__midigfxpal_size+0x1e>
    7994: 69 00        	adc	#$0
    7996: a0 09        	ldy	#$9
    7998: 85 15        	sta	$15                     ; 0x15 <__rc5>
    799a: 18           	clc
    799b: a5 16        	lda	$16                     ; 0x16 <__rc6>
    799d: 71 9d        	adc	($9d),y                 ; 0x9d <__midigfxpal_size+0x1d>
    799f: aa           	tax
    79a0: a0 01        	ldy	#$1
    79a2: a5 17        	lda	$17                     ; 0x17 <__rc7>
    79a4: 71 14        	adc	($14),y                 ; 0x14 <__rc4>
    79a6: 86 14        	stx	$14                     ; 0x14 <__rc4>
    79a8: 85 15        	sta	$15                     ; 0x15 <__rc5>
    79aa: a2 ff        	ldx	#$ff
    79ac: c6 14        	dec	$14                     ; 0x14 <__rc4>
    79ae: e4 14        	cpx	$14                     ; 0x14 <__rc4>
    79b0: d0 02        	bne	$79b4 <_ZN12_GLOBAL__N_15printEPKcP6Status+0xb39>
    79b2: c6 15        	dec	$15                     ; 0x15 <__rc5>
    79b4: a9 00        	lda	#$0
    79b6: 92 14        	sta	($14)                   ; 0x14 <__rc4>
    79b8: e6 12        	inc	$12                     ; 0x12 <__rc2>
    79ba: d0 02        	bne	$79be <_ZN12_GLOBAL__N_15printEPKcP6Status+0xb43>
    79bc: e6 13        	inc	$13                     ; 0x13 <__rc3>
    79be: 60           	rts
    79bf: e4 a0        	cpx	$a0                     ; 0xa0 <__midigfxpal_size+0x20>
    79c1: a5 a3        	lda	$a3                     ; 0xa3 <__midigfxpal_size+0x23>
    79c3: b0 03        	bcs	$79c8 <_ZN12_GLOBAL__N_15printEPKcP6Status+0xb4d>
    79c5: 4c f5 76     	jmp	$76f5 <_ZN12_GLOBAL__N_15printEPKcP6Status+0x87a>
    79c8: 84 9f        	sty	$9f                     ; 0x9f <__midigfxpal_size+0x1f>
    79ca: e6 9f        	inc	$9f                     ; 0x9f <__midigfxpal_size+0x1f>
    79cc: d0 01        	bne	$79cf <_ZN12_GLOBAL__N_15printEPKcP6Status+0xb54>
    79ce: e8           	inx
    79cf: 86 a0        	stx	$a0                     ; 0xa0 <__midigfxpal_size+0x20>
    79d1: 4c f5 76     	jmp	$76f5 <_ZN12_GLOBAL__N_15printEPKcP6Status+0x87a>
    79d4: a2 58        	ldx	#$58
    79d6: 86 a4        	stx	$a4                     ; 0xa4 <__midigfxpal_size+0x24>
    79d8: 38           	sec
    79d9: a2 01        	ldx	#$1
    79db: 86 ca        	stx	$ca                     ; 0xca <__midigfxpal_size+0x4a>
    79dd: a2 30        	ldx	#$30
    79df: 86 a5        	stx	$a5                     ; 0xa5 <__midigfxpal_size+0x25>
    79e1: a9 02        	lda	#$2
    79e3: a2 00        	ldx	#$0
    79e5: 86 a6        	stx	$a6                     ; 0xa6 <__midigfxpal_size+0x26>
    79e7: 4c 1f 77     	jmp	$771f <_ZN12_GLOBAL__N_15printEPKcP6Status+0x8a4>
    79ea: 64 a1        	stz	$a1                     ; 0xa1 <__midigfxpal_size+0x21>
    79ec: 64 a3        	stz	$a3                     ; 0xa3 <__midigfxpal_size+0x23>
    79ee: 4c 1a 78     	jmp	$781a <_ZN12_GLOBAL__N_15printEPKcP6Status+0x99f>

000079f1 <_ZN12_GLOBAL__N_13putEcP6Status>:
    79f1: 85 18        	sta	$18                     ; 0x18 <__rc8>
    79f3: a6 13        	ldx	$13                     ; 0x13 <__rc3>
    79f5: 18           	clc
    79f6: a5 12        	lda	$12                     ; 0x12 <__rc2>
    79f8: 69 05        	adc	#$5
    79fa: a8           	tay
    79fb: a5 13        	lda	$13                     ; 0x13 <__rc3>
    79fd: 86 15        	stx	$15                     ; 0x15 <__rc5>
    79ff: 69 00        	adc	#$0
    7a01: 18           	clc
    7a02: 84 16        	sty	$16                     ; 0x16 <__rc6>
    7a04: a0 05        	ldy	#$5
    7a06: 85 17        	sta	$17                     ; 0x17 <__rc7>
    7a08: b1 12        	lda	($12),y                 ; 0x12 <__rc2>
    7a0a: aa           	tax
    7a0b: a5 12        	lda	$12                     ; 0x12 <__rc2>
    7a0d: 69 03        	adc	#$3
    7a0f: 85 14        	sta	$14                     ; 0x14 <__rc4>
    7a11: a5 15        	lda	$15                     ; 0x15 <__rc5>
    7a13: 69 00        	adc	#$0
    7a15: 85 15        	sta	$15                     ; 0x15 <__rc5>
    7a17: a0 01        	ldy	#$1
    7a19: b1 16        	lda	($16),y                 ; 0x16 <__rc6>
    7a1b: d1 14        	cmp	($14),y                 ; 0x14 <__rc4>
    7a1d: d0 11        	bne	$7a30 <_ZN12_GLOBAL__N_13putEcP6Status+0x3f>
    7a1f: a0 03        	ldy	#$3
    7a21: 85 17        	sta	$17                     ; 0x17 <__rc7>
    7a23: b1 12        	lda	($12),y                 ; 0x12 <__rc2>
    7a25: 85 14        	sta	$14                     ; 0x14 <__rc4>
    7a27: 86 16        	stx	$16                     ; 0x16 <__rc6>
    7a29: e4 14        	cpx	$14                     ; 0x14 <__rc4>
    7a2b: 90 0e        	bcc	$7a3b <_ZN12_GLOBAL__N_13putEcP6Status+0x4a>
    7a2d: 4c a4 7a     	jmp	$7aa4 <_ZN12_GLOBAL__N_13putEcP6Status+0xb3>
    7a30: 86 16        	stx	$16                     ; 0x16 <__rc6>
    7a32: d1 14        	cmp	($14),y                 ; 0x14 <__rc4>
    7a34: 85 17        	sta	$17                     ; 0x17 <__rc7>
    7a36: 90 03        	bcc	$7a3b <_ZN12_GLOBAL__N_13putEcP6Status+0x4a>
    7a38: 4c a4 7a     	jmp	$7aa4 <_ZN12_GLOBAL__N_13putEcP6Status+0xb3>
    7a3b: a5 12        	lda	$12                     ; 0x12 <__rc2>
    7a3d: 18           	clc
    7a3e: 69 0f        	adc	#$f
    7a40: 85 14        	sta	$14                     ; 0x14 <__rc4>
    7a42: a5 13        	lda	$13                     ; 0x13 <__rc3>
    7a44: 69 00        	adc	#$0
    7a46: 85 15        	sta	$15                     ; 0x15 <__rc5>
    7a48: a0 01        	ldy	#$1
    7a4a: b1 14        	lda	($14),y                 ; 0x14 <__rc4>
    7a4c: a2 00        	ldx	#$0
    7a4e: 86 14        	stx	$14                     ; 0x14 <__rc4>
    7a50: a2 00        	ldx	#$0
    7a52: 86 15        	stx	$15                     ; 0x15 <__rc5>
    7a54: c5 15        	cmp	$15                     ; 0x15 <__rc5>
    7a56: d0 2d        	bne	$7a85 <_ZN12_GLOBAL__N_13putEcP6Status+0x94>
    7a58: a0 0f        	ldy	#$f
    7a5a: b1 12        	lda	($12),y                 ; 0x12 <__rc2>
    7a5c: c5 14        	cmp	$14                     ; 0x14 <__rc4>
    7a5e: d0 25        	bne	$7a85 <_ZN12_GLOBAL__N_13putEcP6Status+0x94>
    7a60: a5 12        	lda	$12                     ; 0x12 <__rc2>
    7a62: 18           	clc
    7a63: 69 09        	adc	#$9
    7a65: 85 14        	sta	$14                     ; 0x14 <__rc4>
    7a67: a5 13        	lda	$13                     ; 0x13 <__rc3>
    7a69: 69 00        	adc	#$0
    7a6b: a0 09        	ldy	#$9
    7a6d: 85 15        	sta	$15                     ; 0x15 <__rc5>
    7a6f: 18           	clc
    7a70: a5 16        	lda	$16                     ; 0x16 <__rc6>
    7a72: 71 12        	adc	($12),y                 ; 0x12 <__rc2>
    7a74: aa           	tax
    7a75: a0 01        	ldy	#$1
    7a77: a5 17        	lda	$17                     ; 0x17 <__rc7>
    7a79: 71 14        	adc	($14),y                 ; 0x14 <__rc4>
    7a7b: 86 14        	stx	$14                     ; 0x14 <__rc4>
    7a7d: 85 15        	sta	$15                     ; 0x15 <__rc5>
    7a7f: a5 18        	lda	$18                     ; 0x18 <__rc8>
    7a81: 92 14        	sta	($14)                   ; 0x14 <__rc4>
    7a83: 80 1f        	bra	$7aa4 <_ZN12_GLOBAL__N_13putEcP6Status+0xb3>
    7a85: a6 12        	ldx	$12                     ; 0x12 <__rc2>
    7a87: 86 da        	stx	$da                     ; 0xda <__midigfxpal_size+0x5a>
    7a89: a6 13        	ldx	$13                     ; 0x13 <__rc3>
    7a8b: 86 db        	stx	$db                     ; 0xdb <__midigfxpal_size+0x5b>
    7a8d: a5 18        	lda	$18                     ; 0x18 <__rc8>
    7a8f: 85 4f        	sta	$4f                     ; 0x4f <__putchar.s>
    7a91: a2 4f        	ldx	#$4f
    7a93: 86 12        	stx	$12                     ; 0x12 <__rc2>
    7a95: a2 00        	ldx	#$0
    7a97: 86 13        	stx	$13                     ; 0x13 <__rc3>
    7a99: 20 b8 2b     	jsr	$2bb8 <textPrint>
    7a9c: a6 da        	ldx	$da                     ; 0xda <__midigfxpal_size+0x5a>
    7a9e: 86 12        	stx	$12                     ; 0x12 <__rc2>
    7aa0: a6 db        	ldx	$db                     ; 0xdb <__midigfxpal_size+0x5b>
    7aa2: 86 13        	stx	$13                     ; 0x13 <__rc3>
    7aa4: a0 05        	ldy	#$5
    7aa6: a5 12        	lda	$12                     ; 0x12 <__rc2>
    7aa8: 18           	clc
    7aa9: 69 05        	adc	#$5
    7aab: 85 14        	sta	$14                     ; 0x14 <__rc4>
    7aad: a5 13        	lda	$13                     ; 0x13 <__rc3>
    7aaf: 69 00        	adc	#$0
    7ab1: 85 15        	sta	$15                     ; 0x15 <__rc5>
    7ab3: b1 12        	lda	($12),y                 ; 0x12 <__rc2>
    7ab5: aa           	tax
    7ab6: 84 16        	sty	$16                     ; 0x16 <__rc6>
    7ab8: a0 01        	ldy	#$1
    7aba: b1 14        	lda	($14),y                 ; 0x14 <__rc4>
    7abc: 84 17        	sty	$17                     ; 0x17 <__rc7>
    7abe: e8           	inx
    7abf: d0 01        	bne	$7ac2 <_ZN12_GLOBAL__N_13putEcP6Status+0xd1>
    7ac1: 1a           	inc
    7ac2: 85 18        	sta	$18                     ; 0x18 <__rc8>
    7ac4: 8a           	txa
    7ac5: a4 16        	ldy	$16                     ; 0x16 <__rc6>
    7ac7: 91 12        	sta	($12),y                 ; 0x12 <__rc2>
    7ac9: a4 17        	ldy	$17                     ; 0x17 <__rc7>
    7acb: a5 18        	lda	$18                     ; 0x18 <__rc8>
    7acd: 91 14        	sta	($14),y                 ; 0x14 <__rc4>
    7acf: 60           	rts

00007ad0 <_ZN12_GLOBAL__N_112print_stringEPKcP6Status>:
    7ad0: a6 12        	ldx	$12                     ; 0x12 <__rc2>
    7ad2: 86 d1        	stx	$d1                     ; 0xd1 <__midigfxpal_size+0x51>
    7ad4: a6 13        	ldx	$13                     ; 0x13 <__rc3>
    7ad6: 86 d2        	stx	$d2                     ; 0xd2 <__midigfxpal_size+0x52>
    7ad8: a6 14        	ldx	$14                     ; 0x14 <__rc4>
    7ada: 86 d3        	stx	$d3                     ; 0xd3 <__midigfxpal_size+0x53>
    7adc: a6 15        	ldx	$15                     ; 0x15 <__rc5>
    7ade: 86 d4        	stx	$d4                     ; 0xd4 <__midigfxpal_size+0x54>
    7ae0: a5 d3        	lda	$d3                     ; 0xd3 <__midigfxpal_size+0x53>
    7ae2: 18           	clc
    7ae3: 69 0d        	adc	#$d
    7ae5: 85 12        	sta	$12                     ; 0x12 <__rc2>
    7ae7: a5 d4        	lda	$d4                     ; 0xd4 <__midigfxpal_size+0x54>
    7ae9: 69 00        	adc	#$0
    7aeb: 85 13        	sta	$13                     ; 0x13 <__rc3>
    7aed: a0 01        	ldy	#$1
    7aef: b1 12        	lda	($12),y                 ; 0x12 <__rc2>
    7af1: 30 14        	bmi	$7b07 <_ZN12_GLOBAL__N_112print_stringEPKcP6Status+0x37>
    7af3: a0 0d        	ldy	#$d
    7af5: aa           	tax
    7af6: b1 d3        	lda	($d3),y                 ; 0xd3 <__midigfxpal_size+0x53>
    7af8: 86 d6        	stx	$d6                     ; 0xd6 <__midigfxpal_size+0x56>
    7afa: e0 00        	cpx	#$0
    7afc: d0 0e        	bne	$7b0c <_ZN12_GLOBAL__N_112print_stringEPKcP6Status+0x3c>
    7afe: aa           	tax
    7aff: d0 0b        	bne	$7b0c <_ZN12_GLOBAL__N_112print_stringEPKcP6Status+0x3c>
    7b01: 64 d5        	stz	$d5                     ; 0xd5 <__midigfxpal_size+0x55>
    7b03: 64 d6        	stz	$d6                     ; 0xd6 <__midigfxpal_size+0x56>
    7b05: 80 36        	bra	$7b3d <_ZN12_GLOBAL__N_112print_stringEPKcP6Status+0x6d>
    7b07: a9 ff        	lda	#$ff
    7b09: aa           	tax
    7b0a: 86 d6        	stx	$d6                     ; 0xd6 <__midigfxpal_size+0x56>
    7b0c: 85 d5        	sta	$d5                     ; 0xd5 <__midigfxpal_size+0x55>
    7b0e: 64 12        	stz	$12                     ; 0x12 <__rc2>
    7b10: a4 d1        	ldy	$d1                     ; 0xd1 <__midigfxpal_size+0x51>
    7b12: a6 d2        	ldx	$d2                     ; 0xd2 <__midigfxpal_size+0x52>
    7b14: 86 16        	stx	$16                     ; 0x16 <__rc6>
    7b16: 64 13        	stz	$13                     ; 0x13 <__rc3>
    7b18: 98           	tya
    7b19: 18           	clc
    7b1a: 65 12        	adc	$12                     ; 0x12 <__rc2>
    7b1c: 85 14        	sta	$14                     ; 0x14 <__rc4>
    7b1e: a5 d2        	lda	$d2                     ; 0xd2 <__midigfxpal_size+0x52>
    7b20: 65 13        	adc	$13                     ; 0x13 <__rc3>
    7b22: 85 15        	sta	$15                     ; 0x15 <__rc5>
    7b24: b2 14        	lda	($14)                   ; 0x14 <__rc4>
    7b26: d0 03        	bne	$7b2b <_ZN12_GLOBAL__N_112print_stringEPKcP6Status+0x5b>
    7b28: 4c d4 7b     	jmp	$7bd4 <_ZN12_GLOBAL__N_112print_stringEPKcP6Status+0x104>
    7b2b: e6 12        	inc	$12                     ; 0x12 <__rc2>
    7b2d: d0 02        	bne	$7b31 <_ZN12_GLOBAL__N_112print_stringEPKcP6Status+0x61>
    7b2f: e6 13        	inc	$13                     ; 0x13 <__rc3>
    7b31: a6 d6        	ldx	$d6                     ; 0xd6 <__midigfxpal_size+0x56>
    7b33: e4 13        	cpx	$13                     ; 0x13 <__rc3>
    7b35: d0 e1        	bne	$7b18 <_ZN12_GLOBAL__N_112print_stringEPKcP6Status+0x48>
    7b37: a6 d5        	ldx	$d5                     ; 0xd5 <__midigfxpal_size+0x55>
    7b39: e4 12        	cpx	$12                     ; 0x12 <__rc2>
    7b3b: d0 db        	bne	$7b18 <_ZN12_GLOBAL__N_112print_stringEPKcP6Status+0x48>
    7b3d: a0 01        	ldy	#$1
    7b3f: b1 d3        	lda	($d3),y                 ; 0xd3 <__midigfxpal_size+0x53>
    7b41: 29 01        	and	#$1
    7b43: f0 03        	beq	$7b48 <_ZN12_GLOBAL__N_112print_stringEPKcP6Status+0x78>
    7b45: 4c a6 7b     	jmp	$7ba6 <_ZN12_GLOBAL__N_112print_stringEPKcP6Status+0xd6>
    7b48: a5 d3        	lda	$d3                     ; 0xd3 <__midigfxpal_size+0x53>
    7b4a: 18           	clc
    7b4b: 69 0b        	adc	#$b
    7b4d: 85 14        	sta	$14                     ; 0x14 <__rc4>
    7b4f: a5 d4        	lda	$d4                     ; 0xd4 <__midigfxpal_size+0x54>
    7b51: 69 00        	adc	#$0
    7b53: 85 15        	sta	$15                     ; 0x15 <__rc5>
    7b55: 84 12        	sty	$12                     ; 0x12 <__rc2>
    7b57: a0 0b        	ldy	#$b
    7b59: b1 d3        	lda	($d3),y                 ; 0xd3 <__midigfxpal_size+0x53>
    7b5b: 85 13        	sta	$13                     ; 0x13 <__rc3>
    7b5d: a4 12        	ldy	$12                     ; 0x12 <__rc2>
    7b5f: b1 14        	lda	($14),y                 ; 0x14 <__rc4>
    7b61: 85 12        	sta	$12                     ; 0x12 <__rc2>
    7b63: a6 d6        	ldx	$d6                     ; 0xd6 <__midigfxpal_size+0x56>
    7b65: e4 12        	cpx	$12                     ; 0x12 <__rc2>
    7b67: d0 08        	bne	$7b71 <_ZN12_GLOBAL__N_112print_stringEPKcP6Status+0xa1>
    7b69: a6 d5        	ldx	$d5                     ; 0xd5 <__midigfxpal_size+0x55>
    7b6b: e4 13        	cpx	$13                     ; 0x13 <__rc3>
    7b6d: 90 06        	bcc	$7b75 <_ZN12_GLOBAL__N_112print_stringEPKcP6Status+0xa5>
    7b6f: 80 35        	bra	$7ba6 <_ZN12_GLOBAL__N_112print_stringEPKcP6Status+0xd6>
    7b71: e4 12        	cpx	$12                     ; 0x12 <__rc2>
    7b73: b0 31        	bcs	$7ba6 <_ZN12_GLOBAL__N_112print_stringEPKcP6Status+0xd6>
    7b75: 38           	sec
    7b76: a5 d5        	lda	$d5                     ; 0xd5 <__midigfxpal_size+0x55>
    7b78: e5 13        	sbc	$13                     ; 0x13 <__rc3>
    7b7a: a8           	tay
    7b7b: a5 d6        	lda	$d6                     ; 0xd6 <__midigfxpal_size+0x56>
    7b7d: e5 12        	sbc	$12                     ; 0x12 <__rc2>
    7b7f: 85 d8        	sta	$d8                     ; 0xd8 <__midigfxpal_size+0x58>
    7b81: a2 20        	ldx	#$20
    7b83: 86 d9        	stx	$d9                     ; 0xd9 <__midigfxpal_size+0x59>
    7b85: a6 d3        	ldx	$d3                     ; 0xd3 <__midigfxpal_size+0x53>
    7b87: 86 12        	stx	$12                     ; 0x12 <__rc2>
    7b89: a6 d4        	ldx	$d4                     ; 0xd4 <__midigfxpal_size+0x54>
    7b8b: 86 13        	stx	$13                     ; 0x13 <__rc3>
    7b8d: 84 d7        	sty	$d7                     ; 0xd7 <__midigfxpal_size+0x57>
    7b8f: a5 d9        	lda	$d9                     ; 0xd9 <__midigfxpal_size+0x59>
    7b91: 20 f1 79     	jsr	$79f1 <_ZN12_GLOBAL__N_13putEcP6Status>
    7b94: a6 d8        	ldx	$d8                     ; 0xd8 <__midigfxpal_size+0x58>
    7b96: e6 d7        	inc	$d7                     ; 0xd7 <__midigfxpal_size+0x57>
    7b98: d0 01        	bne	$7b9b <_ZN12_GLOBAL__N_112print_stringEPKcP6Status+0xcb>
    7b9a: e8           	inx
    7b9b: 86 d8        	stx	$d8                     ; 0xd8 <__midigfxpal_size+0x58>
    7b9d: a4 d7        	ldy	$d7                     ; 0xd7 <__midigfxpal_size+0x57>
    7b9f: 8a           	txa
    7ba0: d0 e3        	bne	$7b85 <_ZN12_GLOBAL__N_112print_stringEPKcP6Status+0xb5>
    7ba2: a5 d7        	lda	$d7                     ; 0xd7 <__midigfxpal_size+0x57>
    7ba4: d0 df        	bne	$7b85 <_ZN12_GLOBAL__N_112print_stringEPKcP6Status+0xb5>
    7ba6: a5 d6        	lda	$d6                     ; 0xd6 <__midigfxpal_size+0x56>
    7ba8: d0 04        	bne	$7bae <_ZN12_GLOBAL__N_112print_stringEPKcP6Status+0xde>
    7baa: a5 d5        	lda	$d5                     ; 0xd5 <__midigfxpal_size+0x55>
    7bac: f0 25        	beq	$7bd3 <_ZN12_GLOBAL__N_112print_stringEPKcP6Status+0x103>
    7bae: a2 ff        	ldx	#$ff
    7bb0: c6 d5        	dec	$d5                     ; 0xd5 <__midigfxpal_size+0x55>
    7bb2: e4 d5        	cpx	$d5                     ; 0xd5 <__midigfxpal_size+0x55>
    7bb4: d0 02        	bne	$7bb8 <_ZN12_GLOBAL__N_112print_stringEPKcP6Status+0xe8>
    7bb6: c6 d6        	dec	$d6                     ; 0xd6 <__midigfxpal_size+0x56>
    7bb8: b2 d1        	lda	($d1)                   ; 0xd1 <__midigfxpal_size+0x51>
    7bba: e6 d1        	inc	$d1                     ; 0xd1 <__midigfxpal_size+0x51>
    7bbc: d0 02        	bne	$7bc0 <_ZN12_GLOBAL__N_112print_stringEPKcP6Status+0xf0>
    7bbe: e6 d2        	inc	$d2                     ; 0xd2 <__midigfxpal_size+0x52>
    7bc0: a6 d3        	ldx	$d3                     ; 0xd3 <__midigfxpal_size+0x53>
    7bc2: 86 12        	stx	$12                     ; 0x12 <__rc2>
    7bc4: a6 d4        	ldx	$d4                     ; 0xd4 <__midigfxpal_size+0x54>
    7bc6: 86 13        	stx	$13                     ; 0x13 <__rc3>
    7bc8: 20 f1 79     	jsr	$79f1 <_ZN12_GLOBAL__N_13putEcP6Status>
    7bcb: a5 d6        	lda	$d6                     ; 0xd6 <__midigfxpal_size+0x56>
    7bcd: d0 df        	bne	$7bae <_ZN12_GLOBAL__N_112print_stringEPKcP6Status+0xde>
    7bcf: a5 d5        	lda	$d5                     ; 0xd5 <__midigfxpal_size+0x55>
    7bd1: d0 db        	bne	$7bae <_ZN12_GLOBAL__N_112print_stringEPKcP6Status+0xde>
    7bd3: 60           	rts
    7bd4: a6 12        	ldx	$12                     ; 0x12 <__rc2>
    7bd6: 86 d5        	stx	$d5                     ; 0xd5 <__midigfxpal_size+0x55>
    7bd8: a6 13        	ldx	$13                     ; 0x13 <__rc3>
    7bda: 86 d6        	stx	$d6                     ; 0xd6 <__midigfxpal_size+0x56>
    7bdc: 4c 3d 7b     	jmp	$7b3d <_ZN12_GLOBAL__N_112print_stringEPKcP6Status+0x6d>

00007bdf <printf>:
    7bdf: 18           	clc
    7be0: a6 10        	ldx	$10                     ; 0x10 <__rc0>
    7be2: a4 11        	ldy	$11                     ; 0x11 <__zp_data_size>
    7be4: 86 99        	stx	$99                     ; 0x99 <__midigfxpal_size+0x19>
    7be6: 84 9a        	sty	$9a                     ; 0x9a <__midigfxpal_size+0x1a>
    7be8: a6 99        	ldx	$99                     ; 0x99 <__midigfxpal_size+0x19>
    7bea: a4 9a        	ldy	$9a                     ; 0x9a <__midigfxpal_size+0x1a>
    7bec: 86 84        	stx	$84                     ; 0x84 <__midigfxpal_size+0x4>
    7bee: 84 85        	sty	$85                     ; 0x85 <__midigfxpal_size+0x5>
    7bf0: a2 ff        	ldx	#$ff
    7bf2: 86 89        	stx	$89                     ; 0x89 <__midigfxpal_size+0x9>
    7bf4: 86 8a        	stx	$8a                     ; 0x8a <__midigfxpal_size+0xa>
    7bf6: 64 8b        	stz	$8b                     ; 0x8b <__midigfxpal_size+0xb>
    7bf8: 64 8c        	stz	$8c                     ; 0x8c <__midigfxpal_size+0xc>
    7bfa: e8           	inx
    7bfb: 86 14        	stx	$14                     ; 0x14 <__rc4>
    7bfd: a2 00        	ldx	#$0
    7bff: 86 15        	stx	$15                     ; 0x15 <__rc5>
    7c01: a6 14        	ldx	$14                     ; 0x14 <__rc4>
    7c03: a4 15        	ldy	$15                     ; 0x15 <__rc5>
    7c05: 86 8f        	stx	$8f                     ; 0x8f <__midigfxpal_size+0xf>
    7c07: 84 90        	sty	$90                     ; 0x90 <__midigfxpal_size+0x10>
    7c09: a2 02        	ldx	#$2
    7c0b: 86 95        	stx	$95                     ; 0x95 <__midigfxpal_size+0x15>
    7c0d: 64 96        	stz	$96                     ; 0x96 <__midigfxpal_size+0x16>
    7c0f: a6 84        	ldx	$84                     ; 0x84 <__midigfxpal_size+0x4>
    7c11: a4 85        	ldy	$85                     ; 0x85 <__midigfxpal_size+0x5>
    7c13: 86 97        	stx	$97                     ; 0x97 <__midigfxpal_size+0x17>
    7c15: 84 98        	sty	$98                     ; 0x98 <__midigfxpal_size+0x18>
    7c17: a2 86        	ldx	#$86
    7c19: 86 82        	stx	$82                     ; 0x82 <__midigfxpal_size+0x2>
    7c1b: a2 00        	ldx	#$0
    7c1d: 86 83        	stx	$83                     ; 0x83 <__midigfxpal_size+0x3>
    7c1f: a6 12        	ldx	$12                     ; 0x12 <__rc2>
    7c21: 86 80        	stx	$80                     ; 0x80 <__midigfxpal_size>
    7c23: a6 13        	ldx	$13                     ; 0x13 <__rc3>
    7c25: 86 81        	stx	$81                     ; 0x81 <__midigfxpal_size+0x1>
    7c27: b2 12        	lda	($12)                   ; 0x12 <__rc2>
    7c29: c9 25        	cmp	#$25
    7c2b: f0 26        	beq	$7c53 <printf+0x74>
    7c2d: aa           	tax
    7c2e: f0 3e        	beq	$7c6e <printf+0x8f>
    7c30: 85 4f        	sta	$4f                     ; 0x4f <__putchar.s>
    7c32: a2 4f        	ldx	#$4f
    7c34: 86 12        	stx	$12                     ; 0x12 <__rc2>
    7c36: a2 00        	ldx	#$0
    7c38: 86 13        	stx	$13                     ; 0x13 <__rc3>
    7c3a: 20 b8 2b     	jsr	$2bb8 <textPrint>
    7c3d: e6 80        	inc	$80                     ; 0x80 <__midigfxpal_size>
    7c3f: d0 02        	bne	$7c43 <printf+0x64>
    7c41: e6 81        	inc	$81                     ; 0x81 <__midigfxpal_size+0x1>
    7c43: e6 8b        	inc	$8b                     ; 0x8b <__midigfxpal_size+0xb>
    7c45: d0 02        	bne	$7c49 <printf+0x6a>
    7c47: e6 8c        	inc	$8c                     ; 0x8c <__midigfxpal_size+0xc>
    7c49: a6 80        	ldx	$80                     ; 0x80 <__midigfxpal_size>
    7c4b: 86 12        	stx	$12                     ; 0x12 <__rc2>
    7c4d: a6 81        	ldx	$81                     ; 0x81 <__midigfxpal_size+0x1>
    7c4f: 86 13        	stx	$13                     ; 0x13 <__rc3>
    7c51: 80 cc        	bra	$7c1f <printf+0x40>
    7c53: a6 82        	ldx	$82                     ; 0x82 <__midigfxpal_size+0x2>
    7c55: 86 14        	stx	$14                     ; 0x14 <__rc4>
    7c57: a6 83        	ldx	$83                     ; 0x83 <__midigfxpal_size+0x3>
    7c59: 86 15        	stx	$15                     ; 0x15 <__rc5>
    7c5b: 20 7b 6e     	jsr	$6e7b <_ZN12_GLOBAL__N_15printEPKcP6Status>
    7c5e: a6 13        	ldx	$13                     ; 0x13 <__rc3>
    7c60: e4 81        	cpx	$81                     ; 0x81 <__midigfxpal_size+0x1>
    7c62: d0 bb        	bne	$7c1f <printf+0x40>
    7c64: a6 12        	ldx	$12                     ; 0x12 <__rc2>
    7c66: e4 80        	cpx	$80                     ; 0x80 <__midigfxpal_size>
    7c68: d0 b5        	bne	$7c1f <printf+0x40>
    7c6a: b2 80        	lda	($80)                   ; 0x80 <__midigfxpal_size>
    7c6c: 80 c2        	bra	$7c30 <printf+0x51>
    7c6e: 60           	rts

00007c6f <sprintf>:
    7c6f: a6 12        	ldx	$12                     ; 0x12 <__rc2>
    7c71: 86 80        	stx	$80                     ; 0x80 <__midigfxpal_size>
    7c73: a6 13        	ldx	$13                     ; 0x13 <__rc3>
    7c75: 86 81        	stx	$81                     ; 0x81 <__midigfxpal_size+0x1>
    7c77: 18           	clc
    7c78: a6 10        	ldx	$10                     ; 0x10 <__rc0>
    7c7a: a4 11        	ldy	$11                     ; 0x11 <__zp_data_size>
    7c7c: 86 9b        	stx	$9b                     ; 0x9b <__midigfxpal_size+0x1b>
    7c7e: 84 9c        	sty	$9c                     ; 0x9c <__midigfxpal_size+0x1c>
    7c80: a6 9b        	ldx	$9b                     ; 0x9b <__midigfxpal_size+0x1b>
    7c82: a4 9c        	ldy	$9c                     ; 0x9c <__midigfxpal_size+0x1c>
    7c84: 86 86        	stx	$86                     ; 0x86 <__midigfxpal_size+0x6>
    7c86: 84 87        	sty	$87                     ; 0x87 <__midigfxpal_size+0x7>
    7c88: a2 ff        	ldx	#$ff
    7c8a: 86 8b        	stx	$8b                     ; 0x8b <__midigfxpal_size+0xb>
    7c8c: 86 8c        	stx	$8c                     ; 0x8c <__midigfxpal_size+0xc>
    7c8e: 64 8d        	stz	$8d                     ; 0x8d <__midigfxpal_size+0xd>
    7c90: 64 8e        	stz	$8e                     ; 0x8e <__midigfxpal_size+0xe>
    7c92: a6 80        	ldx	$80                     ; 0x80 <__midigfxpal_size>
    7c94: a4 81        	ldy	$81                     ; 0x81 <__midigfxpal_size+0x1>
    7c96: 86 91        	stx	$91                     ; 0x91 <__midigfxpal_size+0x11>
    7c98: 84 92        	sty	$92                     ; 0x92 <__midigfxpal_size+0x12>
    7c9a: a2 00        	ldx	#$0
    7c9c: 86 12        	stx	$12                     ; 0x12 <__rc2>
    7c9e: a2 00        	ldx	#$0
    7ca0: 86 13        	stx	$13                     ; 0x13 <__rc3>
    7ca2: a6 12        	ldx	$12                     ; 0x12 <__rc2>
    7ca4: a4 13        	ldy	$13                     ; 0x13 <__rc3>
    7ca6: 86 97        	stx	$97                     ; 0x97 <__midigfxpal_size+0x17>
    7ca8: 84 98        	sty	$98                     ; 0x98 <__midigfxpal_size+0x18>
    7caa: a6 86        	ldx	$86                     ; 0x86 <__midigfxpal_size+0x6>
    7cac: a4 87        	ldy	$87                     ; 0x87 <__midigfxpal_size+0x7>
    7cae: 86 99        	stx	$99                     ; 0x99 <__midigfxpal_size+0x19>
    7cb0: 84 9a        	sty	$9a                     ; 0x9a <__midigfxpal_size+0x1a>
    7cb2: a2 22        	ldx	#$22
    7cb4: 86 12        	stx	$12                     ; 0x12 <__rc2>
    7cb6: a2 85        	ldx	#$85
    7cb8: 86 13        	stx	$13                     ; 0x13 <__rc3>
    7cba: a2 88        	ldx	#$88
    7cbc: 86 84        	stx	$84                     ; 0x84 <__midigfxpal_size+0x4>
    7cbe: a2 00        	ldx	#$0
    7cc0: 86 85        	stx	$85                     ; 0x85 <__midigfxpal_size+0x5>
    7cc2: 80 17        	bra	$7cdb <sprintf+0x6c>
    7cc4: a6 84        	ldx	$84                     ; 0x84 <__midigfxpal_size+0x4>
    7cc6: 86 14        	stx	$14                     ; 0x14 <__rc4>
    7cc8: a6 85        	ldx	$85                     ; 0x85 <__midigfxpal_size+0x5>
    7cca: 86 15        	stx	$15                     ; 0x15 <__rc5>
    7ccc: 20 7b 6e     	jsr	$6e7b <_ZN12_GLOBAL__N_15printEPKcP6Status>
    7ccf: a6 13        	ldx	$13                     ; 0x13 <__rc3>
    7cd1: e4 83        	cpx	$83                     ; 0x83 <__midigfxpal_size+0x3>
    7cd3: d0 06        	bne	$7cdb <sprintf+0x6c>
    7cd5: a6 12        	ldx	$12                     ; 0x12 <__rc2>
    7cd7: e4 82        	cpx	$82                     ; 0x82 <__midigfxpal_size+0x2>
    7cd9: f0 11        	beq	$7cec <sprintf+0x7d>
    7cdb: a6 12        	ldx	$12                     ; 0x12 <__rc2>
    7cdd: 86 82        	stx	$82                     ; 0x82 <__midigfxpal_size+0x2>
    7cdf: a6 13        	ldx	$13                     ; 0x13 <__rc3>
    7ce1: 86 83        	stx	$83                     ; 0x83 <__midigfxpal_size+0x3>
    7ce3: b2 12        	lda	($12)                   ; 0x12 <__rc2>
    7ce5: c9 25        	cmp	#$25
    7ce7: f0 db        	beq	$7cc4 <sprintf+0x55>
    7ce9: aa           	tax
    7cea: f0 43        	beq	$7d2f <sprintf+0xc0>
    7cec: a6 8d        	ldx	$8d                     ; 0x8d <__midigfxpal_size+0xd>
    7cee: 86 12        	stx	$12                     ; 0x12 <__rc2>
    7cf0: a4 8e        	ldy	$8e                     ; 0x8e <__midigfxpal_size+0xe>
    7cf2: 84 13        	sty	$13                     ; 0x13 <__rc3>
    7cf4: c0 ff        	cpy	#$ff
    7cf6: d0 04        	bne	$7cfc <sprintf+0x8d>
    7cf8: e0 ff        	cpx	#$ff
    7cfa: f0 15        	beq	$7d11 <sprintf+0xa2>
    7cfc: b2 82        	lda	($82)                   ; 0x82 <__midigfxpal_size+0x2>
    7cfe: 85 16        	sta	$16                     ; 0x16 <__rc6>
    7d00: a5 80        	lda	$80                     ; 0x80 <__midigfxpal_size>
    7d02: 18           	clc
    7d03: 65 12        	adc	$12                     ; 0x12 <__rc2>
    7d05: 85 14        	sta	$14                     ; 0x14 <__rc4>
    7d07: a5 81        	lda	$81                     ; 0x81 <__midigfxpal_size+0x1>
    7d09: 65 13        	adc	$13                     ; 0x13 <__rc3>
    7d0b: 85 15        	sta	$15                     ; 0x15 <__rc5>
    7d0d: a5 16        	lda	$16                     ; 0x16 <__rc6>
    7d0f: 92 14        	sta	($14)                   ; 0x14 <__rc4>
    7d11: e6 12        	inc	$12                     ; 0x12 <__rc2>
    7d13: d0 02        	bne	$7d17 <sprintf+0xa8>
    7d15: e6 13        	inc	$13                     ; 0x13 <__rc3>
    7d17: a6 12        	ldx	$12                     ; 0x12 <__rc2>
    7d19: a4 13        	ldy	$13                     ; 0x13 <__rc3>
    7d1b: 86 8d        	stx	$8d                     ; 0x8d <__midigfxpal_size+0xd>
    7d1d: 84 8e        	sty	$8e                     ; 0x8e <__midigfxpal_size+0xe>
    7d1f: e6 82        	inc	$82                     ; 0x82 <__midigfxpal_size+0x2>
    7d21: d0 02        	bne	$7d25 <sprintf+0xb6>
    7d23: e6 83        	inc	$83                     ; 0x83 <__midigfxpal_size+0x3>
    7d25: a6 82        	ldx	$82                     ; 0x82 <__midigfxpal_size+0x2>
    7d27: 86 12        	stx	$12                     ; 0x12 <__rc2>
    7d29: a6 83        	ldx	$83                     ; 0x83 <__midigfxpal_size+0x3>
    7d2b: 86 13        	stx	$13                     ; 0x13 <__rc3>
    7d2d: 80 ac        	bra	$7cdb <sprintf+0x6c>
    7d2f: a6 8d        	ldx	$8d                     ; 0x8d <__midigfxpal_size+0xd>
    7d31: 86 12        	stx	$12                     ; 0x12 <__rc2>
    7d33: a4 8e        	ldy	$8e                     ; 0x8e <__midigfxpal_size+0xe>
    7d35: 84 13        	sty	$13                     ; 0x13 <__rc3>
    7d37: c0 ff        	cpy	#$ff
    7d39: d0 04        	bne	$7d3f <sprintf+0xd0>
    7d3b: e0 ff        	cpx	#$ff
    7d3d: f0 11        	beq	$7d50 <sprintf+0xe1>
    7d3f: a5 80        	lda	$80                     ; 0x80 <__midigfxpal_size>
    7d41: 18           	clc
    7d42: 65 12        	adc	$12                     ; 0x12 <__rc2>
    7d44: 85 12        	sta	$12                     ; 0x12 <__rc2>
    7d46: a5 81        	lda	$81                     ; 0x81 <__midigfxpal_size+0x1>
    7d48: 65 13        	adc	$13                     ; 0x13 <__rc3>
    7d4a: 85 13        	sta	$13                     ; 0x13 <__rc3>
    7d4c: a9 00        	lda	#$0
    7d4e: 92 12        	sta	($12)                   ; 0x12 <__rc2>
    7d50: 60           	rts

00007d51 <malloc>:
    7d51: a8           	tay
    7d52: 8a           	txa
    7d53: a2 00        	ldx	#$0
    7d55: 86 12        	stx	$12                     ; 0x12 <__rc2>
    7d57: a2 00        	ldx	#$0
    7d59: 86 13        	stx	$13                     ; 0x13 <__rc3>
    7d5b: aa           	tax
    7d5c: d0 07        	bne	$7d65 <malloc+0x14>
    7d5e: c0 00        	cpy	#$0
    7d60: d0 03        	bne	$7d65 <malloc+0x14>
    7d62: 4c 69 7e     	jmp	$7e69 <malloc+0x118>
    7d65: 84 16        	sty	$16                     ; 0x16 <__rc6>
    7d67: aa           	tax
    7d68: d0 0e        	bne	$7d78 <malloc+0x27>
    7d6a: a6 16        	ldx	$16                     ; 0x16 <__rc6>
    7d6c: e0 07        	cpx	#$7
    7d6e: b0 0c        	bcs	$7d7c <malloc+0x2b>
    7d70: a2 08        	ldx	#$8
    7d72: 86 84        	stx	$84                     ; 0x84 <__midigfxpal_size+0x4>
    7d74: a9 00        	lda	#$0
    7d76: 80 31        	bra	$7da9 <malloc+0x58>
    7d78: c9 00        	cmp	#$0
    7d7a: 90 f4        	bcc	$7d70 <malloc+0x1f>
    7d7c: a8           	tay
    7d7d: a5 16        	lda	$16                     ; 0x16 <__rc6>
    7d7f: 29 01        	and	#$1
    7d81: a2 02        	ldx	#$2
    7d83: 64 14        	stz	$14                     ; 0x14 <__rc4>
    7d85: c9 00        	cmp	#$0
    7d87: f0 02        	beq	$7d8b <malloc+0x3a>
    7d89: a2 03        	ldx	#$3
    7d8b: 86 15        	stx	$15                     ; 0x15 <__rc5>
    7d8d: 18           	clc
    7d8e: a5 16        	lda	$16                     ; 0x16 <__rc6>
    7d90: 65 15        	adc	$15                     ; 0x15 <__rc5>
    7d92: aa           	tax
    7d93: 98           	tya
    7d94: 65 14        	adc	$14                     ; 0x14 <__rc4>
    7d96: 90 03        	bcc	$7d9b <malloc+0x4a>
    7d98: 4c 69 7e     	jmp	$7e69 <malloc+0x118>
    7d9b: 86 14        	stx	$14                     ; 0x14 <__rc4>
    7d9d: 86 84        	stx	$84                     ; 0x84 <__midigfxpal_size+0x4>
    7d9f: aa           	tax
    7da0: d0 07        	bne	$7da9 <malloc+0x58>
    7da2: a6 14        	ldx	$14                     ; 0x14 <__rc4>
    7da4: d0 03        	bne	$7da9 <malloc+0x58>
    7da6: 4c 69 7e     	jmp	$7e69 <malloc+0x118>
    7da9: 85 83        	sta	$83                     ; 0x83 <__midigfxpal_size+0x3>
    7dab: ad c7 89     	lda	$89c7                   ; 0x89c7 <_ZN12_GLOBAL__N_111initializedE>
    7dae: 29 01        	and	#$1
    7db0: d0 3d        	bne	$7def <malloc+0x9e>
    7db2: a9 00        	lda	#$0
    7db4: a2 10        	ldx	#$10
    7db6: a0 cc        	ldy	#$cc
    7db8: 84 14        	sty	$14                     ; 0x14 <__rc4>
    7dba: a0 89        	ldy	#$89
    7dbc: 84 15        	sty	$15                     ; 0x15 <__rc5>
    7dbe: a4 12        	ldy	$12                     ; 0x12 <__rc2>
    7dc0: 84 85        	sty	$85                     ; 0x85 <__midigfxpal_size+0x5>
    7dc2: a4 13        	ldy	$13                     ; 0x13 <__rc3>
    7dc4: 84 86        	sty	$86                     ; 0x86 <__midigfxpal_size+0x6>
    7dc6: a0 cc        	ldy	#$cc
    7dc8: 84 12        	sty	$12                     ; 0x12 <__rc2>
    7dca: a0 89        	ldy	#$89
    7dcc: 84 13        	sty	$13                     ; 0x13 <__rc3>
    7dce: 20 2a 03     	jsr	$32a <_ZN12_GLOBAL__N_19FreeChunk6insertEPvj>
    7dd1: a6 85        	ldx	$85                     ; 0x85 <__midigfxpal_size+0x5>
    7dd3: 86 12        	stx	$12                     ; 0x12 <__rc2>
    7dd5: a6 86        	ldx	$86                     ; 0x86 <__midigfxpal_size+0x6>
    7dd7: 86 13        	stx	$13                     ; 0x13 <__rc3>
    7dd9: ae cd 89     	ldx	$89cd                   ; 0x89cd <__heap_start+0x1>
    7ddc: a9 fe        	lda	#$fe
    7dde: 2d cc 89     	and	$89cc                   ; 0x89cc <__heap_start>
    7de1: 8d cc 89     	sta	$89cc                   ; 0x89cc <__heap_start>
    7de4: 8e cd 89     	stx	$89cd                   ; 0x89cd <__heap_start+0x1>
    7de7: a2 01        	ldx	#$1
    7de9: 8e c8 89     	stx	$89c8                   ; 0x89c8 <_ZN12_GLOBAL__N_19last_freeE>
    7dec: 8e c7 89     	stx	$89c7                   ; 0x89c7 <_ZN12_GLOBAL__N_111initializedE>
    7def: ae c9 89     	ldx	$89c9                   ; 0x89c9 <_ZN12_GLOBAL__N_19free_listE>
    7df2: 86 16        	stx	$16                     ; 0x16 <__rc6>
    7df4: ac ca 89     	ldy	$89ca                   ; 0x89ca <_ZN12_GLOBAL__N_19free_listE+0x1>
    7df7: 84 17        	sty	$17                     ; 0x17 <__rc7>
    7df9: a9 00        	lda	#$0
    7dfb: 85 14        	sta	$14                     ; 0x14 <__rc4>
    7dfd: a9 00        	lda	#$0
    7dff: 85 15        	sta	$15                     ; 0x15 <__rc5>
    7e01: c4 15        	cpy	$15                     ; 0x15 <__rc5>
    7e03: d0 07        	bne	$7e0c <malloc+0xbb>
    7e05: e4 14        	cpx	$14                     ; 0x14 <__rc4>
    7e07: d0 03        	bne	$7e0c <malloc+0xbb>
    7e09: 4c 69 7e     	jmp	$7e69 <malloc+0x118>
    7e0c: a2 00        	ldx	#$0
    7e0e: a0 10        	ldy	#$10
    7e10: 86 14        	stx	$14                     ; 0x14 <__rc4>
    7e12: 84 15        	sty	$15                     ; 0x15 <__rc5>
    7e14: 18           	clc
    7e15: a9 cc        	lda	#$cc
    7e17: 65 14        	adc	$14                     ; 0x14 <__rc4>
    7e19: 85 18        	sta	$18                     ; 0x18 <__rc8>
    7e1b: a9 89        	lda	#$89
    7e1d: 65 15        	adc	$15                     ; 0x15 <__rc5>
    7e1f: 85 87        	sta	$87                     ; 0x87 <__midigfxpal_size+0x7>
    7e21: a0 01        	ldy	#$1
    7e23: a6 83        	ldx	$83                     ; 0x83 <__midigfxpal_size+0x3>
    7e25: 86 19        	stx	$19                     ; 0x19 <__rc9>
    7e27: a6 16        	ldx	$16                     ; 0x16 <__rc6>
    7e29: 86 14        	stx	$14                     ; 0x14 <__rc4>
    7e2b: a6 17        	ldx	$17                     ; 0x17 <__rc7>
    7e2d: 86 15        	stx	$15                     ; 0x15 <__rc5>
    7e2f: b1 14        	lda	($14),y                 ; 0x14 <__rc4>
    7e31: c5 19        	cmp	$19                     ; 0x19 <__rc9>
    7e33: d0 0e        	bne	$7e43 <malloc+0xf2>
    7e35: b2 14        	lda	($14)                   ; 0x14 <__rc4>
    7e37: 29 fe        	and	#$fe
    7e39: a6 84        	ldx	$84                     ; 0x84 <__midigfxpal_size+0x4>
    7e3b: 86 1a        	stx	$1a                     ; 0x1a <__rc10>
    7e3d: c5 1a        	cmp	$1a                     ; 0x1a <__rc10>
    7e3f: b0 29        	bcs	$7e6a <malloc+0x119>
    7e41: 80 04        	bra	$7e47 <malloc+0xf6>
    7e43: c5 19        	cmp	$19                     ; 0x19 <__rc9>
    7e45: b0 23        	bcs	$7e6a <malloc+0x119>
    7e47: a5 14        	lda	$14                     ; 0x14 <__rc4>
    7e49: 18           	clc
    7e4a: 69 02        	adc	#$2
    7e4c: 85 1a        	sta	$1a                     ; 0x1a <__rc10>
    7e4e: a5 15        	lda	$15                     ; 0x15 <__rc5>
    7e50: 69 00        	adc	#$0
    7e52: 85 1b        	sta	$1b                     ; 0x1b <__rc11>
    7e54: a0 02        	ldy	#$2
    7e56: b1 14        	lda	($14),y                 ; 0x14 <__rc4>
    7e58: 85 14        	sta	$14                     ; 0x14 <__rc4>
    7e5a: 88           	dey
    7e5b: b1 1a        	lda	($1a),y                 ; 0x1a <__rc10>
    7e5d: 85 15        	sta	$15                     ; 0x15 <__rc5>
    7e5f: c5 17        	cmp	$17                     ; 0x17 <__rc7>
    7e61: d0 cc        	bne	$7e2f <malloc+0xde>
    7e63: a5 14        	lda	$14                     ; 0x14 <__rc4>
    7e65: c5 16        	cmp	$16                     ; 0x16 <__rc6>
    7e67: d0 c6        	bne	$7e2f <malloc+0xde>
    7e69: 60           	rts
    7e6a: a6 18        	ldx	$18                     ; 0x18 <__rc8>
    7e6c: 86 88        	stx	$88                     ; 0x88 <__midigfxpal_size+0x8>
    7e6e: a6 14        	ldx	$14                     ; 0x14 <__rc4>
    7e70: 86 12        	stx	$12                     ; 0x12 <__rc2>
    7e72: a6 15        	ldx	$15                     ; 0x15 <__rc5>
    7e74: 86 13        	stx	$13                     ; 0x13 <__rc3>
    7e76: a6 14        	ldx	$14                     ; 0x14 <__rc4>
    7e78: 86 85        	stx	$85                     ; 0x85 <__midigfxpal_size+0x5>
    7e7a: a6 15        	ldx	$15                     ; 0x15 <__rc5>
    7e7c: 86 86        	stx	$86                     ; 0x86 <__midigfxpal_size+0x6>
    7e7e: 20 7a 04     	jsr	$47a <_ZN12_GLOBAL__N_19FreeChunk6removeEv>
    7e81: a6 85        	ldx	$85                     ; 0x85 <__midigfxpal_size+0x5>
    7e83: 86 12        	stx	$12                     ; 0x12 <__rc2>
    7e85: a6 86        	ldx	$86                     ; 0x86 <__midigfxpal_size+0x6>
    7e87: 86 13        	stx	$13                     ; 0x13 <__rc3>
    7e89: a0 01        	ldy	#$1
    7e8b: b1 12        	lda	($12),y                 ; 0x12 <__rc2>
    7e8d: 85 15        	sta	$15                     ; 0x15 <__rc5>
    7e8f: a9 fe        	lda	#$fe
    7e91: 32 12        	and	($12)                   ; 0x12 <__rc2>
    7e93: 38           	sec
    7e94: a6 84        	ldx	$84                     ; 0x84 <__midigfxpal_size+0x4>
    7e96: 86 14        	stx	$14                     ; 0x14 <__rc4>
    7e98: 85 17        	sta	$17                     ; 0x17 <__rc7>
    7e9a: e5 14        	sbc	$14                     ; 0x14 <__rc4>
    7e9c: a8           	tay
    7e9d: a6 83        	ldx	$83                     ; 0x83 <__midigfxpal_size+0x3>
    7e9f: 86 14        	stx	$14                     ; 0x14 <__rc4>
    7ea1: a5 15        	lda	$15                     ; 0x15 <__rc5>
    7ea3: 85 16        	sta	$16                     ; 0x16 <__rc6>
    7ea5: e5 14        	sbc	$14                     ; 0x14 <__rc4>
    7ea7: d0 06        	bne	$7eaf <malloc+0x15e>
    7ea9: 85 18        	sta	$18                     ; 0x18 <__rc8>
    7eab: c0 08        	cpy	#$8
    7ead: 80 04        	bra	$7eb3 <malloc+0x162>
    7eaf: 85 18        	sta	$18                     ; 0x18 <__rc8>
    7eb1: c9 00        	cmp	#$0
    7eb3: a6 88        	ldx	$88                     ; 0x88 <__midigfxpal_size+0x8>
    7eb5: 86 14        	stx	$14                     ; 0x14 <__rc4>
    7eb7: a6 87        	ldx	$87                     ; 0x87 <__midigfxpal_size+0x7>
    7eb9: 86 15        	stx	$15                     ; 0x15 <__rc5>
    7ebb: a5 17        	lda	$17                     ; 0x17 <__rc7>
    7ebd: 90 43        	bcc	$7f02 <malloc+0x1b1>
    7ebf: 18           	clc
    7ec0: a6 84        	ldx	$84                     ; 0x84 <__midigfxpal_size+0x4>
    7ec2: 86 84        	stx	$84                     ; 0x84 <__midigfxpal_size+0x4>
    7ec4: 8a           	txa
    7ec5: 65 12        	adc	$12                     ; 0x12 <__rc2>
    7ec7: 85 12        	sta	$12                     ; 0x12 <__rc2>
    7ec9: a6 83        	ldx	$83                     ; 0x83 <__midigfxpal_size+0x3>
    7ecb: 86 83        	stx	$83                     ; 0x83 <__midigfxpal_size+0x3>
    7ecd: a5 83        	lda	$83                     ; 0x83 <__midigfxpal_size+0x3>
    7ecf: 65 13        	adc	$13                     ; 0x13 <__rc3>
    7ed1: 85 13        	sta	$13                     ; 0x13 <__rc3>
    7ed3: a6 18        	ldx	$18                     ; 0x18 <__rc8>
    7ed5: 98           	tya
    7ed6: 20 2a 03     	jsr	$32a <_ZN12_GLOBAL__N_19FreeChunk6insertEPvj>
    7ed9: a6 85        	ldx	$85                     ; 0x85 <__midigfxpal_size+0x5>
    7edb: 86 12        	stx	$12                     ; 0x12 <__rc2>
    7edd: a6 86        	ldx	$86                     ; 0x86 <__midigfxpal_size+0x6>
    7edf: 86 13        	stx	$13                     ; 0x13 <__rc3>
    7ee1: a5 84        	lda	$84                     ; 0x84 <__midigfxpal_size+0x4>
    7ee3: 29 fe        	and	#$fe
    7ee5: 85 14        	sta	$14                     ; 0x14 <__rc4>
    7ee7: a0 01        	ldy	#$1
    7ee9: 98           	tya
    7eea: 32 12        	and	($12)                   ; 0x12 <__rc2>
    7eec: 05 14        	ora	$14                     ; 0x14 <__rc4>
    7eee: 92 12        	sta	($12)                   ; 0x12 <__rc2>
    7ef0: a5 83        	lda	$83                     ; 0x83 <__midigfxpal_size+0x3>
    7ef2: 91 12        	sta	($12),y                 ; 0x12 <__rc2>
    7ef4: a5 14        	lda	$14                     ; 0x14 <__rc4>
    7ef6: a6 83        	ldx	$83                     ; 0x83 <__midigfxpal_size+0x3>
    7ef8: 86 16        	stx	$16                     ; 0x16 <__rc6>
    7efa: a6 88        	ldx	$88                     ; 0x88 <__midigfxpal_size+0x8>
    7efc: 86 14        	stx	$14                     ; 0x14 <__rc4>
    7efe: a6 87        	ldx	$87                     ; 0x87 <__midigfxpal_size+0x7>
    7f00: 86 15        	stx	$15                     ; 0x15 <__rc5>
    7f02: 18           	clc
    7f03: 65 12        	adc	$12                     ; 0x12 <__rc2>
    7f05: a8           	tay
    7f06: a5 16        	lda	$16                     ; 0x16 <__rc6>
    7f08: 65 13        	adc	$13                     ; 0x13 <__rc3>
    7f0a: c5 15        	cmp	$15                     ; 0x15 <__rc5>
    7f0c: d0 09        	bne	$7f17 <malloc+0x1c6>
    7f0e: c4 14        	cpy	$14                     ; 0x14 <__rc4>
    7f10: d0 05        	bne	$7f17 <malloc+0x1c6>
    7f12: 9c c8 89     	stz	$89c8                   ; 0x89c8 <_ZN12_GLOBAL__N_19last_freeE>
    7f15: 80 14        	bra	$7f2b <malloc+0x1da>
    7f17: 84 14        	sty	$14                     ; 0x14 <__rc4>
    7f19: 85 15        	sta	$15                     ; 0x15 <__rc5>
    7f1b: a0 01        	ldy	#$1
    7f1d: b1 14        	lda	($14),y                 ; 0x14 <__rc4>
    7f1f: 85 16        	sta	$16                     ; 0x16 <__rc6>
    7f21: a9 fe        	lda	#$fe
    7f23: 32 14        	and	($14)                   ; 0x14 <__rc4>
    7f25: 92 14        	sta	($14)                   ; 0x14 <__rc4>
    7f27: a5 16        	lda	$16                     ; 0x16 <__rc6>
    7f29: 91 14        	sta	($14),y                 ; 0x14 <__rc4>
    7f2b: a5 12        	lda	$12                     ; 0x12 <__rc2>
    7f2d: 18           	clc
    7f2e: 69 02        	adc	#$2
    7f30: 85 12        	sta	$12                     ; 0x12 <__rc2>
    7f32: a5 13        	lda	$13                     ; 0x13 <__rc3>
    7f34: 69 00        	adc	#$0
    7f36: 85 13        	sta	$13                     ; 0x13 <__rc3>
    7f38: 60           	rts

00007f39 <free>:
    7f39: a6 12        	ldx	$12                     ; 0x12 <__rc2>
    7f3b: 86 14        	stx	$14                     ; 0x14 <__rc4>
    7f3d: a6 13        	ldx	$13                     ; 0x13 <__rc3>
    7f3f: 86 15        	stx	$15                     ; 0x15 <__rc5>
    7f41: a2 00        	ldx	#$0
    7f43: 86 12        	stx	$12                     ; 0x12 <__rc2>
    7f45: a2 00        	ldx	#$0
    7f47: 86 13        	stx	$13                     ; 0x13 <__rc3>
    7f49: a6 15        	ldx	$15                     ; 0x15 <__rc5>
    7f4b: e4 13        	cpx	$13                     ; 0x13 <__rc3>
    7f4d: d0 09        	bne	$7f58 <free+0x1f>
    7f4f: a6 14        	ldx	$14                     ; 0x14 <__rc4>
    7f51: e4 12        	cpx	$12                     ; 0x12 <__rc2>
    7f53: d0 03        	bne	$7f58 <free+0x1f>
    7f55: 4c c5 80     	jmp	$80c5 <free+0x18c>
    7f58: a2 00        	ldx	#$0
    7f5a: a0 10        	ldy	#$10
    7f5c: a9 cc        	lda	#$cc
    7f5e: 86 12        	stx	$12                     ; 0x12 <__rc2>
    7f60: 84 13        	sty	$13                     ; 0x13 <__rc3>
    7f62: 18           	clc
    7f63: 65 12        	adc	$12                     ; 0x12 <__rc2>
    7f65: 85 18        	sta	$18                     ; 0x18 <__rc8>
    7f67: a9 89        	lda	#$89
    7f69: 65 13        	adc	$13                     ; 0x13 <__rc3>
    7f6b: 85 19        	sta	$19                     ; 0x19 <__rc9>
    7f6d: a5 14        	lda	$14                     ; 0x14 <__rc4>
    7f6f: 18           	clc
    7f70: 69 fe        	adc	#$fe
    7f72: 85 12        	sta	$12                     ; 0x12 <__rc2>
    7f74: a5 15        	lda	$15                     ; 0x15 <__rc5>
    7f76: 69 ff        	adc	#$ff
    7f78: a6 12        	ldx	$12                     ; 0x12 <__rc2>
    7f7a: 86 80        	stx	$80                     ; 0x80 <__midigfxpal_size>
    7f7c: aa           	tax
    7f7d: 85 81        	sta	$81                     ; 0x81 <__midigfxpal_size+0x1>
    7f7f: b2 80        	lda	($80)                   ; 0x80 <__midigfxpal_size>
    7f81: 85 1a        	sta	$1a                     ; 0x1a <__rc10>
    7f83: a0 01        	ldy	#$1
    7f85: b1 80        	lda	($80),y                 ; 0x80 <__midigfxpal_size>
    7f87: 85 16        	sta	$16                     ; 0x16 <__rc6>
    7f89: a9 fe        	lda	#$fe
    7f8b: 32 80        	and	($80)                   ; 0x80 <__midigfxpal_size>
    7f8d: 85 17        	sta	$17                     ; 0x17 <__rc7>
    7f8f: a4 12        	ldy	$12                     ; 0x12 <__rc2>
    7f91: 84 1b        	sty	$1b                     ; 0x1b <__rc11>
    7f93: a5 12        	lda	$12                     ; 0x12 <__rc2>
    7f95: 18           	clc
    7f96: 65 17        	adc	$17                     ; 0x17 <__rc7>
    7f98: 85 12        	sta	$12                     ; 0x12 <__rc2>
    7f9a: 8a           	txa
    7f9b: 86 1c        	stx	$1c                     ; 0x1c <__rc12>
    7f9d: 65 16        	adc	$16                     ; 0x16 <__rc6>
    7f9f: c5 19        	cmp	$19                     ; 0x19 <__rc9>
    7fa1: d0 10        	bne	$7fb3 <free+0x7a>
    7fa3: a6 12        	ldx	$12                     ; 0x12 <__rc2>
    7fa5: e4 18        	cpx	$18                     ; 0x18 <__rc8>
    7fa7: d0 0a        	bne	$7fb3 <free+0x7a>
    7fa9: a2 00        	ldx	#$0
    7fab: 86 12        	stx	$12                     ; 0x12 <__rc2>
    7fad: a2 00        	ldx	#$0
    7faf: 86 13        	stx	$13                     ; 0x13 <__rc3>
    7fb1: 80 02        	bra	$7fb5 <free+0x7c>
    7fb3: 85 13        	sta	$13                     ; 0x13 <__rc3>
    7fb5: a5 1a        	lda	$1a                     ; 0x1a <__rc10>
    7fb7: 29 01        	and	#$1
    7fb9: d0 03        	bne	$7fbe <free+0x85>
    7fbb: 4c 39 80     	jmp	$8039 <free+0x100>
    7fbe: a5 14        	lda	$14                     ; 0x14 <__rc4>
    7fc0: 18           	clc
    7fc1: 69 fc        	adc	#$fc
    7fc3: 85 14        	sta	$14                     ; 0x14 <__rc4>
    7fc5: a5 15        	lda	$15                     ; 0x15 <__rc5>
    7fc7: 69 ff        	adc	#$ff
    7fc9: 85 15        	sta	$15                     ; 0x15 <__rc5>
    7fcb: a0 01        	ldy	#$1
    7fcd: 38           	sec
    7fce: a9 00        	lda	#$0
    7fd0: f2 14        	sbc	($14)                   ; 0x14 <__rc4>
    7fd2: 85 1a        	sta	$1a                     ; 0x1a <__rc10>
    7fd4: a9 00        	lda	#$0
    7fd6: f1 14        	sbc	($14),y                 ; 0x14 <__rc4>
    7fd8: 85 14        	sta	$14                     ; 0x14 <__rc4>
    7fda: a5 1b        	lda	$1b                     ; 0x1b <__rc11>
    7fdc: 18           	clc
    7fdd: 65 1a        	adc	$1a                     ; 0x1a <__rc10>
    7fdf: 85 80        	sta	$80                     ; 0x80 <__midigfxpal_size>
    7fe1: a5 1c        	lda	$1c                     ; 0x1c <__rc12>
    7fe3: 65 14        	adc	$14                     ; 0x14 <__rc4>
    7fe5: 85 81        	sta	$81                     ; 0x81 <__midigfxpal_size+0x1>
    7fe7: b1 80        	lda	($80),y                 ; 0x80 <__midigfxpal_size>
    7fe9: 85 88        	sta	$88                     ; 0x88 <__midigfxpal_size+0x8>
    7feb: a9 fe        	lda	#$fe
    7fed: 32 80        	and	($80)                   ; 0x80 <__midigfxpal_size>
    7fef: 85 89        	sta	$89                     ; 0x89 <__midigfxpal_size+0x9>
    7ff1: a6 12        	ldx	$12                     ; 0x12 <__rc2>
    7ff3: 86 82        	stx	$82                     ; 0x82 <__midigfxpal_size+0x2>
    7ff5: a6 13        	ldx	$13                     ; 0x13 <__rc3>
    7ff7: 86 83        	stx	$83                     ; 0x83 <__midigfxpal_size+0x3>
    7ff9: a6 80        	ldx	$80                     ; 0x80 <__midigfxpal_size>
    7ffb: 86 12        	stx	$12                     ; 0x12 <__rc2>
    7ffd: a6 81        	ldx	$81                     ; 0x81 <__midigfxpal_size+0x1>
    7fff: 86 13        	stx	$13                     ; 0x13 <__rc3>
    8001: a6 16        	ldx	$16                     ; 0x16 <__rc6>
    8003: 86 84        	stx	$84                     ; 0x84 <__midigfxpal_size+0x4>
    8005: a6 17        	ldx	$17                     ; 0x17 <__rc7>
    8007: 86 85        	stx	$85                     ; 0x85 <__midigfxpal_size+0x5>
    8009: a6 18        	ldx	$18                     ; 0x18 <__rc8>
    800b: 86 86        	stx	$86                     ; 0x86 <__midigfxpal_size+0x6>
    800d: a6 19        	ldx	$19                     ; 0x19 <__rc9>
    800f: 86 87        	stx	$87                     ; 0x87 <__midigfxpal_size+0x7>
    8011: 20 7a 04     	jsr	$47a <_ZN12_GLOBAL__N_19FreeChunk6removeEv>
    8014: a6 87        	ldx	$87                     ; 0x87 <__midigfxpal_size+0x7>
    8016: 86 19        	stx	$19                     ; 0x19 <__rc9>
    8018: a6 86        	ldx	$86                     ; 0x86 <__midigfxpal_size+0x6>
    801a: 86 18        	stx	$18                     ; 0x18 <__rc8>
    801c: a6 82        	ldx	$82                     ; 0x82 <__midigfxpal_size+0x2>
    801e: 86 12        	stx	$12                     ; 0x12 <__rc2>
    8020: a6 83        	ldx	$83                     ; 0x83 <__midigfxpal_size+0x3>
    8022: 86 13        	stx	$13                     ; 0x13 <__rc3>
    8024: 18           	clc
    8025: a5 89        	lda	$89                     ; 0x89 <__midigfxpal_size+0x9>
    8027: a6 85        	ldx	$85                     ; 0x85 <__midigfxpal_size+0x5>
    8029: 86 14        	stx	$14                     ; 0x14 <__rc4>
    802b: 65 14        	adc	$14                     ; 0x14 <__rc4>
    802d: 85 17        	sta	$17                     ; 0x17 <__rc7>
    802f: a5 88        	lda	$88                     ; 0x88 <__midigfxpal_size+0x8>
    8031: a6 84        	ldx	$84                     ; 0x84 <__midigfxpal_size+0x4>
    8033: 86 14        	stx	$14                     ; 0x14 <__rc4>
    8035: 65 14        	adc	$14                     ; 0x14 <__rc4>
    8037: 85 16        	sta	$16                     ; 0x16 <__rc6>
    8039: a2 00        	ldx	#$0
    803b: 86 14        	stx	$14                     ; 0x14 <__rc4>
    803d: a2 00        	ldx	#$0
    803f: 86 15        	stx	$15                     ; 0x15 <__rc5>
    8041: a6 13        	ldx	$13                     ; 0x13 <__rc3>
    8043: e4 15        	cpx	$15                     ; 0x15 <__rc5>
    8045: d0 0e        	bne	$8055 <free+0x11c>
    8047: a6 12        	ldx	$12                     ; 0x12 <__rc2>
    8049: e4 14        	cpx	$14                     ; 0x14 <__rc4>
    804b: d0 08        	bne	$8055 <free+0x11c>
    804d: a2 01        	ldx	#$1
    804f: 8e c8 89     	stx	$89c8                   ; 0x89c8 <_ZN12_GLOBAL__N_19last_freeE>
    8052: 4c b6 80     	jmp	$80b6 <free+0x17d>
    8055: b2 12        	lda	($12)                   ; 0x12 <__rc2>
    8057: 85 1a        	sta	$1a                     ; 0x1a <__rc10>
    8059: a0 01        	ldy	#$1
    805b: b1 12        	lda	($12),y                 ; 0x12 <__rc2>
    805d: a8           	tay
    805e: a9 fe        	lda	#$fe
    8060: 32 12        	and	($12)                   ; 0x12 <__rc2>
    8062: 18           	clc
    8063: 85 86        	sta	$86                     ; 0x86 <__midigfxpal_size+0x6>
    8065: 65 12        	adc	$12                     ; 0x12 <__rc2>
    8067: 85 14        	sta	$14                     ; 0x14 <__rc4>
    8069: 98           	tya
    806a: 85 82        	sta	$82                     ; 0x82 <__midigfxpal_size+0x2>
    806c: 65 13        	adc	$13                     ; 0x13 <__rc3>
    806e: c5 19        	cmp	$19                     ; 0x19 <__rc9>
    8070: d0 1b        	bne	$808d <free+0x154>
    8072: a6 14        	ldx	$14                     ; 0x14 <__rc4>
    8074: e4 18        	cpx	$18                     ; 0x18 <__rc8>
    8076: d0 15        	bne	$808d <free+0x154>
    8078: ad c8 89     	lda	$89c8                   ; 0x89c8 <_ZN12_GLOBAL__N_19last_freeE>
    807b: 29 01        	and	#$1
    807d: d0 16        	bne	$8095 <free+0x15c>
    807f: a5 1a        	lda	$1a                     ; 0x1a <__rc10>
    8081: 09 01        	ora	#$1
    8083: 92 12        	sta	($12)                   ; 0x12 <__rc2>
    8085: a0 01        	ldy	#$1
    8087: a5 82        	lda	$82                     ; 0x82 <__midigfxpal_size+0x2>
    8089: 91 12        	sta	($12),y                 ; 0x12 <__rc2>
    808b: 80 29        	bra	$80b6 <free+0x17d>
    808d: 85 15        	sta	$15                     ; 0x15 <__rc5>
    808f: a9 01        	lda	#$1
    8091: 32 14        	and	($14)                   ; 0x14 <__rc4>
    8093: f0 ea        	beq	$807f <free+0x146>
    8095: a6 16        	ldx	$16                     ; 0x16 <__rc6>
    8097: 86 84        	stx	$84                     ; 0x84 <__midigfxpal_size+0x4>
    8099: a6 17        	ldx	$17                     ; 0x17 <__rc7>
    809b: 86 85        	stx	$85                     ; 0x85 <__midigfxpal_size+0x5>
    809d: 20 7a 04     	jsr	$47a <_ZN12_GLOBAL__N_19FreeChunk6removeEv>
    80a0: 18           	clc
    80a1: a6 86        	ldx	$86                     ; 0x86 <__midigfxpal_size+0x6>
    80a3: 8a           	txa
    80a4: a6 85        	ldx	$85                     ; 0x85 <__midigfxpal_size+0x5>
    80a6: 86 12        	stx	$12                     ; 0x12 <__rc2>
    80a8: 65 12        	adc	$12                     ; 0x12 <__rc2>
    80aa: 85 17        	sta	$17                     ; 0x17 <__rc7>
    80ac: a5 82        	lda	$82                     ; 0x82 <__midigfxpal_size+0x2>
    80ae: a6 84        	ldx	$84                     ; 0x84 <__midigfxpal_size+0x4>
    80b0: 86 12        	stx	$12                     ; 0x12 <__rc2>
    80b2: 65 12        	adc	$12                     ; 0x12 <__rc2>
    80b4: 85 16        	sta	$16                     ; 0x16 <__rc6>
    80b6: a6 80        	ldx	$80                     ; 0x80 <__midigfxpal_size>
    80b8: 86 12        	stx	$12                     ; 0x12 <__rc2>
    80ba: a6 81        	ldx	$81                     ; 0x81 <__midigfxpal_size+0x1>
    80bc: 86 13        	stx	$13                     ; 0x13 <__rc3>
    80be: a6 16        	ldx	$16                     ; 0x16 <__rc6>
    80c0: a5 17        	lda	$17                     ; 0x17 <__rc7>
    80c2: 20 2a 03     	jsr	$32a <_ZN12_GLOBAL__N_19FreeChunk6insertEPvj>
    80c5: 60           	rts

000080c6 <memcpy>:
    80c6: a8           	tay
    80c7: 8a           	txa
    80c8: d0 03        	bne	$80cd <memcpy+0x7>
    80ca: 98           	tya
    80cb: f0 24        	beq	$80f1 <memcpy+0x2b>
    80cd: a5 12        	lda	$12                     ; 0x12 <__rc2>
    80cf: 85 16        	sta	$16                     ; 0x16 <__rc6>
    80d1: a5 13        	lda	$13                     ; 0x13 <__rc3>
    80d3: 85 17        	sta	$17                     ; 0x17 <__rc7>
    80d5: b2 14        	lda	($14)                   ; 0x14 <__rc4>
    80d7: 92 16        	sta	($16)                   ; 0x16 <__rc6>
    80d9: e6 16        	inc	$16                     ; 0x16 <__rc6>
    80db: d0 02        	bne	$80df <memcpy+0x19>
    80dd: e6 17        	inc	$17                     ; 0x17 <__rc7>
    80df: e6 14        	inc	$14                     ; 0x14 <__rc4>
    80e1: d0 02        	bne	$80e5 <memcpy+0x1f>
    80e3: e6 15        	inc	$15                     ; 0x15 <__rc5>
    80e5: 88           	dey
    80e6: c0 ff        	cpy	#$ff
    80e8: d0 01        	bne	$80eb <memcpy+0x25>
    80ea: ca           	dex
    80eb: 8a           	txa
    80ec: d0 e7        	bne	$80d5 <memcpy+0xf>
    80ee: 98           	tya
    80ef: d0 e4        	bne	$80d5 <memcpy+0xf>
    80f1: 60           	rts

000080f2 <__memset>:
    80f2: a4 14        	ldy	$14                     ; 0x14 <__rc4>
    80f4: d0 04        	bne	$80fa <__memset+0x8>
    80f6: e0 00        	cpx	#$0
    80f8: f0 17        	beq	$8111 <__memset+0x1f>
    80fa: 92 12        	sta	($12)                   ; 0x12 <__rc2>
    80fc: e6 12        	inc	$12                     ; 0x12 <__rc2>
    80fe: d0 02        	bne	$8102 <__memset+0x10>
    8100: e6 13        	inc	$13                     ; 0x13 <__rc3>
    8102: ca           	dex
    8103: e0 ff        	cpx	#$ff
    8105: d0 02        	bne	$8109 <__memset+0x17>
    8107: c6 14        	dec	$14                     ; 0x14 <__rc4>
    8109: a4 14        	ldy	$14                     ; 0x14 <__rc4>
    810b: d0 ed        	bne	$80fa <__memset+0x8>
    810d: e0 00        	cpx	#$0
    810f: d0 e9        	bne	$80fa <__memset+0x8>
    8111: 60           	rts

00008112 <__ashlhi3>:
    8112: 86 13        	stx	$13                     ; 0x13 <__rc3>
    8114: a6 12        	ldx	$12                     ; 0x12 <__rc2>
    8116: f0 0a        	beq	$8122 <__ashlhi3+0x10>
    8118: a6 12        	ldx	$12                     ; 0x12 <__rc2>
    811a: ca           	dex
    811b: 0a           	asl
    811c: 26 13        	rol	$13                     ; 0x13 <__rc3>
    811e: e0 00        	cpx	#$0
    8120: d0 f8        	bne	$811a <__ashlhi3+0x8>
    8122: a6 13        	ldx	$13                     ; 0x13 <__rc3>
    8124: 60           	rts

00008125 <__udivhi3>:
    8125: 64 14        	stz	$14                     ; 0x14 <__rc4>
    8127: a4 13        	ldy	$13                     ; 0x13 <__rc3>
    8129: d0 04        	bne	$812f <__udivhi3+0xa>
    812b: a4 12        	ldy	$12                     ; 0x12 <__rc2>
    812d: f0 0c        	beq	$813b <__udivhi3+0x16>
    812f: 85 17        	sta	$17                     ; 0x17 <__rc7>
    8131: da           	phx
    8132: 7a           	ply
    8133: e4 13        	cpx	$13                     ; 0x13 <__rc3>
    8135: d0 09        	bne	$8140 <__udivhi3+0x1b>
    8137: c5 12        	cmp	$12                     ; 0x12 <__rc2>
    8139: b0 09        	bcs	$8144 <__udivhi3+0x1f>
    813b: 64 19        	stz	$19                     ; 0x19 <__rc9>
    813d: 4c d9 81     	jmp	$81d9 <__udivhi3+0xb4>
    8140: c4 13        	cpy	$13                     ; 0x13 <__rc3>
    8142: 90 f7        	bcc	$813b <__udivhi3+0x16>
    8144: a9 01        	lda	#$1
    8146: 85 19        	sta	$19                     ; 0x19 <__rc9>
    8148: a5 13        	lda	$13                     ; 0x13 <__rc3>
    814a: 10 03        	bpl	$814f <__udivhi3+0x2a>
    814c: 4c d9 81     	jmp	$81d9 <__udivhi3+0xb4>
    814f: a2 00        	ldx	#$0
    8151: a5 12        	lda	$12                     ; 0x12 <__rc2>
    8153: 85 15        	sta	$15                     ; 0x15 <__rc5>
    8155: a5 13        	lda	$13                     ; 0x13 <__rc3>
    8157: 85 16        	sta	$16                     ; 0x16 <__rc6>
    8159: 06 15        	asl	$15                     ; 0x15 <__rc5>
    815b: 26 16        	rol	$16                     ; 0x16 <__rc6>
    815d: c4 16        	cpy	$16                     ; 0x16 <__rc6>
    815f: d0 0c        	bne	$816d <__udivhi3+0x48>
    8161: 84 18        	sty	$18                     ; 0x18 <__rc8>
    8163: a4 17        	ldy	$17                     ; 0x17 <__rc7>
    8165: c4 15        	cpy	$15                     ; 0x15 <__rc5>
    8167: a4 18        	ldy	$18                     ; 0x18 <__rc8>
    8169: 90 13        	bcc	$817e <__udivhi3+0x59>
    816b: 80 04        	bra	$8171 <__udivhi3+0x4c>
    816d: c4 16        	cpy	$16                     ; 0x16 <__rc6>
    816f: 90 0d        	bcc	$817e <__udivhi3+0x59>
    8171: e8           	inx
    8172: a5 15        	lda	$15                     ; 0x15 <__rc5>
    8174: 85 12        	sta	$12                     ; 0x12 <__rc2>
    8176: a5 16        	lda	$16                     ; 0x16 <__rc6>
    8178: 85 13        	sta	$13                     ; 0x13 <__rc3>
    817a: 10 dd        	bpl	$8159 <__udivhi3+0x34>
    817c: 80 08        	bra	$8186 <__udivhi3+0x61>
    817e: a5 12        	lda	$12                     ; 0x12 <__rc2>
    8180: 85 15        	sta	$15                     ; 0x15 <__rc5>
    8182: a5 13        	lda	$13                     ; 0x13 <__rc3>
    8184: 85 16        	sta	$16                     ; 0x16 <__rc6>
    8186: 8a           	txa
    8187: f0 50        	beq	$81d9 <__udivhi3+0xb4>
    8189: 38           	sec
    818a: a5 17        	lda	$17                     ; 0x17 <__rc7>
    818c: e5 15        	sbc	$15                     ; 0x15 <__rc5>
    818e: 85 12        	sta	$12                     ; 0x12 <__rc2>
    8190: 98           	tya
    8191: e5 16        	sbc	$16                     ; 0x16 <__rc6>
    8193: 85 13        	sta	$13                     ; 0x13 <__rc3>
    8195: a9 01        	lda	#$1
    8197: 85 19        	sta	$19                     ; 0x19 <__rc9>
    8199: 64 14        	stz	$14                     ; 0x14 <__rc4>
    819b: 46 16        	lsr	$16                     ; 0x16 <__rc6>
    819d: 66 15        	ror	$15                     ; 0x15 <__rc5>
    819f: 06 19        	asl	$19                     ; 0x19 <__rc9>
    81a1: a0 01        	ldy	#$1
    81a3: b0 02        	bcs	$81a7 <__udivhi3+0x82>
    81a5: a0 00        	ldy	#$0
    81a7: 84 17        	sty	$17                     ; 0x17 <__rc7>
    81a9: a4 13        	ldy	$13                     ; 0x13 <__rc3>
    81ab: c4 16        	cpy	$16                     ; 0x16 <__rc6>
    81ad: d0 24        	bne	$81d3 <__udivhi3+0xae>
    81af: a4 12        	ldy	$12                     ; 0x12 <__rc2>
    81b1: c4 15        	cpy	$15                     ; 0x15 <__rc5>
    81b3: 90 13        	bcc	$81c8 <__udivhi3+0xa3>
    81b5: a5 19        	lda	$19                     ; 0x19 <__rc9>
    81b7: 09 01        	ora	#$1
    81b9: 85 19        	sta	$19                     ; 0x19 <__rc9>
    81bb: 38           	sec
    81bc: a5 12        	lda	$12                     ; 0x12 <__rc2>
    81be: e5 15        	sbc	$15                     ; 0x15 <__rc5>
    81c0: 85 12        	sta	$12                     ; 0x12 <__rc2>
    81c2: a5 13        	lda	$13                     ; 0x13 <__rc3>
    81c4: e5 16        	sbc	$16                     ; 0x16 <__rc6>
    81c6: 85 13        	sta	$13                     ; 0x13 <__rc3>
    81c8: a4 17        	ldy	$17                     ; 0x17 <__rc7>
    81ca: c0 01        	cpy	#$1
    81cc: 26 14        	rol	$14                     ; 0x14 <__rc4>
    81ce: ca           	dex
    81cf: d0 ca        	bne	$819b <__udivhi3+0x76>
    81d1: 80 06        	bra	$81d9 <__udivhi3+0xb4>
    81d3: c4 16        	cpy	$16                     ; 0x16 <__rc6>
    81d5: b0 de        	bcs	$81b5 <__udivhi3+0x90>
    81d7: 80 ef        	bra	$81c8 <__udivhi3+0xa3>
    81d9: a6 14        	ldx	$14                     ; 0x14 <__rc4>
    81db: a5 19        	lda	$19                     ; 0x19 <__rc9>
    81dd: 60           	rts

000081de <__udivsi3>:
    81de: 64 18        	stz	$18                     ; 0x18 <__rc8>
    81e0: a4 17        	ldy	$17                     ; 0x17 <__rc7>
    81e2: d0 0c        	bne	$81f0 <__udivsi3+0x12>
    81e4: a4 16        	ldy	$16                     ; 0x16 <__rc6>
    81e6: d0 08        	bne	$81f0 <__udivsi3+0x12>
    81e8: a4 15        	ldy	$15                     ; 0x15 <__rc5>
    81ea: d0 04        	bne	$81f0 <__udivsi3+0x12>
    81ec: a4 14        	ldy	$14                     ; 0x14 <__rc4>
    81ee: f0 27        	beq	$8217 <__udivsi3+0x39>
    81f0: 86 1e        	stx	$1e                     ; 0x1e <__rc14>
    81f2: a6 12        	ldx	$12                     ; 0x12 <__rc2>
    81f4: 86 1f        	stx	$1f                     ; 0x1f <__rc15>
    81f6: a6 13        	ldx	$13                     ; 0x13 <__rc3>
    81f8: 86 22        	stx	$22                     ; 0x22 <__rc18>
    81fa: e4 17        	cpx	$17                     ; 0x17 <__rc7>
    81fc: d0 15        	bne	$8213 <__udivsi3+0x35>
    81fe: a6 12        	ldx	$12                     ; 0x12 <__rc2>
    8200: e4 16        	cpx	$16                     ; 0x16 <__rc6>
    8202: d0 18        	bne	$821c <__udivsi3+0x3e>
    8204: a6 1e        	ldx	$1e                     ; 0x1e <__rc14>
    8206: e4 15        	cpx	$15                     ; 0x15 <__rc5>
    8208: f0 03        	beq	$820d <__udivsi3+0x2f>
    820a: 4c 33 83     	jmp	$8333 <__udivsi3+0x155>
    820d: c5 14        	cmp	$14                     ; 0x14 <__rc4>
    820f: 90 06        	bcc	$8217 <__udivsi3+0x39>
    8211: 80 0d        	bra	$8220 <__udivsi3+0x42>
    8213: e4 17        	cpx	$17                     ; 0x17 <__rc7>
    8215: b0 09        	bcs	$8220 <__udivsi3+0x42>
    8217: 64 23        	stz	$23                     ; 0x23 <__rc19>
    8219: 4c 86 82     	jmp	$8286 <__udivsi3+0xa8>
    821c: e4 16        	cpx	$16                     ; 0x16 <__rc6>
    821e: 90 f7        	bcc	$8217 <__udivsi3+0x39>
    8220: 85 1d        	sta	$1d                     ; 0x1d <__rc13>
    8222: a9 01        	lda	#$1
    8224: 85 23        	sta	$23                     ; 0x23 <__rc19>
    8226: a5 17        	lda	$17                     ; 0x17 <__rc7>
    8228: 10 03        	bpl	$822d <__udivsi3+0x4f>
    822a: 4c 86 82     	jmp	$8286 <__udivsi3+0xa8>
    822d: a5 1e        	lda	$1e                     ; 0x1e <__rc14>
    822f: a2 00        	ldx	#$0
    8231: a4 14        	ldy	$14                     ; 0x14 <__rc4>
    8233: 84 19        	sty	$19                     ; 0x19 <__rc9>
    8235: a4 15        	ldy	$15                     ; 0x15 <__rc5>
    8237: 84 1a        	sty	$1a                     ; 0x1a <__rc10>
    8239: a4 16        	ldy	$16                     ; 0x16 <__rc6>
    823b: 84 1b        	sty	$1b                     ; 0x1b <__rc11>
    823d: a4 17        	ldy	$17                     ; 0x17 <__rc7>
    823f: 84 1c        	sty	$1c                     ; 0x1c <__rc12>
    8241: 06 19        	asl	$19                     ; 0x19 <__rc9>
    8243: 26 1a        	rol	$1a                     ; 0x1a <__rc10>
    8245: 26 1b        	rol	$1b                     ; 0x1b <__rc11>
    8247: 26 1c        	rol	$1c                     ; 0x1c <__rc12>
    8249: a4 22        	ldy	$22                     ; 0x22 <__rc18>
    824b: c4 1c        	cpy	$1c                     ; 0x1c <__rc12>
    824d: d0 12        	bne	$8261 <__udivsi3+0x83>
    824f: a4 12        	ldy	$12                     ; 0x12 <__rc2>
    8251: c4 1b        	cpy	$1b                     ; 0x1b <__rc11>
    8253: d0 12        	bne	$8267 <__udivsi3+0x89>
    8255: c5 1a        	cmp	$1a                     ; 0x1a <__rc10>
    8257: d0 14        	bne	$826d <__udivsi3+0x8f>
    8259: a4 1d        	ldy	$1d                     ; 0x1d <__rc13>
    825b: c4 19        	cpy	$19                     ; 0x19 <__rc9>
    825d: 90 30        	bcc	$828f <__udivsi3+0xb1>
    825f: 80 10        	bra	$8271 <__udivsi3+0x93>
    8261: c4 1c        	cpy	$1c                     ; 0x1c <__rc12>
    8263: 90 2a        	bcc	$828f <__udivsi3+0xb1>
    8265: 80 0a        	bra	$8271 <__udivsi3+0x93>
    8267: c4 1b        	cpy	$1b                     ; 0x1b <__rc11>
    8269: 90 24        	bcc	$828f <__udivsi3+0xb1>
    826b: 80 04        	bra	$8271 <__udivsi3+0x93>
    826d: c5 1a        	cmp	$1a                     ; 0x1a <__rc10>
    826f: 90 1e        	bcc	$828f <__udivsi3+0xb1>
    8271: e8           	inx
    8272: a4 19        	ldy	$19                     ; 0x19 <__rc9>
    8274: 84 14        	sty	$14                     ; 0x14 <__rc4>
    8276: a4 1a        	ldy	$1a                     ; 0x1a <__rc10>
    8278: 84 15        	sty	$15                     ; 0x15 <__rc5>
    827a: a4 1b        	ldy	$1b                     ; 0x1b <__rc11>
    827c: 84 16        	sty	$16                     ; 0x16 <__rc6>
    827e: a4 1c        	ldy	$1c                     ; 0x1c <__rc12>
    8280: 84 17        	sty	$17                     ; 0x17 <__rc7>
    8282: 10 bd        	bpl	$8241 <__udivsi3+0x63>
    8284: 80 19        	bra	$829f <__udivsi3+0xc1>
    8286: 64 12        	stz	$12                     ; 0x12 <__rc2>
    8288: 64 13        	stz	$13                     ; 0x13 <__rc3>
    828a: a6 18        	ldx	$18                     ; 0x18 <__rc8>
    828c: a5 23        	lda	$23                     ; 0x23 <__rc19>
    828e: 60           	rts
    828f: a4 14        	ldy	$14                     ; 0x14 <__rc4>
    8291: 84 19        	sty	$19                     ; 0x19 <__rc9>
    8293: a4 15        	ldy	$15                     ; 0x15 <__rc5>
    8295: 84 1a        	sty	$1a                     ; 0x1a <__rc10>
    8297: a4 16        	ldy	$16                     ; 0x16 <__rc6>
    8299: 84 1b        	sty	$1b                     ; 0x1b <__rc11>
    829b: a4 17        	ldy	$17                     ; 0x17 <__rc7>
    829d: 84 1c        	sty	$1c                     ; 0x1c <__rc12>
    829f: 64 12        	stz	$12                     ; 0x12 <__rc2>
    82a1: 64 13        	stz	$13                     ; 0x13 <__rc3>
    82a3: 8a           	txa
    82a4: f0 e4        	beq	$828a <__udivsi3+0xac>
    82a6: 38           	sec
    82a7: a5 1d        	lda	$1d                     ; 0x1d <__rc13>
    82a9: e5 19        	sbc	$19                     ; 0x19 <__rc9>
    82ab: 85 14        	sta	$14                     ; 0x14 <__rc4>
    82ad: a5 1e        	lda	$1e                     ; 0x1e <__rc14>
    82af: e5 1a        	sbc	$1a                     ; 0x1a <__rc10>
    82b1: 85 17        	sta	$17                     ; 0x17 <__rc7>
    82b3: a5 1f        	lda	$1f                     ; 0x1f <__rc15>
    82b5: e5 1b        	sbc	$1b                     ; 0x1b <__rc11>
    82b7: 85 15        	sta	$15                     ; 0x15 <__rc5>
    82b9: a5 22        	lda	$22                     ; 0x22 <__rc18>
    82bb: e5 1c        	sbc	$1c                     ; 0x1c <__rc12>
    82bd: 85 16        	sta	$16                     ; 0x16 <__rc6>
    82bf: a9 01        	lda	#$1
    82c1: 85 23        	sta	$23                     ; 0x23 <__rc19>
    82c3: 64 18        	stz	$18                     ; 0x18 <__rc8>
    82c5: 46 1c        	lsr	$1c                     ; 0x1c <__rc12>
    82c7: 66 1b        	ror	$1b                     ; 0x1b <__rc11>
    82c9: 66 1a        	ror	$1a                     ; 0x1a <__rc10>
    82cb: 66 19        	ror	$19                     ; 0x19 <__rc9>
    82cd: 06 23        	asl	$23                     ; 0x23 <__rc19>
    82cf: a0 01        	ldy	#$1
    82d1: b0 02        	bcs	$82d5 <__udivsi3+0xf7>
    82d3: a0 00        	ldy	#$0
    82d5: 84 1d        	sty	$1d                     ; 0x1d <__rc13>
    82d7: a5 16        	lda	$16                     ; 0x16 <__rc6>
    82d9: c5 1c        	cmp	$1c                     ; 0x1c <__rc12>
    82db: d0 14        	bne	$82f1 <__udivsi3+0x113>
    82dd: a4 15        	ldy	$15                     ; 0x15 <__rc5>
    82df: c4 1b        	cpy	$1b                     ; 0x1b <__rc11>
    82e1: d0 44        	bne	$8327 <__udivsi3+0x149>
    82e3: a4 17        	ldy	$17                     ; 0x17 <__rc7>
    82e5: c4 1a        	cpy	$1a                     ; 0x1a <__rc10>
    82e7: d0 44        	bne	$832d <__udivsi3+0x14f>
    82e9: a4 14        	ldy	$14                     ; 0x14 <__rc4>
    82eb: c4 19        	cpy	$19                     ; 0x19 <__rc9>
    82ed: b0 06        	bcs	$82f5 <__udivsi3+0x117>
    82ef: 80 23        	bra	$8314 <__udivsi3+0x136>
    82f1: c5 1c        	cmp	$1c                     ; 0x1c <__rc12>
    82f3: 90 1f        	bcc	$8314 <__udivsi3+0x136>
    82f5: 38           	sec
    82f6: a5 14        	lda	$14                     ; 0x14 <__rc4>
    82f8: e5 19        	sbc	$19                     ; 0x19 <__rc9>
    82fa: 85 14        	sta	$14                     ; 0x14 <__rc4>
    82fc: a5 17        	lda	$17                     ; 0x17 <__rc7>
    82fe: e5 1a        	sbc	$1a                     ; 0x1a <__rc10>
    8300: 85 17        	sta	$17                     ; 0x17 <__rc7>
    8302: a5 15        	lda	$15                     ; 0x15 <__rc5>
    8304: e5 1b        	sbc	$1b                     ; 0x1b <__rc11>
    8306: 85 15        	sta	$15                     ; 0x15 <__rc5>
    8308: a5 16        	lda	$16                     ; 0x16 <__rc6>
    830a: e5 1c        	sbc	$1c                     ; 0x1c <__rc12>
    830c: 85 16        	sta	$16                     ; 0x16 <__rc6>
    830e: a5 23        	lda	$23                     ; 0x23 <__rc19>
    8310: 09 01        	ora	#$1
    8312: 85 23        	sta	$23                     ; 0x23 <__rc19>
    8314: a4 1d        	ldy	$1d                     ; 0x1d <__rc13>
    8316: c0 01        	cpy	#$1
    8318: 26 18        	rol	$18                     ; 0x18 <__rc8>
    831a: 26 12        	rol	$12                     ; 0x12 <__rc2>
    831c: 26 13        	rol	$13                     ; 0x13 <__rc3>
    831e: ca           	dex
    831f: f0 03        	beq	$8324 <__udivsi3+0x146>
    8321: 4c c5 82     	jmp	$82c5 <__udivsi3+0xe7>
    8324: 4c 8a 82     	jmp	$828a <__udivsi3+0xac>
    8327: c4 1b        	cpy	$1b                     ; 0x1b <__rc11>
    8329: b0 ca        	bcs	$82f5 <__udivsi3+0x117>
    832b: 80 e7        	bra	$8314 <__udivsi3+0x136>
    832d: c4 1a        	cpy	$1a                     ; 0x1a <__rc10>
    832f: b0 c4        	bcs	$82f5 <__udivsi3+0x117>
    8331: 80 e1        	bra	$8314 <__udivsi3+0x136>
    8333: e4 15        	cpx	$15                     ; 0x15 <__rc5>
    8335: b0 03        	bcs	$833a <__udivsi3+0x15c>
    8337: 4c 17 82     	jmp	$8217 <__udivsi3+0x39>
    833a: 4c 20 82     	jmp	$8220 <__udivsi3+0x42>

0000833d <__mulhi3>:
    833d: a4 13        	ldy	$13                     ; 0x13 <__rc3>
    833f: d0 04        	bne	$8345 <__mulhi3+0x8>
    8341: a4 12        	ldy	$12                     ; 0x12 <__rc2>
    8343: f0 25        	beq	$836a <__mulhi3+0x2d>
    8345: 85 14        	sta	$14                     ; 0x14 <__rc4>
    8347: 86 15        	stx	$15                     ; 0x15 <__rc5>
    8349: a0 00        	ldy	#$0
    834b: 98           	tya
    834c: 46 13        	lsr	$13                     ; 0x13 <__rc3>
    834e: 66 12        	ror	$12                     ; 0x12 <__rc2>
    8350: 90 09        	bcc	$835b <__mulhi3+0x1e>
    8352: aa           	tax
    8353: 98           	tya
    8354: 18           	clc
    8355: 65 14        	adc	$14                     ; 0x14 <__rc4>
    8357: a8           	tay
    8358: 8a           	txa
    8359: 65 15        	adc	$15                     ; 0x15 <__rc5>
    835b: 06 14        	asl	$14                     ; 0x14 <__rc4>
    835d: 26 15        	rol	$15                     ; 0x15 <__rc5>
    835f: a6 13        	ldx	$13                     ; 0x13 <__rc3>
    8361: d0 e9        	bne	$834c <__mulhi3+0xf>
    8363: a6 12        	ldx	$12                     ; 0x12 <__rc2>
    8365: d0 e5        	bne	$834c <__mulhi3+0xf>
    8367: aa           	tax
    8368: 98           	tya
    8369: 60           	rts
    836a: a0 00        	ldy	#$0
    836c: 98           	tya
    836d: 80 f8        	bra	$8367 <__mulhi3+0x2a>

0000836f <__mulsi3>:
    836f: a4 17        	ldy	$17                     ; 0x17 <__rc7>
    8371: d0 0f        	bne	$8382 <__mulsi3+0x13>
    8373: a4 16        	ldy	$16                     ; 0x16 <__rc6>
    8375: d0 0b        	bne	$8382 <__mulsi3+0x13>
    8377: a4 15        	ldy	$15                     ; 0x15 <__rc5>
    8379: d0 07        	bne	$8382 <__mulsi3+0x13>
    837b: a4 14        	ldy	$14                     ; 0x14 <__rc4>
    837d: d0 03        	bne	$8382 <__mulsi3+0x13>
    837f: 4c d6 83     	jmp	$83d6 <__mulsi3+0x67>
    8382: 85 18        	sta	$18                     ; 0x18 <__rc8>
    8384: 86 19        	stx	$19                     ; 0x19 <__rc9>
    8386: a0 00        	ldy	#$0
    8388: a2 00        	ldx	#$0
    838a: 64 1a        	stz	$1a                     ; 0x1a <__rc10>
    838c: 98           	tya
    838d: 46 17        	lsr	$17                     ; 0x17 <__rc7>
    838f: 66 16        	ror	$16                     ; 0x16 <__rc6>
    8391: 66 15        	ror	$15                     ; 0x15 <__rc5>
    8393: 66 14        	ror	$14                     ; 0x14 <__rc4>
    8395: 90 15        	bcc	$83ac <__mulsi3+0x3d>
    8397: 85 1b        	sta	$1b                     ; 0x1b <__rc11>
    8399: 98           	tya
    839a: 18           	clc
    839b: 65 18        	adc	$18                     ; 0x18 <__rc8>
    839d: a8           	tay
    839e: 8a           	txa
    839f: 65 19        	adc	$19                     ; 0x19 <__rc9>
    83a1: aa           	tax
    83a2: a5 1a        	lda	$1a                     ; 0x1a <__rc10>
    83a4: 65 12        	adc	$12                     ; 0x12 <__rc2>
    83a6: 85 1a        	sta	$1a                     ; 0x1a <__rc10>
    83a8: a5 1b        	lda	$1b                     ; 0x1b <__rc11>
    83aa: 65 13        	adc	$13                     ; 0x13 <__rc3>
    83ac: 06 18        	asl	$18                     ; 0x18 <__rc8>
    83ae: 26 19        	rol	$19                     ; 0x19 <__rc9>
    83b0: 26 12        	rol	$12                     ; 0x12 <__rc2>
    83b2: 26 13        	rol	$13                     ; 0x13 <__rc3>
    83b4: e6 17        	inc	$17                     ; 0x17 <__rc7>
    83b6: c6 17        	dec	$17                     ; 0x17 <__rc7>
    83b8: d0 d3        	bne	$838d <__mulsi3+0x1e>
    83ba: e6 16        	inc	$16                     ; 0x16 <__rc6>
    83bc: c6 16        	dec	$16                     ; 0x16 <__rc6>
    83be: d0 cd        	bne	$838d <__mulsi3+0x1e>
    83c0: e6 15        	inc	$15                     ; 0x15 <__rc5>
    83c2: c6 15        	dec	$15                     ; 0x15 <__rc5>
    83c4: d0 c7        	bne	$838d <__mulsi3+0x1e>
    83c6: e6 14        	inc	$14                     ; 0x14 <__rc4>
    83c8: c6 14        	dec	$14                     ; 0x14 <__rc4>
    83ca: d0 c1        	bne	$838d <__mulsi3+0x1e>
    83cc: 5a           	phy
    83cd: a4 1a        	ldy	$1a                     ; 0x1a <__rc10>
    83cf: 84 12        	sty	$12                     ; 0x12 <__rc2>
    83d1: 7a           	ply
    83d2: 85 13        	sta	$13                     ; 0x13 <__rc3>
    83d4: 98           	tya
    83d5: 60           	rts
    83d6: a0 00        	ldy	#$0
    83d8: a2 00        	ldx	#$0
    83da: 64 1a        	stz	$1a                     ; 0x1a <__rc10>
    83dc: 98           	tya
    83dd: 80 ed        	bra	$83cc <__mulsi3+0x5d>

Disassembly of section .block8:

0800a000 <FAR8_loadSMFile>:
 800a000: 48           	pha
 800a001: 18           	clc
 800a002: a5 10        	lda	$10                     ; 0x8000010 <end_cozyLCD+0x7faf310>
 800a004: 69 f8        	adc	#$f8
 800a006: 85 10        	sta	$10                     ; 0x8000010 <end_cozyLCD+0x7faf310>
 800a008: a5 11        	lda	$11                     ; 0x8000011 <end_cozyLCD+0x7faf311>
 800a00a: 69 fe        	adc	#$fe
 800a00c: 85 11        	sta	$11                     ; 0x8000011 <end_cozyLCD+0x7faf311>
 800a00e: 68           	pla
 800a00f: a4 24        	ldy	$24                     ; 0x8000024 <end_cozyLCD+0x7faf324>
 800a011: 5a           	phy
 800a012: a4 25        	ldy	$25                     ; 0x8000025 <end_cozyLCD+0x7faf325>
 800a014: 5a           	phy
 800a015: a4 26        	ldy	$26                     ; 0x8000026 <end_cozyLCD+0x7faf326>
 800a017: 5a           	phy
 800a018: a4 27        	ldy	$27                     ; 0x8000027 <end_cozyLCD+0x7faf327>
 800a01a: 5a           	phy
 800a01b: 48           	pha
 800a01c: a5 28        	lda	$28                     ; 0x8000028 <end_cozyLCD+0x7faf328>
 800a01e: a0 07        	ldy	#$7
 800a020: 91 10        	sta	($10),y                 ; 0x8000010 <end_cozyLCD+0x7faf310>
 800a022: a5 29        	lda	$29                     ; 0x8000029 <end_cozyLCD+0x7faf329>
 800a024: 88           	dey
 800a025: 91 10        	sta	($10),y                 ; 0x8000010 <end_cozyLCD+0x7faf310>
 800a027: a5 2a        	lda	$2a                     ; 0x800002a <end_cozyLCD+0x7faf32a>
 800a029: 88           	dey
 800a02a: 91 10        	sta	($10),y                 ; 0x8000010 <end_cozyLCD+0x7faf310>
 800a02c: a5 2b        	lda	$2b                     ; 0x800002b <end_cozyLCD+0x7faf32b>
 800a02e: 88           	dey
 800a02f: 91 10        	sta	($10),y                 ; 0x8000010 <end_cozyLCD+0x7faf310>
 800a031: a5 2c        	lda	$2c                     ; 0x800002c <end_cozyLCD+0x7faf32c>
 800a033: 88           	dey
 800a034: 91 10        	sta	($10),y                 ; 0x8000010 <end_cozyLCD+0x7faf310>
 800a036: a5 2d        	lda	$2d                     ; 0x800002d <end_cozyLCD+0x7faf32d>
 800a038: 88           	dey
 800a039: 91 10        	sta	($10),y                 ; 0x8000010 <end_cozyLCD+0x7faf310>
 800a03b: a5 2e        	lda	$2e                     ; 0x800002e <end_cozyLCD+0x7faf32e>
 800a03d: 88           	dey
 800a03e: 91 10        	sta	($10),y                 ; 0x8000010 <end_cozyLCD+0x7faf310>
 800a040: a5 2f        	lda	$2f                     ; 0x800002f <end_cozyLCD+0x7faf32f>
 800a042: 88           	dey
 800a043: 91 10        	sta	($10),y                 ; 0x8000010 <end_cozyLCD+0x7faf310>
 800a045: 68           	pla
 800a046: 85 27        	sta	$27                     ; 0x8000027 <end_cozyLCD+0x7faf327>
 800a048: 86 2a        	stx	$2a                     ; 0x800002a <end_cozyLCD+0x7faf32a>
 800a04a: a6 14        	ldx	$14                     ; 0x8000014 <end_cozyLCD+0x7faf314>
 800a04c: 86 26        	stx	$26                     ; 0x8000026 <end_cozyLCD+0x7faf326>
 800a04e: a2 30        	ldx	#$30
 800a050: 86 14        	stx	$14                     ; 0x8000014 <end_cozyLCD+0x7faf314>
 800a052: a2 87        	ldx	#$87
 800a054: 86 15        	stx	$15                     ; 0x8000015 <end_cozyLCD+0x7faf315>
 800a056: 20 88 2a     	jsr	$2a88 <end_cozyLCD+0x7fb1d88>
 800a059: a6 12        	ldx	$12                     ; 0x8000012 <end_cozyLCD+0x7faf312>
 800a05b: 86 24        	stx	$24                     ; 0x8000024 <end_cozyLCD+0x7faf324>
 800a05d: a6 13        	ldx	$13                     ; 0x8000013 <end_cozyLCD+0x7faf313>
 800a05f: 86 25        	stx	$25                     ; 0x8000025 <end_cozyLCD+0x7faf325>
 800a061: a2 00        	ldx	#$0
 800a063: 86 12        	stx	$12                     ; 0x8000012 <end_cozyLCD+0x7faf312>
 800a065: a2 00        	ldx	#$0
 800a067: 86 13        	stx	$13                     ; 0x8000013 <end_cozyLCD+0x7faf313>
 800a069: a6 25        	ldx	$25                     ; 0x8000025 <end_cozyLCD+0x7faf325>
 800a06b: e4 13        	cpx	$13                     ; 0x8000013 <end_cozyLCD+0x7faf313>
 800a06d: d0 09        	bne	$800a078 <FAR8_loadSMFile+0x78>
 800a06f: a6 24        	ldx	$24                     ; 0x8000024 <end_cozyLCD+0x7faf324>
 800a071: e4 12        	cpx	$12                     ; 0x8000012 <end_cozyLCD+0x7faf312>
 800a073: d0 03        	bne	$800a078 <FAR8_loadSMFile+0x78>
 800a075: 4c ae a1     	jmp	$a1ae <FAR8_loadSMFile+0x1ae>
 800a078: a2 fa        	ldx	#$fa
 800a07a: 86 2b        	stx	$2b                     ; 0x800002b <end_cozyLCD+0x7faf32b>
 800a07c: 18           	clc
 800a07d: a5 10        	lda	$10                     ; 0x8000010 <end_cozyLCD+0x7faf310>
 800a07f: 69 08        	adc	#$8
 800a081: 85 28        	sta	$28                     ; 0x8000028 <end_cozyLCD+0x7faf328>
 800a083: a5 11        	lda	$11                     ; 0x8000011 <end_cozyLCD+0x7faf311>
 800a085: 69 00        	adc	#$0
 800a087: 85 29        	sta	$29                     ; 0x8000029 <end_cozyLCD+0x7faf329>
 800a089: 64 2c        	stz	$2c                     ; 0x800002c <end_cozyLCD+0x7faf32c>
 800a08b: 64 2d        	stz	$2d                     ; 0x800002d <end_cozyLCD+0x7faf32d>
 800a08d: 64 2e        	stz	$2e                     ; 0x800002e <end_cozyLCD+0x7faf32e>
 800a08f: a9 00        	lda	#$0
 800a091: 85 2f        	sta	$2f                     ; 0x800002f <end_cozyLCD+0x7faf32f>
 800a093: a6 28        	ldx	$28                     ; 0x8000028 <end_cozyLCD+0x7faf328>
 800a095: 86 12        	stx	$12                     ; 0x8000012 <end_cozyLCD+0x7faf312>
 800a097: a6 29        	ldx	$29                     ; 0x8000029 <end_cozyLCD+0x7faf329>
 800a099: 86 13        	stx	$13                     ; 0x8000013 <end_cozyLCD+0x7faf313>
 800a09b: a6 24        	ldx	$24                     ; 0x8000024 <end_cozyLCD+0x7faf324>
 800a09d: 86 14        	stx	$14                     ; 0x8000014 <end_cozyLCD+0x7faf314>
 800a09f: a6 25        	ldx	$25                     ; 0x8000025 <end_cozyLCD+0x7faf325>
 800a0a1: 86 15        	stx	$15                     ; 0x8000015 <end_cozyLCD+0x7faf315>
 800a0a3: a2 00        	ldx	#$0
 800a0a5: a5 2b        	lda	$2b                     ; 0x800002b <end_cozyLCD+0x7faf32b>
 800a0a7: 20 86 2d     	jsr	$2d86 <end_cozyLCD+0x7fb2086>
 800a0aa: e0 00        	cpx	#$0
 800a0ac: d0 03        	bne	$800a0b1 <FAR8_loadSMFile+0xb1>
 800a0ae: 4c f1 a1     	jmp	$a1f1 <FAR8_loadSMFile+0x1f1>
 800a0b1: 85 16        	sta	$16                     ; 0x8000016 <end_cozyLCD+0x7faf316>
 800a0b3: a5 2c        	lda	$2c                     ; 0x800002c <end_cozyLCD+0x7faf32c>
 800a0b5: 18           	clc
 800a0b6: 65 27        	adc	$27                     ; 0x8000027 <end_cozyLCD+0x7faf327>
 800a0b8: 85 17        	sta	$17                     ; 0x8000017 <end_cozyLCD+0x7faf317>
 800a0ba: a5 2d        	lda	$2d                     ; 0x800002d <end_cozyLCD+0x7faf32d>
 800a0bc: 65 2a        	adc	$2a                     ; 0x800002a <end_cozyLCD+0x7faf32a>
 800a0be: 85 18        	sta	$18                     ; 0x8000018 <end_cozyLCD+0x7faf318>
 800a0c0: a5 2e        	lda	$2e                     ; 0x800002e <end_cozyLCD+0x7faf32e>
 800a0c2: 65 26        	adc	$26                     ; 0x8000026 <end_cozyLCD+0x7faf326>
 800a0c4: 85 19        	sta	$19                     ; 0x8000019 <end_cozyLCD+0x7faf319>
 800a0c6: 64 12        	stz	$12                     ; 0x8000012 <end_cozyLCD+0x7faf312>
 800a0c8: 64 13        	stz	$13                     ; 0x8000013 <end_cozyLCD+0x7faf313>
 800a0ca: a5 17        	lda	$17                     ; 0x8000017 <end_cozyLCD+0x7faf317>
 800a0cc: a0 00        	ldy	#$0
 800a0ce: 84 14        	sty	$14                     ; 0x8000014 <end_cozyLCD+0x7faf314>
 800a0d0: 18           	clc
 800a0d1: 65 12        	adc	$12                     ; 0x8000012 <end_cozyLCD+0x7faf312>
 800a0d3: 85 1a        	sta	$1a                     ; 0x800001a <end_cozyLCD+0x7faf31a>
 800a0d5: a5 18        	lda	$18                     ; 0x8000018 <end_cozyLCD+0x7faf318>
 800a0d7: 65 13        	adc	$13                     ; 0x8000013 <end_cozyLCD+0x7faf313>
 800a0d9: 85 1b        	sta	$1b                     ; 0x800001b <end_cozyLCD+0x7faf31b>
 800a0db: a5 19        	lda	$19                     ; 0x8000019 <end_cozyLCD+0x7faf319>
 800a0dd: 69 00        	adc	#$0
 800a0df: a8           	tay
 800a0e0: 18           	clc
 800a0e1: a5 10        	lda	$10                     ; 0x8000010 <end_cozyLCD+0x7faf310>
 800a0e3: 69 08        	adc	#$8
 800a0e5: 48           	pha
 800a0e6: a5 11        	lda	$11                     ; 0x8000011 <end_cozyLCD+0x7faf311>
 800a0e8: 69 00        	adc	#$0
 800a0ea: 85 15        	sta	$15                     ; 0x8000015 <end_cozyLCD+0x7faf315>
 800a0ec: 68           	pla
 800a0ed: 5a           	phy
 800a0ee: a4 14        	ldy	$14                     ; 0x8000014 <end_cozyLCD+0x7faf314>
 800a0f0: c0 01        	cpy	#$1
 800a0f2: 7a           	ply
 800a0f3: 65 12        	adc	$12                     ; 0x8000012 <end_cozyLCD+0x7faf312>
 800a0f5: 85 14        	sta	$14                     ; 0x8000014 <end_cozyLCD+0x7faf314>
 800a0f7: a5 15        	lda	$15                     ; 0x8000015 <end_cozyLCD+0x7faf315>
 800a0f9: 65 13        	adc	$13                     ; 0x8000013 <end_cozyLCD+0x7faf313>
 800a0fb: 85 15        	sta	$15                     ; 0x8000015 <end_cozyLCD+0x7faf315>
 800a0fd: b2 14        	lda	($14)                   ; 0x8000014 <end_cozyLCD+0x7faf314>
 800a0ff: 85 1c        	sta	$1c                     ; 0x800001c <end_cozyLCD+0x7faf31c>
 800a101: a5 1b        	lda	$1b                     ; 0x800001b <end_cozyLCD+0x7faf31b>
 800a103: 85 14        	sta	$14                     ; 0x8000014 <end_cozyLCD+0x7faf314>
 800a105: 06 14        	asl	$14                     ; 0x8000014 <end_cozyLCD+0x7faf314>
 800a107: 98           	tya
 800a108: 2a           	rol
 800a109: 06 14        	asl	$14                     ; 0x8000014 <end_cozyLCD+0x7faf314>
 800a10b: 2a           	rol
 800a10c: 06 14        	asl	$14                     ; 0x8000014 <end_cozyLCD+0x7faf314>
 800a10e: 2a           	rol
 800a10f: a4 0f        	ldy	$f                      ; 0x800000f <end_cozyLCD+0x7faf30f>
 800a111: 78           	sei
 800a112: 85 0f        	sta	$f                      ; 0x800000f <end_cozyLCD+0x7faf30f>
 800a114: a5 1a        	lda	$1a                     ; 0x800001a <end_cozyLCD+0x7faf31a>
 800a116: 85 14        	sta	$14                     ; 0x8000014 <end_cozyLCD+0x7faf314>
 800a118: a5 1b        	lda	$1b                     ; 0x800001b <end_cozyLCD+0x7faf31b>
 800a11a: 09 e0        	ora	#$e0
 800a11c: 85 15        	sta	$15                     ; 0x8000015 <end_cozyLCD+0x7faf315>
 800a11e: a5 1c        	lda	$1c                     ; 0x800001c <end_cozyLCD+0x7faf31c>
 800a120: 92 14        	sta	($14)                   ; 0x8000014 <end_cozyLCD+0x7faf314>
 800a122: 84 0f        	sty	$f                      ; 0x800000f <end_cozyLCD+0x7faf30f>
 800a124: 58           	cli
 800a125: e6 12        	inc	$12                     ; 0x8000012 <end_cozyLCD+0x7faf312>
 800a127: d0 02        	bne	$800a12b <FAR8_loadSMFile+0x12b>
 800a129: e6 13        	inc	$13                     ; 0x8000013 <end_cozyLCD+0x7faf313>
 800a12b: e4 13        	cpx	$13                     ; 0x8000013 <end_cozyLCD+0x7faf313>
 800a12d: f0 03        	beq	$800a132 <FAR8_loadSMFile+0x132>
 800a12f: 4c ca a0     	jmp	$a0ca <FAR8_loadSMFile+0xca>
 800a132: a4 16        	ldy	$16                     ; 0x8000016 <end_cozyLCD+0x7faf316>
 800a134: c4 12        	cpy	$12                     ; 0x8000012 <end_cozyLCD+0x7faf312>
 800a136: f0 03        	beq	$800a13b <FAR8_loadSMFile+0x13b>
 800a138: 4c ca a0     	jmp	$a0ca <FAR8_loadSMFile+0xca>
 800a13b: a4 16        	ldy	$16                     ; 0x8000016 <end_cozyLCD+0x7faf316>
 800a13d: 84 12        	sty	$12                     ; 0x8000012 <end_cozyLCD+0x7faf312>
 800a13f: 18           	clc
 800a140: a5 2c        	lda	$2c                     ; 0x800002c <end_cozyLCD+0x7faf32c>
 800a142: 65 12        	adc	$12                     ; 0x8000012 <end_cozyLCD+0x7faf312>
 800a144: 85 2c        	sta	$2c                     ; 0x800002c <end_cozyLCD+0x7faf32c>
 800a146: 86 12        	stx	$12                     ; 0x8000012 <end_cozyLCD+0x7faf312>
 800a148: a5 2d        	lda	$2d                     ; 0x800002d <end_cozyLCD+0x7faf32d>
 800a14a: 65 12        	adc	$12                     ; 0x8000012 <end_cozyLCD+0x7faf312>
 800a14c: 85 2d        	sta	$2d                     ; 0x800002d <end_cozyLCD+0x7faf32d>
 800a14e: a5 2e        	lda	$2e                     ; 0x800002e <end_cozyLCD+0x7faf32e>
 800a150: 69 00        	adc	#$0
 800a152: 85 2e        	sta	$2e                     ; 0x800002e <end_cozyLCD+0x7faf32e>
 800a154: a5 2f        	lda	$2f                     ; 0x800002f <end_cozyLCD+0x7faf32f>
 800a156: 69 00        	adc	#$0
 800a158: e0 00        	cpx	#$0
 800a15a: d0 07        	bne	$800a163 <FAR8_loadSMFile+0x163>
 800a15c: c0 fa        	cpy	#$fa
 800a15e: 90 0a        	bcc	$800a16a <FAR8_loadSMFile+0x16a>
 800a160: 4c 91 a0     	jmp	$a091 <FAR8_loadSMFile+0x91>
 800a163: e0 00        	cpx	#$0
 800a165: 90 03        	bcc	$800a16a <FAR8_loadSMFile+0x16a>
 800a167: 4c 91 a0     	jmp	$a091 <FAR8_loadSMFile+0x91>
 800a16a: b2 24        	lda	($24)                   ; 0x8000024 <end_cozyLCD+0x7faf324>
 800a16c: 85 f3        	sta	$f3                     ; 0x80000f3 <end_cozyLCD+0x7faf3f3>
 800a16e: 18           	clc
 800a16f: a5 10        	lda	$10                     ; 0x8000010 <end_cozyLCD+0x7faf310>
 800a171: 69 07        	adc	#$7
 800a173: 85 26        	sta	$26                     ; 0x8000026 <end_cozyLCD+0x7faf326>
 800a175: a5 11        	lda	$11                     ; 0x8000011 <end_cozyLCD+0x7faf311>
 800a177: 69 01        	adc	#$1
 800a179: 85 27        	sta	$27                     ; 0x8000027 <end_cozyLCD+0x7faf327>
 800a17b: a2 76        	ldx	#$76
 800a17d: 86 28        	stx	$28                     ; 0x8000028 <end_cozyLCD+0x7faf328>
 800a17f: a2 00        	ldx	#$0
 800a181: 86 29        	stx	$29                     ; 0x8000029 <end_cozyLCD+0x7faf329>
 800a183: 20 68 ff     	jsr	$ff68 <end_block9+0x5d6e>
 800a186: 92 26        	sta	($26)                   ; 0x8000026 <end_cozyLCD+0x7faf326>
 800a188: a9 00        	lda	#$0
 800a18a: 6a           	ror
 800a18b: 85 28        	sta	$28                     ; 0x8000028 <end_cozyLCD+0x7faf328>
 800a18d: a6 24        	ldx	$24                     ; 0x8000024 <end_cozyLCD+0x7faf324>
 800a18f: 86 12        	stx	$12                     ; 0x8000012 <end_cozyLCD+0x7faf312>
 800a191: a6 25        	ldx	$25                     ; 0x8000025 <end_cozyLCD+0x7faf325>
 800a193: 86 13        	stx	$13                     ; 0x8000013 <end_cozyLCD+0x7faf313>
 800a195: 20 39 7f     	jsr	$7f39 <end_cozyLCD+0x7fb7239>
 800a198: 64 77        	stz	$77                     ; 0x8000077 <end_cozyLCD+0x7faf377>
 800a19a: 20 00 ff     	jsr	$ff00 <end_block9+0x5d06>
 800a19d: 92 26        	sta	($26)                   ; 0x8000026 <end_cozyLCD+0x7faf326>
 800a19f: a9 00        	lda	#$0
 800a1a1: 6a           	ror
 800a1a2: 85 28        	sta	$28                     ; 0x8000028 <end_cozyLCD+0x7faf328>
 800a1a4: a6 77        	ldx	$77                     ; 0x8000077 <end_cozyLCD+0x7faf377>
 800a1a6: e0 38        	cpx	#$38
 800a1a8: f0 04        	beq	$800a1ae <FAR8_loadSMFile+0x1ae>
 800a1aa: e0 32        	cpx	#$32
 800a1ac: d0 ea        	bne	$800a198 <FAR8_loadSMFile+0x198>
 800a1ae: a0 00        	ldy	#$0
 800a1b0: b1 10        	lda	($10),y                 ; 0x8000010 <end_cozyLCD+0x7faf310>
 800a1b2: 85 2f        	sta	$2f                     ; 0x800002f <end_cozyLCD+0x7faf32f>
 800a1b4: c8           	iny
 800a1b5: b1 10        	lda	($10),y                 ; 0x8000010 <end_cozyLCD+0x7faf310>
 800a1b7: 85 2e        	sta	$2e                     ; 0x800002e <end_cozyLCD+0x7faf32e>
 800a1b9: c8           	iny
 800a1ba: b1 10        	lda	($10),y                 ; 0x8000010 <end_cozyLCD+0x7faf310>
 800a1bc: 85 2d        	sta	$2d                     ; 0x800002d <end_cozyLCD+0x7faf32d>
 800a1be: c8           	iny
 800a1bf: b1 10        	lda	($10),y                 ; 0x8000010 <end_cozyLCD+0x7faf310>
 800a1c1: 85 2c        	sta	$2c                     ; 0x800002c <end_cozyLCD+0x7faf32c>
 800a1c3: c8           	iny
 800a1c4: b1 10        	lda	($10),y                 ; 0x8000010 <end_cozyLCD+0x7faf310>
 800a1c6: 85 2b        	sta	$2b                     ; 0x800002b <end_cozyLCD+0x7faf32b>
 800a1c8: c8           	iny
 800a1c9: b1 10        	lda	($10),y                 ; 0x8000010 <end_cozyLCD+0x7faf310>
 800a1cb: 85 2a        	sta	$2a                     ; 0x800002a <end_cozyLCD+0x7faf32a>
 800a1cd: c8           	iny
 800a1ce: b1 10        	lda	($10),y                 ; 0x8000010 <end_cozyLCD+0x7faf310>
 800a1d0: 85 29        	sta	$29                     ; 0x8000029 <end_cozyLCD+0x7faf329>
 800a1d2: c8           	iny
 800a1d3: b1 10        	lda	($10),y                 ; 0x8000010 <end_cozyLCD+0x7faf310>
 800a1d5: 85 28        	sta	$28                     ; 0x8000028 <end_cozyLCD+0x7faf328>
 800a1d7: fa           	plx
 800a1d8: 86 27        	stx	$27                     ; 0x8000027 <end_cozyLCD+0x7faf327>
 800a1da: fa           	plx
 800a1db: 86 26        	stx	$26                     ; 0x8000026 <end_cozyLCD+0x7faf326>
 800a1dd: fa           	plx
 800a1de: 86 25        	stx	$25                     ; 0x8000025 <end_cozyLCD+0x7faf325>
 800a1e0: fa           	plx
 800a1e1: 86 24        	stx	$24                     ; 0x8000024 <end_cozyLCD+0x7faf324>
 800a1e3: 18           	clc
 800a1e4: a5 10        	lda	$10                     ; 0x8000010 <end_cozyLCD+0x7faf310>
 800a1e6: 69 08        	adc	#$8
 800a1e8: 85 10        	sta	$10                     ; 0x8000010 <end_cozyLCD+0x7faf310>
 800a1ea: a5 11        	lda	$11                     ; 0x8000011 <end_cozyLCD+0x7faf311>
 800a1ec: 69 01        	adc	#$1
 800a1ee: 85 11        	sta	$11                     ; 0x8000011 <end_cozyLCD+0x7faf311>
 800a1f0: 60           	rts
 800a1f1: a8           	tay
 800a1f2: d0 03        	bne	$800a1f7 <FAR8_loadSMFile+0x1f7>
 800a1f4: 4c 6a a1     	jmp	$a16a <FAR8_loadSMFile+0x16a>
 800a1f7: 4c b1 a0     	jmp	$a0b1 <FAR8_loadSMFile+0xb1>
